scenario,seed,method,cls,category,distance_km,time_min,energy_kwh,comfort,n_intersection,n_stop,traffic_density,soc_initial,soc_final,charging_stop,charge_min,front_size
1,0,Dijkstra,,,18.180626954473706,41.146824321647756,2.504354378015017,74.41567002510402,29,10,40.42164987447988,68.4,64.22607603664164,0,0.0,97
1,0,A*,,,24.45707858257984,26.22698426893962,3.2763354657589443,92.07906017104321,0,5,32.10469914478392,68.4,62.93944089040176,0,0.0,97
1,0,NSGA-II,,Dengeli,23.305118016662252,27.758671368850692,2.989627091980105,92.0374262152785,0,5,32.312868923607496,68.4,63.41728818003317,0,0.0,97
1,0,AffectEV,15.0,,20.32015924524622,34.389882755150914,2.5026897385522715,85.28003200949995,11,6,37.09983995250028,68.4,64.22885043574622,0,0.0,97
1,0,AffectEV,30.0,Dengeli,23.305118016662252,27.758671368850692,2.989627091980105,92.0374262152785,0,5,32.312868923607496,68.4,63.41728818003317,0,0.0,97
1,0,AffectEV,50.0,Dengeli,23.305118016662252,27.758671368850692,2.989627091980105,92.0374262152785,0,5,32.312868923607496,68.4,63.41728818003317,0,0.0,97
1,0,AffectEV,65.0,,23.697585162546595,28.549706444946136,3.0356619958304667,92.26419263160687,0,4,32.67903684196565,68.4,63.34056334028256,0,0.0,97
1,0,AffectEV,85.0,,24.025138944191777,28.979237345963263,3.066397056484871,92.34506754596889,0,4,32.27466227015558,68.4,63.289338239191885,0,0.0,97
2,0,Dijkstra,,,25.08490021637783,36.53106952425312,3.1806014355989567,81.2393076951281,3,22,53.303461524359456,52.2,46.898997607335076,0,0.0,22
2,0,A*,,,25.123592790695103,36.06717743907581,3.1794611053375927,80.19071963120848,3,25,54.04640184395764,52.2,46.90089815777068,0,0.0,22
2,0,NSGA-II,,Dengeli,25.126929302459256,36.18004769769979,3.13409256430985,81.77865288279018,2,22,53.10673558604908,52.2,46.97651239281692,0,0.0,22
2,0,AffectEV,15.0,Dengeli,25.126929302459256,36.18004769769979,3.13409256430985,81.77865288279018,2,22,53.10673558604908,52.2,46.97651239281692,0,0.0,22
2,0,AffectEV,30.0,Dengeli,25.126929302459256,36.18004769769979,3.13409256430985,81.77865288279018,2,22,53.10673558604908,52.2,46.97651239281692,0,0.0,22
2,0,AffectEV,50.0,,25.28722621105185,37.142384400436164,3.1589635733430126,82.44290443631432,2,20,52.78547781842837,52.2,46.935060711094984,0,0.0,22
2,0,AffectEV,65.0,Konfor,28.593350569864736,40.660665417873346,3.675612860579054,85.17647646527313,1,17,46.11761767363437,52.2,46.07397856570158,0,0.0,22
2,0,AffectEV,85.0,Konfor,28.593350569864736,40.660665417873346,3.675612860579054,85.17647646527313,1,17,46.11761767363437,52.2,46.07397856570158,0,0.0,22
3,0,Dijkstra,,,10.944476773165217,24.224608294291848,1.4309148277806532,77.2737137187061,8,26,54.631431406469446,77.4,75.01514195369892,0,0.0,100
3,0,A*,,,13.225225866321647,21.154352382538708,1.6658239674402822,84.39711199694764,1,12,57.51444001526177,77.4,74.62362672093286,0,0.0,100
3,0,NSGA-II,,Dengeli,11.847733668156806,21.77748326537626,1.4564417739711548,83.93277651221503,1,15,55.336117438924845,77.4,74.97259704338141,0,0.0,100
3,0,AffectEV,15.0,,11.560046549342712,21.70810562265326,1.4387659726346753,81.88697012251549,1,20,58.06514938742254,77.4,75.00205671227555,0,0.0,100
3,0,AffectEV,30.0,Dengeli,11.847733668156806,21.77748326537626,1.4564417739711548,83.93277651221503,1,15,55.336117438924845,77.4,74.97259704338141,0,0.0,100
3,0,AffectEV,50.0,Dengeli,11.847733668156806,21.77748326537626,1.4564417739711548,83.93277651221503,1,15,55.336117438924845,77.4,74.97259704338141,0,0.0,100
3,0,AffectEV,65.0,,13.82650725639562,24.29371777495449,1.676342484400191,86.90947754222293,1,7,52.452612288885355,77.4,74.60609585933302,0,0.0,100
3,0,AffectEV,85.0,,13.82650725639562,24.29371777495449,1.676342484400191,86.90947754222293,1,7,52.452612288885355,77.4,74.60609585933302,0,0.0,100
4,0,Dijkstra,,,20.388666386118903,32.94034979044616,2.403737926280128,86.43508890902892,3,10,45.324555454855386,40.6,36.59377012286645,0,0.0,82
4,0,A*,,,23.1118562356515,31.16441645117338,2.8266116068857037,85.81902998449777,2,11,49.40485007751109,40.6,35.888980655190494,0,0.0,82
4,0,NSGA-II,,Dengeli,20.824050075227127,32.702031033485525,2.4678014228878733,86.94417154489042,3,8,45.779142275547876,40.6,36.486997628520214,0,0.0,82
4,0,AffectEV,15.0,,20.703567244736718,31.3835224439222,2.475546665503047,86.06717873362675,4,10,44.66410633186624,40.6,36.474088890828256,0,0.0,82
4,0,AffectEV,30.0,,20.705994695321664,31.640098467640534,2.4785466552130613,86.38343138478531,4,9,44.58284307607346,40.6,36.46908890797823,0,0.0,82
4,0,AffectEV,50.0,,20.86985954007795,32.73240297599436,2.471640165507311,86.96320958059458,3,8,45.68395209702708,40.6,36.48059972415449,0,0.0,82
4,0,AffectEV,65.0,Konfor,22.51529540847372,34.763991206758746,2.6343481350298346,87.73794454591264,2,8,44.31027727043677,40.6,36.20941977495028,0,0.0,82
4,0,AffectEV,85.0,Konfor,22.51529540847372,34.763991206758746,2.6343481350298346,87.73794454591264,2,8,44.31027727043677,40.6,36.20941977495028,0,0.0,82
5,0,Dijkstra,,,16.803270107900584,43.307705787978904,2.194821384472036,77.25331634189143,7,20,66.23341829054287,47.9,44.24196435921327,0,0.0,41
5,0,A*,,,18.070728474680404,38.86148024736421,2.3440466531724047,80.03662582140964,5,15,64.81687089295177,47.9,43.99325557804599,0,0.0,41
5,0,NSGA-II,,Dengeli,18.24167969123932,38.881763590385525,2.3369701002996637,80.30387261325323,4,15,65.98063693373382,47.9,44.00504983283389,0,0.0,41
5,0,AffectEV,15.0,Dengeli,18.24167969123932,38.881763590385525,2.3369701002996637,80.30387261325323,4,15,65.98063693373382,47.9,44.00504983283389,0,0.0,41
5,0,AffectEV,30.0,Dengeli,18.24167969123932,38.881763590385525,2.3369701002996637,80.30387261325323,4,15,65.98063693373382,47.9,44.00504983283389,0,0.0,41
5,0,AffectEV,50.0,Dengeli,18.24167969123932,38.881763590385525,2.3369701002996637,80.30387261325323,4,15,65.98063693373382,47.9,44.00504983283389,0,0.0,41
5,0,AffectEV,65.0,,19.462868264997052,40.91687868082541,2.457542878023834,81.66785065554961,2,15,64.16074672225191,47.9,43.804095203293606,0,0.0,41
5,0,AffectEV,85.0,Konfor,19.943481212327814,43.23071523612959,2.5152586253503766,82.0888807710546,2,14,63.555596144727,47.9,43.7079022910827,0,0.0,41
6,0,Dijkstra,,,11.466184045725482,18.920581106639744,1.3872038685658519,88.31848517584484,3,5,43.407574120775784,85.2,82.88799355239026,0,0.0,41
6,0,A*,,,11.481111193786168,18.8802508917993,1.3881714974599975,88.33026652610035,3,5,43.34866736949825,85.2,82.88638083756668,0,0.0,41
6,0,NSGA-II,,Dengeli,11.533624745828025,19.035278585006697,1.3947923064465069,88.62935442252245,3,4,43.35322788738774,85.2,82.87534615592249,0,0.0,41
6,0,AffectEV,15.0,,11.481111193786168,18.8802508917993,1.3881714974599975,88.33026652610035,3,5,43.34866736949825,85.2,82.88638083756668,0,0.0,41
6,0,AffectEV,30.0,Dengeli,11.533624745828025,19.035278585006697,1.3947923064465069,88.62935442252245,3,4,43.35322788738774,85.2,82.87534615592249,0,0.0,41
6,0,AffectEV,50.0,,12.011370626562039,19.341377839140527,1.4477548402680496,89.0393867987224,3,3,42.803066006388015,85.2,82.78707526621992,0,0.0,41
6,0,AffectEV,65.0,,12.011370626562039,19.341377839140527,1.4477548402680496,89.0393867987224,3,3,42.803066006388015,85.2,82.78707526621992,0,0.0,41
6,0,AffectEV,85.0,,12.011370626562039,19.341377839140527,1.4477548402680496,89.0393867987224,3,3,42.803066006388015,85.2,82.78707526621992,0,0.0,41
7,0,Dijkstra,,,15.816035757029267,30.09305239358251,2.0141616903944977,80.70408647078193,11,18,41.979567646090345,75.2,71.84306384934251,0,0.0,100
7,0,A*,,,17.896632671150364,27.58377411837027,2.1854536215097675,88.34390906127246,4,7,37.78045469363771,75.2,71.55757729748372,0,0.0,100
7,0,NSGA-II,,Dengeli,17.951633969784687,28.779792572030328,2.0114630086440464,88.16618175325053,3,10,36.66909123374733,75.2,71.84756165225993,0,0.0,100
7,0,AffectEV,15.0,Dengeli,17.951633969784687,28.779792572030328,2.0114630086440464,88.16618175325053,3,10,36.66909123374733,75.2,71.84756165225993,0,0.0,100
7,0,AffectEV,30.0,Dengeli,17.951633969784687,28.779792572030328,2.0114630086440464,88.16618175325053,3,10,36.66909123374733,75.2,71.84756165225993,0,0.0,100
7,0,AffectEV,50.0,Dengeli,17.951633969784687,28.779792572030328,2.0114630086440464,88.16618175325053,3,10,36.66909123374733,75.2,71.84756165225993,0,0.0,100
7,0,AffectEV,65.0,,21.493378462670254,29.5045928607076,2.4044338103641927,90.56500620962788,0,7,36.67496895186056,75.2,71.19261031605969,0,0.0,100
7,0,AffectEV,85.0,,22.561353535391724,31.922300471193864,2.5076895957555543,91.08118692060035,0,6,35.59406539699828,75.2,71.02051734040741,0,0.0,100
8,0,Dijkstra,,,25.23747109975654,47.18737959007546,2.8425788975261153,77.55132266274973,4,43,37.743386686251384,43.6,38.86236850412314,0,0.0,94
8,0,A*,,,25.23747109975654,47.18737959007546,2.8425788975261153,77.55132266274973,4,43,37.743386686251384,43.6,38.86236850412314,0,0.0,94
8,0,NSGA-II,,Dengeli,25.775462379625882,47.56226734932593,2.88517392359988,80.80666023907754,2,35,38.4666988046123,43.6,38.7913767940002,0,0.0,94
8,0,AffectEV,15.0,Verimlilik,25.23747109975654,47.18737959007546,2.8425788975261153,77.55132266274973,4,43,37.743386686251384,43.6,38.86236850412314,0,0.0,94
8,0,AffectEV,30.0,Dengeli,25.775462379625882,47.56226734932593,2.88517392359988,80.80666023907754,2,35,38.4666988046123,43.6,38.7913767940002,0,0.0,94
8,0,AffectEV,50.0,,30.421712133197808,50.5640799895751,3.4553891892304773,89.1101451526158,2,6,40.44927423692101,43.6,37.8410180179492,0,0.0,94
8,0,AffectEV,65.0,,31.1308611611912,53.04189674624188,3.5087720666644087,90.06933293646333,2,3,40.15333531768334,43.6,37.75204655555932,0,0.0,94
8,0,AffectEV,85.0,,31.1308611611912,53.04189674624188,3.5087720666644087,90.06933293646333,2,3,40.15333531768334,43.6,37.75204655555932,0,0.0,94
9,0,Dijkstra,,,17.935784581718238,35.8377866809133,2.4637565650008098,76.5108779152273,24,8,45.445610423863556,55.9,51.79373905833198,0,0.0,100
9,0,A*,,,26.11055217719768,25.16634051126976,3.683920220025374,90.86377025009273,2,6,31.681148749536398,55.9,49.760132966624376,0,0.0,100
9,0,NSGA-II,,Dengeli,26.11055217719768,25.16634051126976,3.683920220025374,90.86377025009273,2,6,31.681148749536398,55.9,49.760132966624376,0,0.0,100
9,0,AffectEV,15.0,,19.459511964429254,31.440651776554947,2.3699920513788495,83.43336083728344,8,13,43.33319581358276,55.9,51.95001324770192,0,0.0,100
9,0,AffectEV,30.0,,20.73095670350954,32.717306888862716,2.4182482000211705,87.15586371442177,1,11,45.220681427891165,55.9,51.869586333298045,0,0.0,100
9,0,AffectEV,50.0,,26.62434560297034,29.46714817120295,3.54266475978211,92.51548562109436,0,3,32.92257189452819,55.9,49.995558733696484,0,0.0,100
9,0,AffectEV,65.0,,26.755458477797326,29.93631397175335,3.547646808625202,92.59752475168058,0,3,32.512376241597096,55.9,49.98725531895799,0,0.0,100
9,0,AffectEV,85.0,,26.755458477797326,29.93631397175335,3.547646808625202,92.59752475168058,0,3,32.512376241597096,55.9,49.98725531895799,0,0.0,100
10,0,Dijkstra,,,8.80302209354457,21.826404934219752,1.1871863115639105,82.69764697599706,11,3,54.511765120014715,30.8,28.821356147393484,0,0.0,8
10,0,A*,,,11.86658804946373,19.547576738206647,1.3778262078535755,89.90750405504113,0,2,47.462479724794385,30.8,28.50362298691071,0,0.0,8
10,0,NSGA-II,,Dengeli,11.86658804946373,19.547576738206647,1.3778262078535755,89.90750405504113,0,2,47.462479724794385,30.8,28.50362298691071,0,0.0,8
10,0,AffectEV,15.0,Verimlilik,9.48975926483522,20.092824485183645,1.128269233334726,86.28509286888273,4,6,49.57453565558635,30.8,28.919551277775458,0,0.0,8
10,0,AffectEV,30.0,Dengeli,11.86658804946373,19.547576738206647,1.3778262078535755,89.90750405504113,0,2,47.462479724794385,30.8,28.50362298691071,0,0.0,8
10,0,AffectEV,50.0,Dengeli,11.86658804946373,19.547576738206647,1.3778262078535755,89.90750405504113,0,2,47.462479724794385,30.8,28.50362298691071,0,0.0,8
10,0,AffectEV,65.0,Dengeli,11.86658804946373,19.547576738206647,1.3778262078535755,89.90750405504113,0,2,47.462479724794385,30.8,28.50362298691071,0,0.0,8
10,0,AffectEV,85.0,,11.881539886217661,19.577068633780787,1.379364739656578,89.91783037331471,0,2,47.41084813342645,30.8,28.501058767239037,0,0.0,8
11,0,Dijkstra,,,9.660212526006283,19.494538580679272,1.2495062923119262,82.46243311917021,7,9,56.68783440414893,51.9,49.81748951281345,0,0.0,57
11,0,A*,,,9.700879391433153,17.717227448738154,1.2166277118732662,85.25829096686277,3,6,57.2085451656861,51.9,49.87228714687789,0,0.0,57
11,0,NSGA-II,,Dengeli,11.525363123270228,18.59478173985156,1.4023992575889939,88.15920371126498,2,2,51.20398144367513,51.9,49.56266790401834,0,0.0,57
11,0,AffectEV,15.0,Verimlilik,9.700879391433153,17.717227448738154,1.2166277118732662,85.25829096686277,3,6,57.2085451656861,51.9,49.87228714687789,0,0.0,57
11,0,AffectEV,30.0,,9.898225243761136,17.75872080378923,1.2365348932393496,85.91398521591105,3,5,55.43007392044469,51.9,49.839108511267746,0,0.0,57
11,0,AffectEV,50.0,Dengeli,11.525363123270228,18.59478173985156,1.4023992575889939,88.15920371126498,2,2,51.20398144367513,51.9,49.56266790401834,0,0.0,57
11,0,AffectEV,65.0,,12.578973496904299,20.689087559504358,1.513899668490505,88.5856103177479,2,2,49.071948411260486,51.9,49.37683388584916,0,0.0,57
11,0,AffectEV,85.0,Konfor,13.50682586521629,23.716868036143513,1.6167411431107073,88.91486023455448,2,2,47.425698827227585,51.9,49.20543142814882,0,0.0,57
12,0,Dijkstra,,,21.66993991746172,50.42533006156289,2.819420855935295,73.95280222739464,11,23,68.23598886302679,65.7,61.000965240107845,0,0.0,100
12,0,A*,,,22.235093969203078,46.24321511770164,2.839054805112908,73.02881561597403,5,37,66.85592192012984,65.7,60.96824199147849,0,0.0,100
12,0,NSGA-II,,Dengeli,22.146494078121677,48.05848416100192,2.82477117168057,76.90284587791794,7,21,66.48577061041033,65.7,60.992048047199056,0,0.0,100
12,0,AffectEV,15.0,Verimlilik,21.814763176977873,47.21423098284092,2.7940871972043713,75.05296036841628,8,26,65.73519815791856,65.7,61.043188004659385,0,0.0,100
12,0,AffectEV,30.0,,21.9491482257937,48.01699080595085,2.8048639903144865,76.42575899748272,7,22,67.37120501258639,65.7,61.02522668280919,0,0.0,100
12,0,AffectEV,50.0,Dengeli,22.146494078121677,48.05848416100192,2.82477117168057,76.90284587791794,7,21,66.48577061041033,65.7,60.992048047199056,0,0.0,100
12,0,AffectEV,65.0,,23.39803155759999,52.20665219136798,2.9650749464472645,78.13452065651938,8,17,63.82739671740305,65.7,60.7582084225879,0,0.0,100
12,0,AffectEV,85.0,,23.78982508681953,52.70695012109736,3.0058019895074035,78.28455071730683,8,17,63.07724641346585,65.7,60.69033001748767,0,0.0,100
13,0,Dijkstra,,,23.210046865366078,49.078932687343624,2.88570355899257,74.65142779335785,18,24,45.74286103321073,42.6,37.790494068345716,0,0.0,100
13,0,A*,,,24.653589322184306,37.100613109885906,2.8939905233963774,87.85150392937935,0,9,47.242480353103275,42.6,37.77668246100604,0,0.0,100
13,0,NSGA-II,,Dengeli,24.653589322184306,37.100613109885906,2.8939905233963774,87.85150392937935,0,9,47.242480353103275,42.6,37.77668246100604,0,0.0,100
13,0,AffectEV,15.0,Dengeli,24.653589322184306,37.100613109885906,2.8939905233963774,87.85150392937935,0,9,47.242480353103275,42.6,37.77668246100604,0,0.0,100
13,0,AffectEV,30.0,Dengeli,24.653589322184306,37.100613109885906,2.8939905233963774,87.85150392937935,0,9,47.242480353103275,42.6,37.77668246100604,0,0.0,100
13,0,AffectEV,50.0,Dengeli,24.653589322184306,37.100613109885906,2.8939905233963774,87.85150392937935,0,9,47.242480353103275,42.6,37.77668246100604,0,0.0,100
13,0,AffectEV,65.0,Konfor,26.569406601607614,43.252663463206886,3.0192731890287643,89.24005746880182,0,7,43.29971265599087,42.6,37.56787801828539,0,0.0,100
13,0,AffectEV,85.0,Konfor,26.569406601607614,43.252663463206886,3.0192731890287643,89.24005746880182,0,7,43.29971265599087,42.6,37.56787801828539,0,0.0,100
14,0,Dijkstra,,,17.365727681979003,36.815750094264395,2.1622225213841535,81.3053450494906,11,12,47.97327475254703,77.8,74.19629579769307,0,0.0,100
14,0,A*,,,18.63864236341061,36.10692750885877,2.235367575147959,84.76702566950917,8,7,45.664871652454195,77.8,74.0743873747534,0,0.0,100
14,0,NSGA-II,,Dengeli,18.700817822708245,36.12114097894191,2.238857030042141,84.86106202939234,8,7,45.194689853038255,77.8,74.06857161659643,0,0.0,100
14,0,AffectEV,15.0,Verimlilik,17.416026119068786,36.31092044671009,2.137786338211903,82.17723466951924,10,11,47.613826652403795,77.8,74.23702276964683,0,0.0,100
14,0,AffectEV,30.0,Dengeli,18.700817822708245,36.12114097894191,2.238857030042141,84.86106202939234,8,7,45.194689853038255,77.8,74.06857161659643,0,0.0,100
14,0,AffectEV,50.0,Dengeli,18.700817822708245,36.12114097894191,2.238857030042141,84.86106202939234,8,7,45.194689853038255,77.8,74.06857161659643,0,0.0,100
14,0,AffectEV,65.0,,20.8435528568782,37.294579677646986,2.448359961963935,86.64931379673794,6,6,42.75343101631032,77.8,73.71940006339344,0,0.0,100
14,0,AffectEV,85.0,,22.041591991280477,39.496107824963815,2.5734046188549886,87.05375860453648,6,5,42.23120697731755,77.8,73.51099230190835,0,0.0,100
15,0,Dijkstra,,,23.12440075830618,52.1973357263819,3.270839262477761,71.5772380093272,25,10,64.61380995336397,63.8,58.34860122920373,0,0.0,100
15,0,A*,,,24.852654541036326,42.64542866448525,3.188430505462368,77.83725508509744,6,24,59.81372457451276,63.8,58.485949157562715,0,0.0,100
15,0,NSGA-II,,Dengeli,25.051184455651022,43.846310705251625,3.1647111972436637,78.35960675253112,6,24,57.20196623734439,63.8,58.525481337927225,0,0.0,100
15,0,AffectEV,15.0,,24.852654541036326,42.64542866448525,3.188430505462368,77.83725508509744,6,24,59.81372457451276,63.8,58.485949157562715,0,0.0,100
15,0,AffectEV,30.0,Dengeli,25.051184455651022,43.846310705251625,3.1647111972436637,78.35960675253112,6,24,57.20196623734439,63.8,58.525481337927225,0,0.0,100
15,0,AffectEV,50.0,Dengeli,25.051184455651022,43.846310705251625,3.1647111972436637,78.35960675253112,6,24,57.20196623734439,63.8,58.525481337927225,0,0.0,100
15,0,AffectEV,65.0,Konfor,29.69759292286483,52.93147132722882,3.723089799613084,82.19116318938786,6,10,59.04418405306067,63.8,57.59485033397819,0,0.0,100
15,0,AffectEV,85.0,Konfor,29.69759292286483,52.93147132722882,3.723089799613084,82.19116318938786,6,10,59.04418405306067,63.8,57.59485033397819,0,0.0,100
16,0,Dijkstra,,,20.62345860912918,45.272705600585674,2.752532549768094,74.7129371825936,20,16,52.43531408703192,84.0,79.41244575038651,0,0.0,100
16,0,A*,,,37.095179140401015,35.32250647885793,5.366158469205847,88.96610196954713,3,9,34.16949015226437,84.0,75.05640255132359,0,0.0,100
16,0,NSGA-II,,Dengeli,23.678013608403464,42.91613080594398,2.7429025139444487,85.47932002354088,3,13,45.6033998822956,84.0,79.42849581009258,0,0.0,100
16,0,AffectEV,15.0,,23.29973314783391,41.42139170147026,2.7203392158972637,83.93700055348727,3,17,47.31499723256365,84.0,79.4661013068379,0,0.0,100
16,0,AffectEV,30.0,,23.29973314783391,41.42139170147026,2.7203392158972637,83.93700055348727,3,17,47.31499723256365,84.0,79.4661013068379,0,0.0,100
16,0,AffectEV,50.0,,26.232204048607176,47.48211613791473,3.0068144268648767,88.39634910537382,2,5,45.51825447313092,84.0,78.98864262189187,0,0.0,100
16,0,AffectEV,65.0,,28.774163736247885,50.19642980493815,3.2684868899638104,89.20520538580409,1,5,43.973973070979525,84.0,78.55252185006032,0,0.0,100
16,0,AffectEV,85.0,Konfor,41.36055860794068,42.01014096688502,5.809338289533148,89.92277811865253,1,9,34.38610940673737,84.0,74.31776951744476,0,0.0,100
17,0,Dijkstra,,,7.48250904180245,12.71056430304903,0.9609933422305087,85.26493481937263,1,9,57.67532590313688,48.8,47.198344429615815,0,0.0,26
17,0,A*,,,8.092432316017184,11.377055284439052,1.0196205855746463,87.2639035425148,1,7,50.680482287426,48.8,47.10063235737559,0,0.0,26
17,0,NSGA-II,,Dengeli,8.092432316017184,11.377055284439052,1.0196205855746463,87.2639035425148,1,7,50.680482287426,48.8,47.10063235737559,0,0.0,26
17,0,AffectEV,15.0,Dengeli,8.092432316017184,11.377055284439052,1.0196205855746463,87.2639035425148,1,7,50.680482287426,48.8,47.10063235737559,0,0.0,26
17,0,AffectEV,30.0,Dengeli,8.092432316017184,11.377055284439052,1.0196205855746463,87.2639035425148,1,7,50.680482287426,48.8,47.10063235737559,0,0.0,26
17,0,AffectEV,50.0,Dengeli,8.092432316017184,11.377055284439052,1.0196205855746463,87.2639035425148,1,7,50.680482287426,48.8,47.10063235737559,0,0.0,26
17,0,AffectEV,65.0,,8.160571683619184,11.534000084287266,1.0259891031453376,87.30444430041342,1,7,50.47777849793288,48.8,47.09001816142443,0,0.0,26
17,0,AffectEV,85.0,,8.160571683619184,11.534000084287266,1.0259891031453376,87.30444430041342,1,7,50.47777849793288,48.8,47.09001816142443,0,0.0,26
18,0,Dijkstra,,,17.48013166005094,30.854946693937915,2.193511585481777,81.06616890725694,5,16,58.169155463715306,72.1,68.44414735753037,0,0.0,31
18,0,A*,,,17.48038052525706,29.509266155303262,2.186392953210269,81.78445299147799,4,15,58.57773504261005,72.1,68.45601174464954,0,0.0,31
18,0,NSGA-II,,Dengeli,17.661784663539354,30.02740929271841,2.2068657340184217,82.12413179710468,4,14,58.379341014476616,72.1,68.42189044330263,0,0.0,31
18,0,AffectEV,15.0,,17.48038052525706,29.509266155303262,2.186392953210269,81.78445299147799,4,15,58.57773504261005,72.1,68.45601174464954,0,0.0,31
18,0,AffectEV,30.0,,17.48038052525706,29.509266155303262,2.186392953210269,81.78445299147799,4,15,58.57773504261005,72.1,68.45601174464954,0,0.0,31
18,0,AffectEV,50.0,,24.342930742419842,36.14691384562029,3.0915331524522216,86.44348796737529,2,11,46.28256016312359,72.1,66.94744474591296,0,0.0,31
18,0,AffectEV,65.0,,24.342930742419842,36.14691384562029,3.0915331524522216,86.44348796737529,2,11,46.28256016312359,72.1,66.94744474591296,0,0.0,31
18,0,AffectEV,85.0,,24.342930742419842,36.14691384562029,3.0915331524522216,86.44348796737529,2,11,46.28256016312359,72.1,66.94744474591296,0,0.0,31
19,0,Dijkstra,,,17.47460100191027,19.888844228249532,2.517367921220584,90.94100152483095,4,4,29.29499237584526,59.6,55.40438679796569,0,0.0,61
19,0,A*,,,17.613301131838053,19.403969789177346,2.5176971941786688,91.90821682291023,2,4,29.45891588544881,59.6,55.40383800970222,0,0.0,61
19,0,NSGA-II,,Dengeli,17.613301131838053,19.403969789177346,2.5176971941786688,91.90821682291023,2,4,29.45891588544881,59.6,55.40383800970222,0,0.0,61
19,0,AffectEV,15.0,Dengeli,17.613301131838053,19.403969789177346,2.5176971941786688,91.90821682291023,2,4,29.45891588544881,59.6,55.40383800970222,0,0.0,61
19,0,AffectEV,30.0,Dengeli,17.613301131838053,19.403969789177346,2.5176971941786688,91.90821682291023,2,4,29.45891588544881,59.6,55.40383800970222,0,0.0,61
19,0,AffectEV,50.0,Dengeli,17.613301131838053,19.403969789177346,2.5176971941786688,91.90821682291023,2,4,29.45891588544881,59.6,55.40383800970222,0,0.0,61
19,0,AffectEV,65.0,Dengeli,17.613301131838053,19.403969789177346,2.5176971941786688,91.90821682291023,2,4,29.45891588544881,59.6,55.40383800970222,0,0.0,61
19,0,AffectEV,85.0,Dengeli,17.613301131838053,19.403969789177346,2.5176971941786688,91.90821682291023,2,4,29.45891588544881,59.6,55.40383800970222,0,0.0,61
20,0,Dijkstra,,,17.058035821320935,28.878060952328205,2.2227609160771005,83.79458871681547,1,8,66.52705641592262,41.3,37.59539847320483,0,0.0,16
20,0,A*,,,18.870948473505916,28.450757533136148,2.4691316312996734,82.28704112319025,0,15,66.06479438404877,41.3,37.18478061450054,0,0.0,16
20,0,NSGA-II,,Dengeli,17.06128237476365,28.583939665242948,2.2215004095753437,83.84767401751213,1,8,66.26162991243932,41.3,37.59749931737442,0,0.0,16
20,0,AffectEV,15.0,Dengeli,17.06128237476365,28.583939665242948,2.2215004095753437,83.84767401751213,1,8,66.26162991243932,41.3,37.59749931737442,0,0.0,16
20,0,AffectEV,30.0,Dengeli,17.06128237476365,28.583939665242948,2.2215004095753437,83.84767401751213,1,8,66.26162991243932,41.3,37.59749931737442,0,0.0,16
20,0,AffectEV,50.0,Dengeli,17.06128237476365,28.583939665242948,2.2215004095753437,83.84767401751213,1,8,66.26162991243932,41.3,37.59749931737442,0,0.0,16
20,0,AffectEV,65.0,,18.020022178691548,30.31026902726229,2.3302763657428627,84.31442179311311,0,8,66.42789103443444,41.3,37.41620605709522,0,0.0,16
20,0,AffectEV,85.0,Konfor,18.13088973003055,30.82334925579631,2.344709339826596,84.36274065923723,0,8,66.18629670381381,41.3,37.392151100289006,0,0.0,16
21,0,Dijkstra,,,12.403662818592329,25.145643691532094,1.6139683435138878,83.4331779669561,10,5,50.334110165219485,62.9,60.210052760810186,0,0.0,52
21,0,A*,,,12.414016184023588,24.766811307881248,1.6081541258021372,83.8253689147658,10,4,49.873155426170975,62.9,60.2197431236631,0,0.0,52
21,0,NSGA-II,,Verimlilik,12.704988567778896,24.87288123978453,1.5967789131490229,85.00635471431401,8,4,48.96822642842993,62.9,60.238701811418295,0,0.0,52
21,0,AffectEV,15.0,Verimlilik,12.704988567778896,24.87288123978453,1.5967789131490229,85.00635471431401,8,4,48.96822642842993,62.9,60.238701811418295,0,0.0,52
21,0,AffectEV,30.0,Verimlilik,12.704988567778896,24.87288123978453,1.5967789131490229,85.00635471431401,8,4,48.96822642842993,62.9,60.238701811418295,0,0.0,52
21,0,AffectEV,50.0,,14.206802866990275,27.788177013300974,1.7196128708567517,87.25979744286205,5,3,46.70101278568973,62.9,60.03397854857208,0,0.0,52
21,0,AffectEV,65.0,,16.648637946510267,31.480109609272024,1.9780086271219617,88.11043453122116,5,2,43.947827343894225,62.9,59.60331895479673,0,0.0,52
21,0,AffectEV,85.0,,16.648637946510267,31.480109609272024,1.9780086271219617,88.11043453122116,5,2,43.947827343894225,62.9,59.60331895479673,0,0.0,52
22,0,Dijkstra,,,6.523072409060071,15.532979917924884,0.8812084717186348,82.1729105173801,9,13,47.13544741309947,52.3,50.831319213802274,0,0.0,51
22,0,A*,,,6.827683770057057,13.347665690536555,0.8884235426512666,86.96892695801907,5,2,49.65536520990467,52.3,50.81929409558122,0,0.0,51
22,0,NSGA-II,,Dengeli,7.137133436891027,14.510138560402643,0.8455611485063123,88.1627622539155,3,4,45.686188730422444,52.3,50.89073141915614,0,0.0,51
22,0,AffectEV,15.0,,6.835822205745538,13.772749793464907,0.86788675222032,87.66008527564412,5,2,46.199573621779386,52.3,50.853522079632796,0,0.0,51
22,0,AffectEV,30.0,Dengeli,7.137133436891027,14.510138560402643,0.8455611485063123,88.1627622539155,3,4,45.686188730422444,52.3,50.89073141915614,0,0.0,51
22,0,AffectEV,50.0,Dengeli,7.137133436891027,14.510138560402643,0.8455611485063123,88.1627622539155,3,4,45.686188730422444,52.3,50.89073141915614,0,0.0,51
22,0,AffectEV,65.0,,8.48320048474855,16.295275080305895,0.982393379206749,89.58525450468393,2,2,44.073727476580366,52.3,50.66267770132208,0,0.0,51
22,0,AffectEV,85.0,,8.48320048474855,16.295275080305895,0.982393379206749,89.58525450468393,2,2,44.073727476580366,52.3,50.66267770132208,0,0.0,51
23,0,Dijkstra,,,10.922201574548646,23.076008148545945,1.3164453891871337,76.5734272298668,6,36,48.13286385066603,59.7,57.50592435135478,0,0.0,91
23,0,A*,,,11.299812691615562,21.225038467476274,1.2906092783724044,81.55063209187351,1,29,46.24683954063246,59.7,57.54898453604599,0,0.0,91
23,0,NSGA-II,,Dengeli,12.232636789468852,22.3986073689249,1.3809358352164902,85.49865959729544,0,18,45.5067020135228,59.7,57.398440274639185,0,0.0,91
23,0,AffectEV,15.0,,11.299812691615562,21.225038467476274,1.2906092783724044,81.55063209187351,1,29,46.24683954063246,59.7,57.54898453604599,0,0.0,91
23,0,AffectEV,30.0,,12.157166269046304,22.281856038329853,1.3731878580852954,85.17605017191063,0,19,45.619749140446864,59.7,57.411353569857845,0,0.0,91
23,0,AffectEV,50.0,,12.22271282760501,22.453204246109458,1.380179252270562,85.52972930805268,0,18,45.351353459736615,59.7,57.399701246215734,0,0.0,91
23,0,AffectEV,65.0,,16.88437585108631,24.44295924786167,2.115945804032092,87.60347599712038,0,12,43.98262001439811,59.7,56.173423659946515,0,0.0,91
23,0,AffectEV,85.0,,18.180934094334944,28.061954700954637,2.2187867696226906,88.17904704779201,0,11,42.604764761039974,59.7,56.00202205062885,0,0.0,91
24,0,Dijkstra,,,23.542621774622575,37.845739919136825,2.631866978682191,91.6597568035407,1,1,37.70121598229646,70.5,66.11355503552969,0,0.0,100
24,0,A*,,,27.595808419455917,30.43591523772719,3.7410047392800894,90.71524976741244,2,3,36.923751162937776,70.5,64.26499210119985,0,0.0,100
24,0,NSGA-II,,Dengeli,24.00386781010106,38.007105452350054,2.663710367362662,92.24717667339816,0,1,37.2641166330092,70.5,66.06048272106223,0,0.0,100
24,0,AffectEV,15.0,,23.542621774622575,37.845739919136825,2.631866978682191,91.6597568035407,1,1,37.70121598229646,70.5,66.11355503552969,0,0.0,100
24,0,AffectEV,30.0,Dengeli,24.00386781010106,38.007105452350054,2.663710367362662,92.24717667339816,0,1,37.2641166330092,70.5,66.06048272106223,0,0.0,100
24,0,AffectEV,50.0,Dengeli,24.00386781010106,38.007105452350054,2.663710367362662,92.24717667339816,0,1,37.2641166330092,70.5,66.06048272106223,0,0.0,100
24,0,AffectEV,65.0,,24.766503278988115,39.27547043639815,2.741386182822842,92.37180105970312,0,1,36.6409947014844,70.5,65.9310230286286,0,0.0,100
24,0,AffectEV,85.0,Konfor,25.221133488601552,40.01727901583228,2.7885439127726865,92.41181824491466,0,1,36.440908775426756,70.5,65.85242681204552,0,0.0,100
25,0,Dijkstra,,,15.927133076834163,32.83583792847024,2.086060183002413,80.08522270294539,13,11,50.57388648527306,55.0,51.52323302832931,0,0.0,100
25,0,A*,,,19.189941067220758,32.00024641796566,2.2377461814944706,86.90053710292707,3,10,42.99731448536466,55.0,51.27042303084255,0,0.0,100
25,0,NSGA-II,,Dengeli,18.715551203424003,32.4469121886775,2.1851683209536117,87.56163476507678,4,7,41.6918261746161,55.0,51.35805279841065,0,0.0,100
25,0,AffectEV,15.0,,18.410845173171925,32.4334858164621,2.1476147591202097,86.43147915522508,5,9,41.84260422387461,55.0,51.420642068132985,0,0.0,100
25,0,AffectEV,30.0,Dengeli,18.715551203424003,32.4469121886775,2.1851683209536117,87.56163476507678,4,7,41.6918261746161,55.0,51.35805279841065,0,0.0,100
25,0,AffectEV,50.0,,18.80453187555033,32.6824404978018,2.19869694482559,87.86317536044704,4,6,41.68412319776477,55.0,51.33550509195735,0,0.0,100
25,0,AffectEV,65.0,,21.730925941419525,35.2480594649654,2.5008526935800814,89.08523551356765,2,5,42.073822432161734,55.0,50.83191217736653,0,0.0,100
25,0,AffectEV,85.0,,21.730925941419525,35.2480594649654,2.5008526935800814,89.08523551356765,2,5,42.073822432161734,55.0,50.83191217736653,0,0.0,100
26,0,Dijkstra,,,14.53899591594657,28.709185592634018,1.8391449530503643,84.14618602718406,5,9,53.269069864079704,77.6,74.53475841158271,0,0.0,100
26,0,A*,,,15.548561767311973,25.466220521926235,1.9287861313949068,86.33139840489612,1,7,55.34300797551937,77.6,74.38535644767515,0,0.0,100
26,0,NSGA-II,,Dengeli,15.543692046607974,25.54020649258092,1.9232622300299513,86.36456174255973,1,7,55.17719128720135,77.6,74.39456294995007,0,0.0,100
26,0,AffectEV,15.0,,14.61330896346669,27.894993964093885,1.8294999923592532,85.41918410075904,4,7,52.404079496204815,77.6,74.5508333460679,0,0.0,100
26,0,AffectEV,30.0,Dengeli,15.543692046607974,25.54020649258092,1.9232622300299513,86.36456174255973,1,7,55.17719128720135,77.6,74.39456294995007,0,0.0,100
26,0,AffectEV,50.0,,15.603275387952653,28.09324673837563,1.8873024243336582,87.18754659587762,2,6,50.06226702061188,77.6,74.4544959594439,0,0.0,100
26,0,AffectEV,65.0,,15.848374552688414,28.75875099149517,1.9091622972490123,87.53576722619195,2,5,49.82116386904021,77.6,74.41806283791831,0,0.0,100
26,0,AffectEV,85.0,,15.848374552688414,28.75875099149517,1.9091622972490123,87.53576722619195,2,5,49.82116386904021,77.6,74.41806283791831,0,0.0,100
27,0,Dijkstra,,,10.86006125920067,23.378848638249384,1.3056927093215864,77.34355823864504,7,33,46.28220880677479,49.6,47.423845484464024,0,0.0,65
27,0,A*,,,11.222473178885824,21.473122513807887,1.2727209871352345,80.97293452479865,2,31,43.63532737600678,49.6,47.47879835477461,0,0.0,65
27,0,NSGA-II,,Dengeli,11.272440177760746,21.584102936447312,1.2789669401570127,81.54833440633678,2,29,43.75832796831614,49.6,47.468388433071645,0,0.0,65
27,0,AffectEV,15.0,,11.194516088209937,21.501112402770836,1.2715301462925501,81.22466232690327,2,30,43.87668836548366,49.6,47.48078308951242,0,0.0,65
27,0,AffectEV,30.0,,11.194516088209937,21.501112402770836,1.2715301462925501,81.22466232690327,2,30,43.87668836548366,49.6,47.48078308951242,0,0.0,65
27,0,AffectEV,50.0,,11.88756769359928,22.870138599460134,1.357089673445051,84.46797966635175,2,19,44.16010166824126,49.6,47.33818387759158,0,0.0,65
27,0,AffectEV,65.0,,12.258067336796335,24.149388661392816,1.4123921880778143,85.64782379157887,2,14,45.76088104210561,49.6,47.24601301987031,0,0.0,65
27,0,AffectEV,85.0,,12.618949101139103,24.84614762467421,1.4500157314080082,85.83798951608075,2,14,44.81005241959624,49.6,47.18330711431999,0,0.0,65
28,0,Dijkstra,,,22.02802455703555,35.12968276433325,2.7680312588610425,81.24111666301681,11,12,48.29441668491598,84.3,79.68661456856492,0,0.0,100
28,0,A*,,,24.211919829352468,33.57207848691213,3.0282389424828073,82.54246159579553,6,16,48.287692021022345,84.3,79.25293509586199,0,0.0,100
28,0,NSGA-II,,Dengeli,23.027739453202216,33.92010052748123,2.8320730476366838,84.11766211253074,8,8,47.41168943734632,84.3,79.57987825393886,0,0.0,100
28,0,AffectEV,15.0,,22.162094562616787,34.27229129382432,2.769735297378721,82.38851605400302,10,10,48.05741972998488,84.3,79.6837745043688,0,0.0,100
28,0,AffectEV,30.0,Dengeli,23.027739453202216,33.92010052748123,2.8320730476366838,84.11766211253074,8,8,47.41168943734632,84.3,79.57987825393886,0,0.0,100
28,0,AffectEV,50.0,Dengeli,23.027739453202216,33.92010052748123,2.8320730476366838,84.11766211253074,8,8,47.41168943734632,84.3,79.57987825393886,0,0.0,100
28,0,AffectEV,65.0,,26.15662190464999,35.80479922320246,3.2373367643481403,86.9175512487792,3,8,45.91224375610395,84.3,78.90443872608643,0,0.0,100
28,0,AffectEV,85.0,,26.147835190517263,36.29769676996172,3.230622856229599,86.97334443692998,3,8,45.633277815350134,84.3,78.91562857295067,0,0.0,100
29,0,Dijkstra,,,12.699312958695026,23.717775213639673,1.4179413806001835,89.64393337974275,0,6,42.78033310128625,51.5,49.13676436566636,0,0.0,43
29,0,A*,,,12.774258497922235,15.722485922446387,1.7686041196041906,91.10572500466495,0,5,36.97137497667527,51.5,48.552326467326345,0,0.0,43
29,0,NSGA-II,,Dengeli,12.774258497922235,15.722485922446387,1.7686041196041906,91.10572500466495,0,5,36.97137497667527,51.5,48.552326467326345,0,0.0,43
29,0,AffectEV,15.0,Dengeli,12.774258497922235,15.722485922446387,1.7686041196041906,91.10572500466495,0,5,36.97137497667527,51.5,48.552326467326345,0,0.0,43
29,0,AffectEV,30.0,Dengeli,12.774258497922235,15.722485922446387,1.7686041196041906,91.10572500466495,0,5,36.97137497667527,51.5,48.552326467326345,0,0.0,43
29,0,AffectEV,50.0,Dengeli,12.774258497922235,15.722485922446387,1.7686041196041906,91.10572500466495,0,5,36.97137497667527,51.5,48.552326467326345,0,0.0,43
29,0,AffectEV,65.0,,16.02542720494987,21.67189570600318,2.1280983865593277,91.82527016307674,0,2,37.873649184616305,51.5,47.95316935573445,0,0.0,43
29,0,AffectEV,85.0,Konfor,17.044051895231956,23.58903558411234,2.2391500834883167,91.94194517947943,0,2,37.29027410260281,51.5,47.76808319418614,0,0.0,43
30,0,Dijkstra,,,21.79446021612964,15.366250994452548,3.438237007064285,93.63574766226013,0,0,31.821261688699348,48.9,43.16960498822619,0,0.0,6
30,0,A*,,,21.79446021612964,15.366250994452548,3.438237007064285,93.63574766226013,0,0,31.821261688699348,48.9,43.16960498822619,0,0.0,6
30,0,NSGA-II,,Dengeli,22.162370549364084,18.504864607364002,3.361757471587193,93.66709353130945,0,0,31.664532343452777,48.9,43.29707088068801,0,0.0,6
30,0,AffectEV,15.0,Dengeli,22.162370549364084,18.504864607364002,3.361757471587193,93.66709353130945,0,0,31.664532343452777,48.9,43.29707088068801,0,0.0,6
30,0,AffectEV,30.0,Dengeli,22.162370549364084,18.504864607364002,3.361757471587193,93.66709353130945,0,0,31.664532343452777,48.9,43.29707088068801,0,0.0,6
30,0,AffectEV,50.0,Dengeli,22.162370549364084,18.504864607364002,3.361757471587193,93.66709353130945,0,0,31.664532343452777,48.9,43.29707088068801,0,0.0,6
30,0,AffectEV,65.0,Dengeli,22.162370549364084,18.504864607364002,3.361757471587193,93.66709353130945,0,0,31.664532343452777,48.9,43.29707088068801,0,0.0,6
30,0,AffectEV,85.0,Konfor,22.101785817864656,17.110214180018982,3.416025975947166,93.75722103262709,0,0,31.213894836864554,48.9,43.20662337342139,0,0.0,6
31,0,Dijkstra,,,18.460401315711664,49.26745411814469,2.5285629875485642,65.0008947888665,20,36,70.99552605566753,55.0,50.78572835408573,0,0.0,100
31,0,A*,,,19.273304987408192,42.057371096936485,2.5178427676100297,69.83107228418015,7,42,70.34463857909918,55.0,50.80359538731662,0,0.0,100
31,0,NSGA-II,,Dengeli,19.907543127779217,42.236437989889524,2.6119437314440024,75.3916826796801,5,26,71.54158660159949,55.0,50.64676044759333,0,0.0,100
31,0,AffectEV,15.0,Verimlilik,19.213883849346384,42.201422302509236,2.5077341176288366,70.20550839855973,7,41,69.97245800720134,55.0,50.820443137285274,0,0.0,100
31,0,AffectEV,30.0,Dengeli,19.907543127779217,42.236437989889524,2.6119437314440024,75.3916826796801,5,26,71.54158660159949,55.0,50.64676044759333,0,0.0,100
31,0,AffectEV,50.0,,20.816378566717415,44.28555347243901,2.677695485573551,78.47017873416974,5,20,65.14910632915128,55.0,50.53717419071075,0,0.0,100
31,0,AffectEV,65.0,,20.816378566717415,44.28555347243901,2.677695485573551,78.47017873416974,5,20,65.14910632915128,55.0,50.53717419071075,0,0.0,100
31,0,AffectEV,85.0,,21.11576243862713,45.09103418990387,2.7081803693793804,78.63073263865884,5,20,64.34633680670578,55.0,50.486366051034366,0,0.0,100
32,0,Dijkstra,,,6.315449441209965,12.360093276434608,0.7956927867895291,84.73283737810905,4,7,55.83581310945472,87.5,86.17384535535078,0,0.0,100
32,0,A*,,,6.351595088877015,12.109910286497561,0.7807319718120602,86.46246792417246,3,5,52.68766037913772,87.5,86.1987800469799,0,0.0,100
32,0,NSGA-II,,Dengeli,6.351595088877015,12.109910286497561,0.7807319718120602,86.46246792417246,3,5,52.68766037913772,87.5,86.1987800469799,0,0.0,100
32,0,AffectEV,15.0,Dengeli,6.351595088877015,12.109910286497561,0.7807319718120602,86.46246792417246,3,5,52.68766037913772,87.5,86.1987800469799,0,0.0,100
32,0,AffectEV,30.0,Dengeli,6.351595088877015,12.109910286497561,0.7807319718120602,86.46246792417246,3,5,52.68766037913772,87.5,86.1987800469799,0,0.0,100
32,0,AffectEV,50.0,,7.270770378036838,13.643417402521267,0.8598334454511133,88.17403839968706,1,4,50.629808001564655,87.5,86.06694425758148,0,0.0,100
32,0,AffectEV,65.0,,9.586108938745294,17.478578324336052,1.1082812004210694,89.78829700668042,0,4,45.058514966597855,87.5,85.65286466596488,0,0.0,100
32,0,AffectEV,85.0,,9.586108938745294,17.478578324336052,1.1082812004210694,89.78829700668042,0,4,45.058514966597855,87.5,85.65286466596488,0,0.0,100
33,0,Dijkstra,,,12.932258251440391,21.5468235078007,1.6722470844079333,83.22790486889474,2,13,59.36047565552628,67.3,64.51292152598677,0,0.0,10
33,0,A*,,,13.13129016966535,21.019769111916464,1.6970374585252535,83.06871910465554,2,13,60.15640447672226,67.3,64.47160423579125,0,0.0,10
33,0,NSGA-II,,Verimlilik,12.942750934726801,21.113161857366528,1.6656252180388027,82.8498832591108,2,14,59.750583704445994,67.3,64.52395796993532,0,0.0,10
33,0,AffectEV,15.0,Verimlilik,12.942750934726801,21.113161857366528,1.6656252180388027,82.8498832591108,2,14,59.750583704445994,67.3,64.52395796993532,0,0.0,10
33,0,AffectEV,30.0,Verimlilik,12.942750934726801,21.113161857366528,1.6656252180388027,82.8498832591108,2,14,59.750583704445994,67.3,64.52395796993532,0,0.0,10
33,0,AffectEV,50.0,,13.12079748637894,21.45343076235064,1.7036593248943839,83.44555467644139,2,12,59.77222661779306,67.3,64.46056779184269,0,0.0,10
33,0,AffectEV,65.0,,13.12079748637894,21.45343076235064,1.7036593248943839,83.44555467644139,2,12,59.77222661779306,67.3,64.46056779184269,0,0.0,10
33,0,AffectEV,85.0,Konfor,13.195873655501826,21.596318875655253,1.7118235049142676,83.46598694972802,2,12,59.6700652513599,67.3,64.44696082514288,0,0.0,10
34,0,Dijkstra,,,13.181150613222396,27.1122988749695,1.5936734241741966,73.63903969993024,3,46,55.30480150034885,86.8,84.14387762637634,0,0.0,46
34,0,A*,,,17.631544924722906,25.248029046715217,2.2863362410799075,84.65700421779957,2,15,49.21497891100214,86.8,82.98943959820015,0,0.0,46
34,0,NSGA-II,,Dengeli,14.220032954748946,26.729875434405127,1.7037908648414408,83.51978328407435,2,16,53.40108357962827,86.8,83.9603485585976,0,0.0,46
34,0,AffectEV,15.0,,13.686197755946102,26.464011658641493,1.6000323247992423,81.40783988894017,1,27,49.96080055529909,86.8,84.13327945866793,0,0.0,46
34,0,AffectEV,30.0,,13.686197755946102,26.464011658641493,1.6000323247992423,81.40783988894017,1,27,49.96080055529909,86.8,84.13327945866793,0,0.0,46
34,0,AffectEV,50.0,,14.28386614830388,28.152861938502486,1.6716027315449877,84.35697039529184,1,17,50.215148023540785,86.8,84.01399544742502,0,0.0,46
34,0,AffectEV,65.0,,15.939660688030017,30.306345267771984,1.8858738015432697,85.56162071633251,2,12,49.19189641833743,86.8,83.65687699742789,0,0.0,46
34,0,AffectEV,85.0,,15.939660688030017,30.306345267771984,1.8858738015432697,85.56162071633251,2,12,49.19189641833743,86.8,83.65687699742789,0,0.0,46
35,0,Dijkstra,,,20.230388693417584,44.88446776331493,2.6873359653284328,73.76164105086775,12,25,63.69179474566126,47.9,43.42110672445261,0,0.0,87
35,0,A*,,,21.494114003414083,36.64386865701974,2.7325612582827667,80.64574686353967,5,17,58.77126568230169,47.9,43.34573123619539,0,0.0,87
35,0,NSGA-II,,Dengeli,21.494114003414083,36.64386865701974,2.7325612582827667,80.64574686353967,5,17,58.77126568230169,47.9,43.34573123619539,0,0.0,87
35,0,AffectEV,15.0,Dengeli,21.494114003414083,36.64386865701974,2.7325612582827667,80.64574686353967,5,17,58.77126568230169,47.9,43.34573123619539,0,0.0,87
35,0,AffectEV,30.0,Dengeli,21.494114003414083,36.64386865701974,2.7325612582827667,80.64574686353967,5,17,58.77126568230169,47.9,43.34573123619539,0,0.0,87
35,0,AffectEV,50.0,,21.508784119292716,37.034839616583646,2.724667435330843,80.73663910060026,5,17,58.31680449699874,47.9,43.358887607781924,0,0.0,87
35,0,AffectEV,65.0,,24.19437800437944,40.24053494567081,2.999844365635435,82.24313362903531,4,16,54.78433185482345,47.9,42.90025939060761,0,0.0,87
35,0,AffectEV,85.0,,24.19437800437944,40.24053494567081,2.999844365635435,82.24313362903531,4,16,54.78433185482345,47.9,42.90025939060761,0,0.0,87
36,0,Dijkstra,,,24.10993819189053,60.88559760489637,3.391997230380171,53.514402789644336,28,66,63.42798605177832,59.2,53.54667128269972,0,0.0,100
36,0,A*,,,27.78522806303865,43.71614959619581,3.6123921444070968,78.7808542181852,7,20,58.59572890907403,59.2,53.17934642598817,0,0.0,100
36,0,NSGA-II,,Dengeli,27.78522806303865,43.71614959619581,3.6123921444070968,78.7808542181852,7,20,58.59572890907403,59.2,53.17934642598817,0,0.0,100
36,0,AffectEV,15.0,Dengeli,27.78522806303865,43.71614959619581,3.6123921444070968,78.7808542181852,7,20,58.59572890907403,59.2,53.17934642598817,0,0.0,100
36,0,AffectEV,30.0,Dengeli,27.78522806303865,43.71614959619581,3.6123921444070968,78.7808542181852,7,20,58.59572890907403,59.2,53.17934642598817,0,0.0,100
36,0,AffectEV,50.0,,31.537569442729982,45.29591192533541,4.214570436224633,83.82093456548004,5,11,51.89532717259976,59.2,52.17571593962562,0,0.0,100
36,0,AffectEV,65.0,,34.42769743267956,49.564761136190874,4.4966191785080465,85.43012091124503,2,11,51.349395443774846,59.2,51.70563470248659,0,0.0,100
36,0,AffectEV,85.0,,49.690757859355266,50.84363702310758,7.259347496843732,88.57117083636683,2,8,40.14414581816587,59.2,47.10108750526045,0,0.0,100
37,0,Dijkstra,,,12.058149939745649,22.66823019151809,1.4846382468812656,86.30883309838374,4,6,49.45583450808129,66.3,63.82560292186456,0,0.0,100
37,0,A*,,,13.611547559365317,19.504834573032774,1.6958640304551778,88.48456347643216,0,2,54.57718261783924,66.3,63.47355994924137,0,0.0,100
37,0,NSGA-II,,Dengeli,12.450124504122105,20.63005791392345,1.461919009131463,88.8473249151238,1,4,47.26337542438093,66.3,63.86346831811422,0,0.0,100
37,0,AffectEV,15.0,,12.350739586215136,20.08201201620005,1.4639431144604926,88.28912287354296,1,5,48.55438563228515,66.3,63.86009480923251,0,0.0,100
37,0,AffectEV,30.0,,12.350739586215136,20.08201201620005,1.4639431144604926,88.28912287354296,1,5,48.55438563228515,66.3,63.86009480923251,0,0.0,100
37,0,AffectEV,50.0,Dengeli,12.450124504122105,20.63005791392345,1.461919009131463,88.8473249151238,1,4,47.26337542438093,66.3,63.86346831811422,0,0.0,100
37,0,AffectEV,65.0,,13.693059988970017,22.20030851424269,1.582032125106625,90.19570517264148,0,3,44.52147413679257,66.3,63.663279791488954,0,0.0,100
37,0,AffectEV,85.0,Konfor,14.07694751313612,23.32169094603021,1.6134276668918093,90.33199343280131,0,3,43.840032835993405,66.3,63.61095388851365,0,0.0,100
38,0,Dijkstra,,,18.04001709290496,38.011890309626914,2.420510802659908,72.3317245477709,14,31,56.84137726114547,66.1,62.06581532890015,0,0.0,100
38,0,A*,,,23.34980108107179,33.94120910643218,2.8087496302723807,88.19764691622781,2,5,46.511765418860975,66.1,61.41875061621269,0,0.0,100
38,0,NSGA-II,,Dengeli,20.560873959741393,36.294935592869614,2.443461215831785,84.5260991160946,2,15,49.869504419526976,66.1,62.02756464028035,0,0.0,100
38,0,AffectEV,15.0,,19.807088627979354,35.203191247783856,2.4191305863423387,82.19348507201292,4,18,52.0325746399354,66.1,62.06811568942943,0,0.0,100
38,0,AffectEV,30.0,,19.807088627979354,35.203191247783856,2.4191305863423387,82.19348507201292,4,18,52.0325746399354,66.1,62.06811568942943,0,0.0,100
38,0,AffectEV,50.0,,23.34980108107179,33.94120910643218,2.8087496302723807,88.19764691622781,2,5,46.511765418860975,66.1,61.41875061621269,0,0.0,100
38,0,AffectEV,65.0,,23.34980108107179,33.94120910643218,2.8087496302723807,88.19764691622781,2,5,46.511765418860975,66.1,61.41875061621269,0,0.0,100
38,0,AffectEV,85.0,,23.34717861959315,34.55813572944598,2.802513864488405,88.2723107210503,2,5,46.1384463947485,66.1,61.42914355918599,0,0.0,100
39,0,Dijkstra,,,27.693169836575326,51.18978798852725,3.7973224033669997,72.15231411730048,24,21,47.7384294134976,83.4,77.07112932772168,0,0.0,70
39,0,A*,,,28.836829395333833,33.36807542441956,3.6275886546094043,87.89553310701154,0,12,42.52233446494225,83.4,77.35401890898433,0,0.0,70
39,0,NSGA-II,,Dengeli,28.84248356544381,33.74378701313855,3.6161968419859023,87.97965637762776,0,12,42.10171811186119,83.4,77.37300526335683,0,0.0,70
39,0,AffectEV,15.0,Dengeli,28.84248356544381,33.74378701313855,3.6161968419859023,87.97965637762776,0,12,42.10171811186119,83.4,77.37300526335683,0,0.0,70
39,0,AffectEV,30.0,Dengeli,28.84248356544381,33.74378701313855,3.6161968419859023,87.97965637762776,0,12,42.10171811186119,83.4,77.37300526335683,0,0.0,70
39,0,AffectEV,50.0,,29.988457030296072,36.56205083343718,3.7386533272617015,88.51302586455226,0,10,42.43487067723867,83.4,77.16891112123051,0,0.0,70
39,0,AffectEV,65.0,,32.386629078206006,44.49115963362759,3.9648341825758524,89.04541853958506,0,9,41.272907302074714,83.4,76.79194302904025,0,0.0,70
39,0,AffectEV,85.0,,32.4007306465383,44.51122036280823,3.9663803793046375,89.04618942399391,0,9,41.26905288003043,83.4,76.78936603449228,0,0.0,70
40,0,Dijkstra,,,15.54634367544098,30.818336488434017,2.0248799734407665,76.98625797041292,10,22,57.0687101479354,86.5,83.12520004426538,0,0.0,100
40,0,A*,,,16.945306354675637,27.313894503288456,2.1114012412178202,82.69843591677491,2,17,56.00782041612545,86.5,82.98099793130363,0,0.0,100
40,0,NSGA-II,,Dengeli,16.944068772181815,27.376144101441046,2.1142574896531556,83.49925110099956,2,14,56.50374449500219,86.5,82.97623751724474,0,0.0,100
40,0,AffectEV,15.0,,16.819086419036008,27.435520069857894,2.089607731753638,83.2951904079743,2,15,56.02404796012852,86.5,83.01732044707727,0,0.0,100
40,0,AffectEV,30.0,Dengeli,16.944068772181815,27.376144101441046,2.1142574896531556,83.49925110099956,2,14,56.50374449500219,86.5,82.97623751724474,0,0.0,100
40,0,AffectEV,50.0,Dengeli,16.944068772181815,27.376144101441046,2.1142574896531556,83.49925110099956,2,14,56.50374449500219,86.5,82.97623751724474,0,0.0,100
40,0,AffectEV,65.0,,25.417596298890498,32.131185846971825,3.4347657564254597,89.88802621017233,1,5,40.55986894913839,86.5,80.77539040595757,0,0.0,100
40,0,AffectEV,85.0,Konfor,25.432954664282278,32.22621037534134,3.43647280595846,89.9115523450132,1,5,40.442238274933985,86.5,80.77254532340257,0,0.0,100
41,0,Dijkstra,,,23.660635711712654,35.05828462629191,3.039571309141978,84.13232170212132,4,8,57.33839148939338,69.6,64.5340478180967,0,0.0,100
41,0,A*,,,23.709997513596857,33.982971445340446,3.060805549280137,84.46299898235837,4,7,57.18500508820812,69.6,64.49865741786643,0,0.0,100
41,0,NSGA-II,,Dengeli,25.119897152988298,34.758294741488264,3.17304763152928,85.64580418119515,2,8,54.77097909402425,69.6,64.31158728078452,0,0.0,100
41,0,AffectEV,15.0,,23.945430063406043,34.23740555001818,3.068467602811546,85.02224936074768,2,7,59.38875319626159,69.6,64.48588732864742,0,0.0,100
41,0,AffectEV,30.0,Dengeli,25.119897152988298,34.758294741488264,3.17304763152928,85.64580418119515,2,8,54.77097909402425,69.6,64.31158728078452,0,0.0,100
41,0,AffectEV,50.0,,43.43141233294482,45.11865005101351,5.986828846034705,91.55754350185748,1,5,32.21228249071256,69.6,59.62195192327548,0,0.0,100
41,0,AffectEV,65.0,,43.53450111980881,45.214487541767724,5.998339926981142,91.57571987594304,1,5,32.1214006202848,69.6,59.60276678836476,0,0.0,100
41,0,AffectEV,85.0,,43.53450111980881,45.214487541767724,5.998339926981142,91.57571987594304,1,5,32.1214006202848,69.6,59.60276678836476,0,0.0,100
42,0,Dijkstra,,,21.96282146541537,41.64751490079964,2.95871179167322,72.65550610615473,20,25,49.22246946922634,85.0,80.06881368054464,0,0.0,100
42,0,A*,,,35.33703950170737,40.76949940480096,4.772505655144433,88.56685282811608,2,14,31.165735859419573,85.0,77.04582390809261,0,0.0,100
42,0,NSGA-II,,Dengeli,22.196961974257285,41.36944824961035,2.9570298141936204,74.92524944135492,19,19,49.373752793225385,85.0,80.07161697634396,0,0.0,100
42,0,AffectEV,15.0,,22.090708649336612,41.20987129831233,2.9464183249170066,73.99224467052562,19,22,49.53877664737187,85.0,80.08930279180498,0,0.0,100
42,0,AffectEV,30.0,Dengeli,22.196961974257285,41.36944824961035,2.9570298141936204,74.92524944135492,19,19,49.373752793225385,85.0,80.07161697634396,0,0.0,100
42,0,AffectEV,50.0,,35.443292826628046,40.92907635609897,4.7831171444210465,89.47650673669101,2,11,31.11746631654498,85.0,77.0281380926316,0,0.0,100
42,0,AffectEV,65.0,,37.46823183810988,41.66733459830911,5.018252512456442,89.99470874847768,0,12,32.02645625761162,85.0,76.6362458125726,0,0.0,100
42,0,AffectEV,85.0,,37.46823183810988,41.66733459830911,5.018252512456442,89.99470874847768,0,12,32.02645625761162,85.0,76.6362458125726,0,0.0,100
43,0,Dijkstra,,,17.06329866686855,46.13901062715321,2.3098916844614035,66.47859853297707,17,40,65.10700733511464,66.0,62.15018052589766,0,0.0,67
43,0,A*,,,19.772578350961624,37.55654105847419,2.533653641512209,74.60040507926036,7,32,61.497974603698175,66.0,61.777243930812986,0,0.0,67
43,0,NSGA-II,,Dengeli,19.452170156750384,37.574003791139305,2.514620018352797,78.14512398178101,7,19,63.27438009109493,66.0,61.80896663607867,0,0.0,67
43,0,AffectEV,15.0,Dengeli,19.452170156750384,37.574003791139305,2.514620018352797,78.14512398178101,7,19,63.27438009109493,66.0,61.80896663607867,0,0.0,67
43,0,AffectEV,30.0,Dengeli,19.452170156750384,37.574003791139305,2.514620018352797,78.14512398178101,7,19,63.27438009109493,66.0,61.80896663607867,0,0.0,67
43,0,AffectEV,50.0,Dengeli,19.452170156750384,37.574003791139305,2.514620018352797,78.14512398178101,7,19,63.27438009109493,66.0,61.80896663607867,0,0.0,67
43,0,AffectEV,65.0,,26.369692398971733,40.54985971698356,3.8091464715714567,84.44761623849365,3,11,53.76191880753172,66.0,59.6514225473809,0,0.0,67
43,0,AffectEV,85.0,,26.369692398971733,40.54985971698356,3.8091464715714567,84.44761623849365,3,11,53.76191880753172,66.0,59.6514225473809,0,0.0,67
44,0,Dijkstra,,,12.180318086105807,20.36061698797437,1.5324509752119178,85.4568033798445,1,7,59.71598310077748,66.9,64.34591504131348,0,0.0,90
44,0,A*,,,12.238215814945256,19.518621225589257,1.5291605585668717,87.11993151002079,0,3,59.90034244989607,66.9,64.35139906905522,0,0.0,90
44,0,NSGA-II,,Dengeli,12.309717911196698,19.54425354973279,1.5335624983547722,87.25760908290043,0,3,59.211954585497814,66.9,64.34406250274205,0,0.0,90
44,0,AffectEV,15.0,,12.238215814945256,19.518621225589257,1.5291605585668717,87.11993151002079,0,3,59.90034244989607,66.9,64.35139906905522,0,0.0,90
44,0,AffectEV,30.0,Dengeli,12.309717911196698,19.54425354973279,1.5335624983547722,87.25760908290043,0,3,59.211954585497814,66.9,64.34406250274205,0,0.0,90
44,0,AffectEV,50.0,,12.636177480967032,21.941182668257387,1.5124024285404876,87.91538316502938,1,6,48.923084174853095,66.9,64.37932928576586,0,0.0,90
44,0,AffectEV,65.0,Konfor,16.199802571710162,26.258182640243717,1.9179250267198795,89.63760885120827,1,2,46.31195574395866,66.9,63.703458288800206,0,0.0,90
44,0,AffectEV,85.0,Konfor,16.199802571710162,26.258182640243717,1.9179250267198795,89.63760885120827,1,2,46.31195574395866,66.9,63.703458288800206,0,0.0,90
45,0,Dijkstra,,,24.860773582720817,44.378366091354636,3.095744935262921,83.26332953532665,8,8,51.683352323366776,76.0,70.84042510789513,0,0.0,100
45,0,A*,,,26.883874663067076,31.27031620295326,3.639626904175128,89.85648109097352,0,5,43.21759454513238,76.0,69.93395515970812,0,0.0,100
45,0,NSGA-II,,Dengeli,26.883874663067076,31.27031620295326,3.639626904175128,89.85648109097352,0,5,43.21759454513238,76.0,69.93395515970812,0,0.0,100
45,0,AffectEV,15.0,,26.271458404497984,36.16325054703384,3.285097862324193,84.06024361311775,3,14,51.19878193441128,76.0,70.52483689612635,0,0.0,100
45,0,AffectEV,30.0,Dengeli,26.883874663067076,31.27031620295326,3.639626904175128,89.85648109097352,0,5,43.21759454513238,76.0,69.93395515970812,0,0.0,100
45,0,AffectEV,50.0,Dengeli,26.883874663067076,31.27031620295326,3.639626904175128,89.85648109097352,0,5,43.21759454513238,76.0,69.93395515970812,0,0.0,100
45,0,AffectEV,65.0,,27.553852622711876,33.26408885884869,3.6698163070302634,90.30859477365588,0,5,40.95702613172057,76.0,69.8836394882829,0,0.0,100
45,0,AffectEV,85.0,,27.553852622711876,33.26408885884869,3.6698163070302634,90.30859477365588,0,5,40.95702613172057,76.0,69.8836394882829,0,0.0,100
46,0,Dijkstra,,,15.652162516574279,47.872336283797615,2.2117886964097964,60.15687169715766,21,50,71.71564151421168,66.4,62.713685505983676,0,0.0,80
46,0,A*,,,16.853269906886915,40.11802763916094,2.2796830604834666,70.79003582474672,8,32,78.04982087626642,66.4,62.60052823252756,0,0.0,80
46,0,NSGA-II,,Dengeli,16.673001314634355,40.80688059557553,2.2190131857648536,70.74160061133135,7,35,76.29199694334326,66.4,62.701644690391916,0,0.0,80
46,0,AffectEV,15.0,,16.565053234858464,40.48988934571214,2.2146198788872744,69.03636645394508,7,40,77.31816773027457,66.4,62.708966868521216,0,0.0,80
46,0,AffectEV,30.0,Dengeli,16.673001314634355,40.80688059557553,2.2190131857648536,70.74160061133135,7,35,76.29199694334326,66.4,62.701644690391916,0,0.0,80
46,0,AffectEV,50.0,,17.18333538044686,43.102220217750705,2.2618038382929266,75.70311219817611,8,19,72.98443900911943,66.4,62.63032693617846,0,0.0,80
46,0,AffectEV,65.0,,17.18333538044686,43.102220217750705,2.2618038382929266,75.70311219817611,8,19,72.98443900911943,66.4,62.63032693617846,0,0.0,80
46,0,AffectEV,85.0,,17.18333538044686,43.102220217750705,2.2618038382929266,75.70311219817611,8,19,72.98443900911943,66.4,62.63032693617846,0,0.0,80
47,0,Dijkstra,,,23.44933666717482,43.21612797767778,3.225726377461137,77.14177701804286,23,13,37.29111490978572,67.7,62.32378937089811,0,0.0,24
47,0,A*,,,25.199861083936987,31.557542179646315,2.872621362931921,91.22244560561002,0,4,37.88777197194988,67.7,62.9122977284468,0,0.0,24
47,0,NSGA-II,,Dengeli,25.199861083936987,31.557542179646315,2.872621362931921,91.22244560561002,0,4,37.88777197194988,67.7,62.9122977284468,0,0.0,24
47,0,AffectEV,15.0,Dengeli,25.199861083936987,31.557542179646315,2.872621362931921,91.22244560561002,0,4,37.88777197194988,67.7,62.9122977284468,0,0.0,24
47,0,AffectEV,30.0,Dengeli,25.199861083936987,31.557542179646315,2.872621362931921,91.22244560561002,0,4,37.88777197194988,67.7,62.9122977284468,0,0.0,24
47,0,AffectEV,50.0,,25.239374995950005,31.58492311689789,2.8755116130528586,91.24762143812524,0,4,37.761892809373784,67.7,62.90748064491191,0,0.0,24
47,0,AffectEV,65.0,,25.2333320031628,32.374800054062106,2.8665514968928814,91.35272647987007,0,4,37.23636760064965,67.7,62.922414171845205,0,0.0,24
47,0,AffectEV,85.0,Konfor,28.49619225973898,35.99269457205434,3.485131217991941,92.05962158989796,0,4,33.701892050510196,67.7,61.89144797001343,0,0.0,24
48,0,Dijkstra,,,15.080656660003548,22.715789024732604,1.8526757672054202,88.84831342983794,0,3,51.25843285081027,69.3,66.21220705465763,0,0.0,37
48,0,A*,,,15.105437848101676,21.80421226318141,1.8612586732415048,88.1709027028731,0,5,51.64548648563451,69.3,66.19790221126415,0,0.0,37
48,0,NSGA-II,,Verimlilik,15.084859073250371,22.444487694597004,1.8515131578191342,88.8899932504563,0,3,51.05003374771847,69.3,66.21414473696811,0,0.0,37
48,0,AffectEV,15.0,,15.087481534729015,21.82756107158321,1.8577489236031093,88.77461223760616,0,3,51.62693881196915,69.3,66.20375179399481,0,0.0,37
48,0,AffectEV,30.0,Verimlilik,15.084859073250371,22.444487694597004,1.8515131578191342,88.8899932504563,0,3,51.05003374771847,69.3,66.21414473696811,0,0.0,37
48,0,AffectEV,50.0,,15.208861781048046,23.124455110715825,1.8573167689618866,88.95243555218929,0,3,50.7378222390536,69.3,66.20447205173019,0,0.0,37
48,0,AffectEV,65.0,,17.42962526665014,30.15794727475189,2.0881920570771606,89.29142051709488,0,4,47.542897414525626,69.3,65.81967990487139,0,0.0,37
48,0,AffectEV,85.0,,17.42962526665014,30.15794727475189,2.0881920570771606,89.29142051709488,0,4,47.542897414525626,69.3,65.81967990487139,0,0.0,37
49,0,Dijkstra,,,12.448359452641155,39.37725881414766,1.9589470004098026,68.06652195269673,23,16,78.16739023651631,70.1,66.83508833265033,0,0.0,100
49,0,A*,,,15.393972879152834,29.40783036313981,2.026904387655586,73.78055527568283,3,34,72.59722362158587,70.1,66.72182602057401,0,0.0,100
49,0,NSGA-II,,Dengeli,15.36137681469583,29.651722462492494,2.027236137750201,75.16898375755086,3,29,73.15508121224568,70.1,66.72127310374967,0,0.0,100
49,0,AffectEV,15.0,,14.705145170536797,30.0678676317101,1.9590996037062938,73.72432106766999,5,31,72.37839466165005,70.1,66.83483399382284,0,0.0,100
49,0,AffectEV,30.0,,14.705145170536797,30.0678676317101,1.9590996037062938,73.72432106766999,5,31,72.37839466165005,70.1,66.83483399382284,0,0.0,100
49,0,AffectEV,50.0,,16.349314775787395,33.176372488298306,2.1413302849081925,80.52401824257541,1,14,73.87990878712293,70.1,66.53111619181968,0,0.0,100
49,0,AffectEV,65.0,,16.466498320060374,33.67579792511103,2.148081438385565,80.97710591644893,1,13,73.11447041775534,70.1,66.51986426935738,0,0.0,100
49,0,AffectEV,85.0,,16.572234330413846,34.14394403320382,2.1537187891057625,81.06968582396682,1,13,72.6515708801659,70.1,66.51046868482372,0,0.0,100
50,0,Dijkstra,,,20.447974153171877,41.94700793788891,2.594555577547875,79.29437788655774,22,3,44.02811056721129,32.0,27.675740704086877,0,0.0,100
50,0,A*,,,29.50013168469529,32.49889039622183,3.8630314815780484,92.71615100009356,0,2,33.41924499953218,32.0,25.56161419736992,0,0.0,100
50,0,NSGA-II,,Dengeli,23.167539631000295,37.876524167372146,2.6609120886913784,89.20926689228732,1,5,43.95366553856341,32.0,27.5651465188477,0,0.0,100
50,0,AffectEV,15.0,,22.522110226218533,35.349308382669726,2.609253797671863,88.1371190117174,1,8,44.81440494141297,32.0,27.651243670546894,0,0.0,100
50,0,AffectEV,30.0,,22.522110226218533,35.349308382669726,2.609253797671863,88.1371190117174,1,8,44.81440494141297,32.0,27.651243670546894,0,0.0,100
50,0,AffectEV,50.0,,29.079006147871127,36.500107342237094,3.6427225485583854,92.76494297595721,0,2,33.175285120213964,32.0,25.928795752402692,0,0.0,100
50,0,AffectEV,65.0,,30.65062176739668,40.73173582180919,3.7838393700164703,93.08360044724365,0,2,31.58199776378175,32.0,25.69360104997255,0,0.0,100
50,0,AffectEV,85.0,,31.131420143794404,41.45221935811525,3.8314517244170228,93.13228994181087,0,2,31.33855029094569,32.0,25.61424712597163,0,0.0,100
1,1,Dijkstra,,,18.180626954473706,40.97825576279502,2.509917187999537,74.35652100906773,29,10,40.717394954661344,68.4,64.21680468666744,0,0.0,100
1,1,A*,,,24.45707858257984,26.64231700453612,3.3091511534378153,91.48291775606319,0,5,35.085411219684055,68.4,62.884748077603646,0,0.0,100
1,1,NSGA-II,,Dengeli,23.652949325479117,28.51062389560102,3.05519589155077,91.52746131331548,0,5,34.86269343342255,68.4,63.30800684741539,0,0.0,100
1,1,AffectEV,15.0,,20.32015924524622,34.82189988231481,2.5237678196690103,85.03143741810119,11,6,38.34281290949402,68.4,64.19372030055166,0,0.0,100
1,1,AffectEV,30.0,Dengeli,23.652949325479117,28.51062389560102,3.05519589155077,91.52746131331548,0,5,34.86269343342255,68.4,63.30800684741539,0,0.0,100
1,1,AffectEV,50.0,Dengeli,23.652949325479117,28.51062389560102,3.05519589155077,91.52746131331548,0,5,34.86269343342255,68.4,63.30800684741539,0,0.0,100
1,1,AffectEV,65.0,,24.039328939428408,29.196246720520186,3.0976206024226656,91.8072636430934,0,4,34.963681784532966,68.4,63.23729899596223,0,0.0,100
1,1,AffectEV,85.0,,24.039328939428408,29.196246720520186,3.0976206024226656,91.8072636430934,0,4,34.963681784532966,68.4,63.23729899596223,0,0.0,100
2,1,Dijkstra,,,25.08490021637783,34.51443516303639,3.1103882778560794,82.43821416452258,3,22,47.30892917738715,52.2,47.01601953690654,0,0.0,22
2,1,A*,,,25.123592790695103,33.55911364108657,3.0956929023709145,81.57172862800348,3,25,47.14135685998258,52.2,47.04051182938181,0,0.0,22
2,1,NSGA-II,,Dengeli,25.126929302459256,33.82806683247933,3.052119686838709,83.08795764015011,2,22,46.5602117992495,52.2,47.11313385526882,0,0.0,22
2,1,AffectEV,15.0,Dengeli,25.126929302459256,33.82806683247933,3.052119686838709,83.08795764015011,2,22,46.5602117992495,52.2,47.11313385526882,0,0.0,22
2,1,AffectEV,30.0,Dengeli,25.126929302459256,33.82806683247933,3.052119686838709,83.08795764015011,2,22,46.5602117992495,52.2,47.11313385526882,0,0.0,22
2,1,AffectEV,50.0,,25.297718894338256,34.29183401700309,3.0679509749711236,83.44236869177126,2,21,46.288156541143664,52.2,47.08674837504813,0,0.0,22
2,1,AffectEV,65.0,Konfor,28.593350569864736,38.747534004641686,3.5995891139443366,86.22424406875034,1,17,40.87877965624829,52.2,46.200684810092774,0,0.0,22
2,1,AffectEV,85.0,Konfor,28.593350569864736,38.747534004641686,3.5995891139443366,86.22424406875034,1,17,40.87877965624829,52.2,46.200684810092774,0,0.0,22
3,1,Dijkstra,,,10.944476773165217,23.718121002997442,1.4337777066019755,77.52503709756724,8,26,53.37481451216383,77.4,75.01037048899671,0,0.0,87
3,1,A*,,,13.222739668424063,20.96617887563428,1.6620222792197197,84.5189318200769,1,12,56.90534089961552,77.4,74.62996286796714,0,0.0,87
3,1,NSGA-II,,Dengeli,11.750801398500379,21.356775093067316,1.439485976045546,83.25351306762305,1,18,54.23243466188475,77.4,75.00085670659077,0,0.0,87
3,1,AffectEV,15.0,,11.557560351445126,21.21623945512348,1.424963499899038,82.3721668327168,1,20,55.63916583641595,77.4,75.02506083350161,0,0.0,87
3,1,AffectEV,30.0,Dengeli,11.750801398500379,21.356775093067316,1.439485976045546,83.25351306762305,1,18,54.23243466188475,77.4,75.00085670659077,0,0.0,87
3,1,AffectEV,50.0,,11.845247470259222,21.6291878144911,1.4534202647918388,84.04784082228207,1,15,54.76079588858966,77.4,74.9776328920136,0,0.0,87
3,1,AffectEV,65.0,Konfor,14.35390158462534,23.61504391384764,1.749944527273604,87.07223768005525,1,8,50.138811599723766,77.4,74.48342578787734,0,0.0,87
3,1,AffectEV,85.0,Konfor,14.35390158462534,23.61504391384764,1.749944527273604,87.07223768005525,1,8,50.138811599723766,77.4,74.48342578787734,0,0.0,87
4,1,Dijkstra,,,20.388666386118903,33.52323564358895,2.429960862139341,85.95485152772245,3,10,47.72574236138773,40.6,36.55006522976777,0,0.0,100
4,1,A*,,,23.1118562356515,30.81707187987861,2.8194652400145794,85.9450604040732,2,11,48.77469797963399,40.6,35.90089126664237,0,0.0,100
4,1,NSGA-II,,Dengeli,20.45585296577562,33.67935011397971,2.436876773815593,86.31896241796458,3,9,47.405187910177084,40.6,36.53853871030735,0,0.0,100
4,1,AffectEV,15.0,,20.4100435009248,33.65585211109156,2.433278365940811,86.29389688743649,3,9,47.530515562817584,40.6,36.54453605676532,0,0.0,100
4,1,AffectEV,30.0,,20.4100435009248,33.65585211109156,2.433278365940811,86.29389688743649,3,9,47.530515562817584,40.6,36.54453605676532,0,0.0,100
4,1,AffectEV,50.0,,21.873255485019868,35.10093986115673,2.573048276808408,87.13760287318686,2,9,45.81198563406567,40.6,36.31158620531932,0,0.0,100
4,1,AffectEV,65.0,,22.072139946782112,35.505611846078565,2.5947048565574455,87.1707068628572,2,9,45.646465685714,40.6,36.275491905737596,0,0.0,100
4,1,AffectEV,85.0,,22.07770818522402,35.83346935435411,2.5939592625476156,87.17990839440455,2,9,45.60045802797725,40.6,36.27673456242064,0,0.0,100
5,1,Dijkstra,,,16.803270107900584,37.77976974047977,2.0892189292999785,79.69178612707441,7,20,54.04106936462795,47.9,44.4179684511667,0,0.0,75
5,1,A*,,,18.509517884642822,33.783631518876426,2.289748739750614,82.30585775760916,3,16,56.97071121195421,47.9,44.083752100415644,0,0.0,75
5,1,NSGA-II,,Dengeli,18.24167969123932,34.244902082120056,2.242749054940867,82.4169165088649,4,15,55.41541745567548,47.9,44.162084908431886,0,0.0,75
5,1,AffectEV,15.0,,17.42013023772024,36.618512817227185,2.119506391570135,80.58260865927576,4,23,52.58695670362121,47.9,44.367489347383106,0,0.0,75
5,1,AffectEV,30.0,Dengeli,18.24167969123932,34.244902082120056,2.242749054940867,82.4169165088649,4,15,55.41541745567548,47.9,44.162084908431886,0,0.0,75
5,1,AffectEV,50.0,,18.819233301458038,34.27515855105928,2.3011191657359875,83.17577269958231,2,15,56.62113650208845,47.9,44.06480139044002,0,0.0,75
5,1,AffectEV,65.0,,19.423636783118027,35.81892348382837,2.3267945955298224,83.91643607861285,2,15,52.91781960693577,47.9,44.02200900745029,0,0.0,75
5,1,AffectEV,85.0,,19.423636783118027,35.81892348382837,2.3267945955298224,83.91643607861285,2,15,52.91781960693577,47.9,44.02200900745029,0,0.0,75
6,1,Dijkstra,,,11.466184045725482,18.554564556174743,1.3787807156683822,88.67026394300282,3,5,41.64868028498588,85.2,82.9020321405527,0,0.0,28
6,1,A*,,,11.481111193786168,18.541745526225366,1.3804068750227951,88.66735534337941,3,5,41.66322328310292,85.2,82.89932187496201,0,0.0,28
6,1,NSGA-II,,Dengeli,11.518697597767337,18.693008501434015,1.3849473183744039,88.98056345529066,3,4,41.59718272354667,85.2,82.891754469376,0,0.0,28
6,1,AffectEV,15.0,,11.466184045725482,18.554564556174743,1.3787807156683822,88.67026394300282,3,5,41.64868028498588,85.2,82.9020321405527,0,0.0,28
6,1,AffectEV,30.0,Dengeli,11.518697597767337,18.693008501434015,1.3849473183744039,88.98056345529066,3,4,41.59718272354667,85.2,82.891754469376,0,0.0,28
6,1,AffectEV,50.0,,11.609885929322234,18.91016156787587,1.386615913447954,89.11663600888456,3,4,40.91681995557724,85.2,82.88897347758675,0,0.0,28
6,1,AffectEV,65.0,,11.987527859544077,18.981861775589795,1.437551684487149,89.35781270365457,3,3,41.210936481727124,85.2,82.80408052585476,0,0.0,28
6,1,AffectEV,85.0,,11.987527859544077,18.981861775589795,1.437551684487149,89.35781270365457,3,3,41.210936481727124,85.2,82.80408052585476,0,0.0,28
7,1,Dijkstra,,,15.816035757029267,30.10275487205283,2.0062402501266465,80.84534185143882,11,18,41.2732907428059,75.2,71.85626624978893,0,0.0,100
7,1,A*,,,17.839030308673966,27.69248735993036,2.175683383824756,88.34232766323785,4,7,37.78836168381076,75.2,71.57386102695874,0,0.0,100
7,1,NSGA-II,,Dengeli,17.89403160730829,28.926233650693536,2.016554417502127,87.98050698702528,3,10,37.5974650648736,75.2,71.8390759708298,0,0.0,100
7,1,AffectEV,15.0,Dengeli,17.89403160730829,28.926233650693536,2.016554417502127,87.98050698702528,3,10,37.5974650648736,75.2,71.8390759708298,0,0.0,100
7,1,AffectEV,30.0,Dengeli,17.89403160730829,28.926233650693536,2.016554417502127,87.98050698702528,3,10,37.5974650648736,75.2,71.8390759708298,0,0.0,100
7,1,AffectEV,50.0,Dengeli,17.89403160730829,28.926233650693536,2.016554417502127,87.98050698702528,3,10,37.5974650648736,75.2,71.8390759708298,0,0.0,100
7,1,AffectEV,65.0,,21.28366590121754,29.881596581439812,2.414779458721073,89.95013701138224,0,7,39.74931494308879,75.2,71.17536756879821,0,0.0,100
7,1,AffectEV,85.0,,21.28366590121754,29.881596581439812,2.414779458721073,89.95013701138224,0,7,39.74931494308879,75.2,71.17536756879821,0,0.0,100
8,1,Dijkstra,,,25.23747109975654,48.291653397894954,2.880885751424552,76.79939736674352,4,43,41.503013166282386,43.6,38.79852374762575,0,0.0,100
8,1,A*,,,31.858814176997722,48.15623634601005,3.6995862209910317,86.50341248724435,1,15,42.48293756377827,43.6,37.43402296501495,0,0.0,100
8,1,NSGA-II,,Dengeli,25.775462379625882,48.719253129257986,2.9252616500471786,80.0603106597778,2,35,42.198446701111024,43.6,38.72456391658804,0,0.0,100
8,1,AffectEV,15.0,,25.23747109975654,48.291653397894954,2.880885751424552,76.79939736674352,4,43,41.503013166282386,43.6,38.79852374762575,0,0.0,100
8,1,AffectEV,30.0,,25.595042184433463,48.4260003235308,2.9063293298085453,78.84484993691957,2,39,42.27575031540212,43.6,38.75611778365243,0,0.0,100
8,1,AffectEV,50.0,,30.09525760345755,50.68588235230838,3.4505926190989937,88.60176415240605,2,6,42.99117923796979,43.6,37.84901230150168,0,0.0,100
8,1,AffectEV,65.0,,30.353649764466994,52.25849498160527,3.4475807521518376,89.34437470805368,2,4,42.27812645973162,43.6,37.854032079746936,0,0.0,100
8,1,AffectEV,85.0,,30.663657140601515,52.85582998558106,3.484036339170931,89.6068631553498,2,3,42.465684223250975,43.6,37.79327276804845,0,0.0,100
9,1,Dijkstra,,,17.935784581718238,36.096753388017326,2.4766658832465938,76.24220870790971,24,8,46.78895646045143,55.9,51.77222352792234,0,0.0,100
9,1,A*,,,26.11055217719768,25.74991948809897,3.7240833644357263,90.22269446751139,2,6,34.886527662443086,55.9,49.69319439260712,0,0.0,100
9,1,NSGA-II,,Dengeli,21.077740995741216,33.11572925954227,2.444968049952399,88.31414204333609,1,8,43.92928978331951,55.9,51.825053250079335,0,0.0,100
9,1,AffectEV,15.0,,20.71212531924883,32.48255856628852,2.409674096780841,87.26342496099636,1,11,44.682875195018184,55.9,51.883876505365265,0,0.0,100
9,1,AffectEV,30.0,,20.72738763836387,32.674458505172794,2.412229141054155,87.60193255223217,1,10,44.49033723883917,55.9,51.87961809824307,0,0.0,100
9,1,AffectEV,50.0,Dengeli,21.077740995741216,33.11572925954227,2.444968049952399,88.31414204333609,1,8,43.92928978331951,55.9,51.825053250079335,0,0.0,100
9,1,AffectEV,65.0,,26.775790860889693,31.03395459954551,3.5956421492686186,91.87501842352444,0,3,36.124907882377826,55.9,49.9072630845523,0,0.0,100
9,1,AffectEV,85.0,,26.56849047515966,34.9238578160889,3.3919355238013176,91.9957344850316,0,3,35.52132757484198,55.9,50.246774126997806,0,0.0,100
10,1,Dijkstra,,,8.80302209354457,21.46685679859883,1.1896830613164135,82.72212728081172,11,3,54.389363595941404,30.8,28.81719489780598,0,0.0,12
10,1,A*,,,9.48975926483522,19.253964121876546,1.1096518532771942,87.11467007445025,4,6,45.42664962774876,30.8,28.95058024453801,0,0.0,12
10,1,NSGA-II,,Verimlilik,9.48975926483522,19.253964121876546,1.1096518532771942,87.11467007445025,4,6,45.42664962774876,30.8,28.95058024453801,0,0.0,12
10,1,AffectEV,15.0,Verimlilik,9.48975926483522,19.253964121876546,1.1096518532771942,87.11467007445025,4,6,45.42664962774876,30.8,28.95058024453801,0,0.0,12
10,1,AffectEV,30.0,Verimlilik,9.48975926483522,19.253964121876546,1.1096518532771942,87.11467007445025,4,6,45.42664962774876,30.8,28.95058024453801,0,0.0,12
10,1,AffectEV,50.0,,11.4525814751614,20.280796052784535,1.3300840726661234,89.36073146281139,0,3,48.69634268594309,30.8,28.58319321222313,0,0.0,12
10,1,AffectEV,65.0,,11.700841075048737,20.736893906340367,1.3555319896711437,89.51106643712825,0,3,47.94466781435876,30.8,28.54078001721476,0,0.0,12
10,1,AffectEV,85.0,,11.700841075048737,20.736893906340367,1.3555319896711437,89.51106643712825,0,3,47.94466781435876,30.8,28.54078001721476,0,0.0,12
11,1,Dijkstra,,,9.660212526006283,19.547592542969948,1.2528698690252982,82.33802167513406,7,9,57.30989162432975,51.9,49.811883551624504,0,0.0,59
11,1,A*,,,11.340663458119197,17.57067288894013,1.36870251514115,87.82412462531683,2,5,48.379376873415865,51.9,49.61882914143141,0,0.0,59
11,1,NSGA-II,,Dengeli,11.399945638995776,17.961170433571,1.3718076705272542,88.38922375266033,2,3,48.55388123669837,51.9,49.61365388245458,0,0.0,59
11,1,AffectEV,15.0,Verimlilik,9.700879391433153,18.162033291719208,1.228679849671449,84.7745141647326,3,6,59.627429176337024,51.9,49.85220025054758,0,0.0,59
11,1,AffectEV,30.0,Dengeli,11.399945638995776,17.961170433571,1.3718076705272542,88.38922375266033,2,3,48.55388123669837,51.9,49.61365388245458,0,0.0,59
11,1,AffectEV,50.0,,11.530011323229573,18.229767669762545,1.387463691331134,88.65258407837122,2,2,48.73707960814393,51.9,49.58756051444811,0,0.0,59
11,1,AffectEV,65.0,,12.952278014242337,21.57445912659353,1.5285707941219269,89.35731181166838,2,2,45.21344094165813,51.9,49.352382009796784,0,0.0,59
11,1,AffectEV,85.0,,12.952278014242337,21.57445912659353,1.5285707941219269,89.35731181166838,2,2,45.21344094165813,51.9,49.352382009796784,0,0.0,59
12,1,Dijkstra,,,21.66993991746172,46.67678658552979,2.7582287889426227,75.16524460947024,11,23,62.17377695264882,65.7,61.102952018428965,0,0.0,100
12,1,A*,,,22.235093969203078,42.483856310466955,2.788573638422828,74.14850885864547,5,37,61.25745570677268,65.7,61.05237726929529,0,0.0,100
12,1,NSGA-II,,Dengeli,21.880284592060928,44.1932468506113,2.7174419940201293,78.06418825466574,6,23,60.17905872667133,65.7,61.170930009966455,0,0.0,100
12,1,AffectEV,15.0,Verimlilik,21.858091278773973,44.13281597478314,2.716542295787889,78.00147622432571,6,23,60.49261887837142,65.7,61.17242950702019,0,0.0,100
12,1,AffectEV,30.0,Verimlilik,21.858091278773973,44.13281597478314,2.716542295787889,78.00147622432571,6,23,60.49261887837142,65.7,61.17242950702019,0,0.0,100
12,1,AffectEV,50.0,Dengeli,21.880284592060928,44.1932468506113,2.7174419940201293,78.06418825466574,6,23,60.17905872667133,65.7,61.170930009966455,0,0.0,100
12,1,AffectEV,65.0,,23.84831655577446,46.48959857027867,2.9285539725256737,79.51961018756674,4,23,57.90194906216627,65.7,60.81907671245721,0,0.0,100
12,1,AffectEV,85.0,Konfor,25.306913127354473,49.5630947999603,3.0778359018562407,80.11137118507797,4,23,54.94314407461017,65.7,60.57027349690627,0,0.0,100
13,1,Dijkstra,,,23.210046865366078,49.07413836860246,2.9098388982369348,74.46527599933418,18,24,46.67362000332909,42.6,37.75026850293845,0,0.0,100
13,1,A*,,,24.653589322184306,37.182135470043335,2.8871196316339347,87.95830511321796,0,9,46.70847443391017,42.6,37.788133947276776,0,0.0,100
13,1,NSGA-II,,Dengeli,24.668947687576093,37.237040780796704,2.887470662769653,88.00672941984284,0,9,46.46635290078577,42.6,37.787548895383914,0,0.0,100
13,1,AffectEV,15.0,,24.653589322184306,37.182135470043335,2.8871196316339347,87.95830511321796,0,9,46.70847443391017,42.6,37.788133947276776,0,0.0,100
13,1,AffectEV,30.0,,24.653589322184306,37.182135470043335,2.8871196316339347,87.95830511321796,0,9,46.70847443391017,42.6,37.788133947276776,0,0.0,100
13,1,AffectEV,50.0,Dengeli,24.668947687576093,37.237040780796704,2.887470662769653,88.00672941984284,0,9,46.46635290078577,42.6,37.787548895383914,0,0.0,100
13,1,AffectEV,65.0,,26.451373034797694,43.68090566256785,3.0145374931950695,89.1484586599857,0,7,43.757706700071495,42.6,37.575770844674885,0,0.0,100
13,1,AffectEV,85.0,,26.50646980143263,43.8420899398729,3.0193383876399897,89.17031972603854,0,7,43.64840136980729,42.6,37.56776935393335,0,0.0,100
14,1,Dijkstra,,,17.365727681979003,37.376899954196915,2.186959804923909,80.75953593233976,11,12,50.70232033830116,77.8,74.15506699179348,0,0.0,100
14,1,A*,,,18.6424510106968,36.4914200704726,2.2563729542820012,84.39344103697557,8,7,47.53279481512216,77.8,74.03937840953,0,0.0,100
14,1,NSGA-II,,Dengeli,18.6424510106968,36.4914200704726,2.2563729542820012,84.39344103697557,8,7,47.53279481512216,77.8,74.03937840953,0,0.0,100
14,1,AffectEV,15.0,Verimlilik,17.41983476635497,36.93637378443461,2.171553175440438,81.55459479476443,10,11,50.72702602617786,77.8,74.18074470759927,0,0.0,100
14,1,AffectEV,30.0,Dengeli,18.6424510106968,36.4914200704726,2.2563729542820012,84.39344103697557,8,7,47.53279481512216,77.8,74.03937840953,0,0.0,100
14,1,AffectEV,50.0,,18.688338652511526,36.518553104120976,2.2594700283617737,84.45055649790888,8,7,47.247217510455634,77.8,74.03421661939704,0,0.0,100
14,1,AffectEV,65.0,,21.233915573675766,38.68304479061302,2.518895642414419,86.2110367856128,6,6,44.94481607193601,77.8,73.60184059597597,0,0.0,100
14,1,AffectEV,85.0,,22.04920599139046,40.21447555383885,2.606490266871768,86.49054278492632,6,5,45.04728607536841,77.8,73.45584955521372,0,0.0,100
15,1,Dijkstra,,,23.12440075830618,48.356625913636364,3.2668656810150356,72.57972742631873,25,10,59.60136286840636,63.8,58.35522386497494,0,0.0,84
15,1,A*,,,24.852654541036326,38.69374983661724,3.131126014394862,79.01769458050366,6,24,53.91152709748171,63.8,58.58145664267523,0,0.0,84
15,1,NSGA-II,,Dengeli,25.041536217262525,40.040088247085954,3.1141566755081103,79.40963397681108,6,24,51.951830115944645,63.8,58.609738874153145,0,0.0,84
15,1,AffectEV,15.0,,24.852654541036326,38.69374983661724,3.131126014394862,79.01769458050366,6,24,53.91152709748171,63.8,58.58145664267523,0,0.0,84
15,1,AffectEV,30.0,,24.852654541036326,38.69374983661724,3.131126014394862,79.01769458050366,6,24,53.91152709748171,63.8,58.58145664267523,0,0.0,84
15,1,AffectEV,50.0,,25.872390784707715,41.9985173361024,3.219543486347555,80.18025877860522,6,21,52.59870610697388,63.8,58.43409418942074,0,0.0,84
15,1,AffectEV,65.0,Konfor,32.0153037358852,55.380038143635815,3.9591745804173497,83.21851250940685,6,10,53.907437452965766,63.8,57.201375699304414,0,0.0,84
15,1,AffectEV,85.0,Konfor,32.0153037358852,55.380038143635815,3.9591745804173497,83.21851250940685,6,10,53.907437452965766,63.8,57.201375699304414,0,0.0,84
16,1,Dijkstra,,,20.62345860912918,44.4454386879537,2.738181383766244,75.04681148089517,20,16,50.76594259552416,84.0,79.43636436038959,0,0.0,100
16,1,A*,,,37.095179140401015,35.55871394542353,5.386704449320412,88.69595663494198,3,9,35.52021682529007,84.0,75.02215925113265,0,0.0,100
16,1,NSGA-II,,Dengeli,31.033588174283807,39.238107509612014,4.078945620414642,87.989361405621,2,10,40.05319297189504,84.0,77.20175729930892,0,0.0,100
16,1,AffectEV,15.0,,23.29973314783391,41.27812276893316,2.7143058450338433,84.0145225821988,3,17,46.927387089006025,84.0,79.4761569249436,0,0.0,100
16,1,AffectEV,30.0,,23.30216059841885,41.488283873549285,2.716015429039137,84.34719673915691,3,16,46.76401630421547,84.0,79.47330761826811,0,0.0,100
16,1,AffectEV,50.0,,32.43983232669112,41.26525054467438,4.200294943203744,89.54106813911223,1,7,39.294659304438866,84.0,76.99950842799376,0,0.0,100
16,1,AffectEV,65.0,,32.43983232669112,41.26525054467438,4.200294943203744,89.54106813911223,1,7,39.294659304438866,84.0,76.99950842799376,0,0.0,100
16,1,AffectEV,85.0,,32.43983232669112,41.26525054467438,4.200294943203744,89.54106813911223,1,7,39.294659304438866,84.0,76.99950842799376,0,0.0,100
17,1,Dijkstra,,,7.48250904180245,11.924837998350503,0.9378817363174856,86.63449620449424,1,9,50.827518977528825,48.8,47.236863772804185,0,0.0,10
17,1,A*,,,8.092432316017184,11.166054431596674,1.0184027501619093,87.5328400000935,1,7,49.33579999953253,48.8,47.10266208306348,0,0.0,10
17,1,NSGA-II,,Dengeli,8.092432316017184,11.166054431596674,1.0184027501619093,87.5328400000935,1,7,49.33579999953253,48.8,47.10266208306348,0,0.0,10
17,1,AffectEV,15.0,,7.893134928790297,11.701464504781846,0.9542329395008275,87.07603054393755,0,7,54.11984728031229,48.8,47.209611767498615,0,0.0,10
17,1,AffectEV,30.0,Dengeli,8.092432316017184,11.166054431596674,1.0184027501619093,87.5328400000935,1,7,49.33579999953253,48.8,47.10266208306348,0,0.0,10
17,1,AffectEV,50.0,Dengeli,8.092432316017184,11.166054431596674,1.0184027501619093,87.5328400000935,1,7,49.33579999953253,48.8,47.10266208306348,0,0.0,10
17,1,AffectEV,65.0,Dengeli,8.092432316017184,11.166054431596674,1.0184027501619093,87.5328400000935,1,7,49.33579999953253,48.8,47.10266208306348,0,0.0,10
17,1,AffectEV,85.0,Dengeli,8.092432316017184,11.166054431596674,1.0184027501619093,87.5328400000935,1,7,49.33579999953253,48.8,47.10266208306348,0,0.0,10
18,1,Dijkstra,,,17.48013166005094,29.172092196183762,2.171629273716018,81.94701312713978,5,16,53.76493436430106,72.1,68.48061787713996,0,0.0,35
18,1,A*,,,17.48038052525706,27.74521145757873,2.1581334205664664,82.79591280562539,4,15,53.520435971873006,72.1,68.50311096572256,0,0.0,35
18,1,NSGA-II,,Dengeli,17.661784663539354,28.15545141138974,2.175276378697359,83.19625313467179,4,14,53.01873432664106,72.1,68.47453936883772,0,0.0,35
18,1,AffectEV,15.0,,17.48038052525706,27.74521145757873,2.1581334205664664,82.79591280562539,4,15,53.520435971873006,72.1,68.50311096572256,0,0.0,35
18,1,AffectEV,30.0,,17.48038052525706,27.74521145757873,2.1581334205664664,82.79591280562539,4,15,53.520435971873006,72.1,68.50311096572256,0,0.0,35
18,1,AffectEV,50.0,Dengeli,17.661784663539354,28.15545141138974,2.175276378697359,83.19625313467179,4,14,53.01873432664106,72.1,68.47453936883772,0,0.0,35
18,1,AffectEV,65.0,,24.342930742419842,34.94203130647414,3.1226540018531463,86.58003176419189,2,11,45.59984117904057,72.1,66.89557666357808,0,0.0,35
18,1,AffectEV,85.0,Konfor,24.524254810120144,35.31639466731854,3.1410166855170565,86.60807833746956,2,11,45.45960831265217,72.1,66.8649721908049,0,0.0,35
19,1,Dijkstra,,,17.47460100191027,20.419936172638582,2.5496749925856528,90.0991094778083,4,4,33.504452610958545,59.6,55.35054167902391,0,0.0,100
19,1,A*,,,17.613301131838053,19.910975421695394,2.548445235435589,91.10178584283517,2,4,33.49107078582414,59.6,55.35259127427402,0,0.0,100
19,1,NSGA-II,,Dengeli,17.613301131838053,19.910975421695394,2.548445235435589,91.10178584283517,2,4,33.49107078582414,59.6,55.35259127427402,0,0.0,100
19,1,AffectEV,15.0,Verimlilik,19.162479650400027,35.54352217623343,2.4224886732531643,84.3895779500953,13,5,38.05211024952351,59.6,55.562518877911394,0,0.0,100
19,1,AffectEV,30.0,Dengeli,17.613301131838053,19.910975421695394,2.548445235435589,91.10178584283517,2,4,33.49107078582414,59.6,55.35259127427402,0,0.0,100
19,1,AffectEV,50.0,Dengeli,17.613301131838053,19.910975421695394,2.548445235435589,91.10178584283517,2,4,33.49107078582414,59.6,55.35259127427402,0,0.0,100
19,1,AffectEV,65.0,Dengeli,17.613301131838053,19.910975421695394,2.548445235435589,91.10178584283517,2,4,33.49107078582414,59.6,55.35259127427402,0,0.0,100
19,1,AffectEV,85.0,Dengeli,17.613301131838053,19.910975421695394,2.548445235435589,91.10178584283517,2,4,33.49107078582414,59.6,55.35259127427402,0,0.0,100
20,1,Dijkstra,,,17.058035821320935,25.60826394384388,2.1060011385490562,86.41164657998405,1,8,53.44176710007975,41.3,37.78999810241824,0,0.0,15
20,1,A*,,,18.870948473505916,25.173779126773216,2.3394256634281065,85.02057812887703,0,15,52.39710935561484,41.3,37.40095722761982,0,0.0,15
20,1,NSGA-II,,Dengeli,17.06128237476365,25.392523730841578,2.1064369545641157,86.44145277912367,1,8,53.29273610438166,41.3,37.78927174239314,0,0.0,15
20,1,AffectEV,15.0,Dengeli,17.06128237476365,25.392523730841578,2.1064369545641157,86.44145277912367,1,8,53.29273610438166,41.3,37.78927174239314,0,0.0,15
20,1,AffectEV,30.0,Dengeli,17.06128237476365,25.392523730841578,2.1064369545641157,86.44145277912367,1,8,53.29273610438166,41.3,37.78927174239314,0,0.0,15
20,1,AffectEV,50.0,,17.072797683863932,25.491535822630752,2.1032779355526503,86.46762362479762,1,8,53.16188187601188,41.3,37.794536774078914,0,0.0,15
20,1,AffectEV,65.0,Konfor,18.033090895084033,27.289444437768044,2.2059840679077682,86.93925571530085,0,8,53.30372142349575,41.3,37.62335988682038,0,0.0,15
20,1,AffectEV,85.0,Konfor,18.033090895084033,27.289444437768044,2.2059840679077682,86.93925571530085,0,8,53.30372142349575,41.3,37.62335988682038,0,0.0,15
21,1,Dijkstra,,,12.403662818592329,25.722118363175746,1.6265631824765516,82.93261397435302,10,5,52.836930128234954,62.9,60.18906136253908,0,0.0,88
21,1,A*,,,12.704988567778896,25.403539764538092,1.621880583456471,84.38066896446863,8,4,52.09665517765686,62.9,60.196865694239214,0,0.0,88
21,1,NSGA-II,,Dengeli,14.20679265148314,28.544149018315622,1.7480958396543946,86.58232808315395,5,3,50.08835958423021,62.9,59.98650693390934,0,0.0,88
21,1,AffectEV,15.0,Verimlilik,12.696117560645662,25.414605338340163,1.6212017074504004,84.3831835285928,8,4,52.084082357036046,62.9,60.19799715424933,0,0.0,88
21,1,AffectEV,30.0,Verimlilik,12.696117560645662,25.414605338340163,1.6212017074504004,84.3831835285928,8,4,52.084082357036046,62.9,60.19799715424933,0,0.0,88
21,1,AffectEV,50.0,,14.565918930840564,29.092399792833408,1.7815305279411573,86.84949124018165,5,3,48.75254379909172,62.9,59.930782453431405,0,0.0,88
21,1,AffectEV,65.0,,15.921679695903832,31.347893896173698,1.9179500853379452,87.13969093863122,5,3,47.3015453068439,62.9,59.703416524436754,0,0.0,88
21,1,AffectEV,85.0,,16.941981822992815,32.4195871766263,2.038198437281526,87.2824970887197,5,3,46.58751455640153,62.9,59.50300260453079,0,0.0,88
22,1,Dijkstra,,,6.523072409060071,15.508626903853639,0.8920585752009436,81.71192308618595,9,13,49.4403845690703,52.3,50.81323570799842,0,0.0,94
22,1,A*,,,6.827683770057057,13.635994095379706,0.8991447707035912,86.3781862225863,5,2,52.609068887068545,52.3,50.80142538216068,0,0.0,94
22,1,NSGA-II,,Dengeli,6.8286400675220795,13.972905527081005,0.8839259058524891,86.81702083151507,5,2,50.414895842424635,52.3,50.826790156912516,0,0.0,94
22,1,AffectEV,15.0,Dengeli,6.8286400675220795,13.972905527081005,0.8839259058524891,86.81702083151507,5,2,50.414895842424635,52.3,50.826790156912516,0,0.0,94
22,1,AffectEV,30.0,Dengeli,6.8286400675220795,13.972905527081005,0.8839259058524891,86.81702083151507,5,2,50.414895842424635,52.3,50.826790156912516,0,0.0,94
22,1,AffectEV,50.0,,8.299165942373714,16.630921848973006,0.9641446513779646,89.00322924489627,4,5,37.48385377551864,52.3,50.69309224770339,0,0.0,94
22,1,AffectEV,65.0,,8.587095530731876,17.0414189915221,0.9923612056587416,89.14639492001837,4,5,36.76802539990817,52.3,50.64606465723543,0,0.0,94
22,1,AffectEV,85.0,,9.22063489894175,18.571223403262433,1.0714599159465192,89.39378463452228,4,3,38.531076827388624,52.3,50.514233473422465,0,0.0,94
23,1,Dijkstra,,,10.922201574548646,23.04655648331137,1.3172498896241438,76.54712916636471,6,36,48.26435416817645,59.7,57.5045835172931,0,0.0,67
23,1,A*,,,12.700749567513796,21.324302421369627,1.4767227324921213,82.75483980592634,0,26,47.22580097036834,59.7,57.23879544584647,0,0.0,67
23,1,NSGA-II,,Dengeli,12.124260620199088,22.35381630768548,1.3723353843837591,85.11551716025059,0,19,45.92241419874702,59.7,57.412774359360405,0,0.0,67
23,1,AffectEV,15.0,,11.299812691615562,21.735322369672403,1.3070060364828597,81.01192206152744,1,29,48.9403896923628,59.7,57.52165660586191,0,0.0,67
23,1,AffectEV,30.0,Dengeli,12.124260620199088,22.35381630768548,1.3723353843837591,85.11551716025059,0,19,45.92241419874702,59.7,57.412774359360405,0,0.0,67
23,1,AffectEV,50.0,,12.170966155128976,22.39116743687702,1.3759495346275592,85.17008849500252,0,19,45.64955752498738,59.7,57.406750775620736,0,0.0,67
23,1,AffectEV,65.0,,16.65469380577305,23.163812021706896,2.1006782108875006,87.5967608467149,0,12,44.016195766425525,59.7,56.198869648520834,0,0.0,67
23,1,AffectEV,85.0,,16.65469380577305,23.163812021706896,2.1006782108875006,87.5967608467149,0,12,44.016195766425525,59.7,56.198869648520834,0,0.0,67
24,1,Dijkstra,,,23.542621774622575,37.77594088524138,2.6136877901467397,91.82474137867294,1,1,36.87629310663532,70.5,66.14385368308876,0,0.0,100
24,1,A*,,,27.595808419455917,29.37029754915792,3.691884183479646,91.3548543143888,2,3,33.72572842805596,70.5,64.34685969420059,0,0.0,100
24,1,NSGA-II,,Dengeli,24.00386781010106,37.838013876474996,2.6420351245883267,92.47717622801858,0,1,36.11411885990708,70.5,66.09660812568612,0,0.0,100
24,1,AffectEV,15.0,Dengeli,24.00386781010106,37.838013876474996,2.6420351245883267,92.47717622801858,0,1,36.11411885990708,70.5,66.09660812568612,0,0.0,100
24,1,AffectEV,30.0,Dengeli,24.00386781010106,37.838013876474996,2.6420351245883267,92.47717622801858,0,1,36.11411885990708,70.5,66.09660812568612,0,0.0,100
24,1,AffectEV,50.0,Dengeli,24.00386781010106,37.838013876474996,2.6420351245883267,92.47717622801858,0,1,36.11411885990708,70.5,66.09660812568612,0,0.0,100
24,1,AffectEV,65.0,,25.947592550156898,41.264192296392395,2.830406162173768,92.83273341776723,0,1,34.33633291116385,70.5,65.78265639637705,0,0.0,100
24,1,AffectEV,85.0,,26.028948766247417,41.392496165930325,2.838764623130458,92.83836228824995,0,1,34.308188558750196,70.5,65.7687256281159,0,0.0,100
25,1,Dijkstra,,,15.927133076834163,32.691595866725855,2.0853041724788315,80.12518304041876,13,11,50.37408479790621,55.0,51.52449304586862,0,0.0,100
25,1,A*,,,17.24825484881251,31.89820368577522,2.16297011647604,83.47772410479101,7,10,50.11137947604496,55.0,51.39504980587326,0,0.0,100
25,1,NSGA-II,,Dengeli,17.479048551895353,32.41563616817162,2.179745436547579,84.65701144312709,7,7,48.71494278436452,55.0,51.36709093908737,0,0.0,100
25,1,AffectEV,15.0,,16.96930685197129,31.939526433673485,2.1453291158639014,83.56599309352026,8,8,50.17003453239867,55.0,51.42445147356016,0,0.0,100
25,1,AffectEV,30.0,,16.96930685197129,31.939526433673485,2.1453291158639014,83.56599309352026,8,8,50.17003453239867,55.0,51.42445147356016,0,0.0,100
25,1,AffectEV,50.0,,19.411873978677505,33.584653597609694,2.29295468580953,87.15230565249765,3,7,46.23847173751179,55.0,51.17840885698411,0,0.0,100
25,1,AffectEV,65.0,,23.284050636146297,35.3441781164056,2.7863060900649375,89.0790071029468,1,3,47.604964485265974,55.0,50.356156516558435,0,0.0,100
25,1,AffectEV,85.0,,23.284050636146297,35.3441781164056,2.7863060900649375,89.0790071029468,1,3,47.604964485265974,55.0,50.356156516558435,0,0.0,100
26,1,Dijkstra,,,14.53899591594657,27.982706937948574,1.8245032520623776,84.54175080941481,5,9,51.29124595292598,77.6,74.5591612465627,0,0.0,100
26,1,A*,,,15.548561767311973,24.39554352916912,1.8975015974289529,87.13380330240639,1,7,51.33098348796802,77.6,74.43749733761841,0,0.0,100
26,1,NSGA-II,,Dengeli,15.548561767311973,24.39554352916912,1.8975015974289529,87.13380330240639,1,7,51.33098348796802,77.6,74.43749733761841,0,0.0,100
26,1,AffectEV,15.0,Dengeli,15.548561767311973,24.39554352916912,1.8975015974289529,87.13380330240639,1,7,51.33098348796802,77.6,74.43749733761841,0,0.0,100
26,1,AffectEV,30.0,Dengeli,15.548561767311973,24.39554352916912,1.8975015974289529,87.13380330240639,1,7,51.33098348796802,77.6,74.43749733761841,0,0.0,100
26,1,AffectEV,50.0,Dengeli,15.548561767311973,24.39554352916912,1.8975015974289529,87.13380330240639,1,7,51.33098348796802,77.6,74.43749733761841,0,0.0,100
26,1,AffectEV,65.0,,15.820319304732635,24.884593414721667,1.9276022289994819,87.46270766979548,1,6,51.186461651022604,77.6,74.38732961833419,0,0.0,100
26,1,AffectEV,85.0,Konfor,16.502448860480676,27.09097923280509,1.984447548579974,87.75294284782898,1,6,49.73528576085511,77.6,74.29258741903337,0,0.0,100
27,1,Dijkstra,,,10.86006125920067,22.966226335025873,1.2954119741053485,77.74633316850182,7,33,44.26833415749092,49.6,47.44098004315775,0,0.0,99
27,1,A*,,,11.19022937847579,21.139634135280538,1.262121909811742,80.94305610035437,2,32,42.284719498228135,49.6,47.4964634836471,0,0.0,99
27,1,NSGA-II,,Dengeli,11.30288083543632,21.52108700602241,1.280395609544795,82.83999215140571,2,25,43.30003924297141,49.6,47.466007317425344,0,0.0,99
27,1,AffectEV,15.0,,11.194516088209937,21.157193062661715,1.262908279339647,81.53237698055098,2,30,42.3381150972451,49.6,47.49515286776726,0,0.0,99
27,1,AffectEV,30.0,,11.258249695551557,21.41529105300361,1.2745767050200318,82.57216256242098,2,26,43.139187187895054,49.6,47.475705491633285,0,0.0,99
27,1,AffectEV,50.0,,12.044671352131186,22.721390896989735,1.3528625833246763,84.51234689627273,2,21,40.938265518636335,49.6,47.34522902779221,0,0.0,99
27,1,AffectEV,65.0,,12.258067336796335,24.1232277808611,1.4145154020740305,85.5904692471709,2,14,46.04765376414549,49.6,47.242474329876615,0,0.0,99
27,1,AffectEV,85.0,,12.348186486089734,24.351984670824162,1.4247873237663111,85.62532009239456,2,14,45.873399538027186,49.6,47.22535446038948,0,0.0,99
28,1,Dijkstra,,,22.02802455703555,34.622779433576596,2.7466200414556172,81.57684649700013,11,12,46.615767514999376,84.3,79.7222999309073,0,0.0,100
28,1,A*,,,24.211919829352468,32.80125693655857,3.0079471400933198,82.90446219766875,6,16,46.477689011656246,84.3,79.28675476651114,0,0.0,100
28,1,NSGA-II,,Dengeli,22.776768208850175,34.53456360384044,2.7601851360400174,84.55249547059299,6,11,45.73752264703502,84.3,79.6996914399333,0,0.0,100
28,1,AffectEV,15.0,,22.16656452187083,33.53480190016965,2.746387747075466,82.80082307208554,10,10,45.99588463957232,84.3,79.72268708820755,0,0.0,100
28,1,AffectEV,30.0,Dengeli,22.776768208850175,34.53456360384044,2.7601851360400174,84.55249547059299,6,11,45.73752264703502,84.3,79.6996914399333,0,0.0,100
28,1,AffectEV,50.0,Dengeli,22.776768208850175,34.53456360384044,2.7601851360400174,84.55249547059299,6,11,45.73752264703502,84.3,79.6996914399333,0,0.0,100
28,1,AffectEV,65.0,,23.238354801407528,35.85680563925454,2.798798474893553,84.76190599112554,6,11,44.690470044372276,84.3,79.6353358751774,0,0.0,100
28,1,AffectEV,85.0,Konfor,25.81480707094202,44.322948988888484,3.0489920347346033,85.40730074711978,6,11,41.463496264401115,84.3,79.21834660877566,0,0.0,100
29,1,Dijkstra,,,12.699312958695026,23.13331085080485,1.3993622247921895,90.2559310271714,0,6,39.720344864143,51.5,49.167729625346354,0,0.0,68
29,1,A*,,,12.774258497922235,15.578268287379185,1.746742434249349,91.37620359080248,0,5,35.61898204598764,51.5,48.58876260958442,0,0.0,68
29,1,NSGA-II,,Dengeli,12.774258497922235,15.578268287379185,1.746742434249349,91.37620359080248,0,5,35.61898204598764,51.5,48.58876260958442,0,0.0,68
29,1,AffectEV,15.0,Dengeli,12.774258497922235,15.578268287379185,1.746742434249349,91.37620359080248,0,5,35.61898204598764,51.5,48.58876260958442,0,0.0,68
29,1,AffectEV,30.0,Dengeli,12.774258497922235,15.578268287379185,1.746742434249349,91.37620359080248,0,5,35.61898204598764,51.5,48.58876260958442,0,0.0,68
29,1,AffectEV,50.0,,12.839023999209624,15.646584008760689,1.7526105119581081,91.40744641658544,0,5,35.46276791707279,51.5,48.57898248006982,0,0.0,68
29,1,AffectEV,65.0,,16.0131405708568,21.408935491489885,2.101574072286337,92.15264392295097,0,2,36.23678038524516,51.5,47.997376546189436,0,0.0,68
29,1,AffectEV,85.0,,16.0131405708568,21.408935491489885,2.101574072286337,92.15264392295097,0,2,36.23678038524516,51.5,47.997376546189436,0,0.0,68
30,1,Dijkstra,,,21.79446021612964,15.47317585591321,3.444946055545336,93.50421695133495,0,0,32.47891524332521,48.9,43.15842324075777,0,0.0,7
30,1,A*,,,21.79446021612964,15.47317585591321,3.444946055545336,93.50421695133495,0,0,32.47891524332521,48.9,43.15842324075777,0,0.0,7
30,1,NSGA-II,,Dengeli,21.855044947629068,16.96924548051777,3.3863495515519113,93.40597367310191,0,0,32.970131634490414,48.9,43.25608408074682,0,0.0,7
30,1,AffectEV,15.0,Dengeli,21.855044947629068,16.96924548051777,3.3863495515519113,93.40597367310191,0,0,32.970131634490414,48.9,43.25608408074682,0,0.0,7
30,1,AffectEV,30.0,Dengeli,21.855044947629068,16.96924548051777,3.3863495515519113,93.40597367310191,0,0,32.970131634490414,48.9,43.25608408074682,0,0.0,7
30,1,AffectEV,50.0,Dengeli,21.855044947629068,16.96924548051777,3.3863495515519113,93.40597367310191,0,0,32.970131634490414,48.9,43.25608408074682,0,0.0,7
30,1,AffectEV,65.0,,21.79446021612964,15.47317585591321,3.444946055545336,93.50421695133495,0,0,32.47891524332521,48.9,43.15842324075777,0,0.0,7
30,1,AffectEV,85.0,,21.79446021612964,15.47317585591321,3.444946055545336,93.50421695133495,0,0,32.47891524332521,48.9,43.15842324075777,0,0.0,7
31,1,Dijkstra,,,18.460401315711664,43.36792303129163,2.458809643041055,67.03868860146846,20,36,60.80655699265769,55.0,50.90198392826491,0,0.0,89
31,1,A*,,,19.96696426584103,37.21187626916469,2.51106148692162,77.4137913711341,5,27,59.93104314432947,55.0,50.8148975217973,0,0.0,89
31,1,NSGA-II,,Dengeli,19.794164363678192,37.55796222645384,2.467791401227091,77.27767542076057,5,28,59.111622896197176,55.0,50.887014331288185,0,0.0,89
31,1,AffectEV,15.0,Verimlilik,19.213883849346384,37.84462002275396,2.410878610945782,72.1797638072207,7,41,60.101180963896496,55.0,50.98186898175703,0,0.0,89
31,1,AffectEV,30.0,Dengeli,19.794164363678192,37.55796222645384,2.467791401227091,77.27767542076057,5,28,59.111622896197176,55.0,50.887014331288185,0,0.0,89
31,1,AffectEV,50.0,,19.907543127779217,37.46728177924368,2.5007682098450976,77.76698627244676,5,26,59.6650686377662,55.0,50.8320529835915,0,0.0,89
31,1,AffectEV,65.0,,20.816378566717415,40.25142161919814,2.5832812183835787,80.44677182864604,5,20,55.26614085676986,55.0,50.69453130269404,0,0.0,89
31,1,AffectEV,85.0,,21.401786767050666,41.040614712038554,2.6539638004710078,80.75156607010132,5,19,55.2421696494934,55.0,50.57672699921498,0,0.0,89
32,1,Dijkstra,,,6.315449441209965,12.121158872702374,0.7894941272550053,85.19971042376274,4,7,53.501447881186294,87.5,86.184176454575,0,0.0,100
32,1,A*,,,6.35095927558351,11.794255528388378,0.7742317962999127,86.87858219982726,3,5,50.607089000863716,87.5,86.20961367283348,0,0.0,100
32,1,NSGA-II,,Dengeli,7.126482378539733,12.55961009696145,0.8380494600491426,88.32363752797451,1,5,48.38181236012745,87.5,86.1032508999181,0,0.0,100
32,1,AffectEV,15.0,Verimlilik,6.3477748030592105,11.81835776379709,0.7735759332125972,86.95150114902341,3,5,50.242494254882956,87.5,86.210706777979,0,0.0,100
32,1,AffectEV,30.0,Verimlilik,6.3477748030592105,11.81835776379709,0.7735759332125972,86.95150114902341,3,5,50.242494254882956,87.5,86.210706777979,0,0.0,100
32,1,AffectEV,50.0,,7.259566930003432,13.348349655810198,0.8497319155784606,88.69681164281751,1,4,48.015941785912474,87.5,86.08378014070257,0,0.0,100
32,1,AffectEV,65.0,Konfor,8.724866499172618,17.100747887111503,0.9989772534877946,90.05810818146162,1,4,41.20945909269191,87.5,85.83503791085367,0,0.0,100
32,1,AffectEV,85.0,Konfor,8.724866499172618,17.100747887111503,0.9989772534877946,90.05810818146162,1,4,41.20945909269191,87.5,85.83503791085367,0,0.0,100
33,1,Dijkstra,,,12.932258251440391,20.280050327541673,1.6273683824498084,84.75836346525531,2,13,51.70818267372341,67.3,64.58771936258366,0,0.0,23
33,1,A*,,,13.13129016966535,19.306926759351093,1.6397154583453144,84.85809102760541,2,13,51.20954486197297,67.3,64.56714090275781,0,0.0,23
33,1,NSGA-II,,Dengeli,13.13129016966535,19.306926759351093,1.6397154583453144,84.85809102760541,2,13,51.20954486197297,67.3,64.56714090275781,0,0.0,23
33,1,AffectEV,15.0,Dengeli,13.13129016966535,19.306926759351093,1.6397154583453144,84.85809102760541,2,13,51.20954486197297,67.3,64.56714090275781,0,0.0,23
33,1,AffectEV,30.0,Dengeli,13.13129016966535,19.306926759351093,1.6397154583453144,84.85809102760541,2,13,51.20954486197297,67.3,64.56714090275781,0,0.0,23
33,1,AffectEV,50.0,Dengeli,13.13129016966535,19.306926759351093,1.6397154583453144,84.85809102760541,2,13,51.20954486197297,67.3,64.56714090275781,0,0.0,23
33,1,AffectEV,65.0,Konfor,21.295898873935986,26.55128780040307,2.7343415966840006,89.93016166309917,0,7,39.84919168450413,67.3,62.742764005526666,0,0.0,23
33,1,AffectEV,85.0,Konfor,21.295898873935986,26.55128780040307,2.7343415966840006,89.93016166309917,0,7,39.84919168450413,67.3,62.742764005526666,0,0.0,23
34,1,Dijkstra,,,13.181150613222396,26.866923639550325,1.591498153291355,73.77617891496988,3,46,54.619105425150615,86.8,84.14750307784774,0,0.0,54
34,1,A*,,,17.631544924722906,25.126734244941606,2.3044135743726777,84.60032811236746,2,15,49.498359438162645,86.8,82.95931070937887,0,0.0,54
34,1,NSGA-II,,Dengeli,13.686197755946102,26.664942791097058,1.60657170120804,81.1707144604778,1,27,51.146427697611024,86.8,84.1223804979866,0,0.0,54
34,1,AffectEV,15.0,Dengeli,13.686197755946102,26.664942791097058,1.60657170120804,81.1707144604778,1,27,51.146427697611024,86.8,84.1223804979866,0,0.0,54
34,1,AffectEV,30.0,Dengeli,13.686197755946102,26.664942791097058,1.60657170120804,81.1707144604778,1,27,51.146427697611024,86.8,84.1223804979866,0,0.0,54
34,1,AffectEV,50.0,,14.464134740556437,27.527531647341544,1.7328500110752243,84.21718776377276,2,14,52.914061181136255,86.8,83.91191664820796,0,0.0,54
34,1,AffectEV,65.0,,14.965911894268944,27.999574016845266,1.7793246669220473,84.8757791516194,2,13,51.12110424190299,86.8,83.83445888846325,0,0.0,54
34,1,AffectEV,85.0,,19.16486546103574,30.70283935339188,2.396371582241755,86.46486868595201,1,11,48.675656570239894,86.8,82.8060473629304,0,0.0,54
35,1,Dijkstra,,,20.230388693417584,41.106415310786566,2.644124203129908,75.2487161030036,12,25,56.25641948498198,47.9,43.493126328116816,0,0.0,100
35,1,A*,,,21.494114003414083,34.63639794578398,2.7101442456036926,81.27625500413893,5,17,55.61872497930536,47.9,43.38309292399384,0,0.0,100
35,1,NSGA-II,,Dengeli,21.690764689558833,34.7519295081002,2.7238183776318152,81.45844963896552,5,17,54.7077518051724,47.9,43.36030270394697,0,0.0,100
35,1,AffectEV,15.0,,20.931819820864416,36.87024123077838,2.5467037606113423,80.91801408613318,4,20,55.40992956933404,47.9,43.655493732314426,0,0.0,100
35,1,AffectEV,30.0,,21.494114003414083,34.63639794578398,2.7101442456036926,81.27625500413893,5,17,55.61872497930536,47.9,43.38309292399384,0,0.0,100
35,1,AffectEV,50.0,,23.658633103464744,36.34604945748036,2.911044397785614,82.94028629820562,4,16,51.298568508971904,47.9,43.04825933702398,0,0.0,100
35,1,AffectEV,65.0,,25.055089193644534,40.72327684568499,3.0540628653840383,83.76068619535441,3,14,52.69656902322794,47.9,42.809895224359934,0,0.0,100
35,1,AffectEV,85.0,Konfor,25.53754954427571,42.031033148395544,3.100885091413002,83.88658856624374,3,14,52.067057168781254,47.9,42.73185818097833,0,0.0,100
36,1,Dijkstra,,,24.10993819189053,53.50499738782842,3.317995734054222,55.46345431326457,28,66,53.68272843367715,59.2,53.67000710990963,0,0.0,100
36,1,A*,,,27.628601220988152,39.770538357362476,3.5196354222082795,78.8482848385095,8,24,49.75857580745247,59.2,53.333940962986205,0,0.0,100
36,1,NSGA-II,,Dengeli,27.78522806303865,40.10875907344742,3.5011380699226002,80.61205264608427,7,20,49.439736769578715,59.2,53.36476988346234,0,0.0,100
36,1,AffectEV,15.0,,26.14311574385821,41.010473146555206,3.3472722671278463,75.23197740389513,10,32,50.84011298052433,59.2,53.62121288812026,0,0.0,100
36,1,AffectEV,30.0,Dengeli,27.78522806303865,40.10875907344742,3.5011380699226002,80.61205264608427,7,20,49.439736769578715,59.2,53.36476988346234,0,0.0,100
36,1,AffectEV,50.0,Dengeli,27.78522806303865,40.10875907344742,3.5011380699226002,80.61205264608427,7,20,49.439736769578715,59.2,53.36476988346234,0,0.0,100
36,1,AffectEV,65.0,,31.537569442729982,41.91397211742701,4.156533159301201,85.05058231242793,5,11,45.747088437860306,59.2,52.272444734498,0,0.0,100
36,1,AffectEV,85.0,,31.537569442729982,41.91397211742701,4.156533159301201,85.05058231242793,5,11,45.747088437860306,59.2,52.272444734498,0,0.0,100
37,1,Dijkstra,,,12.058149939745649,22.600063108698183,1.4857534172178515,86.3728762188063,4,6,49.13561890596851,66.3,63.82374430463691,0,0.0,100
37,1,A*,,,13.6064088022619,19.178560424430806,1.6791055397920993,89.30224793196255,0,1,51.98876034018724,66.3,63.501490767013166,0,0.0,100
37,1,NSGA-II,,Dengeli,12.366582050327407,20.64602120374138,1.4672597956027131,88.36724174108444,1,5,48.16379129457781,66.3,63.85456700732881,0,0.0,100
37,1,AffectEV,15.0,,12.350201059234022,20.35278866319419,1.468466082486277,88.13970877394516,1,5,49.30145613027416,66.3,63.852556529189535,0,0.0,100
37,1,AffectEV,30.0,,12.350201059234022,20.35278866319419,1.468466082486277,88.13970877394516,1,5,49.30145613027416,66.3,63.852556529189535,0,0.0,100
37,1,AffectEV,50.0,,12.47728353208313,20.900636654051013,1.4803630564352237,88.66873424536453,1,4,48.15632877317737,66.3,63.83272823927462,0,0.0,100
37,1,AffectEV,65.0,Konfor,13.761244947418497,22.887571410643297,1.5908571317029745,90.07824025574723,0,3,45.10879872126383,66.3,63.64857144716171,0,0.0,100
37,1,AffectEV,85.0,Konfor,13.761244947418497,22.887571410643297,1.5908571317029745,90.07824025574723,0,3,45.10879872126383,66.3,63.64857144716171,0,0.0,100
38,1,Dijkstra,,,18.04001709290496,36.9249727260334,2.3906930651794744,72.87036355886396,14,31,54.14818220568024,66.1,62.11551155803421,0,0.0,100
38,1,A*,,,23.317985350224852,33.85967956456162,2.7982648849450094,88.29209597982216,2,5,46.039520100889206,66.1,61.43622519175831,0,0.0,100
38,1,NSGA-II,,Dengeli,20.51723150493339,35.81187946182105,2.4236713226073388,85.04757973988553,2,14,48.76210130057234,66.1,62.06054779565443,0,0.0,100
38,1,AffectEV,15.0,,18.5066012408815,35.45448779669423,2.343317051954702,76.3166277891016,10,28,51.416861054492024,66.1,62.19447158007549,0,0.0,100
38,1,AffectEV,30.0,Dengeli,20.51723150493339,35.81187946182105,2.4236713226073388,85.04757973988553,2,14,48.76210130057234,66.1,62.06054779565443,0,0.0,100
38,1,AffectEV,50.0,,23.317985350224852,33.85967956456162,2.7982648849450094,88.29209597982216,2,5,46.039520100889206,66.1,61.43622519175831,0,0.0,100
38,1,AffectEV,65.0,,23.317985350224852,33.85967956456162,2.7982648849450094,88.29209597982216,2,5,46.039520100889206,66.1,61.43622519175831,0,0.0,100
38,1,AffectEV,85.0,,24.290746559230005,38.294791381800984,2.882429807335673,89.05743055142098,2,4,43.712847242895116,66.1,61.295950321107206,0,0.0,100
39,1,Dijkstra,,,27.693169836575326,50.439590082080926,3.7983025043518834,72.29017533039118,24,21,47.04912334804409,83.4,77.0694958260802,0,0.0,100
39,1,A*,,,28.836829395333833,33.36757523698849,3.6434120452771475,87.71245082250651,0,12,43.437745887467415,83.4,77.32764659120475,0,0.0,100
39,1,NSGA-II,,Dengeli,28.836829395333833,33.36757523698849,3.6434120452771475,87.71245082250651,0,12,43.437745887467415,83.4,77.32764659120475,0,0.0,100
39,1,AffectEV,15.0,Dengeli,28.836829395333833,33.36757523698849,3.6434120452771475,87.71245082250651,0,12,43.437745887467415,83.4,77.32764659120475,0,0.0,100
39,1,AffectEV,30.0,Dengeli,28.836829395333833,33.36757523698849,3.6434120452771475,87.71245082250651,0,12,43.437745887467415,83.4,77.32764659120475,0,0.0,100
39,1,AffectEV,50.0,Dengeli,28.836829395333833,33.36757523698849,3.6434120452771475,87.71245082250651,0,12,43.437745887467415,83.4,77.32764659120475,0,0.0,100
39,1,AffectEV,65.0,,30.09240612066045,36.84197629916155,3.766852657740673,88.38981481129328,0,10,43.05092594353364,83.4,77.12191223709888,0,0.0,100
39,1,AffectEV,85.0,,30.841181318812602,38.526932855512676,3.850491570116802,88.59243780644894,0,9,43.53781096775529,83.4,76.98251404980533,0,0.0,100
40,1,Dijkstra,,,15.54634367544098,30.155475940384367,2.012100450119333,77.41489541316582,10,22,54.92552293417087,86.5,83.14649924980111,0,0.0,91
40,1,A*,,,16.9400681693348,26.88548505304686,2.099615627737806,83.85179373348622,2,14,54.74103133256893,86.5,83.000640620437,0,0.0,91
40,1,NSGA-II,,Dengeli,16.815085816188994,26.913207125181124,2.073586461940436,83.68213939586873,2,15,54.08930302065634,86.5,83.0440225634326,0,0.0,91
40,1,AffectEV,15.0,,16.24704596069803,26.916724278386063,2.041586840228808,81.81437042082996,4,17,55.428147895850245,86.5,83.09735526628532,0,0.0,91
40,1,AffectEV,30.0,Dengeli,16.815085816188994,26.913207125181124,2.073586461940436,83.68213939586873,2,15,54.08930302065634,86.5,83.0440225634326,0,0.0,91
40,1,AffectEV,50.0,Dengeli,16.815085816188994,26.913207125181124,2.073586461940436,83.68213939586873,2,15,54.08930302065634,86.5,83.0440225634326,0,0.0,91
40,1,AffectEV,65.0,,17.978919585262652,28.593395949906043,2.2027538432650635,85.22951761012814,2,12,50.8524119493593,86.5,82.82874359455823,0,0.0,91
40,1,AffectEV,85.0,,17.978919585262652,28.593395949906043,2.2027538432650635,85.22951761012814,2,12,50.8524119493593,86.5,82.82874359455823,0,0.0,91
41,1,Dijkstra,,,23.660635711712654,33.206017006105114,2.9662787672015005,85.3337061325573,4,8,51.33146933721353,69.6,64.65620205466416,0,0.0,100
41,1,A*,,,23.671422008266344,32.168353103537434,2.9695695859043574,85.69257990501777,4,7,51.03710047491114,69.6,64.65071735682606,0,0.0,100
41,1,NSGA-II,,Dengeli,23.906854558075526,32.38408674745386,2.979199368338785,86.26385658743116,2,7,53.18071706284416,69.6,64.63466771943536,0,0.0,100
41,1,AffectEV,15.0,,23.671422008266344,32.168353103537434,2.9695695859043574,85.69257990501777,4,7,51.03710047491114,69.6,64.65071735682606,0,0.0,100
41,1,AffectEV,30.0,Dengeli,23.906854558075526,32.38408674745386,2.979199368338785,86.26385658743116,2,7,53.18071706284416,69.6,64.63466771943536,0,0.0,100
41,1,AffectEV,50.0,Dengeli,23.906854558075526,32.38408674745386,2.979199368338785,86.26385658743116,2,7,53.18071706284416,69.6,64.63466771943536,0,0.0,100
41,1,AffectEV,65.0,,25.881496188790088,34.71315812957626,3.1631283230002976,87.22931020610542,2,8,46.853448969472886,69.6,64.32811946166616,0,0.0,100
41,1,AffectEV,85.0,Konfor,25.984584975654077,34.90821788752731,3.1727066573836913,87.25436201725903,2,8,46.72818991370489,69.6,64.31215557102718,0,0.0,100
42,1,Dijkstra,,,21.96282146541537,40.60946715300978,2.9330778147729486,73.24486268310477,20,25,46.27568658447612,85.0,80.11153697537841,0,0.0,100
42,1,A*,,,22.476816846847125,39.92546260937605,2.884634156970269,73.9856558984061,16,30,45.07172050796948,85.0,80.19227640504955,0,0.0,100
42,1,NSGA-II,,Dengeli,22.196961974257285,40.14639919466187,2.927984424724093,75.61751777374478,19,19,45.91241113127611,85.0,80.12002595879318,0,0.0,100
42,1,AffectEV,15.0,,22.476816846847125,39.92546260937605,2.884634156970269,73.9856558984061,16,30,45.07172050796948,85.0,80.19227640504955,0,0.0,100
42,1,AffectEV,30.0,Dengeli,22.196961974257285,40.14639919466187,2.927984424724093,75.61751777374478,19,19,45.91241113127611,85.0,80.12002595879318,0,0.0,100
42,1,AffectEV,50.0,,35.443292826628046,41.73881659605828,4.828576570438918,89.04514348902791,2,11,33.27428255486049,85.0,76.95237238260181,0,0.0,100
42,1,AffectEV,65.0,,37.91328246645509,42.60267712698378,5.091852582293838,89.81919276834543,0,12,32.90403615827287,85.0,76.51357902951027,0,0.0,100
42,1,AffectEV,85.0,,37.91328246645509,42.60267712698378,5.091852582293838,89.81919276834543,0,12,32.90403615827287,85.0,76.51357902951027,0,0.0,100
43,1,Dijkstra,,,17.06329866686855,42.19608924191506,2.2474175442819826,68.14040923345942,17,40,56.79795383270285,66.0,62.254304092863364,0,0.0,35
43,1,A*,,,19.452170156750384,34.78907915327446,2.468695336249204,79.41623745610387,7,19,56.91881271948062,66.0,61.88550777291799,0,0.0,35
43,1,NSGA-II,,Dengeli,20.127468415760198,34.808591384629,2.4894353714959285,80.16633676530992,4,22,56.16831617345036,66.0,61.85094104750679,0,0.0,35
43,1,AffectEV,15.0,Dengeli,20.127468415760198,34.808591384629,2.4894353714959285,80.16633676530992,4,22,56.16831617345036,66.0,61.85094104750679,0,0.0,35
43,1,AffectEV,30.0,Dengeli,20.127468415760198,34.808591384629,2.4894353714959285,80.16633676530992,4,22,56.16831617345036,66.0,61.85094104750679,0,0.0,35
43,1,AffectEV,50.0,Dengeli,20.127468415760198,34.808591384629,2.4894353714959285,80.16633676530992,4,22,56.16831617345036,66.0,61.85094104750679,0,0.0,35
43,1,AffectEV,65.0,,26.369692398971733,37.48367773363719,3.6987409060640135,85.78564399020995,3,11,47.07178004895026,66.0,59.83543182322664,0,0.0,35
43,1,AffectEV,85.0,,29.444486456371546,38.11928860930835,4.265618568778744,86.31702919699963,3,10,45.91485401500184,66.0,58.89063571870209,0,0.0,35
44,1,Dijkstra,,,12.180318086105807,19.970061194679626,1.5146297179138892,86.0579503772201,1,7,56.71024811389952,66.9,64.37561713681019,0,0.0,70
44,1,A*,,,12.309717911196698,18.91130880046093,1.5090731112963416,88.06157898294595,0,3,55.19210508527027,66.9,64.38487814783943,0,0.0,70
44,1,NSGA-II,,Dengeli,12.321233220296975,19.010320892250103,1.5059140922848762,88.09819738871118,0,3,55.00901305644403,66.9,64.39014317952521,0,0.0,70
44,1,AffectEV,15.0,Dengeli,12.321233220296975,19.010320892250103,1.5059140922848762,88.09819738871118,0,3,55.00901305644403,66.9,64.39014317952521,0,0.0,70
44,1,AffectEV,30.0,Dengeli,12.321233220296975,19.010320892250103,1.5059140922848762,88.09819738871118,0,3,55.00901305644403,66.9,64.39014317952521,0,0.0,70
44,1,AffectEV,50.0,,12.685870319754429,19.83743998226552,1.5377104852312617,88.40204573725256,0,3,53.48977131373718,66.9,64.33714919128124,0,0.0,70
44,1,AffectEV,65.0,Konfor,15.243005737991478,25.65396793505186,1.8166739981113147,89.27885095975363,1,3,46.605745201231876,66.9,63.87221000314781,0,0.0,70
44,1,AffectEV,85.0,Konfor,15.243005737991478,25.65396793505186,1.8166739981113147,89.27885095975363,1,3,46.605745201231876,66.9,63.87221000314781,0,0.0,70
45,1,Dijkstra,,,24.860773582720817,43.714407698469806,3.0782629149036818,83.54906683221797,8,8,50.25466583891014,76.0,70.86956180849387,0,0.0,100
45,1,A*,,,26.883874663067076,31.125875909210837,3.6429779721225897,89.86524451732194,0,5,43.1737774133903,76.0,69.92837004646235,0,0.0,100
45,1,NSGA-II,,Dengeli,26.883874663067076,31.125875909210837,3.6429779721225897,89.86524451732194,0,5,43.1737774133903,76.0,69.92837004646235,0,0.0,100
45,1,AffectEV,15.0,,26.23746956767596,35.44077877069976,3.2510130455274697,84.5661508105008,3,14,48.66924594749599,76.0,70.58164492412088,0,0.0,100
45,1,AffectEV,30.0,,26.249760716818557,35.29869142266935,3.3581631332876523,88.62768292224895,0,9,43.36158538875526,76.0,70.40306144452057,0,0.0,100
45,1,AffectEV,50.0,Dengeli,26.883874663067076,31.125875909210837,3.6429779721225897,89.86524451732194,0,5,43.1737774133903,76.0,69.92837004646235,0,0.0,100
45,1,AffectEV,65.0,,29.30113510534159,38.61161486833105,3.8444755865389486,91.21241132461631,0,2,40.93794337691847,76.0,69.59254068910175,0,0.0,100
45,1,AffectEV,85.0,Konfor,30.048394528687385,40.908775979333356,3.872619360863522,91.44270747737924,0,2,39.786462613103765,76.0,69.5456343985608,0,0.0,100
46,1,Dijkstra,,,15.652162516574279,42.23885915613817,2.1718268829453726,62.09329158619121,21,50,62.033542069043975,66.4,62.780288528424386,0,0.0,100
46,1,A*,,,16.853269906886915,34.00395078439673,2.177807004816985,73.64898591570326,8,32,63.75507042148369,66.4,62.770321658638366,0,0.0,100
46,1,NSGA-II,,Dengeli,16.853269906886915,34.00395078439673,2.177807004816985,73.64898591570326,8,32,63.75507042148369,66.4,62.770321658638366,0,0.0,100
46,1,AffectEV,15.0,,16.565053234858464,34.51339168426504,2.118166485784338,71.82768875726875,7,40,63.361556213656286,66.4,62.86972252369277,0,0.0,100
46,1,AffectEV,30.0,,16.565053234858464,34.51339168426504,2.118166485784338,71.82768875726875,7,40,63.361556213656286,66.4,62.86972252369277,0,0.0,100
46,1,AffectEV,50.0,,16.673001314634355,34.97958453181537,2.1268839404517488,73.41716066729879,7,35,62.914196663506026,66.4,62.85519343258042,0,0.0,100
46,1,AffectEV,65.0,,17.36360397269942,37.40471904846998,2.225467343247142,77.97810330463966,9,16,63.60948347680173,66.4,62.69088776125477,0,0.0,100
46,1,AffectEV,85.0,,17.36360397269942,37.40471904846998,2.225467343247142,77.97810330463966,9,16,63.60948347680173,66.4,62.69088776125477,0,0.0,100
47,1,Dijkstra,,,23.44933666717482,44.38210303638266,3.2789160019297463,76.47691669548166,23,13,40.61541652259169,67.7,62.23513999678376,0,0.0,100
47,1,A*,,,27.981645682119247,33.046460783307396,3.7812719027154493,89.04630319611387,4,7,34.26848401943065,67.7,61.39788016214092,0,0.0,100
47,1,NSGA-II,,Dengeli,25.239374995950005,33.07402905857404,2.9530153354567514,90.08161963001928,0,4,43.59190184990359,67.7,62.77830777423875,0,0.0,100
47,1,AffectEV,15.0,,25.199861083936987,33.06335240422032,2.9507128639386773,90.04637047781101,0,4,43.76814761094498,67.7,62.782145226768876,0,0.0,100
47,1,AffectEV,30.0,Dengeli,25.239374995950005,33.07402905857404,2.9530153354567514,90.08161963001928,0,4,43.59190184990359,67.7,62.77830777423875,0,0.0,100
47,1,AffectEV,50.0,Dengeli,25.239374995950005,33.07402905857404,2.9530153354567514,90.08161963001928,0,4,43.59190184990359,67.7,62.77830777423875,0,0.0,100
47,1,AffectEV,65.0,,29.35163394058964,36.7639147382383,3.8777151573939976,91.65146118723224,2,2,33.74269406383878,67.7,61.23714140434334,0,0.0,100
47,1,AffectEV,85.0,,29.35163394058964,36.7639147382383,3.8777151573939976,91.65146118723224,2,2,33.74269406383878,67.7,61.23714140434334,0,0.0,100
48,1,Dijkstra,,,15.080656660003548,22.18489972604514,1.8332253080898846,89.33525868729218,0,3,48.823706563539105,69.3,66.24462448651686,0,0.0,23
48,1,A*,,,15.08825023391879,21.266116303186717,1.8366960736573053,88.74841559305486,0,5,48.75792203472571,69.3,66.23883987723782,0,0.0,23
48,1,NSGA-II,,Dengeli,15.087481534729015,21.341356929421515,1.8374501389410876,89.2918322700589,0,3,49.040838649705485,69.3,66.23758310176486,0,0.0,23
48,1,AffectEV,15.0,Dengeli,15.087481534729015,21.341356929421515,1.8374501389410876,89.2918322700589,0,3,49.040838649705485,69.3,66.23758310176486,0,0.0,23
48,1,AffectEV,30.0,Dengeli,15.087481534729015,21.341356929421515,1.8374501389410876,89.2918322700589,0,3,49.040838649705485,69.3,66.23758310176486,0,0.0,23
48,1,AffectEV,50.0,,15.612041799955803,25.516195429590876,1.8530425980984855,90.50677794001433,0,2,44.46611029992832,69.3,66.21159566983586,0,0.0,23
48,1,AffectEV,65.0,,15.904066954097102,25.96128110921358,1.8807157938205685,90.67131005012666,0,2,43.64344974936668,69.3,66.16547367696572,0,0.0,23
48,1,AffectEV,85.0,,16.145739765167296,26.405668586894574,1.9059205993854003,90.75614630797598,0,2,43.219268460120084,69.3,66.123465667691,0,0.0,23
49,1,Dijkstra,,,12.448359452641155,33.393511842337496,1.91983320817843,71.23939340943625,23,16,62.303032952818775,70.1,66.90027798636928,0,0.0,100
49,1,A*,,,15.388803211895535,26.162110070002868,1.970744625382896,76.64119882237199,3,31,62.79400588814001,70.1,66.81542562436184,0,0.0,100
49,1,NSGA-II,,Verimlilik,12.840161770002716,30.498402691868048,1.707853219412415,76.60268209369482,12,18,59.98658953152592,70.1,67.25357796764597,0,0.0,100
49,1,AffectEV,15.0,Verimlilik,12.840161770002716,30.498402691868048,1.707853219412415,76.60268209369482,12,18,59.98658953152592,70.1,67.25357796764597,0,0.0,100
49,1,AffectEV,30.0,Verimlilik,12.840161770002716,30.498402691868048,1.707853219412415,76.60268209369482,12,18,59.98658953152592,70.1,67.25357796764597,0,0.0,100
49,1,AffectEV,50.0,,16.3471705716808,28.91887119252776,2.0483931062527407,83.13973950537016,1,13,62.30130247314918,70.1,66.68601148957876,0,0.0,100
49,1,AffectEV,65.0,,16.454218620584687,29.281551768852406,2.0512145006243205,83.31250789290078,1,13,61.43746053549604,70.1,66.68130916562613,0,0.0,100
49,1,AffectEV,85.0,,16.454218620584687,29.281551768852406,2.0512145006243205,83.31250789290078,1,13,61.43746053549604,70.1,66.68130916562613,0,0.0,100
50,1,Dijkstra,,,20.447974153171877,42.25875241831971,2.607887025219779,79.02540824247843,22,3,45.37295878760783,32.0,27.6535216246337,0,0.0,100
50,1,A*,,,29.50013168469529,32.91450363149321,3.9028403314046174,92.14442797593227,0,2,36.27786012033861,32.0,25.495266114325638,0,0.0,100
50,1,NSGA-II,,Dengeli,22.586751075330064,34.872167814071595,2.5919546836820446,88.51887178902233,1,8,42.905641054888385,32.0,27.680075527196593,0,0.0,100
50,1,AffectEV,15.0,,22.51968277563359,34.62337285240163,2.5860957860010716,88.1356740597502,1,9,43.32162970124902,32.0,27.68984035666488,0,0.0,100
50,1,AffectEV,30.0,Dengeli,22.586751075330064,34.872167814071595,2.5919546836820446,88.51887178902233,1,8,42.905641054888385,32.0,27.680075527196593,0,0.0,100
50,1,AffectEV,50.0,,29.500288923619213,33.02950255648462,3.901705134484046,92.21706668570553,0,2,35.91466657147231,32.0,25.497158109193258,0,0.0,100
50,1,AffectEV,65.0,Konfor,30.524693759359376,41.12029555378258,3.803736203159345,92.6462500979317,0,2,33.7687495103415,32.0,25.660439661401092,0,0.0,100
50,1,AffectEV,85.0,Konfor,30.524693759359376,41.12029555378258,3.803736203159345,92.6462500979317,0,2,33.7687495103415,32.0,25.660439661401092,0,0.0,100
1,2,Dijkstra,,,18.180626954473706,42.05371736046296,2.5392486908310534,73.62112545367896,29,10,44.39437273160524,68.4,64.16791884861492,0,0.0,91
1,2,A*,,,24.477356109751526,26.65722567315503,3.2870068238380226,91.54953934130191,0,5,34.75230329349049,68.4,62.9216552936033,0,0.0,91
1,2,NSGA-II,,Dengeli,23.32539554383393,28.37044931588736,3.0239244927137863,91.2033413802258,0,5,36.483293098871016,68.4,63.36012584547703,0,0.0,91
1,2,AffectEV,15.0,,20.340436772417906,35.048456894403664,2.5272500034599714,84.81387938234053,11,6,39.43060308829736,68.4,64.18791666090006,0,0.0,91
1,2,AffectEV,30.0,Dengeli,23.32539554383393,28.37044931588736,3.0239244927137863,91.2033413802258,0,5,36.483293098871016,68.4,63.36012584547703,0,0.0,91
1,2,AffectEV,50.0,Dengeli,23.32539554383393,28.37044931588736,3.0239244927137863,91.2033413802258,0,5,36.483293098871016,68.4,63.36012584547703,0,0.0,91
1,2,AffectEV,65.0,,23.697585162546595,28.982955492020018,3.063167931283103,91.5202407032659,0,4,36.398796483670495,68.4,63.29472011452817,0,0.0,91
1,2,AffectEV,85.0,,24.849545728464193,27.26973184928768,3.326250262407339,91.86046999825508,0,4,34.6976500087246,68.4,62.85624956265444,0,0.0,91
2,2,Dijkstra,,,25.08490021637783,34.14302921447258,3.1040930688476878,82.5189703290059,3,22,46.905148354970564,52.2,47.02651155192052,0,0.0,30
2,2,A*,,,25.123592790695103,33.54534901005046,3.099283033539856,81.52916990171236,3,25,47.35415049143816,52.2,47.03452827743358,0,0.0,30
2,2,NSGA-II,,Dengeli,25.126929302459256,33.84146910708477,3.056670744774794,83.02947471463291,2,22,46.85262642683545,52.2,47.10554875870868,0,0.0,30
2,2,AffectEV,15.0,Dengeli,25.126929302459256,33.84146910708477,3.056670744774794,83.02947471463291,2,22,46.85262642683545,52.2,47.10554875870868,0,0.0,30
2,2,AffectEV,30.0,Dengeli,25.126929302459256,33.84146910708477,3.056670744774794,83.02947471463291,2,22,46.85262642683545,52.2,47.10554875870868,0,0.0,30
2,2,AffectEV,50.0,,25.28722621105185,34.88705298972664,3.0845150293931276,83.64719934497228,2,20,46.764003275138634,52.2,47.05914161767812,0,0.0,30
2,2,AffectEV,65.0,,27.94814175920496,37.873286235778195,3.563040092443704,85.80930199572373,1,17,42.95349002138136,52.2,46.261599845927165,0,0.0,30
2,2,AffectEV,85.0,Konfor,28.593350569864736,38.81205902623784,3.62693292279568,85.93053256671854,1,17,42.347337166407335,52.2,46.15511179534054,0,0.0,30
3,2,Dijkstra,,,10.944476773165217,23.970457267954696,1.4282368313658766,77.42254220620795,8,26,53.88728896896026,77.4,75.01960528105688,0,0.0,100
3,2,A*,,,13.074721602207596,21.11621752584206,1.6520885960576184,84.30680574197528,1,12,57.96597129012358,77.4,74.64651900657064,0,0.0,100
3,2,NSGA-II,,Dengeli,11.971808590729802,22.06053809570958,1.4705329936620715,83.95124495216139,1,15,55.24377523919307,77.4,74.9491116772299,0,0.0,100
3,2,AffectEV,15.0,,11.557560351445126,21.594880203274958,1.4335016174765418,82.06657960489773,1,20,57.16710197551134,77.4,75.0108306375391,0,0.0,100
3,2,AffectEV,30.0,,11.557560351445126,21.594880203274958,1.4335016174765418,82.06657960489773,1,20,57.16710197551134,77.4,75.0108306375391,0,0.0,100
3,2,AffectEV,50.0,,12.023265726396547,22.202015441545367,1.4777622879510084,84.2123044388726,1,14,55.43847780563704,77.4,74.93706285341499,0,0.0,100
3,2,AffectEV,65.0,,13.797645738242595,24.241321852236755,1.6726188980611107,86.86808271337136,1,7,52.659586433143204,77.4,74.61230183656482,0,0.0,100
3,2,AffectEV,85.0,,13.924206858713179,24.41006175051694,1.6848039065071247,86.93647015341142,1,7,52.31764923294291,77.4,74.5919934891548,0,0.0,100
4,2,Dijkstra,,,20.388666386118903,35.02617190212429,2.4924253891260375,84.84999741687587,3,10,53.250012915620665,40.6,36.44595768478994,0,0.0,100
4,2,A*,,,23.1118562356515,32.34752251355481,2.8984043761201037,84.67135396517179,2,11,55.14323017414103,40.6,35.76932603979983,0,0.0,100
4,2,NSGA-II,,Dengeli,20.45585296577562,35.363025465798366,2.504394320012214,85.13783571680563,3,9,53.31082141597189,40.6,36.42600946664631,0,0.0,100
4,2,AffectEV,15.0,,20.407616050339858,34.958028946704665,2.494287119510729,84.8492147371078,3,10,53.25392631446102,40.6,36.442854800815454,0,0.0,100
4,2,AffectEV,30.0,Dengeli,20.45585296577562,35.363025465798366,2.504394320012214,85.13783571680563,3,9,53.31082141597189,40.6,36.42600946664631,0,0.0,100
4,2,AffectEV,50.0,,21.854205080622677,37.29053173785828,2.6501942354953236,85.7944776264054,2,9,52.52761186797302,40.6,36.1830096075078,0,0.0,100
4,2,AffectEV,65.0,,22.120137758216096,37.60823180697867,2.677805939124415,85.84003608805786,2,9,52.29981955971074,40.6,36.13699010145931,0,0.0,100
4,2,AffectEV,85.0,,22.400500062914258,38.678337307516976,2.7090737777438325,85.8681250827691,2,9,52.15937458615452,40.6,36.08487703709361,0,0.0,100
5,2,Dijkstra,,,16.803270107900584,37.48365823893666,2.0879422686275304,79.71068997453165,7,20,53.94655012734178,47.9,44.420096218954114,0,0.0,74
5,2,A*,,,18.773168625237112,34.52335428756182,2.3290657538204025,82.61840550349586,2,15,59.40797248252063,47.9,44.01822374363266,0,0.0,74
5,2,NSGA-II,,Dengeli,18.773168625237112,34.52335428756182,2.3290657538204025,82.61840550349586,2,15,59.40797248252063,47.9,44.01822374363266,0,0.0,74
5,2,AffectEV,15.0,,17.42013023772024,36.6638544782865,2.1233617684970976,80.45094710240359,4,23,53.24526448798205,47.9,44.361063719171504,0,0.0,74
5,2,AffectEV,30.0,,18.21485904322613,35.08613625043742,2.2527220284176424,81.920453899698,4,15,57.89773050150994,47.9,44.14546328597059,0,0.0,74
5,2,AffectEV,50.0,,18.8045631855794,34.55268308296707,2.3314778684879065,82.65148007531647,2,15,59.24259962341766,47.9,44.01420355252016,0,0.0,74
5,2,AffectEV,65.0,,19.44114898139532,37.04079328709481,2.367425169932938,83.0641045242954,2,15,57.17947737852297,47.9,43.9542913834451,0,0.0,74
5,2,AffectEV,85.0,Konfor,19.443187962774324,37.45479899354812,2.368430433686192,83.0900727302366,2,15,57.049636348816996,47.9,43.952615943856344,0,0.0,74
6,2,Dijkstra,,,11.466184045725482,19.074108954856563,1.3927426901609212,88.22589588043333,3,5,43.87052059783339,85.2,82.87876218306513,0,0.0,25
6,2,A*,,,11.481111193786168,19.025570728113173,1.3933543251715352,88.25374740754856,3,5,43.73126296225721,85.2,82.87774279138078,0,0.0,25
6,2,NSGA-II,,Dengeli,11.533624745828025,19.18006551510414,1.399974945355586,88.55212313865289,3,4,43.73938430673555,85.2,82.86670842440736,0,0.0,25
6,2,AffectEV,15.0,,11.481111193786168,19.025570728113173,1.3933543251715352,88.25374740754856,3,5,43.73126296225721,85.2,82.87774279138078,0,0.0,25
6,2,AffectEV,30.0,Dengeli,11.533624745828025,19.18006551510414,1.399974945355586,88.55212313865289,3,4,43.73938430673555,85.2,82.86670842440736,0,0.0,25
6,2,AffectEV,50.0,,12.011370626562039,19.517921169273798,1.4550265600352303,88.90045920620409,3,3,43.49770396897952,85.2,82.77495573327462,0,0.0,25
6,2,AffectEV,65.0,,12.011370626562039,19.517921169273798,1.4550265600352303,88.90045920620409,3,3,43.49770396897952,85.2,82.77495573327462,0,0.0,25
6,2,AffectEV,85.0,,12.011370626562039,19.517921169273798,1.4550265600352303,88.90045920620409,3,3,43.49770396897952,85.2,82.77495573327462,0,0.0,25
7,2,Dijkstra,,,15.816035757029267,30.196557597926997,2.008864843318054,80.7606146461907,11,18,41.69692676904644,75.2,71.85189192780325,0,0.0,100
7,2,A*,,,17.88385724921894,27.23183726859256,2.1757311119560905,88.60827160545244,4,7,36.45864197273779,75.2,71.57378148007318,0,0.0,100
7,2,NSGA-II,,Dengeli,17.88385724921894,27.23183726859256,2.1757311119560905,88.60827160545244,4,7,36.45864197273779,75.2,71.57378148007318,0,0.0,100
7,2,AffectEV,15.0,Dengeli,17.88385724921894,27.23183726859256,2.1757311119560905,88.60827160545244,4,7,36.45864197273779,75.2,71.57378148007318,0,0.0,100
7,2,AffectEV,30.0,Dengeli,17.88385724921894,27.23183726859256,2.1757311119560905,88.60827160545244,4,7,36.45864197273779,75.2,71.57378148007318,0,0.0,100
7,2,AffectEV,50.0,Dengeli,17.88385724921894,27.23183726859256,2.1757311119560905,88.60827160545244,4,7,36.45864197273779,75.2,71.57378148007318,0,0.0,100
7,2,AffectEV,65.0,,24.563198752945873,32.07275742686083,3.0316899466737195,92.03989371694067,0,3,35.30053141529664,75.2,70.14718342221047,0,0.0,100
7,2,AffectEV,85.0,,24.563198752945873,32.07275742686083,3.0316899466737195,92.03989371694067,0,3,35.30053141529664,75.2,70.14718342221047,0,0.0,100
8,2,Dijkstra,,,25.23747109975654,46.98973286667897,2.827496512950562,77.65520061154639,4,43,37.22399694226806,43.6,38.887505811749065,0,0.0,100
8,2,A*,,,25.595042184433463,46.42016094204944,2.8427705728800916,79.90007570594345,2,39,36.999621470282726,43.6,38.862049045199846,0,0.0,100
8,2,NSGA-II,,Dengeli,25.775462379625882,46.71032338062149,2.861561490908783,81.11117884983967,2,35,36.94410575080165,43.6,38.830730848485366,0,0.0,100
8,2,AffectEV,15.0,,25.595042184433463,46.42016094204944,2.8427705728800916,79.90007570594345,2,39,36.999621470282726,43.6,38.862049045199846,0,0.0,100
8,2,AffectEV,30.0,Dengeli,25.775462379625882,46.71032338062149,2.861561490908783,81.11117884983967,2,35,36.94410575080165,43.6,38.830730848485366,0,0.0,100
8,2,AffectEV,50.0,,30.118216479593624,49.7594464673975,3.4017532620086444,89.20078729536529,2,6,39.99606352317354,43.6,37.930411229985594,0,0.0,100
8,2,AffectEV,65.0,,30.69760029847263,51.88176366190237,3.4382871915281443,90.18087021906209,2,3,39.595648904689575,43.6,37.869521347453095,0,0.0,100
8,2,AffectEV,85.0,,30.741239002405997,51.964413995100934,3.4425539324442855,90.19558527585357,2,3,39.522073620732115,43.6,37.86241011259286,0,0.0,100
9,2,Dijkstra,,,17.935784581718238,37.9301211644857,2.4933439235455253,75.390216424925,24,8,51.048917875374954,55.9,51.74442679409079,0,0.0,100
9,2,A*,,,26.11055217719768,25.235304747363262,3.6835497282503544,90.55858063418529,2,6,33.20709682907354,55.9,49.76075045291608,0,0.0,100
9,2,NSGA-II,,Dengeli,20.989899280896097,34.95071725619585,2.507917980728296,86.6893354953707,1,9,50.55332252314648,55.9,51.72013669878617,0,0.0,100
9,2,AffectEV,15.0,,19.459511964429254,32.905708370940786,2.4416957295115074,82.13763618815612,8,13,49.81181905921937,55.9,51.83050711748082,0,0.0,100
9,2,AffectEV,30.0,,20.71702164116039,34.470117267084554,2.4782429740200804,86.05471296550377,1,11,50.726435172481175,55.9,51.769595043299866,0,0.0,100
9,2,AffectEV,50.0,Konfor,26.76829334632743,30.136633880397387,3.551452076151808,92.20190844341077,0,3,34.490457782946116,55.9,49.98091320641365,0,0.0,100
9,2,AffectEV,65.0,Konfor,26.76829334632743,30.136633880397387,3.551452076151808,92.20190844341077,0,3,34.490457782946116,55.9,49.98091320641365,0,0.0,100
9,2,AffectEV,85.0,Konfor,26.76829334632743,30.136633880397387,3.551452076151808,92.20190844341077,0,3,34.490457782946116,55.9,49.98091320641365,0,0.0,100
10,2,Dijkstra,,,8.80302209354457,21.24540525630215,1.196871951616022,82.74279000760609,11,3,54.28604996196952,30.8,28.8052134139733,0,0.0,7
10,2,A*,,,9.48975926483522,19.612658508122777,1.1251866233008483,86.60865012804224,4,6,47.95674935978877,30.8,28.924688961165252,0,0.0,7
10,2,NSGA-II,,Verimlilik,9.48975926483522,19.612658508122777,1.1251866233008483,86.60865012804224,4,6,47.95674935978877,30.8,28.924688961165252,0,0.0,7
10,2,AffectEV,15.0,Verimlilik,9.48975926483522,19.612658508122777,1.1251866233008483,86.60865012804224,4,6,47.95674935978877,30.8,28.924688961165252,0,0.0,7
10,2,AffectEV,30.0,Verimlilik,9.48975926483522,19.612658508122777,1.1251866233008483,86.60865012804224,4,6,47.95674935978877,30.8,28.924688961165252,0,0.0,7
10,2,AffectEV,50.0,,11.4525814751614,20.671666341618014,1.340086427385356,89.05072283174341,0,3,50.24638584128293,30.8,28.566522621024408,0,0.0,7
10,2,AffectEV,65.0,Konfor,11.46753331191533,20.704524143254655,1.3417253289922357,89.05804243368725,0,3,50.209787831563766,30.8,28.563791118346273,0,0.0,7
10,2,AffectEV,85.0,Konfor,11.46753331191533,20.704524143254655,1.3417253289922357,89.05804243368725,0,3,50.209787831563766,30.8,28.563791118346273,0,0.0,7
11,2,Dijkstra,,,9.660212526006283,20.36891806140294,1.2576667549821126,81.83523497278806,7,9,59.82382513605969,51.9,49.803888741696476,0,0.0,99
11,2,A*,,,9.700879391433153,18.386946370406474,1.2307899109574445,84.56938773050612,3,6,60.65306134746935,51.9,49.84868348173759,0,0.0,99
11,2,NSGA-II,,Dengeli,11.488597784074555,19.601591874459547,1.429686587447592,86.96091155485132,2,2,57.19544222574343,51.9,49.51718902092068,0,0.0,99
11,2,AffectEV,15.0,Verimlilik,9.700879391433153,18.386946370406474,1.2307899109574445,84.56938773050612,3,6,60.65306134746935,51.9,49.84868348173759,0,0.0,99
11,2,AffectEV,30.0,,9.898225243761136,18.512657949886933,1.2546805309223452,85.0377264530307,3,5,59.81136773484649,51.9,49.80886578179609,0,0.0,99
11,2,AffectEV,50.0,Dengeli,11.488597784074555,19.601591874459547,1.429686587447592,86.96091155485132,2,2,57.19544222574343,51.9,49.51718902092068,0,0.0,99
11,2,AffectEV,65.0,,13.733398843448416,27.10155854135832,1.6511912281023102,88.05058969467531,2,1,53.247051526623444,51.9,49.14801461982948,0,0.0,99
11,2,AffectEV,85.0,,13.733398843448416,27.10155854135832,1.6511912281023102,88.05058969467531,2,1,53.247051526623444,51.9,49.14801461982948,0,0.0,99
12,2,Dijkstra,,,21.66993991746172,46.2019579906649,2.7592994209416633,75.22159612698285,11,23,61.89201936508579,65.7,61.1011676317639,0,0.0,100
12,2,A*,,,22.361006918459164,42.287424265773865,2.7830660820042006,72.30865138738106,5,44,59.95674306309471,65.7,61.061556529993,0,0.0,100
12,2,NSGA-II,,Verimlilik,21.78849208927286,43.19443538852492,2.722561345014384,77.28419174406618,6,25,61.07904127966912,65.7,61.16239775830936,0,0.0,100
12,2,AffectEV,15.0,Verimlilik,21.78849208927286,43.19443538852492,2.722561345014384,77.28419174406618,6,25,61.07904127966912,65.7,61.16239775830936,0,0.0,100
12,2,AffectEV,30.0,Verimlilik,21.78849208927286,43.19443538852492,2.722561345014384,77.28419174406618,6,25,61.07904127966912,65.7,61.16239775830936,0,0.0,100
12,2,AffectEV,50.0,,21.856515943674562,43.831421986189426,2.724565310751978,77.96471672410037,6,23,60.67641637949814,65.7,61.15905781541338,0,0.0,100
12,2,AffectEV,65.0,,22.6148932481736,43.378010367764176,2.7949662363019048,78.45442736368999,3,26,61.22786318155007,65.7,61.04172293949683,0,0.0,100
12,2,AffectEV,85.0,,23.241580734614327,45.40806897204963,2.8720564513779934,79.09732201263631,4,23,60.01338993681848,65.7,60.913239247703345,0,0.0,100
13,2,Dijkstra,,,23.210046865366078,52.99504679055797,2.9582868835164033,73.13824925470026,18,24,53.30875372649874,42.6,37.66952186080599,0,0.0,100
13,2,A*,,,29.420099252118483,38.44103014303859,3.7665845946945073,84.93866929536657,0,21,43.80665352316719,42.6,36.32235900884249,0,0.0,100
13,2,NSGA-II,,Dengeli,24.64133287324217,39.36850958683787,2.9420041682117657,86.97997103829816,0,9,51.60014480850919,42.6,37.69665971964706,0,0.0,100
13,2,AffectEV,15.0,,24.653589322184306,38.91610315118974,2.9621144365285206,86.80228965963377,0,9,52.48855170183117,42.6,37.6631426057858,0,0.0,100
13,2,AffectEV,30.0,Dengeli,24.64133287324217,39.36850958683787,2.9420041682117657,86.97997103829816,0,9,51.60014480850919,42.6,37.69665971964706,0,0.0,100
13,2,AffectEV,50.0,,24.697601307833246,39.731788647150964,2.9443126973682934,87.06250575215745,0,9,51.18747123921278,42.6,37.69281217105284,0,0.0,100
13,2,AffectEV,65.0,,26.810989341454675,46.25653982758628,3.1367417749942277,87.721598837505,0,8,49.392005812475006,42.6,37.37209704167629,0,0.0,100
13,2,AffectEV,85.0,Konfor,26.860006923218453,47.02446017347248,3.137990489168545,87.75253741867833,0,8,49.237312906608324,42.6,37.37001585138576,0,0.0,100
14,2,Dijkstra,,,17.365727681979003,39.60838308425195,2.241291300229953,79.5142928679935,11,12,56.92853566003252,77.8,74.06451449961675,0,0.0,100
14,2,A*,,,18.68872149025083,38.90031326350288,2.3374294728785783,82.9052559223254,8,7,54.973720388373025,77.8,73.90428421186904,0,0.0,100
14,2,NSGA-II,,Dengeli,18.68872149025083,38.90031326350288,2.3374294728785783,82.9052559223254,8,7,54.973720388373025,77.8,73.90428421186904,0,0.0,100
14,2,AffectEV,15.0,Dengeli,18.68872149025083,38.90031326350288,2.3374294728785783,82.9052559223254,8,7,54.973720388373025,77.8,73.90428421186904,0,0.0,100
14,2,AffectEV,30.0,Dengeli,18.68872149025083,38.90031326350288,2.3374294728785783,82.9052559223254,8,7,54.973720388373025,77.8,73.90428421186904,0,0.0,100
14,2,AffectEV,50.0,,20.884570628776338,40.60254518780903,2.5692991553524758,84.57894284914202,6,6,53.10528575428987,77.8,73.5178347410792,0,0.0,100
14,2,AffectEV,65.0,,35.951555843869734,44.41859691167031,4.85364775316541,88.92535498635195,7,4,31.873225068240277,77.8,69.71058707805764,0,0.0,100
14,2,AffectEV,85.0,,35.951555843869734,44.41859691167031,4.85364775316541,88.92535498635195,7,4,31.873225068240277,77.8,69.71058707805764,0,0.0,100
15,2,Dijkstra,,,23.12440075830618,49.290880817291274,3.2724508049489893,72.18862974449627,25,10,61.556851277518675,63.8,58.345915325085016,0,0.0,100
15,2,A*,,,24.846117243829248,39.719254617683376,3.1593690753202988,78.46609173375583,6,24,56.66954133122088,63.8,58.53438487446617,0,0.0,100
15,2,NSGA-II,,Dengeli,24.846117243829248,39.719254617683376,3.1593690753202988,78.46609173375583,6,24,56.66954133122088,63.8,58.53438487446617,0,0.0,100
15,2,AffectEV,15.0,Dengeli,24.846117243829248,39.719254617683376,3.1593690753202988,78.46609173375583,6,24,56.66954133122088,63.8,58.53438487446617,0,0.0,100
15,2,AffectEV,30.0,Dengeli,24.846117243829248,39.719254617683376,3.1593690753202988,78.46609173375583,6,24,56.66954133122088,63.8,58.53438487446617,0,0.0,100
15,2,AffectEV,50.0,,25.036191992807407,41.79280245965789,3.145282042290196,78.84795800346427,6,24,54.760209982678646,63.8,58.55786326284967,0,0.0,100
15,2,AffectEV,65.0,,29.612927109039948,51.580877896512035,3.7374628094710385,82.03544927658274,6,10,59.82275361708629,63.8,57.57089531754826,0,0.0,100
15,2,AffectEV,85.0,,29.612927109039948,51.580877896512035,3.7374628094710385,82.03544927658274,6,10,59.82275361708629,63.8,57.57089531754826,0,0.0,100
16,2,Dijkstra,,,20.62345860912918,45.213064798274125,2.7772614504948177,74.51143276225011,20,16,53.44283618874943,84.0,79.37123091584198,0,0.0,100
16,2,A*,,,37.095179140401015,36.397340843570696,5.3362627513138765,88.71729652458481,3,9,35.41351737707594,84.0,75.1062287478102,0,0.0,100
16,2,NSGA-II,,Dengeli,23.73736110877184,43.5646125085723,2.776713237342705,85.4092850205393,3,12,47.4535748973035,84.0,79.37214460442883,0,0.0,100
16,2,AffectEV,15.0,,23.29973314783391,42.120329011405175,2.7343598281205286,83.81515048112458,3,17,47.924247594377114,84.0,79.44273361979911,0,0.0,100
16,2,AffectEV,30.0,,23.29973314783391,42.120329011405175,2.7343598281205286,83.81515048112458,3,17,47.924247594377114,84.0,79.44273361979911,0,0.0,100
16,2,AffectEV,50.0,,25.327068064281022,47.026893354098064,2.93711936778533,87.47307311937185,2,7,47.134634403140744,84.0,79.10480105369112,0,0.0,100
16,2,AffectEV,65.0,,37.095179140401015,36.397340843570696,5.3362627513138765,88.71729652458481,3,9,35.41351737707594,84.0,75.1062287478102,0,0.0,100
16,2,AffectEV,85.0,,37.095179140401015,36.397340843570696,5.3362627513138765,88.71729652458481,3,9,35.41351737707594,84.0,75.1062287478102,0,0.0,100
17,2,Dijkstra,,,7.48250904180245,12.35624908314424,0.9501867887369919,85.87528117526195,1,9,54.62359412369026,48.8,47.21635535210501,0,0.0,18
17,2,A*,,,8.092432316017184,11.682216762946219,1.034859580358685,86.66138181349396,1,7,53.69309093253018,48.8,47.07523403273552,0,0.0,18
17,2,NSGA-II,,Dengeli,8.092432316017184,11.682216762946219,1.034859580358685,86.66138181349396,1,7,53.69309093253018,48.8,47.07523403273552,0,0.0,18
17,2,AffectEV,15.0,,7.501458706023404,12.288106127724621,0.9520485191216833,85.87384587473115,1,9,54.63077062634426,48.8,47.21325246813053,0,0.0,18
17,2,AffectEV,30.0,,7.893134928790297,12.132762645905101,0.970945019993636,86.26861163051449,0,7,58.156941847427575,48.8,47.18175830001061,0,0.0,18
17,2,AffectEV,50.0,Dengeli,8.092432316017184,11.682216762946219,1.034859580358685,86.66138181349396,1,7,53.69309093253018,48.8,47.07523403273552,0,0.0,18
17,2,AffectEV,65.0,Konfor,8.740204671149652,13.951794886999263,1.101223743332668,86.96393712728432,1,6,53.6803143635784,48.8,46.964627094445554,0,0.0,18
17,2,AffectEV,85.0,Konfor,8.740204671149652,13.951794886999263,1.101223743332668,86.96393712728432,1,6,53.6803143635784,48.8,46.964627094445554,0,0.0,18
18,2,Dijkstra,,,17.48013166005094,29.067041356373398,2.1629721694739783,82.04822842145454,5,16,53.25885789272733,72.1,68.49504638421003,0,0.0,59
18,2,A*,,,17.48038052525706,27.851121923278605,2.154630374555824,82.7857092119962,4,15,53.57145394001896,72.1,68.50894937574029,0,0.0,59
18,2,NSGA-II,,Dengeli,17.48038052525706,27.851121923278605,2.154630374555824,82.7857092119962,4,15,53.57145394001896,72.1,68.50894937574029,0,0.0,59
18,2,AffectEV,15.0,Dengeli,17.48038052525706,27.851121923278605,2.154630374555824,82.7857092119962,4,15,53.57145394001896,72.1,68.50894937574029,0,0.0,59
18,2,AffectEV,30.0,Dengeli,17.48038052525706,27.851121923278605,2.154630374555824,82.7857092119962,4,15,53.57145394001896,72.1,68.50894937574029,0,0.0,59
18,2,AffectEV,50.0,,17.661784663539354,28.3577147174821,2.175064368469652,83.11061125426379,4,14,53.44694372868108,72.1,68.47489271921724,0,0.0,59
18,2,AffectEV,65.0,,24.342930742419842,34.66728358463295,3.0916629259396267,86.79442199206113,2,11,44.5278900396943,72.1,66.94722845676728,0,0.0,59
18,2,AffectEV,85.0,,24.342930742419842,34.66728358463295,3.0916629259396267,86.79442199206113,2,11,44.5278900396943,72.1,66.94722845676728,0,0.0,59
19,2,Dijkstra,,,17.47460100191027,20.322303644740394,2.5130585037622537,90.45564408955738,4,4,31.72177955221307,59.6,55.41156916039625,0,0.0,61
19,2,A*,,,17.613301131838053,19.65815186212295,2.5144347649840473,91.4347253532692,2,4,31.826373233653978,59.6,55.40927539169326,0,0.0,61
19,2,NSGA-II,,Dengeli,17.613301131838053,19.65815186212295,2.5144347649840473,91.4347253532692,2,4,31.826373233653978,59.6,55.40927539169326,0,0.0,61
19,2,AffectEV,15.0,Dengeli,17.613301131838053,19.65815186212295,2.5144347649840473,91.4347253532692,2,4,31.826373233653978,59.6,55.40927539169326,0,0.0,61
19,2,AffectEV,30.0,Dengeli,17.613301131838053,19.65815186212295,2.5144347649840473,91.4347253532692,2,4,31.826373233653978,59.6,55.40927539169326,0,0.0,61
19,2,AffectEV,50.0,Dengeli,17.613301131838053,19.65815186212295,2.5144347649840473,91.4347253532692,2,4,31.826373233653978,59.6,55.40927539169326,0,0.0,61
19,2,AffectEV,65.0,Dengeli,17.613301131838053,19.65815186212295,2.5144347649840473,91.4347253532692,2,4,31.826373233653978,59.6,55.40927539169326,0,0.0,61
19,2,AffectEV,85.0,Dengeli,17.613301131838053,19.65815186212295,2.5144347649840473,91.4347253532692,2,4,31.826373233653978,59.6,55.40927539169326,0,0.0,61
20,2,Dijkstra,,,17.058035821320935,25.879197575813937,2.115117820475996,86.17324105576601,1,8,54.633794721169956,41.3,37.77480363254001,0,0.0,21
20,2,A*,,,17.06128237476365,25.64816159405856,2.1153457052520332,86.2028809646689,1,8,54.48559517665543,41.3,37.77442382457994,0,0.0,21
20,2,NSGA-II,,Dengeli,17.06128237476365,25.64816159405856,2.1153457052520332,86.2028809646689,1,8,54.48559517665543,41.3,37.77442382457994,0,0.0,21
20,2,AffectEV,15.0,Dengeli,17.06128237476365,25.64816159405856,2.1153457052520332,86.2028809646689,1,8,54.48559517665543,41.3,37.77442382457994,0,0.0,21
20,2,AffectEV,30.0,Dengeli,17.06128237476365,25.64816159405856,2.1153457052520332,86.2028809646689,1,8,54.48559517665543,41.3,37.77442382457994,0,0.0,21
20,2,AffectEV,50.0,,18.020022178691548,27.225569611025332,2.219801999513734,86.62168454782245,0,8,54.89157726088774,41.3,37.60033000081044,0,0.0,21
20,2,AffectEV,65.0,,18.033090895084033,27.60247731535589,2.218915229634848,86.65067694987772,0,8,54.746615250611406,41.3,37.60180795060858,0,0.0,21
20,2,AffectEV,85.0,Konfor,18.142405039130832,27.85499026756701,2.231842818522429,86.66077532036587,0,8,54.69612339817061,41.3,37.58026196912928,0,0.0,21
21,2,Dijkstra,,,12.403662818592329,28.48589206197092,1.6847168907878474,80.73143876477891,10,5,63.84280617610542,62.9,60.09213851535359,0,0.0,65
21,2,A*,,,12.704988567778896,28.120743810312508,1.6912320699802805,82.12751055210585,8,4,63.36244723947079,62.9,60.0812798833662,0,0.0,65
21,2,NSGA-II,,Dengeli,12.696117560645662,28.12699211188325,1.6902882255213392,82.13716504755523,8,4,63.31417476222387,62.9,60.08285295746443,0,0.0,65
21,2,AffectEV,15.0,Dengeli,12.696117560645662,28.12699211188325,1.6902882255213392,82.13716504755523,8,4,63.31417476222387,62.9,60.08285295746443,0,0.0,65
21,2,AffectEV,30.0,Dengeli,12.696117560645662,28.12699211188325,1.6902882255213392,82.13716504755523,8,4,63.31417476222387,62.9,60.08285295746443,0,0.0,65
21,2,AffectEV,50.0,,14.197931859857041,31.02421424464454,1.8055086467661934,84.85219107168042,5,3,58.739044641597886,62.9,59.89081892205634,0,0.0,65
21,2,AffectEV,65.0,,14.585030473943691,31.76670218845851,1.8472015086721465,85.05399374389002,5,3,57.73003128054991,62.9,59.82133081887975,0,0.0,65
21,2,AffectEV,85.0,,14.591772034312415,31.77817327106607,1.8479266896286761,85.05593551775542,5,3,57.72032241122293,62.9,59.82012218395221,0,0.0,65
22,2,Dijkstra,,,6.523072409060071,17.43233099464429,0.9038263686903579,79.68186183384113,9,13,59.59069083079435,52.3,50.7936227188494,0,0.0,100
22,2,A*,,,6.827683770057057,14.865321084316488,0.9110877407258678,84.82771777164427,5,2,60.36141114177866,52.3,50.78152043212355,0,0.0,100
22,2,NSGA-II,,Dengeli,6.835822205745538,15.443923486236523,0.8956261287729892,85.21573962855557,5,2,58.42130185722215,52.3,50.80728978537835,0,0.0,100
22,2,AffectEV,15.0,,6.827683770057057,14.865321084316488,0.9110877407258678,84.82771777164427,5,2,60.36141114177866,52.3,50.78152043212355,0,0.0,100
22,2,AffectEV,30.0,Dengeli,6.835822205745538,15.443923486236523,0.8956261287729892,85.21573962855557,5,2,58.42130185722215,52.3,50.80728978537835,0,0.0,100
22,2,AffectEV,50.0,,6.954093140639081,16.021414899160465,0.87475066722514,85.3603537940429,4,3,58.6982310297855,52.3,50.84208222129143,0,0.0,100
22,2,AffectEV,65.0,,8.483710677353626,18.088441561469303,1.031508689347329,87.23478402840954,2,2,55.82607985795234,52.3,50.580818851087784,0,0.0,100
22,2,AffectEV,85.0,,8.727848707017966,18.50274478126221,1.0577776027721535,87.34004073488872,2,2,55.29979632555639,52.3,50.537037328713076,0,0.0,100
23,2,Dijkstra,,,10.922201574548646,23.992604747198758,1.3354462021728086,75.70670271200993,6,36,52.466486439950316,59.7,57.47425632971199,0,0.0,100
23,2,A*,,,12.530116613416686,21.338068941882074,1.4729520417788446,83.96235358020704,0,20,50.18823209896477,59.7,57.2450799303686,0,0.0,100
23,2,NSGA-II,,Dengeli,12.254447351410365,22.525530548242973,1.3858415605360515,85.4101827331622,0,18,45.94908633418896,59.7,57.39026406577325,0,0.0,100
23,2,AffectEV,15.0,Verimlilik,11.299812691615562,21.840974258072325,1.3122943878509319,80.76892338598071,1,29,50.15538307009645,59.7,57.512842686915114,0,0.0,100
23,2,AffectEV,30.0,Dengeli,12.254447351410365,22.525530548242973,1.3858415605360515,85.4101827331622,0,18,45.94908633418896,59.7,57.39026406577325,0,0.0,100
23,2,AffectEV,50.0,Dengeli,12.254447351410365,22.525530548242973,1.3858415605360515,85.4101827331622,0,18,45.94908633418896,59.7,57.39026406577325,0,0.0,100
23,2,AffectEV,65.0,,12.391730635119519,22.35014241587886,1.4082066807234974,85.54376652562314,0,17,46.78116737188429,59.7,57.35298886546084,0,0.0,100
23,2,AffectEV,85.0,,12.765321223027474,23.486027021548654,1.4481308517432718,85.77712635413722,0,17,45.61436822931386,59.7,57.28644858042788,0,0.0,100
24,2,Dijkstra,,,23.542621774622575,37.925111517030324,2.6124109900977075,91.78300426832826,1,1,37.0849786583587,70.5,66.14598168317049,0,0.0,92
24,2,A*,,,27.595808419455917,29.405178208493496,3.661215160832263,91.627610443454,2,3,32.36194778273,70.5,64.39797473194623,0,0.0,92
24,2,NSGA-II,,Dengeli,24.00386781010106,38.23359922953578,2.649198275284682,92.27936723631157,0,1,37.103163818442134,70.5,66.0846695411922,0,0.0,92
24,2,AffectEV,15.0,Dengeli,24.00386781010106,38.23359922953578,2.649198275284682,92.27936723631157,0,1,37.103163818442134,70.5,66.0846695411922,0,0.0,92
24,2,AffectEV,30.0,Dengeli,24.00386781010106,38.23359922953578,2.649198275284682,92.27936723631157,0,1,37.103163818442134,70.5,66.0846695411922,0,0.0,92
24,2,AffectEV,50.0,,24.017423227542924,38.278404270001644,2.6508299751991617,92.28260594527423,0,1,37.08697027362884,70.5,66.08195004133474,0,0.0,92
24,2,AffectEV,65.0,,24.916756888694273,40.27182811384149,2.74131897843483,92.38805655450639,0,1,36.559717227468035,70.5,65.93113503594195,0,0.0,92
24,2,AffectEV,85.0,,25.786607708782523,41.7071558868503,2.8332165406642082,92.42064766145847,0,1,36.39676169270761,70.5,65.77797243222632,0,0.0,92
25,2,Dijkstra,,,15.927133076834163,36.019077169272485,2.146442640448299,78.27360444240091,13,11,59.631977787995474,55.0,51.42259559925284,0,0.0,100
25,2,A*,,,21.66768337376894,34.25157138874577,2.813986330109928,84.5693884551302,5,4,58.65305772434905,55.0,50.31002278315012,0,0.0,100
25,2,NSGA-II,,Dengeli,18.789123571210027,36.186438127622644,2.2959814805994365,85.83343025181759,4,6,51.83284874091209,55.0,51.173364199000936,0,0.0,100
25,2,AffectEV,15.0,,16.219587818887494,35.66017721918482,2.1520139751817906,79.64117816755356,11,10,59.294109162232175,55.0,51.41331004136368,0,0.0,100
25,2,AffectEV,30.0,,18.90445577317247,35.78597893942747,2.3136660513783918,84.88224071456946,4,8,53.588796427152715,55.0,51.143889914369346,0,0.0,100
25,2,AffectEV,50.0,Dengeli,18.789123571210027,36.186438127622644,2.2959814805994365,85.83343025181759,4,6,51.83284874091209,55.0,51.173364199000936,0,0.0,100
25,2,AffectEV,65.0,,23.42306673127506,35.063578855052306,2.8620497530786317,88.3060516188374,1,3,51.46974190581299,55.0,50.22991707820228,0,0.0,100
25,2,AffectEV,85.0,,24.19737455926951,35.57084542350881,2.9564380779001427,88.66734208937874,0,3,52.16328955310634,55.0,50.07260320349976,0,0.0,100
26,2,Dijkstra,,,14.53899591594657,29.493309216354007,1.8646621426006704,83.44249087528748,5,9,56.78754562356263,77.6,74.49222976233222,0,0.0,100
26,2,A*,,,15.548561767311973,26.107930736680583,1.9565413655534012,85.56474172898142,1,7,59.176291355092914,77.6,74.33909772407766,0,0.0,100
26,2,NSGA-II,,Dengeli,15.550095058477625,26.166723363482948,1.9492192690796273,85.66559186599227,1,7,58.67204067003862,77.6,74.35130121820062,0,0.0,100
26,2,AffectEV,15.0,Dengeli,15.550095058477625,26.166723363482948,1.9492192690796273,85.66559186599227,1,7,58.67204067003862,77.6,74.35130121820062,0,0.0,100
26,2,AffectEV,30.0,Dengeli,15.550095058477625,26.166723363482948,1.9492192690796273,85.66559186599227,1,7,58.67204067003862,77.6,74.35130121820062,0,0.0,100
26,2,AffectEV,50.0,,15.658667030126988,29.37764604595925,1.919575998519962,86.5150025575058,2,5,54.92498721247106,77.6,74.40070666913338,0,0.0,100
26,2,AffectEV,65.0,,15.963460332558363,30.194574800606507,1.9485732319454043,86.7317739641096,2,5,53.84113017945198,77.6,74.35237794675766,0,0.0,100
26,2,AffectEV,85.0,,15.963460332558363,30.194574800606507,1.9485732319454043,86.7317739641096,2,5,53.84113017945198,77.6,74.35237794675766,0,0.0,100
27,2,Dijkstra,,,10.86006125920067,24.848017989803044,1.3390985873863266,75.99866976961829,7,33,53.00665115190854,49.6,47.36816902102279,0,0.0,100
27,2,A*,,,11.222473178885824,22.838469335847417,1.3164729633649586,79.42333529788556,2,31,51.383323510572225,49.6,47.405878394391735,0,0.0,100
27,2,NSGA-II,,Dengeli,11.452543212759851,23.290580743573013,1.3464336011182936,82.27429933389973,2,22,50.62850333050129,49.6,47.355943998136176,0,0.0,100
27,2,AffectEV,15.0,,11.222473178885824,22.838469335847417,1.3164729633649586,79.42333529788556,2,31,51.383323510572225,49.6,47.405878394391735,0,0.0,100
27,2,AffectEV,30.0,,11.227809037875982,22.885036860302403,1.3181598975071902,79.68827888084587,2,30,51.558605595770594,49.6,47.40306683748802,0,0.0,100
27,2,AffectEV,50.0,,11.51627682010147,23.63874462069928,1.3609814192043632,83.22504260176213,2,18,51.87478699118937,49.6,47.3316976346594,0,0.0,100
27,2,AffectEV,65.0,,12.258067336796335,24.81223740614586,1.4326075482032516,84.99294280089549,2,14,49.03528599552254,49.6,47.21232075299458,0,0.0,100
27,2,AffectEV,85.0,,12.431666835155898,25.0455542819131,1.4490884835151252,85.10359946601032,2,14,48.4820026699484,49.6,47.184852527474796,0,0.0,100
28,2,Dijkstra,,,22.02802455703555,36.72805018292344,2.843689033829223,79.8845349684996,11,12,55.077325157502,84.3,79.5605182769513,0,0.0,100
28,2,A*,,,24.211919829352468,34.53648658899394,3.0985585292364872,81.4887742722678,6,16,53.556128638661,84.3,79.13573578460586,0,0.0,100
28,2,NSGA-II,,Dengeli,23.02632171865627,35.01167514125708,2.8940332004404645,82.8004782309117,8,9,52.49760884544156,84.3,79.47661133259922,0,0.0,100
28,2,AffectEV,15.0,Dengeli,23.02632171865627,35.01167514125708,2.8940332004404645,82.8004782309117,8,9,52.49760884544156,84.3,79.47661133259922,0,0.0,100
28,2,AffectEV,30.0,Dengeli,23.02632171865627,35.01167514125708,2.8940332004404645,82.8004782309117,8,9,52.49760884544156,84.3,79.47661133259922,0,0.0,100
28,2,AffectEV,50.0,,26.16165709484073,37.06864151652789,3.2577668851306045,86.43883377617863,3,8,48.3058311191069,84.3,78.87038852478233,0,0.0,100
28,2,AffectEV,65.0,,26.16165709484073,37.06864151652789,3.2577668851306045,86.43883377617863,3,8,48.3058311191069,84.3,78.87038852478233,0,0.0,100
28,2,AffectEV,85.0,,26.16165709484073,37.06864151652789,3.2577668851306045,86.43883377617863,3,8,48.3058311191069,84.3,78.87038852478233,0,0.0,100
29,2,Dijkstra,,,12.699312958695026,23.585621406216152,1.4127189573778256,89.87407117861594,0,6,41.62964410692031,51.5,49.14546840437029,0,0.0,42
29,2,A*,,,12.774258497922235,15.51601445316163,1.7577777909776766,91.38241430629903,0,5,35.58792846850489,51.5,48.57037034837054,0,0.0,42
29,2,NSGA-II,,Dengeli,12.83482452949295,15.571629684474708,1.7626280039171085,91.43900112801327,0,5,35.30499435993361,51.5,48.562286660138156,0,0.0,42
29,2,AffectEV,15.0,,12.774258497922235,15.51601445316163,1.7577777909776766,91.38241430629903,0,5,35.58792846850489,51.5,48.57037034837054,0,0.0,42
29,2,AffectEV,30.0,,12.774258497922235,15.51601445316163,1.7577777909776766,91.38241430629903,0,5,35.58792846850489,51.5,48.57037034837054,0,0.0,42
29,2,AffectEV,50.0,Dengeli,12.83482452949295,15.571629684474708,1.7626280039171085,91.43900112801327,0,5,35.30499435993361,51.5,48.562286660138156,0,0.0,42
29,2,AffectEV,65.0,,16.19042732158685,21.059811422666424,2.1088301037156474,92.8211103517817,0,2,32.894448241091546,51.5,47.98528316047392,0,0.0,42
29,2,AffectEV,85.0,,16.19042732158685,21.059811422666424,2.1088301037156474,92.8211103517817,0,2,32.894448241091546,51.5,47.98528316047392,0,0.0,42
30,2,Dijkstra,,,21.79446021612964,14.830666419457623,3.337205690662649,94.6589240301059,0,0,26.705379849470503,48.9,43.337990515562254,0,0.0,5
30,2,A*,,,21.79446021612964,14.830666419457623,3.337205690662649,94.6589240301059,0,0,26.705379849470503,48.9,43.337990515562254,0,0.0,5
30,2,NSGA-II,,Dengeli,21.855044947629068,16.189149669793366,3.2798063241335176,94.61123908219233,0,0,26.943804589038358,48.9,43.433656126444134,0,0.0,5
30,2,AffectEV,15.0,Dengeli,21.855044947629068,16.189149669793366,3.2798063241335176,94.61123908219233,0,0,26.943804589038358,48.9,43.433656126444134,0,0.0,5
30,2,AffectEV,30.0,Dengeli,21.855044947629068,16.189149669793366,3.2798063241335176,94.61123908219233,0,0,26.943804589038358,48.9,43.433656126444134,0,0.0,5
30,2,AffectEV,50.0,Dengeli,21.855044947629068,16.189149669793366,3.2798063241335176,94.61123908219233,0,0,26.943804589038358,48.9,43.433656126444134,0,0.0,5
30,2,AffectEV,65.0,Dengeli,21.855044947629068,16.189149669793366,3.2798063241335176,94.61123908219233,0,0,26.943804589038358,48.9,43.433656126444134,0,0.0,5
30,2,AffectEV,85.0,Dengeli,21.855044947629068,16.189149669793366,3.2798063241335176,94.61123908219233,0,0,26.943804589038358,48.9,43.433656126444134,0,0.0,5
31,2,Dijkstra,,,18.460401315711664,43.39581692843436,2.4666799068127547,66.91645089879405,20,36,61.41774550602974,55.0,50.888866821978745,0,0.0,87
31,2,A*,,,19.853585501739996,37.404017634755974,2.4753017566983826,76.8509894619196,5,29,59.745052690402034,55.0,50.87449707216936,0,0.0,87
31,2,NSGA-II,,Dengeli,19.794164363678192,37.52671537688959,2.4637814754456344,77.25202584306675,5,28,59.23987078466624,55.0,50.893697540923945,0,0.0,87
31,2,AffectEV,15.0,Dengeli,19.794164363678192,37.52671537688959,2.4637814754456344,77.25202584306675,5,28,59.23987078466624,55.0,50.893697540923945,0,0.0,87
31,2,AffectEV,30.0,Dengeli,19.794164363678192,37.52671537688959,2.4637814754456344,77.25202584306675,5,28,59.23987078466624,55.0,50.893697540923945,0,0.0,87
31,2,AffectEV,50.0,Dengeli,19.794164363678192,37.52671537688959,2.4637814754456344,77.25202584306675,5,28,59.23987078466624,55.0,50.893697540923945,0,0.0,87
31,2,AffectEV,65.0,,21.411848787135046,41.265414707783734,2.699011283003189,81.02040481378631,7,12,59.397975931068416,55.0,50.501647861661354,0,0.0,87
31,2,AffectEV,85.0,,21.71123265904476,41.98097954228077,2.7266380441510134,81.21216218643526,7,12,58.439189067823655,55.0,50.45560325974831,0,0.0,87
32,2,Dijkstra,,,6.315449441209965,12.65756274435742,0.801090971340026,84.30517783222007,4,7,57.97411083889965,87.5,86.16484838109996,0,0.0,66
32,2,A*,,,6.35095927558351,12.461674428767202,0.7941456557930382,85.64361636688105,3,5,56.781918165594746,87.5,86.1764239070116,0,0.0,66
32,2,NSGA-II,,Dengeli,6.3477748030592105,12.478733891890123,0.7932191643089386,85.73050196472416,3,5,56.34749017637923,87.5,86.1779680594851,0,0.0,66
32,2,AffectEV,15.0,Dengeli,6.3477748030592105,12.478733891890123,0.7932191643089386,85.73050196472416,3,5,56.34749017637923,87.5,86.1779680594851,0,0.0,66
32,2,AffectEV,30.0,Dengeli,6.3477748030592105,12.478733891890123,0.7932191643089386,85.73050196472416,3,5,56.34749017637923,87.5,86.1779680594851,0,0.0,66
32,2,AffectEV,50.0,,6.48085935452291,13.166142676573655,0.800597684162671,86.42834236650685,3,4,54.358288167465744,87.5,86.16567052639554,0,0.0,66
32,2,AffectEV,65.0,Konfor,7.669249618168368,15.37314971477038,0.9115112394613835,88.23269621810556,1,4,50.336518909472204,87.5,85.98081460089769,0,0.0,66
32,2,AffectEV,85.0,Konfor,7.669249618168368,15.37314971477038,0.9115112394613835,88.23269621810556,1,4,50.336518909472204,87.5,85.98081460089769,0,0.0,66
33,2,Dijkstra,,,12.932258251440391,19.801597217302557,1.6203250419802866,84.9538192008207,2,13,50.73090399589651,67.3,64.59945826336619,0,0.0,12
33,2,A*,,,12.942750934726801,19.264088863038477,1.6107392361468345,84.65501436379118,2,14,50.72492818104406,67.3,64.61543460642194,0,0.0,12
33,2,NSGA-II,,Verimlilik,12.942750934726801,19.264088863038477,1.6107392361468345,84.65501436379118,2,14,50.72492818104406,67.3,64.61543460642194,0,0.0,12
33,2,AffectEV,15.0,Verimlilik,12.942750934726801,19.264088863038477,1.6107392361468345,84.65501436379118,2,14,50.72492818104406,67.3,64.61543460642194,0,0.0,12
33,2,AffectEV,30.0,Verimlilik,12.942750934726801,19.264088863038477,1.6107392361468345,84.65501436379118,2,14,50.72492818104406,67.3,64.61543460642194,0,0.0,12
33,2,AffectEV,50.0,,12.932258251440391,19.801597217302557,1.6203250419802866,84.9538192008207,2,13,50.73090399589651,67.3,64.59945826336619,0,0.0,12
33,2,AffectEV,65.0,,12.95598771198044,19.86538595929251,1.6228707208007265,84.97386448547726,2,13,50.630677572613635,67.3,64.59521546533212,0,0.0,12
33,2,AffectEV,85.0,Konfor,13.064546168933875,20.09175621983593,1.6339250445576003,85.00618850983147,2,13,50.46905745084259,67.3,64.57679159240399,0,0.0,12
34,2,Dijkstra,,,13.181150613222396,26.784262024363922,1.5919986676797047,73.88490007596761,3,46,54.075499620161985,86.8,84.14666888720049,0,0.0,77
34,2,A*,,,17.631544924722906,24.49752821997113,2.250133190242935,85.36897605829772,2,15,45.65511970851141,86.8,83.04977801626177,0,0.0,77
34,2,NSGA-II,,Dengeli,14.464134740556437,26.530362918838446,1.7089610077893411,85.07413411234958,2,14,48.62932943825208,86.8,83.95173165368443,0,0.0,77
34,2,AffectEV,15.0,,13.62002834314123,26.015615587935933,1.5868066838329087,80.46594242721594,1,31,48.67028786392029,86.8,84.15532219361181,0,0.0,77
34,2,AffectEV,30.0,,14.220032954748946,26.066927568355013,1.689143771038641,84.02833943738145,2,16,50.85830281309272,86.8,83.98476038160226,0,0.0,77
34,2,AffectEV,50.0,Dengeli,14.464134740556437,26.530362918838446,1.7089610077893411,85.07413411234958,2,14,48.62932943825208,86.8,83.95173165368443,0,0.0,77
34,2,AffectEV,65.0,,16.233804438679993,29.494916315863563,1.895777953176172,86.48810982484514,2,11,46.059450875774296,86.8,83.64037007803971,0,0.0,77
34,2,AffectEV,85.0,,16.25575731817718,30.118422793095387,1.8985602678374967,86.57501000470677,2,11,45.62494997646612,86.8,83.6357328869375,0,0.0,77
35,2,Dijkstra,,,20.230388693417584,40.295208030164176,2.611771939434559,75.864312696432,12,25,53.17843651784,47.9,43.54704676760907,0,0.0,61
35,2,A*,,,21.482806559771756,33.37975194046498,2.6761295890217704,81.99031213004844,5,17,52.04843934975785,47.9,43.43978401829705,0,0.0,61
35,2,NSGA-II,,Dengeli,21.482806559771756,33.37975194046498,2.6761295890217704,81.99031213004844,5,17,52.04843934975785,47.9,43.43978401829705,0,0.0,61
35,2,AffectEV,15.0,Dengeli,21.482806559771756,33.37975194046498,2.6761295890217704,81.99031213004844,5,17,52.04843934975785,47.9,43.43978401829705,0,0.0,61
35,2,AffectEV,30.0,Dengeli,21.482806559771756,33.37975194046498,2.6761295890217704,81.99031213004844,5,17,52.04843934975785,47.9,43.43978401829705,0,0.0,61
35,2,AffectEV,50.0,Dengeli,21.482806559771756,33.37975194046498,2.6761295890217704,81.99031213004844,5,17,52.04843934975785,47.9,43.43978401829705,0,0.0,61
35,2,AffectEV,65.0,,23.45588500146698,36.054220182090596,2.8799032932977946,83.11473875194137,4,16,50.42630624029314,47.9,43.10016117783701,0,0.0,61
35,2,AffectEV,85.0,Konfor,26.476637431881407,43.54933125850818,3.2244512665153975,83.8439294438374,3,14,52.280352780813054,47.9,42.52591455580767,0,0.0,61
36,2,Dijkstra,,,24.10993819189053,53.24180146107893,3.3421203040064156,55.27484620716469,28,66,54.62576896417654,59.2,53.62979949332264,0,0.0,100
36,2,A*,,,27.628601220988152,40.240336327093864,3.5390999106844734,78.57689199218788,8,24,51.11554003906056,59.2,53.30150014885921,0,0.0,100
36,2,NSGA-II,,Dengeli,27.78522806303865,40.54111209672491,3.5175222816791347,80.3648438851371,7,20,50.67578057431448,59.2,53.33746286386811,0,0.0,100
36,2,AffectEV,15.0,,26.246204530722203,40.809451123290856,3.3659750195295604,75.27220886766473,10,32,50.63895566167635,59.2,53.590041634117405,0,0.0,100
36,2,AffectEV,30.0,,26.246204530722203,40.809451123290856,3.3659750195295604,75.27220886766473,10,32,50.63895566167635,59.2,53.590041634117405,0,0.0,100
36,2,AffectEV,50.0,Dengeli,27.78522806303865,40.54111209672491,3.5175222816791347,80.3648438851371,7,20,50.67578057431448,59.2,53.33746286386811,0,0.0,100
36,2,AffectEV,65.0,,31.537569442729982,42.37372630274281,4.144402053713848,84.99011574477876,5,11,46.04942127610622,59.2,52.29266324381025,0,0.0,100
36,2,AffectEV,85.0,,31.537569442729982,42.37372630274281,4.144402053713848,84.99011574477876,5,11,46.04942127610622,59.2,52.29266324381025,0,0.0,100
37,2,Dijkstra,,,12.058149939745649,25.64938929745498,1.5608539138860036,83.6718985208234,4,6,62.64050739588296,66.3,63.69857681018999,0,0.0,100
37,2,A*,,,13.828732620315412,20.229865147922034,1.7545100715419943,87.95531511298852,0,1,58.723424435057424,66.3,63.375816547430006,0,0.0,100
37,2,NSGA-II,,Dengeli,13.600577581130452,20.394503186965554,1.724556751150335,88.01759096316717,0,1,58.41204518416416,66.3,63.42573874808277,0,0.0,100
37,2,AffectEV,15.0,,12.365865375228696,22.948820333677514,1.5394467822587847,85.91546218920111,1,5,60.422689053994446,66.3,63.734255362902026,0,0.0,100
37,2,AffectEV,30.0,Dengeli,13.600577581130452,20.394503186965554,1.724556751150335,88.01759096316717,0,1,58.41204518416416,66.3,63.42573874808277,0,0.0,100
37,2,AffectEV,50.0,Dengeli,13.600577581130452,20.394503186965554,1.724556751150335,88.01759096316717,0,1,58.41204518416416,66.3,63.42573874808277,0,0.0,100
37,2,AffectEV,65.0,,13.788923752825122,20.791235368758805,1.7447371781341245,88.09508057225693,0,1,58.02459713871532,66.3,63.39210470310979,0,0.0,100
37,2,AffectEV,85.0,Konfor,13.792073329733892,21.485225953429822,1.743701736698716,88.12322922934939,0,1,57.883853853253065,66.3,63.39383043883547,0,0.0,100
38,2,Dijkstra,,,18.04001709290496,38.15949958624551,2.400827960300491,72.3092082139228,14,31,56.95395893038603,66.1,62.09862006616584,0,0.0,100
38,2,A*,,,19.55570562179163,35.304091652741235,2.482973186800052,79.8861303684362,6,19,57.06934815781899,66.1,61.96171135533324,0,0.0,100
38,2,NSGA-II,,Dengeli,20.448455660017018,37.289340229737086,2.4616035232789084,84.1568244832273,2,14,53.21587758386354,66.1,61.99732746120181,0,0.0,100
38,2,AffectEV,15.0,,18.603158917150406,37.488163150335865,2.3120839479907866,77.16582605528679,8,27,53.67086972356606,66.1,62.24652675334868,0,0.0,100
38,2,AffectEV,30.0,,19.7106583442339,36.16008617977556,2.4273135002001993,81.88365974127913,4,17,55.08170129360434,66.1,62.054477499666326,0,0.0,100
38,2,AffectEV,50.0,,20.962535559197104,38.30333063464999,2.5298859467492956,85.57239138477995,2,10,52.138043076100246,66.1,61.8835234220845,0,0.0,100
38,2,AffectEV,65.0,,21.383259806381144,39.50628611674218,2.565213130601158,86.39469980844258,2,8,51.026500957787086,66.1,61.8246447823314,0,0.0,100
38,2,AffectEV,85.0,,23.361000523916612,36.86305085406371,2.890186258273415,86.77091009452002,2,5,53.645449527399904,66.1,61.28302290287763,0,0.0,100
39,2,Dijkstra,,,27.693169836575326,52.24223324142087,3.7892976842692496,72.0300130395046,24,21,48.349934802476994,83.4,77.08450385955126,0,0.0,100
39,2,A*,,,28.836829395333833,34.624963851204484,3.7154646601660786,86.81978859592482,0,12,47.90105702037588,83.4,77.20755889972321,0,0.0,100
39,2,NSGA-II,,Dengeli,28.836829395333833,34.624963851204484,3.7154646601660786,86.81978859592482,0,12,47.90105702037588,83.4,77.20755889972321,0,0.0,100
39,2,AffectEV,15.0,Dengeli,28.836829395333833,34.624963851204484,3.7154646601660786,86.81978859592482,0,12,47.90105702037588,83.4,77.20755889972321,0,0.0,100
39,2,AffectEV,30.0,Dengeli,28.836829395333833,34.624963851204484,3.7154646601660786,86.81978859592482,0,12,47.90105702037588,83.4,77.20755889972321,0,0.0,100
39,2,AffectEV,50.0,,28.85249371132851,34.90029062311728,3.7067210113379403,86.90611245266392,0,12,47.469437736680405,83.4,77.2221316477701,0,0.0,100
39,2,AffectEV,65.0,,33.67842366493634,42.652781931130406,4.647996600057403,89.5061893696874,0,7,41.969053151563,83.4,75.65333899990434,0,0.0,100
39,2,AffectEV,85.0,,33.85074074729261,42.65842418918358,4.662325782759141,89.52142125139324,0,7,41.89289374303382,83.4,75.62945702873478,0,0.0,100
40,2,Dijkstra,,,15.54634367544098,30.770728724474978,2.012228444073561,77.22443276755877,10,22,55.87783616220614,86.5,83.14628592654407,0,0.0,74
40,2,A*,,,16.372028313843842,27.433911092605225,2.0719557880592023,81.766905944181,4,16,57.16547027909497,86.5,83.04674035323467,0,0.0,74
40,2,NSGA-II,,Dengeli,16.815085816188994,27.526690934922488,2.0879575602992664,83.28688224306119,2,15,56.06558878469408,86.5,83.02007073283455,0,0.0,74
40,2,AffectEV,15.0,,16.24704596069803,27.496494944093406,2.046896989824905,81.5754173242751,4,17,56.62291337862448,86.5,83.08850501695849,0,0.0,74
40,2,AffectEV,30.0,Dengeli,16.815085816188994,27.526690934922488,2.0879575602992664,83.28688224306119,2,15,56.06558878469408,86.5,83.02007073283455,0,0.0,74
40,2,AffectEV,50.0,,17.01141512801815,27.782292638142327,2.1064100218869277,83.70169156950493,2,14,55.49154215247535,86.5,82.98931663018845,0,0.0,74
40,2,AffectEV,65.0,,17.888541324521423,30.400023211532133,2.188292617714969,84.99522046060187,3,10,52.52389769699064,86.5,82.85284563714171,0,0.0,74
40,2,AffectEV,85.0,,17.888541324521423,30.400023211532133,2.188292617714969,84.99522046060187,3,10,52.52389769699064,86.5,82.85284563714171,0,0.0,74
41,2,Dijkstra,,,23.660635711712654,34.54872120336745,2.999489511178094,84.64808708334199,4,8,54.759564583290064,69.6,64.60085081470316,0,0.0,100
41,2,A*,,,23.906854558075526,33.60686512854925,3.0166210330232825,85.51987085104322,2,7,56.90064574478388,69.6,64.57229827829453,0,0.0,100
41,2,NSGA-II,,Dengeli,23.90198483737153,33.61388865043677,3.009355456709986,85.58010484458259,2,7,56.59947577708702,69.6,64.58440757215001,0,0.0,100
41,2,AffectEV,15.0,Dengeli,23.90198483737153,33.61388865043677,3.009355456709986,85.58010484458259,2,7,56.59947577708702,69.6,64.58440757215001,0,0.0,100
41,2,AffectEV,30.0,Dengeli,23.90198483737153,33.61388865043677,3.009355456709986,85.58010484458259,2,7,56.59947577708702,69.6,64.58440757215001,0,0.0,100
41,2,AffectEV,50.0,Dengeli,23.90198483737153,33.61388865043677,3.009355456709986,85.58010484458259,2,7,56.59947577708702,69.6,64.58440757215001,0,0.0,100
41,2,AffectEV,65.0,,24.23401744201553,34.6171808025288,3.0308771549876408,85.8481767291039,2,7,55.25911635448051,69.6,64.54853807502059,0,0.0,100
41,2,AffectEV,85.0,,25.091693249989007,35.79913658357562,3.1258358150691348,85.97617987709077,2,8,53.119100614546106,69.6,64.39027364155143,0,0.0,100
42,2,Dijkstra,,,21.96282146541537,39.624335534550845,2.9210590676266515,73.66463508545533,20,25,44.1768245727233,85.0,80.13156822062224,0,0.0,100
42,2,A*,,,22.090708649336612,39.195242523535065,2.9054740148804665,75.02946917332451,19,22,44.35265413337746,85.0,80.15754330853255,0,0.0,100
42,2,NSGA-II,,Dengeli,22.196961974257285,39.34609472338855,2.915962733330169,75.95284926886207,19,19,44.23575365568965,85.0,80.14006211111638,0,0.0,100
42,2,AffectEV,15.0,,22.090708649336612,39.195242523535065,2.9054740148804665,75.02946917332451,19,22,44.35265413337746,85.0,80.15754330853255,0,0.0,100
42,2,AffectEV,30.0,Dengeli,22.196961974257285,39.34609472338855,2.915962733330169,75.95284926886207,19,19,44.23575365568965,85.0,80.14006211111638,0,0.0,100
42,2,AffectEV,50.0,,35.49140261237128,40.74922421158478,4.8011121653365585,89.52012537933636,2,11,30.899373103318194,85.0,76.99814639110573,0,0.0,100
42,2,AffectEV,65.0,,37.51634162385312,41.13123317939819,5.01957484633059,90.20724680509218,0,12,30.963765974539104,85.0,76.63404192278234,0,0.0,100
42,2,AffectEV,85.0,,37.51634162385312,41.13123317939819,5.01957484633059,90.20724680509218,0,12,30.963765974539104,85.0,76.63404192278234,0,0.0,100
43,2,Dijkstra,,,17.06329866686855,41.22905917673792,2.2330428031039355,68.56398617158169,17,40,54.68006914209154,66.0,62.27826199482677,0,0.0,75
43,2,A*,,,19.448895047219445,34.29066355425932,2.4558863170892185,79.75936320689749,7,19,55.20318396551259,66.0,61.90685613818464,0,0.0,75
43,2,NSGA-II,,Dengeli,19.448895047219445,34.29066355425932,2.4558863170892185,79.75936320689749,7,19,55.20318396551259,66.0,61.90685613818464,0,0.0,75
43,2,AffectEV,15.0,Dengeli,19.448895047219445,34.29066355425932,2.4558863170892185,79.75936320689749,7,19,55.20318396551259,66.0,61.90685613818464,0,0.0,75
43,2,AffectEV,30.0,Dengeli,19.448895047219445,34.29066355425932,2.4558863170892185,79.75936320689749,7,19,55.20318396551259,66.0,61.90685613818464,0,0.0,75
43,2,AffectEV,50.0,,20.124193306229255,34.52609763144933,2.477719193778843,80.40505427924472,4,22,54.97472860377643,66.0,61.8704680103686,0,0.0,75
43,2,AffectEV,65.0,,26.369692398971733,37.01430751223358,3.7011184413309697,85.92470703166084,3,11,46.37646484169578,66.0,59.83146926444839,0,0.0,75
43,2,AffectEV,85.0,,29.444486456371546,37.4836507232444,4.252304682426906,86.57498647406356,3,10,44.62506762968215,66.0,58.91282552928849,0,0.0,75
44,2,Dijkstra,,,12.180318086105807,21.625146963040866,1.5576323030830486,84.64900060598299,1,7,63.754996970085074,66.9,64.30394616152826,0,0.0,24
44,2,A*,,,12.250430587020801,19.946529509958566,1.5416023989241274,86.76797048651441,0,3,61.66014756742795,66.9,64.3306626684598,0,0.0,24
44,2,NSGA-II,,Dengeli,12.739140714717573,20.98258893571354,1.5847623237754,87.2397864200576,0,3,59.30106789971201,66.9,64.25872946037434,0,0.0,24
44,2,AffectEV,15.0,,12.32193268327224,19.952748320324947,1.5457338097595525,86.90588117060653,0,3,60.970594146967294,66.9,64.32377698373409,0,0.0,24
44,2,AffectEV,30.0,,12.365034105447446,20.01948671429005,1.5498887556747478,86.94421090158144,0,3,60.778945492092745,66.9,64.31685207387542,0,0.0,24
44,2,AffectEV,50.0,,12.750656023817855,21.098548216379825,1.5823955886900762,87.24887421026165,0,3,59.25562894869175,66.9,64.26267401884988,0,0.0,24
44,2,AffectEV,65.0,,12.930622712203874,21.506206709394917,1.602719680259222,87.29349502035157,0,3,59.032524898242166,66.9,64.2288005329013,0,0.0,24
44,2,AffectEV,85.0,,12.930622712203874,21.506206709394917,1.602719680259222,87.29349502035157,0,3,59.032524898242166,66.9,64.2288005329013,0,0.0,24
45,2,Dijkstra,,,24.860773582720817,44.327952932391106,3.0852077857901103,83.34147492730978,8,8,51.292625363451165,76.0,70.85798702368315,0,0.0,100
45,2,A*,,,26.902213847243196,31.915698842226103,3.647150768822087,89.56859265985848,0,5,44.657036700707565,76.0,69.92141538529653,0,0.0,100
45,2,NSGA-II,,Dengeli,26.902213847243196,31.915698842226103,3.647150768822087,89.56859265985848,0,5,44.657036700707565,76.0,69.92141538529653,0,0.0,100
45,2,AffectEV,15.0,,26.06280865482671,35.62560119117076,3.37466705697849,87.62142305700921,0,11,45.39288471495393,76.0,70.37555490503586,0,0.0,100
45,2,AffectEV,30.0,Dengeli,26.902213847243196,31.915698842226103,3.647150768822087,89.56859265985848,0,5,44.657036700707565,76.0,69.92141538529653,0,0.0,100
45,2,AffectEV,50.0,Dengeli,26.902213847243196,31.915698842226103,3.647150768822087,89.56859265985848,0,5,44.657036700707565,76.0,69.92141538529653,0,0.0,100
45,2,AffectEV,65.0,,29.504038499776776,39.7149327058848,3.8665042067430804,90.97116711183641,0,2,42.14416444081794,76.0,69.55582632209486,0,0.0,100
45,2,AffectEV,85.0,Konfor,29.83967192556898,41.320095955556646,3.865759608168502,91.07181338074878,0,2,41.64093309625608,76.0,69.55706731971917,0,0.0,100
46,2,Dijkstra,,,15.652162516574279,41.46107717646079,2.157639502629984,62.487517855118455,21,50,60.06241072440771,66.4,62.80393416228337,0,0.0,68
46,2,A*,,,16.853269906886915,33.77599708862452,2.1741623747230197,73.70286454016431,8,32,63.485677299178434,66.4,62.776396042128304,0,0.0,68
46,2,NSGA-II,,Dengeli,17.36360397269942,36.691888577964015,2.220242393132423,78.22765202716144,9,16,62.361739864192785,66.4,62.69959601144597,0,0.0,68
46,2,AffectEV,15.0,Verimlilik,16.565053234858464,34.3145611631401,2.1128917795154045,71.90722994528393,7,40,62.96385027358034,66.4,62.878513700807666,0,0.0,68
46,2,AffectEV,30.0,,16.673001314634355,34.88650686370057,2.12452764632939,73.42883347570738,7,35,62.85583262146309,66.4,62.859120589451024,0,0.0,68
46,2,AffectEV,50.0,Dengeli,17.36360397269942,36.691888577964015,2.220242393132423,78.22765202716144,9,16,62.361739864192785,66.4,62.69959601144597,0,0.0,68
46,2,AffectEV,65.0,Dengeli,17.36360397269942,36.691888577964015,2.220242393132423,78.22765202716144,9,16,62.361739864192785,66.4,62.69959601144597,0,0.0,68
46,2,AffectEV,85.0,,17.385556852196615,37.31539505519584,2.2230247077937473,78.3130220089511,9,16,61.93488995524454,66.4,62.69495882034376,0,0.0,68
47,2,Dijkstra,,,23.44933666717482,45.732719303198145,3.2363470501443827,76.53879679875911,23,13,40.3060160062045,67.7,62.30608824975936,0,0.0,100
47,2,A*,,,25.219345693571665,33.31523094480524,2.9528262268779195,90.06763325808195,0,4,43.66183370959021,67.7,62.778622955203474,0,0.0,100
47,2,NSGA-II,,Dengeli,25.219345693571665,33.31523094480524,2.9528262268779195,90.06763325808195,0,4,43.66183370959021,67.7,62.778622955203474,0,0.0,100
47,2,AffectEV,15.0,Dengeli,25.219345693571665,33.31523094480524,2.9528262268779195,90.06763325808195,0,4,43.66183370959021,67.7,62.778622955203474,0,0.0,100
47,2,AffectEV,30.0,Dengeli,25.219345693571665,33.31523094480524,2.9528262268779195,90.06763325808195,0,4,43.66183370959021,67.7,62.778622955203474,0,0.0,100
47,2,AffectEV,50.0,Dengeli,25.219345693571665,33.31523094480524,2.9528262268779195,90.06763325808195,0,4,43.66183370959021,67.7,62.778622955203474,0,0.0,100
47,2,AffectEV,65.0,,25.66417699121573,36.76147094978389,3.0283243353810705,91.16313009964725,0,4,38.184349501763776,67.7,62.65279277436488,0,0.0,100
47,2,AffectEV,85.0,,25.66417699121573,36.76147094978389,3.0283243353810705,91.16313009964725,0,4,38.184349501763776,67.7,62.65279277436488,0,0.0,100
48,2,Dijkstra,,,15.080656660003548,23.433074052436044,1.873073531271798,88.34341204714313,0,3,53.78293976428435,69.3,66.17821078121366,0,0.0,35
48,2,A*,,,15.08825023391879,22.218382485587195,1.8676872587769533,87.96820412290094,0,5,52.658979385495286,69.3,66.1871879020384,0,0.0,35
48,2,NSGA-II,,Dengeli,15.087481534729015,22.26620303480004,1.8671818988124942,88.54424197195291,0,3,52.77879014023539,69.3,66.18803016864584,0,0.0,35
48,2,AffectEV,15.0,Dengeli,15.087481534729015,22.26620303480004,1.8671818988124942,88.54424197195291,0,3,52.77879014023539,69.3,66.18803016864584,0,0.0,35
48,2,AffectEV,30.0,Dengeli,15.087481534729015,22.26620303480004,1.8671818988124942,88.54424197195291,0,3,52.77879014023539,69.3,66.18803016864584,0,0.0,35
48,2,AffectEV,50.0,,15.350560251195741,23.755113669692328,1.8758904835992691,88.76257751518493,0,3,51.687112424075316,69.3,66.17351586066788,0,0.0,35
48,2,AffectEV,65.0,,15.87512051642253,28.948452970372166,1.9273416782948598,89.03376856899064,0,2,51.83115715504678,69.3,66.08776386950856,0,0.0,35
48,2,AffectEV,85.0,,15.87512051642253,28.948452970372166,1.9273416782948598,89.03376856899064,0,2,51.83115715504678,69.3,66.08776386950856,0,0.0,35
49,2,Dijkstra,,,12.448359452641155,33.605434607261735,1.896560148547199,71.36086957749357,23,16,61.695652112532144,70.1,66.939066419088,0,0.0,100
49,2,A*,,,15.388803211895535,26.115388785756938,1.9622921693334276,76.7295886541304,3,31,62.352056729348,70.1,66.82951305111095,0,0.0,100
49,2,NSGA-II,,Verimlilik,12.92504667733828,30.768919887072137,1.7113662345547866,77.87612859267622,12,14,59.619357036618865,70.1,67.24772294240869,0,0.0,100
49,2,AffectEV,15.0,,12.840161770002716,30.41208582600369,1.7113842695410364,76.51291224870371,12,18,60.435438756481446,70.1,67.24769288409827,0,0.0,100
49,2,AffectEV,30.0,Verimlilik,12.92504667733828,30.768919887072137,1.7113662345547866,77.87612859267622,12,14,59.619357036618865,70.1,67.24772294240869,0,0.0,100
49,2,AffectEV,50.0,Verimlilik,12.92504667733828,30.768919887072137,1.7113662345547866,77.87612859267622,12,14,59.619357036618865,70.1,67.24772294240869,0,0.0,100
49,2,AffectEV,65.0,,16.340488447727513,28.59053474112552,2.034992992922611,83.32858310094218,1,13,61.35708449528911,70.1,66.70834501179564,0,0.0,100
49,2,AffectEV,85.0,,16.340488447727513,28.59053474112552,2.034992992922611,83.32858310094218,1,13,61.35708449528911,70.1,66.70834501179564,0,0.0,100
50,2,Dijkstra,,,20.447974153171877,42.82927291877839,2.6266469352831794,78.6292012270487,22,3,47.35399386475649,32.0,27.622255107861367,0,0.0,100
50,2,A*,,,29.50013168469529,33.12213310567105,3.878760709113865,92.18314226176378,0,2,36.084288691181094,32.0,25.53539881814356,0,0.0,100
50,2,NSGA-II,,Dengeli,29.50013168469529,33.12213310567105,3.878760709113865,92.18314226176378,0,2,36.084288691181094,32.0,25.53539881814356,0,0.0,100
50,2,AffectEV,15.0,,22.519840014557513,36.88980952208866,2.6636787239425597,86.92398172365736,1,9,49.38009138171319,32.0,27.560535460095736,0,0.0,100
50,2,AffectEV,30.0,,22.522110226218533,37.05906297507979,2.668336252710953,87.16299824296297,1,8,49.685008785185104,32.0,27.552772912148413,0,0.0,100
50,2,AffectEV,50.0,Dengeli,29.50013168469529,33.12213310567105,3.878760709113865,92.18314226176378,0,2,36.084288691181094,32.0,25.53539881814356,0,0.0,100
50,2,AffectEV,65.0,Dengeli,29.50013168469529,33.12213310567105,3.878760709113865,92.18314226176378,0,2,36.084288691181094,32.0,25.53539881814356,0,0.0,100
50,2,AffectEV,85.0,,31.039361239437735,37.7335263434075,4.024089276105154,92.46419909026395,0,2,34.67900454868028,32.0,25.293184539824743,0,0.0,100
1,3,Dijkstra,,,18.180626954473706,40.93041621892449,2.509981741709814,74.413340705825,29,10,40.43329647087508,68.4,64.21669709715032,0,0.0,100
1,3,A*,,,24.45707858257984,26.0478736303494,3.2432100219361066,92.06805901449674,0,5,32.15970492751627,68.4,62.99464996343983,0,0.0,100
1,3,NSGA-II,,Dengeli,23.32539554383393,27.625733701239533,2.9661955906057034,91.96483226917964,0,5,32.67583865410181,68.4,63.456340682323834,0,0.0,100
1,3,AffectEV,15.0,,19.246021985210607,35.86966340985092,2.3864591095563785,82.6016611026387,15,8,37.49169448680654,68.4,64.42256815073938,0,0.0,100
1,3,AffectEV,30.0,Dengeli,23.32539554383393,27.625733701239533,2.9661955906057034,91.96483226917964,0,5,32.67583865410181,68.4,63.456340682323834,0,0.0,100
1,3,AffectEV,50.0,Dengeli,23.32539554383393,27.625733701239533,2.9661955906057034,91.96483226917964,0,5,32.67583865410181,68.4,63.456340682323834,0,0.0,100
1,3,AffectEV,65.0,,23.697585162546595,28.41027213566035,3.011399361583257,92.16057089282424,0,4,33.19714553587881,68.4,63.38100106402791,0,0.0,100
1,3,AffectEV,85.0,,24.025138944191777,28.82287299381795,3.042074115765921,92.21751560488845,0,4,32.91242197555775,68.4,63.32987647372347,0,0.0,100
2,3,Dijkstra,,,25.08490021637783,33.71492018895337,3.0664455928535785,83.03860238375817,3,22,44.30698808120915,52.2,47.089257345244036,0,0.0,25
2,3,A*,,,25.123592790695103,33.239290485512,3.0650023150824435,82.00947982278709,3,25,44.95260088606456,52.2,47.091662808195935,0,0.0,25
2,3,NSGA-II,,Dengeli,25.126929302459256,33.44351078061579,3.0231122963867474,83.53133864033148,2,22,44.34330679834262,52.2,47.16147950602209,0,0.0,25
2,3,AffectEV,15.0,Dengeli,25.126929302459256,33.44351078061579,3.0231122963867474,83.53133864033148,2,22,44.34330679834262,52.2,47.16147950602209,0,0.0,25
2,3,AffectEV,30.0,Dengeli,25.126929302459256,33.44351078061579,3.0231122963867474,83.53133864033148,2,22,44.34330679834262,52.2,47.16147950602209,0,0.0,25
2,3,AffectEV,50.0,,25.717720326141666,34.839062119957376,3.09300638828506,84.5410192111391,2,19,43.7949039443045,52.2,47.04498935285824,0,0.0,25
2,3,AffectEV,65.0,Konfor,28.593350569864736,38.4405409727674,3.5862695991258797,86.38307188506292,1,17,40.08464057468543,52.2,46.22288400145687,0,0.0,25
2,3,AffectEV,85.0,Konfor,28.593350569864736,38.4405409727674,3.5862695991258797,86.38307188506292,1,17,40.08464057468543,52.2,46.22288400145687,0,0.0,25
3,3,Dijkstra,,,10.944476773165217,25.524308923548134,1.454648931474652,76.05926216608907,8,26,60.70368916955466,77.4,74.97558511420893,0,0.0,100
3,3,A*,,,11.560046549342712,22.942752113096887,1.4728012998329614,80.94048733996084,1,20,62.797563300195804,77.4,74.94533116694507,0,0.0,100
3,3,NSGA-II,,Dengeli,11.847733668156806,23.26807906812674,1.4997942490138643,82.67067992105504,1,15,61.64660039472482,77.4,74.90034291831023,0,0.0,100
3,3,AffectEV,15.0,Verimlilik,11.754617109236538,23.881188203075283,1.3841386885695488,78.17821038464879,1,35,54.108948076756015,77.4,75.09310218571743,0,0.0,100
3,3,AffectEV,30.0,,11.560046549342712,22.942752113096887,1.4728012998329614,80.94048733996084,1,20,62.797563300195804,77.4,74.94533116694507,0,0.0,100
3,3,AffectEV,50.0,Dengeli,11.847733668156806,23.26807906812674,1.4997942490138643,82.67067992105504,1,15,61.64660039472482,77.4,74.90034291831023,0,0.0,100
3,3,AffectEV,65.0,,13.800131936140179,25.805772340379594,1.7209843396336764,85.66146284318653,1,7,58.69268578406735,77.4,74.5316927672772,0,0.0,100
3,3,AffectEV,85.0,,13.800131936140179,25.805772340379594,1.7209843396336764,85.66146284318653,1,7,58.69268578406735,77.4,74.5316927672772,0,0.0,100
4,3,Dijkstra,,,20.388666386118903,34.09365605789612,2.453932792008562,85.54511987937954,3,10,49.77440060310231,40.6,36.510112013319066,0,0.0,100
4,3,A*,,,23.1118562356515,32.526787476392286,2.8921920930103284,84.70318237417865,2,11,54.98408812910673,40.6,35.77967984498279,0,0.0,100
4,3,NSGA-II,,Dengeli,20.4100435009248,34.35332298534774,2.4607524803619696,85.82851227598752,3,9,49.85743862006242,40.6,36.49874586606339,0,0.0,100
4,3,AffectEV,15.0,,20.703567244736718,32.68635858736339,2.5347236676645903,84.99009008227335,4,10,50.04954958863324,40.6,36.37546055389235,0,0.0,100
4,3,AffectEV,30.0,Dengeli,20.4100435009248,34.35332298534774,2.4607524803619696,85.82851227598752,3,9,49.85743862006242,40.6,36.49874586606339,0,0.0,100
4,3,AffectEV,50.0,,34.12765942341381,38.9985721029626,4.606291186204555,89.70296717473508,2,7,35.985164126324634,40.6,32.92284802299241,0,0.0,100
4,3,AffectEV,65.0,,34.108709759192855,39.06573930691081,4.604421591995012,89.7056866852084,2,7,35.97156657395796,40.6,32.92596401334165,0,0.0,100
4,3,AffectEV,85.0,,34.108709759192855,39.06573930691081,4.604421591995012,89.7056866852084,2,7,35.97156657395796,40.6,32.92596401334165,0,0.0,100
5,3,Dijkstra,,,16.803270107900584,36.87300892951468,2.0761568961710495,80.01301850376055,7,20,52.434907481197286,47.9,44.43973850638158,0,0.0,60
5,3,A*,,,18.773168625237112,33.5719246407879,2.3032234257842314,83.08654468787662,2,15,57.06727656061687,47.9,44.06129429035961,0,0.0,60
5,3,NSGA-II,,Dengeli,18.773168625237112,33.5719246407879,2.3032234257842314,83.08654468787662,2,15,57.06727656061687,47.9,44.06129429035961,0,0.0,60
5,3,AffectEV,15.0,Verimlilik,16.804564530877506,36.6833794029216,2.0751238930153417,80.04891215371109,7,20,52.255439231444534,47.9,44.441460178307764,0,0.0,60
5,3,AffectEV,30.0,Dengeli,18.773168625237112,33.5719246407879,2.3032234257842314,83.08654468787662,2,15,57.06727656061687,47.9,44.06129429035961,0,0.0,60
5,3,AffectEV,50.0,Dengeli,18.773168625237112,33.5719246407879,2.3032234257842314,83.08654468787662,2,15,57.06727656061687,47.9,44.06129429035961,0,0.0,60
5,3,AffectEV,65.0,,19.306895416511892,36.06185984220819,2.369186465483961,83.55156913206949,2,14,56.24215433965256,47.9,43.951355890860064,0,0.0,60
5,3,AffectEV,85.0,,20.140538663294443,39.46553887586079,2.4267908615084637,84.01058304496026,2,14,53.947084775198704,47.9,43.85534856415256,0,0.0,60
6,3,Dijkstra,,,11.466184045725482,18.76993038499638,1.3728336791708378,88.80949692658578,3,5,40.95251536707111,85.2,82.91194386804861,0,0.0,34
6,3,A*,,,11.481111193786168,18.714377549922105,1.3732870707070015,88.8376966298671,3,5,40.811516850664546,85.2,82.91118821548834,0,0.0,34
6,3,NSGA-II,,Dengeli,11.62481307738292,19.076780059285664,1.3796334964694084,89.30940594253528,3,4,39.95297028732361,85.2,82.90061083921765,0,0.0,34
6,3,AffectEV,15.0,,11.481111193786168,18.714377549922105,1.3732870707070015,88.8376966298671,3,5,40.811516850664546,85.2,82.91118821548834,0,0.0,34
6,3,AffectEV,30.0,Dengeli,11.62481307738292,19.076780059285664,1.3796334964694084,89.30940594253528,3,4,39.95297028732361,85.2,82.90061083921765,0,0.0,34
6,3,AffectEV,50.0,Dengeli,11.62481307738292,19.076780059285664,1.3796334964694084,89.30940594253528,3,4,39.95297028732361,85.2,82.90061083921765,0,0.0,34
6,3,AffectEV,65.0,,12.231498767413477,19.571569447688944,1.4555722617541151,89.61562332530738,3,3,39.921883373463096,85.2,82.77404623040981,0,0.0,34
6,3,AffectEV,85.0,,12.826293128936287,21.2040216763128,1.5116537916729484,89.72645190574592,3,3,39.36774047127041,85.2,82.68057701387842,0,0.0,34
7,3,Dijkstra,,,15.816035757029267,30.576452706619655,2.0211480655281266,80.43567522845157,11,18,43.32162385774219,75.2,71.83141989078646,0,0.0,100
7,3,A*,,,17.9105998714106,27.3214186128072,2.1720827950363226,88.64602329393999,4,7,36.26988353030002,75.2,71.5798620082728,0,0.0,100
7,3,NSGA-II,,Dengeli,17.9105998714106,27.3214186128072,2.1720827950363226,88.64602329393999,4,7,36.26988353030002,75.2,71.5798620082728,0,0.0,100
7,3,AffectEV,15.0,Dengeli,17.9105998714106,27.3214186128072,2.1720827950363226,88.64602329393999,4,7,36.26988353030002,75.2,71.5798620082728,0,0.0,100
7,3,AffectEV,30.0,Dengeli,17.9105998714106,27.3214186128072,2.1720827950363226,88.64602329393999,4,7,36.26988353030002,75.2,71.5798620082728,0,0.0,100
7,3,AffectEV,50.0,Dengeli,17.9105998714106,27.3214186128072,2.1720827950363226,88.64602329393999,4,7,36.26988353030002,75.2,71.5798620082728,0,0.0,100
7,3,AffectEV,65.0,,21.46697054936123,30.010137444415967,2.4251777425945713,90.15910631648245,0,7,38.70446841758771,75.2,71.15803709567572,0,0.0,100
7,3,AffectEV,85.0,,22.70094678051951,32.924573092009716,2.550494397854926,90.66260388718837,0,6,37.68698056405817,75.2,70.94917600357513,0,0.0,100
8,3,Dijkstra,,,25.23747109975654,47.92606170579997,2.85876609344041,77.10599978360821,4,43,39.97000108195898,43.6,38.83538984426598,0,0.0,100
8,3,A*,,,31.858814176997722,47.79660779246504,3.682725449678508,86.76823871476068,1,15,41.158806426196556,43.6,37.46212425053582,0,0.0,100
8,3,NSGA-II,,Dengeli,25.775462379625882,48.21582557871616,2.9023133731182997,80.38533731365041,2,35,40.573313431747955,43.6,38.76281104480284,0,0.0,100
8,3,AffectEV,15.0,,25.595042184433463,47.805931090647135,2.879404311269034,79.23722851414341,2,39,40.31385742928294,43.6,38.80099281455161,0,0.0,100
8,3,AffectEV,30.0,,25.595042184433463,47.805931090647135,2.879404311269034,79.23722851414341,2,39,40.31385742928294,43.6,38.80099281455161,0,0.0,100
8,3,AffectEV,50.0,,30.08427332172251,49.58086520657169,3.4065185372392714,89.21060539301574,2,6,39.946973034921285,43.6,37.92246910460121,0,0.0,100
8,3,AffectEV,65.0,,30.663657140601515,51.64085597281748,3.4389879259286227,90.23293720069802,2,3,39.335313996509896,43.6,37.86835345678563,0,0.0,100
8,3,AffectEV,85.0,,30.84570816645793,51.94411784750166,3.455357855527887,90.31536521210673,2,3,38.923173939466345,43.6,37.841070240786856,0,0.0,100
9,3,Dijkstra,,,17.935784581718238,36.10991650633062,2.4715733130781956,76.2615030646267,24,8,46.69248467686654,55.9,51.78071114486967,0,0.0,100
9,3,A*,,,26.11055217719768,25.621651300153697,3.6866044440745647,90.3701416618671,2,6,34.14929169066451,55.9,49.75565925987573,0,0.0,100
9,3,NSGA-II,,Dengeli,26.11055217719768,25.621651300153697,3.6866044440745647,90.3701416618671,2,6,34.14929169066451,55.9,49.75565925987573,0,0.0,100
9,3,AffectEV,15.0,,19.860334771077753,28.885865340900477,2.701776993857282,84.1003604737804,12,6,40.49819763109803,55.9,51.3970383435712,0,0.0,100
9,3,AffectEV,30.0,,20.71212531924883,33.30272295392724,2.431988710861477,86.86245998549242,1,11,46.68770007253789,55.9,51.84668548189754,0,0.0,100
9,3,AffectEV,50.0,,26.63184311753261,30.4162254443258,3.538216463052458,92.08442791621923,0,3,35.07786041890384,55.9,50.002972561579234,0,0.0,100
9,3,AffectEV,65.0,,26.762955992359586,30.873350313098413,3.543857065472557,92.15795760320522,0,3,34.71021198397391,55.9,49.993571557545735,0,0.0,100
9,3,AffectEV,85.0,,26.762955992359586,30.873350313098413,3.543857065472557,92.15795760320522,0,3,34.71021198397391,55.9,49.993571557545735,0,0.0,100
10,3,Dijkstra,,,8.80302209354457,21.64206157888241,1.1859172121707582,82.70054122249383,11,3,54.49729388753083,30.8,28.82347131304874,0,0.0,8
10,3,A*,,,9.48975926483522,19.854433636237378,1.134642269980333,86.21710936980139,4,6,49.91445315099306,30.8,28.90892955003278,0,0.0,8
10,3,NSGA-II,,Verimlilik,9.48975926483522,19.854433636237378,1.134642269980333,86.21710936980139,4,6,49.91445315099306,30.8,28.90892955003278,0,0.0,8
10,3,AffectEV,15.0,Verimlilik,9.48975926483522,19.854433636237378,1.134642269980333,86.21710936980139,4,6,49.91445315099306,30.8,28.90892955003278,0,0.0,8
10,3,AffectEV,30.0,Verimlilik,9.48975926483522,19.854433636237378,1.134642269980333,86.21710936980139,4,6,49.91445315099306,30.8,28.90892955003278,0,0.0,8
10,3,AffectEV,50.0,,11.4525814751614,20.710565188043542,1.338675120072779,89.1296677749243,0,3,49.85166112537846,30.8,28.568874799878703,0,0.0,8
10,3,AffectEV,65.0,,11.46753331191533,20.739293352176446,1.3401922723512272,89.14184721362172,0,3,49.790763931891384,30.8,28.566346212747955,0,0.0,8
10,3,AffectEV,85.0,,11.46753331191533,20.739293352176446,1.3401922723512272,89.14184721362172,0,3,49.790763931891384,30.8,28.566346212747955,0,0.0,8
11,3,Dijkstra,,,9.660212526006283,22.50120711823315,1.3050328994870348,79.71358891165113,7,9,70.43205544174432,51.9,49.72494516752161,0,0.0,100
11,3,A*,,,11.305589375993065,20.021562813401882,1.4367736447238788,85.12355909769533,2,5,61.8822045115233,51.9,49.50537725879354,0,0.0,100
11,3,NSGA-II,,Dengeli,11.606738341053253,20.606275626408387,1.4590985847897704,86.32750023488151,2,2,60.36249882559245,51.9,49.468169025350385,0,0.0,100
11,3,AffectEV,15.0,,9.898225243761136,20.130956875046007,1.2909556922801801,83.34973677126527,3,5,68.25131614367366,51.9,49.74840717953303,0,0.0,100
11,3,AffectEV,30.0,,9.898225243761136,20.130956875046007,1.2909556922801801,83.34973677126527,3,5,68.25131614367366,51.9,49.74840717953303,0,0.0,100
11,3,AffectEV,50.0,Dengeli,11.606738341053253,20.606275626408387,1.4590985847897704,86.32750023488151,2,2,60.36249882559245,51.9,49.468169025350385,0,0.0,100
11,3,AffectEV,65.0,,11.802563582007933,20.895106961050868,1.4788875146704374,86.44482968387825,2,2,59.77585158060872,51.9,49.43518747554927,0,0.0,100
11,3,AffectEV,85.0,Konfor,13.315684134493651,27.37651489587002,1.6371057050859876,86.98637046964328,2,1,58.568147651783576,51.9,49.17149049152335,0,0.0,100
12,3,Dijkstra,,,21.66993991746172,48.448904535213686,2.8127957581859415,74.1750002990547,11,23,67.1249985047265,65.7,61.0120070696901,0,0.0,80
12,3,A*,,,22.235093969203078,44.017398820169916,2.8241811872400064,73.44650783716958,5,37,64.76746081415209,65.7,60.99303135459999,0,0.0,80
12,3,NSGA-II,,Dengeli,22.6148932481736,45.44951008926874,2.8531899198986435,77.45903747227925,3,26,66.20481263860376,65.7,60.9446834668356,0,0.0,80
12,3,AffectEV,15.0,,21.814763176977873,45.25547129041216,2.7855202147013776,75.3415334425149,8,26,64.29233278742548,65.7,61.05746630883104,0,0.0,80
12,3,AffectEV,30.0,,21.856515943674562,46.23948953769321,2.7811117734215345,76.86663348611262,6,23,66.16683256943693,65.7,61.06481371096411,0,0.0,80
12,3,AffectEV,50.0,,22.637086561460556,45.51647577174345,2.8543576943526108,77.50980833057774,3,26,65.95095834711128,65.7,60.942737176078985,0,0.0,80
12,3,AffectEV,65.0,,23.80600752202659,48.41401356409191,2.9804304463450224,78.46720158421721,4,23,63.16399207891396,65.7,60.7326159227583,0,0.0,80
12,3,AffectEV,85.0,,23.971205499085997,48.81631716496063,2.99825144208383,78.5448625509544,4,23,62.775687245228006,65.7,60.70291426319362,0,0.0,80
13,3,Dijkstra,,,23.210046865366078,54.82676476195027,2.9720850699772576,72.6776008558929,18,24,55.61199572053549,42.6,37.64652488337124,0,0.0,100
13,3,A*,,,24.673211862626776,39.97564407693941,2.9968903031799474,86.24473230728174,0,9,55.276338463591316,42.6,37.60518282803342,0,0.0,100
13,3,NSGA-II,,Dengeli,24.668947687576093,40.06283283762514,2.996329300723989,86.28720162756944,0,9,55.0639918621528,42.6,37.606117832126685,0,0.0,100
13,3,AffectEV,15.0,,24.673211862626776,39.97564407693941,2.9968903031799474,86.24473230728174,0,9,55.276338463591316,42.6,37.60518282803342,0,0.0,100
13,3,AffectEV,30.0,Dengeli,24.668947687576093,40.06283283762514,2.996329300723989,86.28720162756944,0,9,55.0639918621528,42.6,37.606117832126685,0,0.0,100
13,3,AffectEV,50.0,Dengeli,24.668947687576093,40.06283283762514,2.996329300723989,86.28720162756944,0,9,55.0639918621528,42.6,37.606117832126685,0,0.0,100
13,3,AffectEV,65.0,,27.63820962493279,48.041931425664025,3.2280420933342313,87.78851185537394,0,8,49.05744072313032,42.6,37.21992984444295,0,0.0,100
13,3,AffectEV,85.0,,27.63820962493279,48.041931425664025,3.2280420933342313,87.78851185537394,0,8,49.05744072313032,42.6,37.21992984444295,0,0.0,100
14,3,Dijkstra,,,17.365727681979003,38.21950852231844,2.2087675809465876,80.27927812594709,11,12,53.1036093702646,77.8,74.11872069842235,0,0.0,100
14,3,A*,,,18.6424510106968,36.76589879640517,2.2706997400274194,84.09680187221367,8,7,49.01599063893165,77.8,74.01550043328763,0,0.0,100
14,3,NSGA-II,,Dengeli,18.682914408661077,36.772462689444474,2.2726187096880093,84.16545078712274,8,7,48.672746064386324,77.8,74.01230215051999,0,0.0,100
14,3,AffectEV,15.0,,18.6424510106968,36.76589879640517,2.2706997400274194,84.09680187221367,8,7,49.01599063893165,77.8,74.01550043328763,0,0.0,100
14,3,AffectEV,30.0,Dengeli,18.682914408661077,36.772462689444474,2.2726187096880093,84.16545078712274,8,7,48.672746064386324,77.8,74.01230215051999,0,0.0,100
14,3,AffectEV,50.0,Dengeli,18.682914408661077,36.772462689444474,2.2726187096880093,84.16545078712274,8,7,48.672746064386324,77.8,74.01230215051999,0,0.0,100
14,3,AffectEV,65.0,,22.20269626398068,40.743743332427165,2.624431977024953,86.4616775834964,6,5,45.19161208251802,77.8,73.4259467049584,0,0.0,100
14,3,AffectEV,85.0,Konfor,25.220200284463832,42.019120624204554,2.961207396572697,86.94115992240366,5,6,43.79420038798171,77.8,72.8646543390455,0,0.0,100
15,3,Dijkstra,,,23.12440075830618,48.15487135320642,3.279451900505297,72.56647009596011,25,10,59.66764952019943,63.8,58.33424683249117,0,0.0,100
15,3,A*,,,24.85021409100943,38.762557974004984,3.1356825023309116,78.6263432288257,6,25,54.36828385587144,63.8,58.57386249611515,0,0.0,100
15,3,NSGA-II,,Dengeli,24.846117243829248,38.77475883742872,3.1363105077023876,78.91039531273985,6,24,54.448023436300744,63.8,58.57281582049602,0,0.0,100
15,3,AffectEV,15.0,Dengeli,24.846117243829248,38.77475883742872,3.1363105077023876,78.91039531273985,6,24,54.448023436300744,63.8,58.57281582049602,0,0.0,100
15,3,AffectEV,30.0,Dengeli,24.846117243829248,38.77475883742872,3.1363105077023876,78.91039531273985,6,24,54.448023436300744,63.8,58.57281582049602,0,0.0,100
15,3,AffectEV,50.0,,25.03499892005545,40.07103257232814,3.112112621331188,79.40139610179409,6,24,51.99301949102953,63.8,58.61314563111468,0,0.0,100
15,3,AffectEV,65.0,,28.284105351757482,46.105714191618084,3.509655307289205,83.03599722891137,6,10,54.82001385544313,63.8,57.95057448785132,0,0.0,100
15,3,AffectEV,85.0,Konfor,28.363188452578424,46.39750721570902,3.516391001963669,83.0762284667095,6,10,54.61885766645253,63.8,57.93934833006055,0,0.0,100
16,3,Dijkstra,,,20.62345860912918,45.88842090801954,2.763188505735721,74.36000291808381,20,16,54.19998540958098,84.0,79.3946858237738,0,0.0,100
16,3,A*,,,37.095179140401015,35.89665050850515,5.368031146472107,88.6448292233955,3,9,35.77585388302252,84.0,75.05328142254649,0,0.0,100
16,3,NSGA-II,,Dengeli,23.80484401446847,43.982754421781095,2.7865214934583182,85.52655653934599,3,11,48.36721730327001,84.0,79.3557975109028,0,0.0,100
16,3,AffectEV,15.0,,23.54591234832794,43.02190910789243,2.770055459409492,84.37443686070803,3,14,49.627815696459855,84.0,79.38324090098418,0,0.0,100
16,3,AffectEV,30.0,,23.748668552414163,43.693442794242614,2.7772207993961024,85.21731095966243,3,12,48.41344520168786,84.0,79.37129866767316,0,0.0,100
16,3,AffectEV,50.0,,25.338375507923345,46.65657840850751,2.926518366490183,87.51793870605161,2,7,46.91030646974192,84.0,79.12246938918302,0,0.0,100
16,3,AffectEV,65.0,,37.095179140401015,35.89665050850515,5.368031146472107,88.6448292233955,3,9,35.77585388302252,84.0,75.05328142254649,0,0.0,100
16,3,AffectEV,85.0,,37.095179140401015,35.89665050850515,5.368031146472107,88.6448292233955,3,9,35.77585388302252,84.0,75.05328142254649,0,0.0,100
17,3,Dijkstra,,,7.48250904180245,12.00823604685495,0.9353224921446425,86.52791010859218,1,9,51.3604494570391,48.8,47.24112917975893,0,0.0,25
17,3,A*,,,8.096529163197362,11.422079326510467,1.0207410791128504,86.91959414949754,1,8,50.902029252512314,48.8,47.098764868145246,0,0.0,25
17,3,NSGA-II,,Dengeli,8.740204671149652,13.529074783165353,1.082748911245642,87.71995403138008,1,6,49.90022984309956,48.8,46.99541848125726,0,0.0,25
17,3,AffectEV,15.0,,8.092432316017184,11.434280189934197,1.0213690844843266,87.1709803787026,1,7,51.14509810648703,48.8,47.097718192526116,0,0.0,25
17,3,AffectEV,30.0,,8.092432316017184,11.434280189934197,1.0213690844843266,87.1709803787026,1,7,51.14509810648703,48.8,47.097718192526116,0,0.0,25
17,3,AffectEV,50.0,,8.78949196456158,13.677103776364012,1.0878358007601332,87.7503186821566,1,6,49.74840658921695,48.8,46.98694033206644,0,0.0,25
17,3,AffectEV,65.0,,8.85763133216358,13.850351552104827,1.0947682627324458,87.7612714216489,1,6,49.69364289175548,48.8,46.97538622877926,0,0.0,25
17,3,AffectEV,85.0,,8.85763133216358,13.850351552104827,1.0947682627324458,87.7612714216489,1,6,49.69364289175548,48.8,46.97538622877926,0,0.0,25
18,3,Dijkstra,,,17.48013166005094,28.743309355529863,2.145115164721917,82.38702625760448,5,16,51.56486871197764,72.1,68.5248080587968,0,0.0,33
18,3,A*,,,17.48038052525706,27.58970018495893,2.1388845770181306,83.0945697615685,4,15,52.0271511921575,72.1,68.53519237163644,0,0.0,33
18,3,NSGA-II,,Dengeli,17.661784663539354,28.01978995706789,2.1566318762997443,83.47765557861008,4,14,51.6117221069496,72.1,68.50561353950042,0,0.0,33
18,3,AffectEV,15.0,,17.48038052525706,27.58970018495893,2.1388845770181306,83.0945697615685,4,15,52.0271511921575,72.1,68.53519237163644,0,0.0,33
18,3,AffectEV,30.0,Dengeli,17.661784663539354,28.01978995706789,2.1566318762997443,83.47765557861008,4,14,51.6117221069496,72.1,68.50561353950042,0,0.0,33
18,3,AffectEV,50.0,Dengeli,17.661784663539354,28.01978995706789,2.1566318762997443,83.47765557861008,4,14,51.6117221069496,72.1,68.50561353950042,0,0.0,33
18,3,AffectEV,65.0,,24.38465923087001,35.540057395732916,3.1527410686174453,86.20306268924608,2,11,47.48468655376961,72.1,66.84543155230425,0,0.0,33
18,3,AffectEV,85.0,,24.38465923087001,35.540057395732916,3.1527410686174453,86.20306268924608,2,11,47.48468655376961,72.1,66.84543155230425,0,0.0,33
19,3,Dijkstra,,,17.47460100191027,20.06712427994523,2.4978795706560843,90.62786720064071,4,4,30.860663996796436,59.6,55.43686738223986,0,0.0,12
19,3,A*,,,17.613301131838053,19.65878972484734,2.497169440237747,91.60151411845004,2,4,30.99242940774977,59.6,55.43805093293709,0,0.0,12
19,3,NSGA-II,,Dengeli,17.613301131838053,19.65878972484734,2.497169440237747,91.60151411845004,2,4,30.99242940774977,59.6,55.43805093293709,0,0.0,12
19,3,AffectEV,15.0,Verimlilik,19.16735081282384,35.347659868420614,2.421173127269836,84.31845568132721,13,5,38.40772159336397,59.6,55.56471145455028,0,0.0,12
19,3,AffectEV,30.0,Dengeli,17.613301131838053,19.65878972484734,2.497169440237747,91.60151411845004,2,4,30.99242940774977,59.6,55.43805093293709,0,0.0,12
19,3,AffectEV,50.0,Dengeli,17.613301131838053,19.65878972484734,2.497169440237747,91.60151411845004,2,4,30.99242940774977,59.6,55.43805093293709,0,0.0,12
19,3,AffectEV,65.0,Dengeli,17.613301131838053,19.65878972484734,2.497169440237747,91.60151411845004,2,4,30.99242940774977,59.6,55.43805093293709,0,0.0,12
19,3,AffectEV,85.0,Dengeli,17.613301131838053,19.65878972484734,2.497169440237747,91.60151411845004,2,4,30.99242940774977,59.6,55.43805093293709,0,0.0,12
20,3,Dijkstra,,,17.058035821320935,27.054958634397334,2.1554073867321284,85.27916487125522,1,8,59.10417564372389,41.3,37.70765435544645,0,0.0,16
20,3,A*,,,18.870948473505916,26.143213926891363,2.374173841451908,84.25587343631398,0,15,56.22063281843014,41.3,37.34304359758015,0,0.0,16
20,3,NSGA-II,,Dengeli,17.072797683863932,26.914622682145126,2.152418020163754,85.35085358925457,1,8,58.74573205372713,41.3,37.712636633060406,0,0.0,16
20,3,AffectEV,15.0,Dengeli,17.072797683863932,26.914622682145126,2.152418020163754,85.35085358925457,1,8,58.74573205372713,41.3,37.712636633060406,0,0.0,16
20,3,AffectEV,30.0,Dengeli,17.072797683863932,26.914622682145126,2.152418020163754,85.35085358925457,1,8,58.74573205372713,41.3,37.712636633060406,0,0.0,16
20,3,AffectEV,50.0,Dengeli,17.072797683863932,26.914622682145126,2.152418020163754,85.35085358925457,1,8,58.74573205372713,41.3,37.712636633060406,0,0.0,16
20,3,AffectEV,65.0,Konfor,18.033090895084033,28.5553435175522,2.2497781522152587,85.98925087768026,0,8,58.053745611598664,41.3,37.5503697463079,0,0.0,16
20,3,AffectEV,85.0,Konfor,18.033090895084033,28.5553435175522,2.2497781522152587,85.98925087768026,0,8,58.053745611598664,41.3,37.5503697463079,0,0.0,16
21,3,Dijkstra,,,12.403662818592329,26.323159695556743,1.6495700130404738,82.25747200997907,10,5,56.21263995010467,62.9,60.150716644932544,0,0.0,58
21,3,A*,,,12.422876975649686,25.910076260175632,1.6430585020555577,82.7378276792487,10,4,55.31086160375654,62.9,60.161569163240735,0,0.0,58
21,3,NSGA-II,,Dengeli,12.704978352271759,26.23104548593587,1.651104055730112,83.68681204675235,8,4,55.56593976623822,62.9,60.14815990711648,0,0.0,58
21,3,AffectEV,15.0,Verimlilik,12.414005968516452,25.911950681158952,1.6420092671621096,82.75114243857132,10,4,55.244287807143394,62.9,60.16331788806315,0,0.0,58
21,3,AffectEV,30.0,Dengeli,12.704978352271759,26.23104548593587,1.651104055730112,83.68681204675235,8,4,55.56593976623822,62.9,60.14815990711648,0,0.0,58
21,3,AffectEV,50.0,,14.20679265148314,29.315864601367892,1.7663434727048262,86.15988958008333,5,3,52.200552099583355,62.9,59.956094212158625,0,0.0,58
21,3,AffectEV,65.0,,14.558784567159512,29.878447476343744,1.8024874182063653,86.29399654193232,5,3,51.53001729033841,62.9,59.89585430298939,0,0.0,58
21,3,AffectEV,85.0,,14.758071036343082,30.212243403373584,1.8236586760675835,86.3458037306736,5,3,51.27098134663202,62.9,59.86056887322069,0,0.0,58
22,3,Dijkstra,,,6.523072409060071,18.947208360060362,0.9306204765384531,77.83239188353897,9,13,68.83804058230517,52.3,50.74896587243591,0,0.0,100
22,3,A*,,,6.827683770057057,16.49905911012509,0.9467078412529009,82.49042850639837,5,2,72.04785746800815,52.3,50.72215359791183,0,0.0,100
22,3,NSGA-II,,Dengeli,6.835822205745538,16.966280108376925,0.9286153542914676,83.12997456337877,5,2,68.85012718310618,52.3,50.75230774284755,0,0.0,100
22,3,AffectEV,15.0,Dengeli,6.835822205745538,16.966280108376925,0.9286153542914676,83.12997456337877,5,2,68.85012718310618,52.3,50.75230774284755,0,0.0,100
22,3,AffectEV,30.0,Dengeli,6.835822205745538,16.966280108376925,0.9286153542914676,83.12997456337877,5,2,68.85012718310618,52.3,50.75230774284755,0,0.0,100
22,3,AffectEV,50.0,,7.8067010372784695,19.255581874171813,1.007408434673858,84.79453844332447,4,1,64.52730778337764,52.3,50.62098594221023,0,0.0,100
22,3,AffectEV,65.0,,8.150219647340814,20.04680857280134,1.043540295399485,84.99350259105566,4,1,63.532487044721734,52.3,50.56076617433419,0,0.0,100
22,3,AffectEV,85.0,,8.58761314953186,20.8001038128392,1.0917334462486468,85.19236102682969,4,1,62.53819486585155,52.3,50.480444256252255,0,0.0,100
23,3,Dijkstra,,,10.922201574548646,25.85880384203925,1.3841898679307634,73.97204714178375,6,36,61.13976429108125,59.7,57.393016886782064,0,0.0,75
23,3,A*,,,12.530116613416686,23.384459494568834,1.534145347791224,81.99227073262668,0,20,60.0386463368666,59.7,57.14309108701463,0,0.0,75
23,3,NSGA-II,,Dengeli,12.29134546028436,23.94404800669487,1.451901681002461,83.52369319507592,0,18,55.38153402462038,59.7,57.2801638649959,0,0.0,75
23,3,AffectEV,15.0,Dengeli,12.29134546028436,23.94404800669487,1.451901681002461,83.52369319507592,0,18,55.38153402462038,59.7,57.2801638649959,0,0.0,75
23,3,AffectEV,30.0,Dengeli,12.29134546028436,23.94404800669487,1.451901681002461,83.52369319507592,0,18,55.38153402462038,59.7,57.2801638649959,0,0.0,75
23,3,AffectEV,50.0,Dengeli,12.29134546028436,23.94404800669487,1.451901681002461,83.52369319507592,0,18,55.38153402462038,59.7,57.2801638649959,0,0.0,75
23,3,AffectEV,65.0,,13.30509864475464,26.196016484738646,1.575521368867762,84.29750109777575,0,15,56.012494511121204,59.7,57.074131051887065,0,0.0,75
23,3,AffectEV,85.0,,16.50578361356618,25.173514346810073,2.191055783170753,85.02661978116504,0,12,56.86690109417483,59.7,56.04824036138208,0,0.0,75
24,3,Dijkstra,,,23.542621774622575,38.027137936059326,2.632757246597798,91.64940510533296,1,1,37.75297447333522,70.5,66.11207125567033,0,0.0,100
24,3,A*,,,27.595808419455917,29.43793547100516,3.6825942674791747,91.41521835830983,2,3,33.42390820845085,70.5,64.36234288753471,0,0.0,100
24,3,NSGA-II,,Dengeli,24.00386781010106,38.096765004012944,2.662414760238713,92.28186834797616,0,1,37.09065826011921,70.5,66.06264206626881,0,0.0,100
24,3,AffectEV,15.0,Dengeli,24.00386781010106,38.096765004012944,2.662414760238713,92.28186834797616,0,1,37.09065826011921,70.5,66.06264206626881,0,0.0,100
24,3,AffectEV,30.0,Dengeli,24.00386781010106,38.096765004012944,2.662414760238713,92.28186834797616,0,1,37.09065826011921,70.5,66.06264206626881,0,0.0,100
24,3,AffectEV,50.0,Dengeli,24.00386781010106,38.096765004012944,2.662414760238713,92.28186834797616,0,1,37.09065826011921,70.5,66.06264206626881,0,0.0,100
24,3,AffectEV,65.0,,29.835794770221977,45.28314734711024,3.410072292764651,93.10701712225182,0,0,34.46491438874089,70.5,64.81654617872559,0,0.0,100
24,3,AffectEV,85.0,,29.835794770221977,45.28314734711024,3.410072292764651,93.10701712225182,0,0,34.46491438874089,70.5,64.81654617872559,0,0.0,100
25,3,Dijkstra,,,15.927133076834163,34.97269039746342,2.1103707080341807,79.10643623024485,13,11,55.46781884877575,55.0,51.4827154866097,0,0.0,100
25,3,A*,,,16.978167643597388,34.066795020971355,2.188199506825714,82.42263537790207,8,8,55.886823110489665,55.0,51.353000821957146,0,0.0,100
25,3,NSGA-II,,Dengeli,18.913316564798567,34.86526586164234,2.297377013040405,85.27958163259059,4,8,51.602091837047055,55.0,51.171038311599325,0,0.0,100
25,3,AffectEV,15.0,,16.978167643597388,34.066795020971355,2.188199506825714,82.42263537790207,8,8,55.886823110489665,55.0,51.353000821957146,0,0.0,100
25,3,AffectEV,30.0,,16.978167643597388,34.066795020971355,2.188199506825714,82.42263537790207,8,8,55.886823110489665,55.0,51.353000821957146,0,0.0,100
25,3,AffectEV,50.0,,19.047953645116,35.319436820364054,2.3057713817066037,86.01268831557445,4,6,50.93655842212777,55.0,51.15704769715566,0,0.0,100
25,3,AffectEV,65.0,,18.857290101787356,36.234777787389554,2.2614675675489972,86.26473589097083,4,6,49.676320545145906,55.0,51.230887387418335,0,0.0,100
25,3,AffectEV,85.0,,23.179466767447728,37.696212242789535,2.876299805022394,87.05848850693043,1,4,56.20755746534785,55.0,50.206166991629345,0,0.0,100
26,3,Dijkstra,,,14.53899591594657,32.00655321044139,1.9232917859884104,81.86022606191293,5,9,64.69886969043537,77.6,74.39451369001931,0,0.0,100
26,3,A*,,,15.548561767311973,27.485646616983832,1.9963786964307983,84.50698435589159,1,7,64.46507822054207,77.6,74.27270217261533,0,0.0,100
26,3,NSGA-II,,Dengeli,15.543692046607974,27.594363511161543,1.9919577032531497,84.51121871194314,1,7,64.4439064402843,77.6,74.28007049457808,0,0.0,100
26,3,AffectEV,15.0,,14.611075902153589,30.976607581565016,1.9123608856477472,82.79966915844616,4,8,64.00165420776914,77.6,74.41273185725375,0,0.0,100
26,3,AffectEV,30.0,Dengeli,15.543692046607974,27.594363511161543,1.9919577032531497,84.51121871194314,1,7,64.4439064402843,77.6,74.28007049457808,0,0.0,100
26,3,AffectEV,50.0,Dengeli,15.543692046607974,27.594363511161543,1.9919577032531497,84.51121871194314,1,7,64.4439064402843,77.6,74.28007049457808,0,0.0,100
26,3,AffectEV,65.0,,15.815449584028636,28.131320573549633,2.0237880787038187,84.8399433585639,1,6,64.30028320718051,77.6,74.22701986882696,0,0.0,100
26,3,AffectEV,85.0,,15.849395557366666,28.247000130969834,2.027305714003012,84.85699704302432,1,6,64.21501478487836,77.6,74.22115714332831,0,0.0,100
27,3,Dijkstra,,,10.86006125920067,27.29493171673104,1.381407550724402,74.24029203270626,7,33,61.79853983646867,49.6,47.297654082126,0,0.0,86
27,3,A*,,,11.250952044102954,24.642652428222895,1.3659197462284247,75.77907656724064,2,38,59.10461716379683,49.6,47.32346708961929,0,0.0,86
27,3,NSGA-II,,Dengeli,11.452543212759851,25.38993067962467,1.4020827824945417,80.40034224826871,2,22,59.998288758656464,49.6,47.2631953625091,0,0.0,86
27,3,AffectEV,15.0,Verimlilik,11.175988332999413,24.67476812238242,1.3627924907319038,77.08172474402338,2,33,60.091376279883136,49.6,47.3286791821135,0,0.0,86
27,3,AffectEV,30.0,,11.239147228094698,24.837324584283042,1.3706153904277116,78.29194916510617,2,29,60.04025417446911,49.6,47.315641015953815,0,0.0,86
27,3,AffectEV,50.0,,11.51627682010147,25.882424034599584,1.4196027226878376,81.30065955882507,2,18,61.496702205874605,49.6,47.23399546218694,0,0.0,86
27,3,AffectEV,65.0,,12.388983535719184,27.52426870566017,1.5135346192121404,82.95373245555876,2,14,59.23133772220615,49.6,47.0774423013131,0,0.0,86
27,3,AffectEV,85.0,,12.494135241258522,27.740729317353612,1.5243782904262633,83.04125955490635,2,14,58.79370222546826,49.6,47.05936951595623,0,0.0,86
28,3,Dijkstra,,,22.02802455703555,35.84482083840604,2.81296074310566,80.46394500772377,11,12,52.180274961381194,84.3,79.61173209482389,0,0.0,100
28,3,A*,,,24.211919829352468,34.17456018668239,3.080692136606615,81.76312207062195,6,16,52.184389646890274,84.3,79.16551310565563,0,0.0,100
28,3,NSGA-II,,Dengeli,22.772298249596137,35.60299082279788,2.822170637215417,83.54343115032765,6,11,50.78284424836173,84.3,79.59638227130763,0,0.0,100
28,3,AffectEV,15.0,,22.16656452187083,34.7787650249708,2.8125323474658184,81.68526798924326,10,10,51.57366005378369,84.3,79.61244608755696,0,0.0,100
28,3,AffectEV,30.0,Dengeli,22.772298249596137,35.60299082279788,2.822170637215417,83.54343115032765,6,11,50.78284424836173,84.3,79.59638227130763,0,0.0,100
28,3,AffectEV,50.0,Dengeli,22.772298249596137,35.60299082279788,2.822170637215417,83.54343115032765,6,11,50.78284424836173,84.3,79.59638227130763,0,0.0,100
28,3,AffectEV,65.0,,26.2534805467181,35.71232906326009,3.268736844398263,86.01782525692734,2,11,48.41087371536329,84.3,78.85210525933623,0,0.0,100
28,3,AffectEV,85.0,,26.250858085239457,36.37690692737386,3.2638217163434553,86.06076169156437,2,11,48.19619154217815,84.3,78.86029713942757,0,0.0,100
29,3,Dijkstra,,,12.699312958695026,23.96391701461925,1.4259872994174758,89.41680602618358,0,6,43.9159698690821,51.5,49.123354500970876,0,0.0,36
29,3,A*,,,12.774258497922235,16.006440035311936,1.778848859318873,90.76116586186203,0,5,38.69417069068983,51.5,48.53525190113521,0,0.0,36
29,3,NSGA-II,,Dengeli,12.774258497922235,16.006440035311936,1.778848859318873,90.76116586186203,0,5,38.69417069068983,51.5,48.53525190113521,0,0.0,36
29,3,AffectEV,15.0,Dengeli,12.774258497922235,16.006440035311936,1.778848859318873,90.76116586186203,0,5,38.69417069068983,51.5,48.53525190113521,0,0.0,36
29,3,AffectEV,30.0,Dengeli,12.774258497922235,16.006440035311936,1.778848859318873,90.76116586186203,0,5,38.69417069068983,51.5,48.53525190113521,0,0.0,36
29,3,AffectEV,50.0,,12.839023999209624,16.079679187284665,1.7847843811962891,90.79209848885421,0,5,38.53950755572895,51.5,48.52535936467285,0,0.0,36
29,3,AffectEV,65.0,,16.180059257249187,21.548479197077732,2.130110276536218,92.26536217162256,0,2,35.67318914188719,51.5,47.94981620577297,0,0.0,36
29,3,AffectEV,85.0,,16.180059257249187,21.548479197077732,2.130110276536218,92.26536217162256,0,2,35.67318914188719,51.5,47.94981620577297,0,0.0,36
30,3,Dijkstra,,,21.79446021612964,15.66106805034591,3.464674447726174,93.2996068614445,0,0,33.5019656927775,48.9,43.12554258712304,0,0.0,6
30,3,A*,,,21.79446021612964,15.66106805034591,3.464674447726174,93.2996068614445,0,0,33.5019656927775,48.9,43.12554258712304,0,0.0,6
30,3,NSGA-II,,Dengeli,21.855044947629068,17.14061896888064,3.4078983414425967,93.195244128094,0,0,34.02377935952998,48.9,43.220169430929005,0,0.0,6
30,3,AffectEV,15.0,Dengeli,21.855044947629068,17.14061896888064,3.4078983414425967,93.195244128094,0,0,34.02377935952998,48.9,43.220169430929005,0,0.0,6
30,3,AffectEV,30.0,Dengeli,21.855044947629068,17.14061896888064,3.4078983414425967,93.195244128094,0,0,34.02377935952998,48.9,43.220169430929005,0,0.0,6
30,3,AffectEV,50.0,Dengeli,21.855044947629068,17.14061896888064,3.4078983414425967,93.195244128094,0,0,34.02377935952998,48.9,43.220169430929005,0,0.0,6
30,3,AffectEV,65.0,Dengeli,21.855044947629068,17.14061896888064,3.4078983414425967,93.195244128094,0,0,34.02377935952998,48.9,43.220169430929005,0,0.0,6
30,3,AffectEV,85.0,Konfor,21.79446021612964,15.66106805034591,3.464674447726174,93.2996068614445,0,0,33.5019656927775,48.9,43.12554258712304,0,0.0,6
31,3,Dijkstra,,,18.460401315711664,44.979863061332736,2.5036837738070594,65.99915304813925,20,36,66.00423475930373,55.0,50.827193710321566,0,0.0,100
31,3,A*,,,19.45085012568635,39.22257448062764,2.525019256414806,75.70970518096719,11,22,60.95147409516403,55.0,50.79163457264199,0,0.0,100
31,3,NSGA-II,,Dengeli,19.466779167819617,39.47386801429595,2.5328171841079525,76.50487214472825,11,19,61.475639276358734,55.0,50.778638026486746,0,0.0,100
31,3,AffectEV,15.0,,19.45085012568635,39.22257448062764,2.525019256414806,75.70970518096719,11,22,60.95147409516403,55.0,50.79163457264199,0,0.0,100
31,3,AffectEV,30.0,,19.445711368582934,39.30319942863025,2.5266159484600035,75.97293428197156,11,21,61.13532859014222,55.0,50.78897341923333,0,0.0,100
31,3,AffectEV,50.0,,20.75166328661716,40.979604476710755,2.6539570229046805,79.23266651856409,7,16,62.336667407179526,55.0,50.57673829515887,0,0.0,100
31,3,AffectEV,65.0,,21.444557906903405,42.47515042043004,2.7341970933870203,80.45565910039227,7,12,62.22170449803863,55.0,50.44300484435497,0,0.0,100
31,3,AffectEV,85.0,,22.256831674244072,42.843389377008556,2.8165156950756707,80.75747882391587,5,14,62.71260588042061,55.0,50.305807174873884,0,0.0,100
32,3,Dijkstra,,,6.315449441209965,14.525032269422589,0.834395206926147,81.82425776966355,4,7,70.37871115168231,87.5,86.10934132178976,0,0.0,63
32,3,A*,,,6.343848217684863,14.29040249395073,0.8342843729172158,82.78863615896657,3,5,71.05681920516716,87.5,86.10952604513797,0,0.0,63
32,3,NSGA-II,,Dengeli,6.351452942172403,14.296222387039865,0.8300553550322265,83.23879433600393,3,5,68.80602831998036,87.5,86.11657440827962,0,0.0,63
32,3,AffectEV,15.0,Dengeli,6.351452942172403,14.296222387039865,0.8300553550322265,83.23879433600393,3,5,68.80602831998036,87.5,86.11657440827962,0,0.0,63
32,3,AffectEV,30.0,Dengeli,6.351452942172403,14.296222387039865,0.8300553550322265,83.23879433600393,3,5,68.80602831998036,87.5,86.11657440827962,0,0.0,63
32,3,AffectEV,50.0,,6.621186243709471,15.25570217391357,0.8536155388047906,84.06686837951395,3,4,66.16565810243029,87.5,86.07730743532535,0,0.0,63
32,3,AffectEV,65.0,Konfor,7.824710690627546,17.803275491635027,1.0090907528074629,85.5131911561056,3,3,60.43404421947195,87.5,85.81818207865423,0,0.0,63
32,3,AffectEV,85.0,Konfor,7.824710690627546,17.803275491635027,1.0090907528074629,85.5131911561056,3,3,60.43404421947195,87.5,85.81818207865423,0,0.0,63
33,3,Dijkstra,,,12.932258251440391,19.91950996252058,1.6266808964210129,84.6990555814389,2,13,52.00472209280547,67.3,64.58886517263164,0,0.0,12
33,3,A*,,,12.942750934726801,19.443917568581533,1.6184506530297817,84.38842494558395,2,14,52.057875272080246,67.3,64.60258224495036,0,0.0,12
33,3,NSGA-II,,Verimlilik,12.942750934726801,19.443917568581533,1.6184506530297817,84.38842494558395,2,14,52.057875272080246,67.3,64.60258224495036,0,0.0,12
33,3,AffectEV,15.0,Verimlilik,12.942750934726801,19.443917568581533,1.6184506530297817,84.38842494558395,2,14,52.057875272080246,67.3,64.60258224495036,0,0.0,12
33,3,AffectEV,30.0,Verimlilik,12.942750934726801,19.443917568581533,1.6184506530297817,84.38842494558395,2,14,52.057875272080246,67.3,64.60258224495036,0,0.0,12
33,3,AffectEV,50.0,,12.932258251440391,19.91950996252058,1.6266808964210129,84.6990555814389,2,13,52.00472209280547,67.3,64.58886517263164,0,0.0,12
33,3,AffectEV,65.0,,21.295898873935986,26.335874362338185,2.727320470112243,90.00070343821704,0,7,39.496482808914756,67.3,62.75446588314626,0,0.0,12
33,3,AffectEV,85.0,,21.295898873935986,26.335874362338185,2.727320470112243,90.00070343821704,0,7,39.496482808914756,67.3,62.75446588314626,0,0.0,12
34,3,Dijkstra,,,13.181150613222396,26.847282069143578,1.5967871110843266,73.76605945075862,3,46,54.66970274620693,86.8,84.13868814819278,0,0.0,43
34,3,A*,,,17.631544924722906,24.565432693810866,2.282769315391309,85.06244351885815,2,15,47.18778240570926,86.8,82.99538447434782,0,0.0,43
34,3,NSGA-II,,Dengeli,14.220032954748946,26.447585580220547,1.7025092730793108,83.58551436790242,2,16,53.07242816048789,86.8,83.9624845448678,0,0.0,43
34,3,AffectEV,15.0,,13.686197755946102,26.356454230040118,1.6049233078247918,81.27532157140074,1,27,50.62339214299632,86.8,84.12512782029201,0,0.0,43
34,3,AffectEV,30.0,Dengeli,14.220032954748946,26.447585580220547,1.7025092730793108,83.58551436790242,2,16,53.07242816048789,86.8,83.9624845448678,0,0.0,43
34,3,AffectEV,50.0,,14.464134740556437,27.218056502621128,1.7311351281757923,84.33552659824834,2,14,52.32236700875832,86.8,83.91477478637367,0,0.0,43
34,3,AffectEV,65.0,,18.061058416619606,25.16624271568802,2.326838527131223,85.49111795718795,2,14,46.544410214060235,86.8,82.92193578811462,0,0.0,43
34,3,AffectEV,85.0,Konfor,18.52834829122812,29.4707456040829,2.357142273962006,86.08652196552852,3,9,48.567390172357385,86.8,82.87142954339666,0,0.0,43
35,3,Dijkstra,,,20.230388693417584,40.67954919417736,2.627601797614633,75.49625582513775,12,25,55.0187208743112,47.9,43.52066367064228,0,0.0,45
35,3,A*,,,21.492391558520918,33.40178560654302,2.66697764571684,82.02956865954651,5,17,51.85215670226743,47.9,43.4550372571386,0,0.0,45
35,3,NSGA-II,,Dengeli,21.492391558520918,33.40178560654302,2.66697764571684,82.02956865954651,5,17,51.85215670226743,47.9,43.4550372571386,0,0.0,45
35,3,AffectEV,15.0,,20.782845805411895,36.393234769454004,2.533278740500814,81.16980701032392,5,19,53.15096494838036,47.9,43.677868765831974,0,0.0,45
35,3,AffectEV,30.0,Dengeli,21.492391558520918,33.40178560654302,2.66697764571684,82.02956865954651,5,17,51.85215670226743,47.9,43.4550372571386,0,0.0,45
35,3,AffectEV,50.0,Dengeli,21.492391558520918,33.40178560654302,2.66697764571684,82.02956865954651,5,17,51.85215670226743,47.9,43.4550372571386,0,0.0,45
35,3,AffectEV,65.0,Konfor,22.83776814121345,37.93218493542103,2.8199941833748876,82.56162438420007,4,15,54.691878078999615,47.9,43.20000969437518,0,0.0,45
35,3,AffectEV,85.0,Konfor,22.83776814121345,37.93218493542103,2.8199941833748876,82.56162438420007,4,15,54.691878078999615,47.9,43.20000969437518,0,0.0,45
36,3,Dijkstra,,,24.10993819189053,52.36838998526669,3.32732492670917,55.61359129285861,28,66,52.93204353570696,59.2,53.65445845548472,0,0.0,100
36,3,A*,,,27.628601220988152,40.39112851716111,3.556614109254358,78.44434826423185,8,24,51.77825867884075,59.2,53.2723098179094,0,0.0,100
36,3,NSGA-II,,Dengeli,26.14311574385821,40.64499454322913,3.3638519049321642,75.18466043197216,10,32,51.076697840139154,59.2,53.59358015844639,0,0.0,100
36,3,AffectEV,15.0,Dengeli,26.14311574385821,40.64499454322913,3.3638519049321642,75.18466043197216,10,32,51.076697840139154,59.2,53.59358015844639,0,0.0,100
36,3,AffectEV,30.0,Dengeli,26.14311574385821,40.64499454322913,3.3638519049321642,75.18466043197216,10,32,51.076697840139154,59.2,53.59358015844639,0,0.0,100
36,3,AffectEV,50.0,,27.78522806303865,40.62121330285101,3.528571839811974,80.28441209498912,7,20,51.077939525054404,59.2,53.31904693364671,0,0.0,100
36,3,AffectEV,65.0,,27.78522806303865,40.62121330285101,3.528571839811974,80.28441209498912,7,20,51.077939525054404,59.2,53.31904693364671,0,0.0,100
36,3,AffectEV,85.0,,31.594225455308703,43.17818355605276,4.203754071953571,84.58970922644114,5,11,48.05145386779425,59.2,52.19374321341072,0,0.0,100
37,3,Dijkstra,,,12.058149939745649,24.025875116056906,1.520685516707271,85.07368139015165,4,6,55.63159304924176,66.3,63.76552413882121,0,0.0,100
37,3,A*,,,13.611547559365317,20.254226730799864,1.7212428927691648,87.72215892843238,0,2,58.38920535783808,66.3,63.431261845384725,0,0.0,100
37,3,NSGA-II,,Dengeli,12.444470334012127,21.217092995024583,1.511649185202385,87.50497018143173,1,4,53.97514909284136,66.3,63.78058469132935,0,0.0,100
37,3,AffectEV,15.0,,12.350739586215136,21.05763588734136,1.5026094717570038,87.12401038941982,1,5,54.3799480529009,66.3,63.79565088040499,0,0.0,100
37,3,AffectEV,30.0,Dengeli,12.444470334012127,21.217092995024583,1.511649185202385,87.50497018143173,1,4,53.97514909284136,66.3,63.78058469132935,0,0.0,100
37,3,AffectEV,50.0,,13.687137465739212,22.867185805003484,1.626709244930631,88.85146962792079,0,3,51.24265186039603,66.3,63.58881792511561,0,0.0,100
37,3,AffectEV,65.0,Konfor,13.878098342639703,23.8533475450999,1.6416370542889795,89.04171437935479,0,3,50.291428103226075,66.3,63.5639382428517,0,0.0,100
37,3,AffectEV,85.0,Konfor,13.878098342639703,23.8533475450999,1.6416370542889795,89.04171437935479,0,3,50.291428103226075,66.3,63.5639382428517,0,0.0,100
38,3,Dijkstra,,,18.04001709290496,40.55531726477262,2.458888479714576,70.96754333551286,14,31,63.662283322435684,66.1,62.001852533809036,0,0.0,100
38,3,A*,,,23.256480550688917,35.24891907963463,2.866659629310602,87.04902607278757,2,5,52.25486963606212,66.1,61.32223395114899,0,0.0,100
38,3,NSGA-II,,Dengeli,23.256480550688917,35.24891907963463,2.866659629310602,87.04902607278757,2,5,52.25486963606212,66.1,61.32223395114899,0,0.0,100
38,3,AffectEV,15.0,,19.55570562179163,37.0461741807075,2.5290085904741813,78.8834488999428,6,19,62.082755500285984,66.1,61.884985682543025,0,0.0,100
38,3,AffectEV,30.0,Dengeli,23.256480550688917,35.24891907963463,2.866659629310602,87.04902607278757,2,5,52.25486963606212,66.1,61.32223395114899,0,0.0,100
38,3,AffectEV,50.0,Dengeli,23.256480550688917,35.24891907963463,2.866659629310602,87.04902607278757,2,5,52.25486963606212,66.1,61.32223395114899,0,0.0,100
38,3,AffectEV,65.0,Dengeli,23.256480550688917,35.24891907963463,2.866659629310602,87.04902607278757,2,5,52.25486963606212,66.1,61.32223395114899,0,0.0,100
38,3,AffectEV,85.0,,23.665830013625705,35.93780522243359,2.9074889536566144,87.21536055813276,2,5,51.423197209336216,66.1,61.25418507723897,0,0.0,100
39,3,Dijkstra,,,27.693169836575326,55.94932249943401,3.8404028934551073,70.98716302874186,24,21,53.564184856290645,83.4,76.99932851090816,0,0.0,100
39,3,A*,,,28.836829395333833,34.805925515856764,3.7380153197693935,86.60796544084154,0,12,48.9601727957923,83.4,77.16997446705102,0,0.0,100
39,3,NSGA-II,,Dengeli,28.85249371132851,35.13841334128947,3.730964242488071,86.66162281259778,0,12,48.69188593701106,83.4,77.18172626251989,0,0.0,100
39,3,AffectEV,15.0,,28.850423499035912,35.27436752891468,3.7280042590608504,86.67251682841695,0,12,48.63741585791525,83.4,77.18665956823192,0,0.0,100
39,3,AffectEV,30.0,,28.850423499035912,35.27436752891468,3.7280042590608504,86.67251682841695,0,12,48.63741585791525,83.4,77.18665956823192,0,0.0,100
39,3,AffectEV,50.0,,28.850423499035912,35.27436752891468,3.7280042590608504,86.67251682841695,0,12,48.63741585791525,83.4,77.18665956823192,0,0.0,100
39,3,AffectEV,65.0,,28.86323082010207,35.73701649693964,3.7255114048698736,86.70811932842982,0,12,48.45940335785091,83.4,77.19081432521688,0,0.0,100
39,3,AffectEV,85.0,,29.987200511930777,38.29860925389111,3.854317064860156,87.2370443725623,0,10,48.814778137188505,83.4,76.97613822523309,0,0.0,100
40,3,Dijkstra,,,15.54634367544098,32.99345299041286,2.052684057101845,76.07798966222991,10,22,61.61005168885046,86.5,83.07885990483025,0,0.0,91
40,3,A*,,,16.376028916690856,29.358708182563436,2.1257120580684385,80.49810376093224,4,16,63.50948119533878,86.5,82.95714656988594,0,0.0,91
40,3,NSGA-II,,Dengeli,16.944068772181815,29.405824987058867,2.1717592459013932,82.17759132006896,2,14,63.11204339965521,86.5,82.88040125683101,0,0.0,91
40,3,AffectEV,15.0,,16.251046563545046,29.402156538816197,2.100472418749388,80.33490990039796,4,17,62.825450498010184,86.5,82.99921263541769,0,0.0,91
40,3,AffectEV,30.0,,16.819086419036008,29.44927334331162,2.1465196065823413,82.01036770453985,2,15,62.44816147730075,86.5,82.92246732236276,0,0.0,91
40,3,AffectEV,50.0,,17.140398084010975,29.749232050043315,2.1933113431897726,82.52631768697385,2,13,62.86841156513071,86.5,82.84448109468372,0,0.0,91
40,3,AffectEV,65.0,,25.6596473309315,33.43208782959835,3.499927132615186,89.57391035865915,1,4,43.63044820670428,86.5,80.66678811230803,0,0.0,91
40,3,AffectEV,85.0,,25.6596473309315,33.43208782959835,3.499927132615186,89.57391035865915,1,4,43.63044820670428,86.5,80.66678811230803,0,0.0,91
41,3,Dijkstra,,,23.660635711712654,34.93715821246362,3.0272208796676674,84.28796711941419,4,8,56.560164402929004,69.6,64.55463186722055,0,0.0,100
41,3,A*,,,23.671422008266344,33.9666417013469,3.033769704665441,84.59606679412708,4,7,56.519666029364615,69.6,64.54371715889093,0,0.0,100
41,3,NSGA-II,,Dengeli,23.906854558075526,34.07653963484048,3.039574065701333,85.23599122099701,2,7,58.320043895014976,69.6,64.5340432238311,0,0.0,100
41,3,AffectEV,15.0,Dengeli,23.906854558075526,34.07653963484048,3.039574065701333,85.23599122099701,2,7,58.320043895014976,69.6,64.5340432238311,0,0.0,100
41,3,AffectEV,30.0,Dengeli,23.906854558075526,34.07653963484048,3.039574065701333,85.23599122099701,2,7,58.320043895014976,69.6,64.5340432238311,0,0.0,100
41,3,AffectEV,50.0,,23.907807998904566,34.4146111485186,3.030291258179144,85.28160409638443,2,7,58.09197951807784,69.6,64.54951456970142,0,0.0,100
41,3,AffectEV,65.0,,26.05152789819012,36.24711476871518,3.225503978222502,86.14175014149434,1,9,53.29124929252827,69.6,64.22416003629583,0,0.0,100
41,3,AffectEV,85.0,,26.10175494412106,36.54276125787885,3.226537640511072,86.15988523652247,1,9,53.20057381738766,69.6,64.22243726581488,0,0.0,100
42,3,Dijkstra,,,21.96282146541537,40.209491782703296,2.9300599523768778,73.37177101892203,20,25,45.6411449053898,85.0,80.11656674603854,0,0.0,100
42,3,A*,,,22.090708649336612,39.54800053758945,2.915764943829488,74.79945792819933,19,22,45.50271035900338,85.0,80.14039176028419,0,0.0,100
42,3,NSGA-II,,Dengeli,22.196961974257285,39.728518108100566,2.927151343962755,75.71007015994454,19,19,45.44964920027732,85.0,80.12141442672875,0,0.0,100
42,3,AffectEV,15.0,,22.090708649336612,39.54800053758945,2.915764943829488,74.79945792819933,19,22,45.50271035900338,85.0,80.14039176028419,0,0.0,100
42,3,AffectEV,30.0,Dengeli,22.196961974257285,39.728518108100566,2.927151343962755,75.71007015994454,19,19,45.44964920027732,85.0,80.12141442672875,0,0.0,100
42,3,AffectEV,50.0,,35.25881741944388,41.52750022301966,4.857732604187056,88.78131418227667,2,11,34.59342908861663,85.0,76.90377899302158,0,0.0,100
42,3,AffectEV,65.0,,37.3486798531776,42.47368443338602,5.0802902348015735,89.49145649682083,0,12,34.54271751589582,85.0,76.53284960866404,0,0.0,100
42,3,AffectEV,85.0,,37.3486798531776,42.47368443338602,5.0802902348015735,89.49145649682083,0,12,34.54271751589582,85.0,76.53284960866404,0,0.0,100
43,3,Dijkstra,,,17.06329866686855,41.096891581010496,2.2390010276926238,68.60317854301434,17,40,54.48410728492832,66.0,62.26833162051229,0,0.0,57
43,3,A*,,,19.448895047219445,34.816923318919336,2.4675581777881272,79.41535483393483,7,19,56.92322583032584,66.0,61.88740303701979,0,0.0,57
43,3,NSGA-II,,Dengeli,19.448895047219445,34.816923318919336,2.4675581777881272,79.41535483393483,7,19,56.92322583032584,66.0,61.88740303701979,0,0.0,57
43,3,AffectEV,15.0,,18.866069897375315,35.36991850942011,2.2329006590726244,77.16281300322663,2,38,52.18593498386686,66.0,62.278498901545625,0,0.0,57
43,3,AffectEV,30.0,Dengeli,19.448895047219445,34.816923318919336,2.4675581777881272,79.41535483393483,7,19,56.92322583032584,66.0,61.88740303701979,0,0.0,57
43,3,AffectEV,50.0,,20.124193306229255,35.191095768243805,2.499197725182012,79.98436973847282,4,22,57.07815130763586,66.0,61.83467045802998,0,0.0,57
43,3,AffectEV,65.0,Konfor,26.369692398971733,37.50602001375797,3.712046434875646,85.64461080374011,3,11,47.77694598129944,66.0,59.81325594187392,0,0.0,57
43,3,AffectEV,85.0,Konfor,26.369692398971733,37.50602001375797,3.712046434875646,85.64461080374011,3,11,47.77694598129944,66.0,59.81325594187392,0,0.0,57
44,3,Dijkstra,,,12.180318086105807,21.491162966799255,1.558133298427658,84.50163371162334,1,7,64.49183144188328,66.9,64.30311116928725,0,0.0,85
44,3,A*,,,12.238215814945256,20.16172269700724,1.5461016108588057,86.44421690194966,0,3,63.2789154902517,66.9,64.323163981902,0,0.0,85
44,3,NSGA-II,,Dengeli,12.249731124045539,20.214324092465105,1.5421390536570332,86.52389153780108,0,3,62.880542310994585,66.9,64.32976824390495,0,0.0,85
44,3,AffectEV,15.0,Dengeli,12.249731124045539,20.214324092465105,1.5421390536570332,86.52389153780108,0,3,62.880542310994585,66.9,64.32976824390495,0,0.0,85
44,3,AffectEV,30.0,Dengeli,12.249731124045539,20.214324092465105,1.5421390536570332,86.52389153780108,0,3,62.880542310994585,66.9,64.32976824390495,0,0.0,85
44,3,AffectEV,50.0,Dengeli,12.249731124045539,20.214324092465105,1.5421390536570332,86.52389153780108,0,3,62.880542310994585,66.9,64.32976824390495,0,0.0,85
44,3,AffectEV,65.0,,15.59905030768744,27.009546111428797,1.8759463977953452,88.51365065656506,1,3,50.43174671717468,66.9,63.7734226703411,0,0.0,85
44,3,AffectEV,85.0,,15.639324624736748,27.086801768615192,1.8813716263785492,88.52029549290941,1,3,50.398522535452926,66.9,63.764380622702426,0,0.0,85
45,3,Dijkstra,,,24.860773582720817,44.34657345332402,3.095497569350175,83.24554832755842,8,8,51.772258362207914,76.0,70.84083738441637,0,0.0,100
45,3,A*,,,26.883874663067076,33.59088418666844,3.7229799954216776,88.58532414339722,0,5,49.57337928301392,76.0,69.79503334096387,0,0.0,100
45,3,NSGA-II,,Dengeli,26.883874663067076,33.59088418666844,3.7229799954216776,88.58532414339722,0,5,49.57337928301392,76.0,69.79503334096387,0,0.0,100
45,3,AffectEV,15.0,,25.58337389625517,39.49639671380179,3.172474963240821,85.49356572109824,4,7,52.03217139450879,76.0,70.71254172793196,0,0.0,100
45,3,AffectEV,30.0,,25.58337389625517,39.49639671380179,3.172474963240821,85.49356572109824,4,7,52.03217139450879,76.0,70.71254172793196,0,0.0,100
45,3,AffectEV,50.0,Dengeli,26.883874663067076,33.59088418666844,3.7229799954216776,88.58532414339722,0,5,49.57337928301392,76.0,69.79503334096387,0,0.0,100
45,3,AffectEV,65.0,,29.411159661162472,41.31837305288037,3.9546226667753688,89.9986831826208,0,2,47.00658408689606,76.0,69.40896222204105,0,0.0,100
45,3,AffectEV,85.0,,29.411159661162472,41.31837305288037,3.9546226667753688,89.9986831826208,0,2,47.00658408689606,76.0,69.40896222204105,0,0.0,100
46,3,Dijkstra,,,15.652162516574279,41.29374608469126,2.1481334773269056,62.64716546659608,21,50,59.26417266701962,66.4,62.8197775377885,0,0.0,100
46,3,A*,,,17.207150286833468,33.92644021584495,2.2294952092301794,73.63020339187814,9,31,62.84898304060931,66.4,62.68417465128304,0,0.0,100
46,3,NSGA-II,,Dengeli,16.673001314634355,35.00201734000481,2.1309150359153044,73.37591361456367,7,35,63.120431927181606,66.4,62.848474940141166,0,0.0,100
46,3,AffectEV,15.0,,16.575634097371,34.727879194198046,2.1241445391833373,69.44525478091015,8,47,62.2737260954493,66.4,62.859759101361114,0,0.0,100
46,3,AffectEV,30.0,Dengeli,16.673001314634355,35.00201734000481,2.1309150359153044,73.37591361456367,7,35,63.120431927181606,66.4,62.848474940141166,0,0.0,100
46,3,AffectEV,50.0,Dengeli,16.673001314634355,35.00201734000481,2.1309150359153044,73.37591361456367,7,35,63.120431927181606,66.4,62.848474940141166,0,0.0,100
46,3,AffectEV,65.0,,17.18333538044686,38.11111643685889,2.1775622276177424,77.77293735791477,8,19,62.63531321042615,66.4,62.7707296206371,0,0.0,100
46,3,AffectEV,85.0,,17.424880796089045,37.183966273570704,2.2336554719035453,78.09143418822083,9,16,63.04282905889585,66.4,62.67724088016077,0,0.0,100
47,3,Dijkstra,,,23.44933666717482,46.27658963615756,3.3114685239731574,75.80779030282685,23,13,43.96104848586573,67.7,62.180885793378074,0,0.0,100
47,3,A*,,,25.169659715974344,33.403997532567146,3.3571344475925935,87.95030227917994,4,7,39.74848860410035,67.7,62.10477592067902,0,0.0,100
47,3,NSGA-II,,Dengeli,25.199861083936987,33.47574747515396,2.9604711637221115,89.88279238170273,0,4,44.58603809148633,67.7,62.765881393796484,0,0.0,100
47,3,AffectEV,15.0,Dengeli,25.199861083936987,33.47574747515396,2.9604711637221115,89.88279238170273,0,4,44.58603809148633,67.7,62.765881393796484,0,0.0,100
47,3,AffectEV,30.0,Dengeli,25.199861083936987,33.47574747515396,2.9604711637221115,89.88279238170273,0,4,44.58603809148633,67.7,62.765881393796484,0,0.0,100
47,3,AffectEV,50.0,Dengeli,25.199861083936987,33.47574747515396,2.9604711637221115,89.88279238170273,0,4,44.58603809148633,67.7,62.765881393796484,0,0.0,100
47,3,AffectEV,65.0,,26.89909075552449,37.04871827024036,3.4872564944099316,90.77733182085741,2,2,38.113340895712945,67.7,61.88790584265011,0,0.0,100
47,3,AffectEV,85.0,Konfor,27.042836164669186,37.26910645289802,3.5016352112756697,90.79816924637572,2,2,38.00915376812139,67.7,61.863941314540554,0,0.0,100
48,3,Dijkstra,,,15.080656660003548,23.17040224819022,1.8697914468272092,88.40696171233961,0,3,53.46519143830192,69.3,66.18368092195465,0,0.0,100
48,3,A*,,,15.104669148911901,22.296016945389397,1.8768863698207854,88.35669229856781,0,3,53.71653850716094,69.3,66.17185605029869,0,0.0,100
48,3,NSGA-II,,Dengeli,15.388041535876814,24.606859358593567,1.8815860797829356,88.70082887643592,0,3,51.99585561782039,69.3,66.16402320036177,0,0.0,100
48,3,AffectEV,15.0,,15.127585280888738,22.40228239820183,1.8767654061094228,88.43177135130324,0,3,53.341143243483764,69.3,66.1720576564843,0,0.0,100
48,3,AffectEV,30.0,,15.12496281941009,23.066860262315608,1.8718502780546158,88.50612078127449,0,3,52.96939609362755,69.3,66.18024953657564,0,0.0,100
48,3,AffectEV,50.0,Dengeli,15.388041535876814,24.606859358593567,1.8815860797829356,88.70082887643592,0,3,51.99585561782039,69.3,66.16402320036177,0,0.0,100
48,3,AffectEV,65.0,Konfor,17.968885218732378,32.42992019594378,2.1514003552952787,89.13675389691181,0,4,48.31623051544092,69.3,65.71433274117453,0,0.0,100
48,3,AffectEV,85.0,Konfor,17.968885218732378,32.42992019594378,2.1514003552952787,89.13675389691181,0,4,48.31623051544092,69.3,65.71433274117453,0,0.0,100
49,3,Dijkstra,,,12.448359452641155,33.98288293164139,1.9384670015871417,70.71754821156243,23,16,64.91225894218782,70.1,66.86922166402142,0,0.0,100
49,3,A*,,,15.390656732991024,26.493193670975415,1.9752654759007824,76.40561839512972,3,31,63.971908024351364,70.1,66.80789087349869,0,0.0,100
49,3,NSGA-II,,Verimlilik,12.844332690406477,30.66608507955416,1.7198363088639936,76.34875529239775,12,18,61.25622353801119,70.1,67.23360615189334,0,0.0,100
49,3,AffectEV,15.0,Verimlilik,12.844332690406477,30.66608507955416,1.7198363088639936,76.34875529239775,12,18,61.25622353801119,70.1,67.23360615189334,0,0.0,100
49,3,AffectEV,30.0,Verimlilik,12.844332690406477,30.66608507955416,1.7198363088639936,76.34875529239775,12,18,61.25622353801119,70.1,67.23360615189334,0,0.0,100
49,3,AffectEV,50.0,,12.929217597742038,31.242038386758153,1.7232325252551268,77.56784846713549,12,14,61.160757664322546,70.1,67.22794579124145,0,0.0,100
49,3,AffectEV,65.0,,16.345977750982783,29.47311063050727,2.053046261329879,83.0489022471198,1,13,62.75548876440102,70.1,66.67825623111686,0,0.0,100
49,3,AffectEV,85.0,,17.09969095316818,32.424431571987874,2.1227623342467616,83.91230683080326,1,11,61.438465845983714,70.1,66.56206277625539,0,0.0,100
50,3,Dijkstra,,,20.447974153171877,41.36062594849481,2.591635897208158,79.43703723649206,22,3,43.3148138175397,32.0,27.680606837986403,0,0.0,100
50,3,A*,,,29.50013168469529,32.727218661956314,3.8518116886594567,92.43307760588664,0,2,34.83461197056682,32.0,25.58031385223424,0,0.0,100
50,3,NSGA-II,,Dengeli,29.50762919925756,33.08958948074101,3.843930535870495,92.52503313064344,0,2,34.37483434678285,32.0,25.59344910688251,0,0.0,100
50,3,AffectEV,15.0,,22.52525101407549,35.93872953802727,2.6171675293658914,87.63890655994477,1,9,45.805467200276155,32.0,27.638054117723513,0,0.0,100
50,3,AffectEV,30.0,,22.980139529980942,35.73958867511699,2.6713469201284274,88.03639852430639,1,8,45.318007378468046,32.0,27.54775513311929,0,0.0,100
50,3,AffectEV,50.0,,28.999582700066973,36.7956318152529,3.618709981454617,92.55701378252354,0,2,34.2149310873823,32.0,25.968816697575637,0,0.0,100
50,3,AffectEV,65.0,,28.999582700066973,36.7956318152529,3.618709981454617,92.55701378252354,0,2,34.2149310873823,32.0,25.968816697575637,0,0.0,100
50,3,AffectEV,85.0,Konfor,30.712343906175242,40.374964706186056,3.785593069765213,92.78807424959484,0,2,33.05962875202575,32.0,25.69067821705798,0,0.0,100
1,4,Dijkstra,,,18.180626954473706,42.11170600072703,2.5269704833452273,73.81497561697341,29,10,43.425121915132976,68.4,64.18838252775797,0,0.0,100
1,4,A*,,,24.45707858257984,26.624193107217952,3.3229265654980455,91.2460068935655,0,5,36.26996553217256,68.4,62.86178905750326,0,0.0,100
1,4,NSGA-II,,Dengeli,23.305118016662252,28.379713566790446,3.043464642039717,91.01297792622336,0,5,37.43511036888323,68.4,63.32755892993381,0,0.0,100
1,4,AffectEV,15.0,,20.32015924524622,35.4557550978573,2.5214082236840443,84.72235332623833,11,6,39.8882333688083,68.4,64.1976529605266,0,0.0,100
1,4,AffectEV,30.0,Dengeli,23.305118016662252,28.379713566790446,3.043464642039717,91.01297792622336,0,5,37.43511036888323,68.4,63.32755892993381,0,0.0,100
1,4,AffectEV,50.0,Dengeli,23.305118016662252,28.379713566790446,3.043464642039717,91.01297792622336,0,5,37.43511036888323,68.4,63.32755892993381,0,0.0,100
1,4,AffectEV,65.0,,23.697585162546595,29.0363247213205,3.0852363193420227,91.32317058372237,0,4,37.384147081388164,68.4,63.2579394677633,0,0.0,100
1,4,AffectEV,85.0,,23.697585162546595,29.0363247213205,3.0852363193420227,91.32317058372237,0,4,37.384147081388164,68.4,63.2579394677633,0,0.0,100
2,4,Dijkstra,,,25.08490021637783,33.90823668563352,3.091192429460813,82.68634927320285,3,22,46.06825363398577,52.2,47.04801261756531,0,0.0,83
2,4,A*,,,25.095392899664237,33.42878309751023,3.0829909263787396,82.3745975176189,3,23,46.12701241190557,52.2,47.06168178936877,0,0.0,83
2,4,NSGA-II,,Dengeli,28.593350569864736,38.54338631900475,3.6143013142650497,86.0875729911645,1,17,41.562135044177445,52.2,46.17616447622492,0,0.0,83
2,4,AffectEV,15.0,,25.126929302459256,33.74474661374432,3.048610205120688,83.12844516314641,2,22,46.35777418426792,52.2,47.11898299146552,0,0.0,83
2,4,AffectEV,30.0,,25.717720326141666,35.2100835948385,3.1203989967899206,84.13084477501575,2,19,45.845776124921265,52.2,46.99933500535013,0,0.0,83
2,4,AffectEV,50.0,Dengeli,28.593350569864736,38.54338631900475,3.6143013142650497,86.0875729911645,1,17,41.562135044177445,52.2,46.17616447622492,0,0.0,83
2,4,AffectEV,65.0,,46.06338243760872,53.97203981754462,6.185710664638109,88.77361470369628,1,9,40.13192648151858,52.2,41.89048222560315,0,0.0,83
2,4,AffectEV,85.0,,46.06338243760872,53.97203981754462,6.185710664638109,88.77361470369628,1,9,40.13192648151858,52.2,41.89048222560315,0,0.0,83
3,4,Dijkstra,,,10.944476773165217,24.51048076448143,1.4390126606389886,76.83353958351537,8,26,56.83230208242311,77.4,75.00164556560169,0,0.0,100
3,4,A*,,,13.074721602207596,22.72307349113327,1.7003908494241236,82.78569679455225,1,12,65.57151602723877,77.4,74.5660152509598,0,0.0,100
3,4,NSGA-II,,Dengeli,11.845247470259222,23.511830318610237,1.5013967129021226,82.44627666034572,1,15,62.76861669827144,77.4,74.89767214516314,0,0.0,100
3,4,AffectEV,15.0,,11.754617109236538,24.06063287287502,1.3911726327910874,77.96376510290598,1,35,55.1811744854701,77.4,75.08137894534819,0,0.0,100
3,4,AffectEV,30.0,,11.560046549342712,23.13537864009699,1.4735947359902382,80.72918987506176,1,20,63.854050624691205,77.4,74.94400877334961,0,0.0,100
3,4,AffectEV,50.0,Dengeli,11.845247470259222,23.511830318610237,1.5013967129021226,82.44627666034572,1,15,62.76861669827144,77.4,74.89767214516314,0,0.0,100
3,4,AffectEV,65.0,,13.813449531276087,25.95903045204643,1.7271582919685955,85.33248404756918,1,7,60.3375797621541,77.4,74.52140284671901,0,0.0,100
3,4,AffectEV,85.0,,13.813449531276087,25.95903045204643,1.7271582919685955,85.33248404756918,1,7,60.3375797621541,77.4,74.52140284671901,0,0.0,100
4,4,Dijkstra,,,20.388666386118903,33.5900119783378,2.432045634234546,85.92054568266242,3,10,47.89727158668789,40.6,36.54659060960909,0,0.0,58
4,4,A*,,,20.70766409191689,32.317549377461916,2.518248497622858,85.01694353258937,4,11,48.41528233705318,40.6,36.40291917062857,0,0.0,58
4,4,NSGA-II,,Dengeli,20.436903301554665,33.947310553127465,2.4409447823721693,86.22183878206894,3,9,47.890806089655264,40.6,36.53175869604639,0,0.0,58
4,4,AffectEV,15.0,Verimlilik,20.388666386118903,33.5900119783378,2.432045634234546,85.92054568266242,3,10,47.89727158668789,40.6,36.54659060960909,0,0.0,58
4,4,AffectEV,30.0,,20.391093836703845,33.9329668738902,2.437600912030858,86.19220301727935,3,9,48.038984913603244,40.6,36.5373318132819,0,0.0,58
4,4,AffectEV,50.0,Dengeli,20.436903301554665,33.947310553127465,2.4409447823721693,86.22183878206894,3,9,47.890806089655264,40.6,36.53175869604639,0,0.0,58
4,4,AffectEV,65.0,,22.26821165492501,35.25773133158398,2.641120297614145,87.14693598057512,2,8,47.265320097124366,40.6,36.19813283730976,0,0.0,58
4,4,AffectEV,85.0,,22.26821165492501,35.25773133158398,2.641120297614145,87.14693598057512,2,8,47.265320097124366,40.6,36.19813283730976,0,0.0,58
5,4,Dijkstra,,,16.803270107900584,37.360030448540606,2.0908045098628776,79.72072477686547,7,20,53.89637611567268,47.9,44.415325816895205,0,0.0,87
5,4,A*,,,18.27307425158161,34.05566390841144,2.246830696500238,82.45029602459624,4,15,55.24851987701883,47.9,44.155282172499604,0,0.0,87
5,4,NSGA-II,,Dengeli,18.246253603568423,34.22695335549543,2.237173937202619,82.50838241688088,4,15,54.95808791559563,47.9,44.171376771328966,0,0.0,87
5,4,AffectEV,15.0,Dengeli,18.246253603568423,34.22695335549543,2.237173937202619,82.50838241688088,4,15,54.95808791559563,47.9,44.171376771328966,0,0.0,87
5,4,AffectEV,30.0,Dengeli,18.246253603568423,34.22695335549543,2.237173937202619,82.50838241688088,4,15,54.95808791559563,47.9,44.171376771328966,0,0.0,87
5,4,AffectEV,50.0,Dengeli,18.246253603568423,34.22695335549543,2.237173937202619,82.50838241688088,4,15,54.95808791559563,47.9,44.171376771328966,0,0.0,87
5,4,AffectEV,65.0,Konfor,19.980698934203136,38.27198797960077,2.386817406752675,84.47200437525052,2,14,51.63997812374741,47.9,43.92197098874554,0,0.0,87
5,4,AffectEV,85.0,Konfor,19.980698934203136,38.27198797960077,2.386817406752675,84.47200437525052,2,14,51.63997812374741,47.9,43.92197098874554,0,0.0,87
6,4,Dijkstra,,,11.466184045725482,18.89926231804399,1.3938459542453934,88.1696533167687,3,5,44.151733416156496,85.2,82.87692340959102,0,0.0,56
6,4,A*,,,11.481111193786168,18.870443005094483,1.3950717279031557,88.17781450074823,3,5,44.110927496258874,85.2,82.87488045349474,0,0.0,56
6,4,NSGA-II,,Dengeli,12.002455007604762,19.18412724187084,1.450403258315172,89.004125368335,3,3,42.979373158325004,85.2,82.78266123614138,0,0.0,56
6,4,AffectEV,15.0,,11.481111193786168,18.870443005094483,1.3950717279031557,88.17781450074823,3,5,44.110927496258874,85.2,82.87488045349474,0,0.0,56
6,4,AffectEV,30.0,,11.533624745828025,19.014700228344886,1.4013980849606757,88.48588982062888,3,4,44.07055089685559,85.2,82.86433652506554,0,0.0,56
6,4,AffectEV,50.0,Dengeli,12.002455007604762,19.18412724187084,1.450403258315172,89.004125368335,3,3,42.979373158325004,85.2,82.78266123614138,0,0.0,56
6,4,AffectEV,65.0,,12.283986202952676,19.705440867655327,1.479843721019718,89.12257694021002,3,3,42.38711529894985,85.2,82.73359379830048,0,0.0,56
6,4,AffectEV,85.0,,12.878780564475486,21.335987126408263,1.5362008127020337,89.25155712707931,3,3,41.74221436460348,85.2,82.63966531216327,0,0.0,56
7,4,Dijkstra,,,15.816035757029267,30.25894328445255,2.009323381731039,80.73214867350991,11,18,41.83925663245044,75.2,71.85112769711493,0,0.0,100
7,4,A*,,,17.839030308673966,27.30054250868712,2.1622665160954675,88.55927024086057,4,7,36.70364879569713,75.2,71.59622247317422,0,0.0,100
7,4,NSGA-II,,Dengeli,17.839030308673966,27.30054250868712,2.1622665160954675,88.55927024086057,4,7,36.70364879569713,75.2,71.59622247317422,0,0.0,100
7,4,AffectEV,15.0,Dengeli,17.839030308673966,27.30054250868712,2.1622665160954675,88.55927024086057,4,7,36.70364879569713,75.2,71.59622247317422,0,0.0,100
7,4,AffectEV,30.0,Dengeli,17.839030308673966,27.30054250868712,2.1622665160954675,88.55927024086057,4,7,36.70364879569713,75.2,71.59622247317422,0,0.0,100
7,4,AffectEV,50.0,Dengeli,17.839030308673966,27.30054250868712,2.1622665160954675,88.55927024086057,4,7,36.70364879569713,75.2,71.59622247317422,0,0.0,100
7,4,AffectEV,65.0,,22.32383525783826,31.436883420817548,2.4914640156836203,90.79927832445969,0,6,37.003608377701575,75.2,71.04755997386063,0,0.0,100
7,4,AffectEV,85.0,,22.574249488672752,32.34073761009761,2.5159507758150825,90.95190862529883,0,6,36.240456873505856,75.2,71.00674870697486,0,0.0,100
8,4,Dijkstra,,,25.23747109975654,48.69560144740692,2.886682682520857,76.58216206933122,4,43,42.58918965334386,43.6,38.78886219579857,0,0.0,100
8,4,A*,,,31.858814176997722,48.12627683625049,3.685670957101092,86.60648292718058,1,15,41.967585364097076,43.6,37.45721507149818,0,0.0,100
8,4,NSGA-II,,Dengeli,25.775462379625882,48.839800612407906,2.924149174408105,79.96050397478857,2,35,42.697480126057144,43.6,38.72641804265316,0,0.0,100
8,4,AffectEV,15.0,,25.595042184433463,48.5371114162721,2.9048969953476234,78.74967162718636,2,39,42.75164186406819,43.6,38.75850500775396,0,0.0,100
8,4,AffectEV,30.0,Dengeli,25.775462379625882,48.839800612407906,2.924149174408105,79.96050397478857,2,35,42.697480126057144,43.6,38.72641804265316,0,0.0,100
8,4,AffectEV,50.0,,30.249921893425434,50.50637327181408,3.449855638445289,88.8297206015425,2,6,41.851396992287505,43.6,37.850240602591185,0,0.0,100
8,4,AffectEV,65.0,,30.328908499094243,51.9393986199023,3.434440218216289,89.45785049233429,2,4,41.710747538328576,43.6,37.87593296963952,0,0.0,100
8,4,AffectEV,85.0,,31.168401275779313,53.37435965727788,3.521618190281838,89.85637421963467,2,3,41.218128901826624,43.6,37.73063634953027,0,0.0,100
9,4,Dijkstra,,,17.935784581718238,35.51573332294343,2.4567938957172344,76.63715510946427,24,8,44.81422445267863,55.9,51.80534350713794,0,0.0,100
9,4,A*,,,26.11055217719768,25.37841944437925,3.7149611477986926,90.30362893165972,2,6,34.48185534170144,55.9,49.70839808700218,0,0.0,100
9,4,NSGA-II,,Dengeli,21.01067269604474,33.226716441704845,2.4579049314066683,87.62195065618138,1,9,45.89024671909305,55.9,51.803491780988885,0,0.0,100
9,4,AffectEV,15.0,,19.860334771077753,28.591798394565675,2.6784945549091956,84.47253236171387,12,6,38.63733819143063,55.9,51.435842408484675,0,0.0,100
9,4,AffectEV,30.0,Dengeli,21.01067269604474,33.226716441704845,2.4579049314066683,87.62195065618138,1,9,45.89024671909305,55.9,51.803491780988885,0,0.0,100
9,4,AffectEV,50.0,,26.62434560297034,29.354790696278872,3.5711777463510144,92.02691169016343,0,3,35.36544154918284,55.9,49.948037089414974,0,0.0,100
9,4,AffectEV,65.0,,26.62434560297034,29.354790696278872,3.5711777463510144,92.02691169016343,0,3,35.36544154918284,55.9,49.948037089414974,0,0.0,100
9,4,AffectEV,85.0,Konfor,26.755458477797326,29.867702057762482,3.578440976038103,92.08318672140172,0,3,35.08406639299144,55.9,49.935931706603164,0,0.0,100
10,4,Dijkstra,,,8.80302209354457,21.33822556259852,1.1835120550642124,83.04881281405798,11,3,52.7559359297101,30.8,28.827479908226312,0,0.0,5
10,4,A*,,,9.48975926483522,19.73937167263584,1.121937868668543,86.6312127476132,4,6,47.843936261934005,30.8,28.930103552219094,0,0.0,5
10,4,NSGA-II,,Verimlilik,9.48975926483522,19.73937167263584,1.121937868668543,86.6312127476132,4,6,47.843936261934005,30.8,28.930103552219094,0,0.0,5
10,4,AffectEV,15.0,Verimlilik,9.48975926483522,19.73937167263584,1.121937868668543,86.6312127476132,4,6,47.843936261934005,30.8,28.930103552219094,0,0.0,5
10,4,AffectEV,30.0,Verimlilik,9.48975926483522,19.73937167263584,1.121937868668543,86.6312127476132,4,6,47.843936261934005,30.8,28.930103552219094,0,0.0,5
10,4,AffectEV,50.0,,11.86658804946373,19.834864829608748,1.3869169128741137,89.58976001918204,0,2,49.05119990408982,30.8,28.48847181187648,0,0.0,5
10,4,AffectEV,65.0,,11.86658804946373,19.834864829608748,1.3869169128741137,89.58976001918204,0,2,49.05119990408982,30.8,28.48847181187648,0,0.0,5
10,4,AffectEV,85.0,,11.86658804946373,19.834864829608748,1.3869169128741137,89.58976001918204,0,2,49.05119990408982,30.8,28.48847181187648,0,0.0,5
11,4,Dijkstra,,,9.660212526006283,21.756578024758497,1.2953126056475814,80.24278893760267,7,9,67.78605531198666,51.9,49.74114565725403,0,0.0,98
11,4,A*,,,9.700879391433153,19.056471751303125,1.2593973233310896,83.55972575314918,3,6,65.70137123425408,51.9,49.80100446111485,0,0.0,98
11,4,NSGA-II,,Dengeli,11.482334370350559,20.54369069167833,1.4590566881133653,85.8336150350258,2,2,62.831924824870974,51.9,49.46823885314439,0,0.0,98
11,4,AffectEV,15.0,Verimlilik,9.700879391433153,19.056471751303125,1.2593973233310896,83.55972575314918,3,6,65.70137123425408,51.9,49.80100446111485,0,0.0,98
11,4,AffectEV,30.0,Verimlilik,9.700879391433153,19.056471751303125,1.2593973233310896,83.55972575314918,3,6,65.70137123425408,51.9,49.80100446111485,0,0.0,98
11,4,AffectEV,50.0,,11.517408452476687,20.58192381324652,1.4621646239218957,85.87128138100036,2,2,62.643593094998195,51.9,49.46305896013017,0,0.0,98
11,4,AffectEV,65.0,Konfor,13.621231338051606,28.22053628204412,1.6744732222830925,87.16576514369024,2,1,57.671174281548794,51.9,49.10921129619484,0,0.0,98
11,4,AffectEV,85.0,Konfor,13.621231338051606,28.22053628204412,1.6744732222830925,87.16576514369024,2,1,57.671174281548794,51.9,49.10921129619484,0,0.0,98
12,4,Dijkstra,,,21.66993991746172,46.99229100853866,2.782871153786626,74.80207216216681,11,23,63.98963918916598,65.7,61.061881410355625,0,0.0,100
12,4,A*,,,22.361006918459164,42.995717582030736,2.800133691127803,71.93469992379545,5,44,61.82650038102276,65.7,61.033110514787,0,0.0,100
12,4,NSGA-II,,Dengeli,21.92695491250674,45.16276919546679,2.7650523567847825,77.10394464276641,7,22,63.980276786167984,65.7,61.0915794053587,0,0.0,100
12,4,AffectEV,15.0,,21.814763176977873,44.255671956478224,2.7625604422120835,75.74034130303721,8,26,62.298293484813975,65.7,61.0957325963132,0,0.0,100
12,4,AffectEV,30.0,Dengeli,21.92695491250674,45.16276919546679,2.7650523567847825,77.10394464276641,7,22,63.980276786167984,65.7,61.0915794053587,0,0.0,100
12,4,AffectEV,50.0,Dengeli,21.92695491250674,45.16276919546679,2.7650523567847825,77.10394464276641,7,22,63.980276786167984,65.7,61.0915794053587,0,0.0,100
12,4,AffectEV,65.0,,25.009122668625,51.257921289779084,3.1208205282940087,79.44553461190544,4,20,62.77232694047277,65.7,60.498632452843324,0,0.0,100
12,4,AffectEV,85.0,,25.58920186839267,52.54377611105872,3.179052629138102,79.67207111562374,4,20,61.63964442188131,65.7,60.4015789514365,0,0.0,100
13,4,Dijkstra,,,23.210046865366078,49.290874478258,2.894245498936301,74.57489416730635,18,24,46.12552916346828,42.6,37.77625750177283,0,0.0,100
13,4,A*,,,24.653589322184306,38.42062439155798,2.9428002690072934,87.04706563644133,0,9,51.26467181779335,42.6,37.69533288498785,0,0.0,100
13,4,NSGA-II,,Dengeli,24.097354298375226,39.45907059738801,2.847954658989215,86.38997914466921,2,9,49.550104276653975,42.6,37.853408901684645,0,0.0,100
13,4,AffectEV,15.0,,23.873798041714654,40.9305144012612,2.771590592138327,85.38389452592904,3,13,46.08052737035485,42.6,37.980682346436126,0,0.0,100
13,4,AffectEV,30.0,Dengeli,24.097354298375226,39.45907059738801,2.847954658989215,86.38997914466921,2,9,49.550104276653975,42.6,37.853408901684645,0,0.0,100
13,4,AffectEV,50.0,,24.75522554429543,39.758273268149,2.9074008357940926,87.43695871199259,0,9,49.31520644003705,42.6,37.75433194034318,0,0.0,100
13,4,AffectEV,65.0,,24.896927526048152,40.58421782135101,2.9086380093281554,87.56385848011024,0,9,48.68070759944876,42.6,37.75226998445308,0,0.0,100
13,4,AffectEV,85.0,,24.896927526048152,40.58421782135101,2.9086380093281554,87.56385848011024,0,9,48.68070759944876,42.6,37.75226998445308,0,0.0,100
14,4,Dijkstra,,,17.365727681979003,36.12668627116895,2.1464364307581656,81.67490620174482,11,12,46.12546899127591,77.8,74.22260594873639,0,0.0,100
14,4,A*,,,18.63864236341061,35.362370063284416,2.2205919761960717,85.1372209239816,8,7,43.813895380091964,77.8,74.09901337300654,0,0.0,100
14,4,NSGA-II,,Dengeli,18.63864236341061,35.362370063284416,2.2205919761960717,85.1372209239816,8,7,43.813895380091964,77.8,74.09901337300654,0,0.0,100
14,4,AffectEV,15.0,Verimlilik,17.416026119068786,35.646054257801474,2.127835103042506,82.49864276909224,10,11,46.00678615453879,77.8,74.25360816159582,0,0.0,100
14,4,AffectEV,30.0,Dengeli,18.63864236341061,35.362370063284416,2.2205919761960717,85.1372209239816,8,7,43.813895380091964,77.8,74.09901337300654,0,0.0,100
14,4,AffectEV,50.0,,18.700817822708245,35.41057428482431,2.2250697852266557,85.19995991154062,8,7,43.50020044229695,77.8,74.09155035795557,0,0.0,100
14,4,AffectEV,65.0,,21.33714011978128,37.761590936153475,2.4963478437023725,86.88587578355308,6,6,41.570621082234645,77.8,73.63942026049604,0,0.0,100
14,4,AffectEV,85.0,,21.33714011978128,37.761590936153475,2.4963478437023725,86.88587578355308,6,6,41.570621082234645,77.8,73.63942026049604,0,0.0,100
15,4,Dijkstra,,,23.12440075830618,50.39197463457365,3.2808485673591963,71.93474475339767,25,10,62.826276233011704,63.8,58.33191905440134,0,0.0,89
15,4,A*,,,24.85021409100943,39.20713162925244,3.1548756564507547,78.28407748499927,6,25,56.07961257500367,63.8,58.54187390591541,0,0.0,89
15,4,NSGA-II,,Dengeli,24.846117243829248,39.23156445857843,3.156673178634649,78.5526607633707,6,24,56.23669618314654,63.8,58.53887803560892,0,0.0,89
15,4,AffectEV,15.0,Dengeli,24.846117243829248,39.23156445857843,3.156673178634649,78.5526607633707,6,24,56.23669618314654,63.8,58.53887803560892,0,0.0,89
15,4,AffectEV,30.0,Dengeli,24.846117243829248,39.23156445857843,3.156673178634649,78.5526607633707,6,24,56.23669618314654,63.8,58.53887803560892,0,0.0,89
15,4,AffectEV,50.0,,25.066327542202465,42.965175774110286,3.142424658355606,79.64884757347681,5,21,57.75576213261591,63.8,58.56262556940732,0,0.0,89
15,4,AffectEV,65.0,,25.89837518239961,45.74940592336841,3.2525935023395576,80.40597022769285,5,18,58.47014886153576,63.8,58.379010829434065,0,0.0,89
15,4,AffectEV,85.0,Konfor,27.390996293737423,48.70410565250737,3.3984683213966793,80.87040542426264,5,18,56.147972878686765,63.8,58.135886131005535,0,0.0,89
16,4,Dijkstra,,,20.62345860912918,45.802547603804314,2.768646425375946,74.35937914135494,20,16,54.20310429322532,84.0,79.38558929104009,0,0.0,100
16,4,A*,,,37.095179140401015,35.719240323785506,5.40948732324102,88.45903695771676,3,9,36.70481521141616,84.0,74.9841877945983,0,0.0,100
16,4,NSGA-II,,Dengeli,23.50248935192013,43.109307704290146,2.754997833521763,84.23836849166358,3,15,48.80815754168214,84.0,79.4083369441304,0,0.0,100
16,4,AffectEV,15.0,,23.29973314783391,42.38354350979373,2.7461603278476976,83.42990243361074,3,17,49.85048783194634,84.0,79.42306612025384,0,0.0,100
16,4,AffectEV,30.0,,23.29973314783391,42.38354350979373,2.7461603278476976,83.42990243361074,3,17,49.85048783194634,84.0,79.42306612025384,0,0.0,100
16,4,AffectEV,50.0,,32.43983232669112,42.60904681686735,4.239340124655945,89.01458098390718,1,7,41.92709508046411,84.0,76.93443312557342,0,0.0,100
16,4,AffectEV,65.0,,32.43983232669112,42.60904681686735,4.239340124655945,89.01458098390718,1,7,41.92709508046411,84.0,76.93443312557342,0,0.0,100
16,4,AffectEV,85.0,Konfor,33.07947236340484,44.23565455364829,4.291119451767456,89.20436226864175,1,7,40.97818865679128,84.0,76.84813424705425,0,0.0,100
17,4,Dijkstra,,,7.48250904180245,12.780111401755104,0.9654544477865824,85.01767113894229,1,9,58.91164430528857,48.8,47.19090925368903,0,0.0,23
17,4,A*,,,8.096529163197362,11.82641368414217,1.0426994720108411,85.92479965564559,1,8,55.87600172177203,48.8,47.062167546648595,0,0.0,23
17,4,NSGA-II,,Dengeli,8.092432316017184,11.850846513468179,1.0444969941947357,86.12836181273084,1,7,56.35819093634575,48.8,47.0591716763421,0,0.0,23
17,4,AffectEV,15.0,,7.893134928790297,12.421673626718812,0.9845000996981766,85.56910793607068,0,7,61.65446031964658,48.8,47.159166500503034,0,0.0,23
17,4,AffectEV,30.0,Dengeli,8.092432316017184,11.850846513468179,1.0444969941947357,86.12836181273084,1,7,56.35819093634575,48.8,47.0591716763421,0,0.0,23
17,4,AffectEV,50.0,Dengeli,8.092432316017184,11.850846513468179,1.0444969941947357,86.12836181273084,1,7,56.35819093634575,48.8,47.0591716763421,0,0.0,23
17,4,AffectEV,65.0,Konfor,9.457558772675187,15.024158473951443,1.1880298377149663,86.84753531284885,0,4,59.76232343575574,48.8,46.819950270475054,0,0.0,23
17,4,AffectEV,85.0,Konfor,9.457558772675187,15.024158473951443,1.1880298377149663,86.84753531284885,0,4,59.76232343575574,48.8,46.819950270475054,0,0.0,23
18,4,Dijkstra,,,17.48013166005094,29.335008380167544,2.176912283549936,81.74119639125114,5,16,54.79401804374432,72.1,68.4718128607501,0,0.0,62
18,4,A*,,,17.48038052525706,28.17250964257709,2.169419503938221,82.45792634569044,4,15,55.210368271547786,72.1,68.48430082676963,0,0.0,62
18,4,NSGA-II,,Dengeli,17.661784663539354,28.6502244966711,2.1887461977676947,82.8123393721252,4,14,54.93830313937402,72.1,68.45208967038717,0,0.0,62
18,4,AffectEV,15.0,,17.48038052525706,28.17250964257709,2.169419503938221,82.45792634569044,4,15,55.210368271547786,72.1,68.48430082676963,0,0.0,62
18,4,AffectEV,30.0,,17.48038052525706,28.17250964257709,2.169419503938221,82.45792634569044,4,15,55.210368271547786,72.1,68.48430082676963,0,0.0,62
18,4,AffectEV,50.0,,19.03827874210178,28.658880184192483,2.3429349844119947,83.35295532327795,4,17,47.73522338361025,72.1,68.19510835931334,0,0.0,62
18,4,AffectEV,65.0,,24.342930742419842,35.086098770761986,3.1288509410276704,86.40199420918464,2,11,46.49002895407683,72.1,66.88524843162054,0,0.0,62
18,4,AffectEV,85.0,Konfor,24.672641688904772,35.7691102491119,3.1625383828397235,86.45930348209208,2,11,46.20348258953956,72.1,66.82910269526712,0,0.0,62
19,4,Dijkstra,,,17.47460100191027,20.207159424204235,2.546047480567321,90.16527128117482,4,4,33.173643594125885,59.6,55.3565875323878,0,0.0,100
19,4,A*,,,17.613301131838053,19.61255312896358,2.5464088391955175,91.14970488834891,2,4,33.25147555825549,59.6,55.35598526800747,0,0.0,100
19,4,NSGA-II,,Dengeli,17.613301131838053,19.61255312896358,2.5464088391955175,91.14970488834891,2,4,33.25147555825549,59.6,55.35598526800747,0,0.0,100
19,4,AffectEV,15.0,Dengeli,17.613301131838053,19.61255312896358,2.5464088391955175,91.14970488834891,2,4,33.25147555825549,59.6,55.35598526800747,0,0.0,100
19,4,AffectEV,30.0,Dengeli,17.613301131838053,19.61255312896358,2.5464088391955175,91.14970488834891,2,4,33.25147555825549,59.6,55.35598526800747,0,0.0,100
19,4,AffectEV,50.0,Dengeli,17.613301131838053,19.61255312896358,2.5464088391955175,91.14970488834891,2,4,33.25147555825549,59.6,55.35598526800747,0,0.0,100
19,4,AffectEV,65.0,Dengeli,17.613301131838053,19.61255312896358,2.5464088391955175,91.14970488834891,2,4,33.25147555825549,59.6,55.35598526800747,0,0.0,100
19,4,AffectEV,85.0,Dengeli,17.613301131838053,19.61255312896358,2.5464088391955175,91.14970488834891,2,4,33.25147555825549,59.6,55.35598526800747,0,0.0,100
20,4,Dijkstra,,,17.058035821320935,27.279131752904622,2.156006509202187,85.18553978145647,1,8,59.572301092717645,41.3,37.70665581799635,0,0.0,22
20,4,A*,,,18.870948473505916,26.648201873209583,2.387370718205607,83.9451477692499,0,15,57.77426115375051,41.3,37.32104880299065,0,0.0,22
20,4,NSGA-II,,Dengeli,17.06128237476365,27.119771187224615,2.158305196403328,85.17166276113159,1,8,59.641686194342064,41.3,37.702824672661116,0,0.0,22
20,4,AffectEV,15.0,Dengeli,17.06128237476365,27.119771187224615,2.158305196403328,85.17166276113159,1,8,59.641686194342064,41.3,37.702824672661116,0,0.0,22
20,4,AffectEV,30.0,Dengeli,17.06128237476365,27.119771187224615,2.158305196403328,85.17166276113159,1,8,59.641686194342064,41.3,37.702824672661116,0,0.0,22
20,4,AffectEV,50.0,,17.072797683863932,27.230426794600515,2.155517499991538,85.19525307236462,1,8,59.52373463817689,41.3,37.707470833347436,0,0.0,22
20,4,AffectEV,65.0,,18.02829093434911,28.753388137027116,2.250916740031869,85.82318902430318,0,8,58.88405487848409,41.3,37.548472099946885,0,0.0,22
20,4,AffectEV,85.0,,18.029844341641322,29.025929898883938,2.2527093436810404,85.84484742936904,0,8,58.7757628531548,41.3,37.54548442719826,0,0.0,22
21,4,Dijkstra,,,12.403662818592329,24.78386623460678,1.606239130688207,83.825179434511,10,5,48.37410282744501,62.9,60.22293478218632,0,0.0,19
21,4,A*,,,12.696117560645662,24.568439770902685,1.5952234017642064,85.29646231524734,8,4,47.51768842376327,62.9,60.24129433039299,0,0.0,19
21,4,NSGA-II,,Dengeli,12.704978352271759,24.600826718928026,1.596203418718259,85.33446718591418,8,4,47.327664070429115,62.9,60.2396609688029,0,0.0,19
21,4,AffectEV,15.0,Verimlilik,12.696117560645662,24.568439770902685,1.5952234017642064,85.29646231524734,8,4,47.51768842376327,62.9,60.24129433039299,0,0.0,19
21,4,AffectEV,30.0,Verimlilik,12.696117560645662,24.568439770902685,1.5952234017642064,85.29646231524734,8,4,47.51768842376327,62.9,60.24129433039299,0,0.0,19
21,4,AffectEV,50.0,,14.565918930840564,27.73689637755567,1.7413013510964732,88.11434336691923,5,3,42.42828316540389,62.9,59.99783108150588,0,0.0,19
21,4,AffectEV,65.0,,14.572660491209287,27.745800609597755,1.7419379737848573,88.11740197386581,5,3,42.412990130670984,62.9,59.9967700436919,0,0.0,19
21,4,AffectEV,85.0,,14.572660491209287,27.745800609597755,1.7419379737848573,88.11740197386581,5,3,42.412990130670984,62.9,59.9967700436919,0,0.0,19
22,4,Dijkstra,,,6.523072409060071,16.32101797228471,0.9005593243568732,80.7941454957172,9,13,54.02927252141401,52.3,50.79906779273854,0,0.0,100
22,4,A*,,,6.827683770057057,14.00050969321464,0.9065096617836507,85.77654666232513,5,2,55.617266688374315,52.3,50.789150563693916,0,0.0,100
22,4,NSGA-II,,Dengeli,6.954093140639081,15.191257076597507,0.8592469165950022,86.34034142965011,4,3,53.79829285174943,52.3,50.867921805674996,0,0.0,100
22,4,AffectEV,15.0,,6.945954704950598,14.60622937382559,0.8744765113531432,85.99477507788102,4,3,55.52612461059493,52.3,50.84253914774476,0,0.0,100
22,4,AffectEV,30.0,Dengeli,6.954093140639081,15.191257076597507,0.8592469165950022,86.34034142965011,4,3,53.79829285174943,52.3,50.867921805674996,0,0.0,100
22,4,AffectEV,50.0,,7.8067010372784695,16.48681524096453,0.949762267932228,87.90798595317949,4,1,48.96007023410257,52.3,50.717062886779615,0,0.0,100
22,4,AffectEV,65.0,,7.8067010372784695,16.48681524096453,0.949762267932228,87.90798595317949,4,1,48.96007023410257,52.3,50.717062886779615,0,0.0,100
22,4,AffectEV,85.0,,8.43076571209806,17.746561833118168,1.0141249781231305,88.17581085713731,4,1,47.62094571431345,52.3,50.60979170312811,0,0.0,100
23,4,Dijkstra,,,10.922201574548646,24.20655041002972,1.3534676513041606,75.20515945408145,6,36,54.974202729592754,59.7,57.44422058115973,0,0.0,56
23,4,A*,,,12.392833329707532,22.53367533501626,1.4810454359537564,82.85278055956188,0,21,54.23609720219061,59.7,57.231590940077076,0,0.0,56
23,4,NSGA-II,,Dengeli,12.015490901129617,23.06488344280087,1.3798068448370406,83.051053241861,1,23,47.74473379069499,59.7,57.400321925271605,0,0.0,56
23,4,AffectEV,15.0,,11.299812691615562,22.684621200805875,1.3370083296188633,79.93732542424988,1,29,54.313372878750585,59.7,57.471652783968565,0,0.0,56
23,4,AffectEV,30.0,,11.299812691615562,22.684621200805875,1.3370083296188633,79.93732542424988,1,29,54.313372878750585,59.7,57.471652783968565,0,0.0,56
23,4,AffectEV,50.0,,12.209655102485474,23.368291394911232,1.409427155172879,84.45049854381709,0,18,50.74750728091454,59.7,57.35095474137854,0,0.0,56
23,4,AffectEV,65.0,,12.209655102485474,23.368291394911232,1.409427155172879,84.45049854381709,0,18,50.74750728091454,59.7,57.35095474137854,0,0.0,56
23,4,AffectEV,85.0,,12.870640782063266,24.70134493743284,1.4878304487020393,84.96286071056267,0,16,51.18569644718671,59.7,57.220282585496605,0,0.0,56
24,4,Dijkstra,,,23.542621774622575,38.62336297460493,2.6486272436753757,91.20458137852465,1,1,39.97709310737672,70.5,66.08562126054105,0,0.0,100
24,4,A*,,,27.595808419455917,29.45257966591956,3.67702978113259,91.49921965670613,2,3,33.00390171646932,70.5,64.37161703144568,0,0.0,100
24,4,NSGA-II,,Dengeli,24.098779443633447,39.027399136491866,2.6923767958792917,91.78549601673701,0,1,39.5725199163149,70.5,66.01270534020118,0,0.0,100
24,4,AffectEV,15.0,,23.54414106379548,38.57599705435684,2.64910180083811,91.17897626723466,1,1,40.105118663826694,70.5,66.08483033193649,0,0.0,100
24,4,AffectEV,30.0,Dengeli,24.098779443633447,39.027399136491866,2.6923767958792917,91.78549601673701,0,1,39.5725199163149,70.5,66.01270534020118,0,0.0,100
24,4,AffectEV,50.0,Dengeli,24.098779443633447,39.027399136491866,2.6923767958792917,91.78549601673701,0,1,39.5725199163149,70.5,66.01270534020118,0,0.0,100
24,4,AffectEV,65.0,,30.32947051267675,46.46610999136864,3.4613267046928318,92.6732411288639,0,1,35.133794355680486,70.5,64.73112215884528,0,0.0,100
24,4,AffectEV,85.0,Konfor,32.318938115678655,51.1177594760743,3.665532327538094,92.80941410127586,0,1,34.452929493620665,70.5,64.39077945410318,0,0.0,100
25,4,Dijkstra,,,15.927133076834163,32.48388063888746,2.080664534970098,80.22115851249885,13,11,49.89420743750577,55.0,51.53222577504984,0,0.0,100
25,4,A*,,,16.719735716095112,31.808100428848753,2.137940144926065,82.32964475117757,10,9,49.851776244112145,55.0,51.436766425123224,0,0.0,100
25,4,NSGA-II,,Dengeli,16.469158954763678,32.39148041535448,2.0786425207752988,82.8376637394535,9,9,49.81168130273248,55.0,51.53559579870784,0,0.0,100
25,4,AffectEV,15.0,Verimlilik,16.219587818887494,32.26845417518337,2.069648806046098,81.6607144602551,11,10,49.1964276987245,55.0,51.550585323256506,0,0.0,100
25,4,AffectEV,30.0,Dengeli,16.469158954763678,32.39148041535448,2.0786425207752988,82.8376637394535,9,9,49.81168130273248,55.0,51.53559579870784,0,0.0,100
25,4,AffectEV,50.0,,18.84093179559899,33.53556432150817,2.2108986019655967,87.40792132854897,4,6,43.96039335725517,55.0,51.315168996724005,0,0.0,100
25,4,AffectEV,65.0,,19.20891886658251,34.00591032387734,2.2416154076898938,87.6963119291429,4,6,42.518440354285566,55.0,51.263974320516844,0,0.0,100
25,4,AffectEV,85.0,,19.20891886658251,34.00591032387734,2.2416154076898938,87.6963119291429,4,6,42.518440354285566,55.0,51.263974320516844,0,0.0,100
26,4,Dijkstra,,,14.53899591594657,30.541184956401207,1.8942003234278255,82.56644211539589,5,9,61.167789423020565,77.6,74.44299946095362,0,0.0,100
26,4,A*,,,15.548561767311973,27.227822315301804,1.9766037238792975,84.83892847010713,1,7,62.80535764946429,77.6,74.30566046020117,0,0.0,100
26,4,NSGA-II,,Dengeli,15.548561767311973,27.227822315301804,1.9766037238792975,84.83892847010713,1,7,62.80535764946429,77.6,74.30566046020117,0,0.0,100
26,4,AffectEV,15.0,,14.60429112352505,29.512718495910807,1.8871931886882525,83.84547249884896,4,7,60.27263750575516,77.6,74.4546780188529,0,0.0,100
26,4,AffectEV,30.0,,14.60766289654755,29.61969253494474,1.8858604475568037,83.89520433907583,4,7,60.02397830462088,77.6,74.45689925407198,0,0.0,100
26,4,AffectEV,50.0,,15.618785313773001,30.023637480953163,1.948602659556137,85.53357836720697,2,6,58.33210816396512,77.6,74.35232890073976,0,0.0,100
26,4,AffectEV,65.0,Konfor,15.978131880013592,31.806824467774405,1.9874023483619128,85.92607966196012,2,5,57.8696016901994,77.6,74.28766275273014,0,0.0,100
26,4,AffectEV,85.0,Konfor,15.978131880013592,31.806824467774405,1.9874023483619128,85.92607966196012,2,5,57.8696016901994,77.6,74.28766275273014,0,0.0,100
27,4,Dijkstra,,,10.86006125920067,23.777460522690678,1.3203880751310904,76.84228211509055,7,33,48.78858942454721,49.6,47.39935320811485,0,0.0,80
27,4,A*,,,11.222473178885824,21.860421701429036,1.2923940772070193,80.34341460382493,2,31,46.78292698087542,49.6,47.446009871321635,0,0.0,80
27,4,NSGA-II,,Dengeli,11.51627682010147,23.152367944844126,1.353627263087415,83.53258583175992,2,18,50.3370708412004,49.6,47.343954561520974,0,0.0,80
27,4,AffectEV,15.0,,11.227809037875982,21.889290859702722,1.2936529846117732,80.61827367223387,2,30,46.908631638830684,49.6,47.44391169231371,0,0.0,80
27,4,AffectEV,30.0,,11.291542645217604,22.209983352551028,1.307052389309249,81.6117826479623,2,26,47.941086760188476,49.6,47.42157935115125,0,0.0,80
27,4,AffectEV,50.0,,11.951301300940898,23.872455241199436,1.3999303504198468,84.54392172021402,2,15,49.780391398929915,49.6,47.266782749300255,0,0.0,80
27,4,AffectEV,65.0,,12.455365747925226,24.86831542441789,1.4517735936740408,85.17851985364217,2,14,48.107400731789134,49.6,47.1803773438766,0,0.0,80
27,4,AffectEV,85.0,,13.391857268254062,26.75442572880075,1.562194193082434,85.64878757925433,2,12,48.75606210372835,49.6,46.99634301152928,0,0.0,80
28,4,Dijkstra,,,22.02802455703555,36.94021114276917,2.8428347292622895,79.89047830043259,11,12,55.04760849783705,84.3,79.56194211789618,0,0.0,100
28,4,A*,,,24.211919829352468,35.190829462997606,3.0857874546058355,81.51712731315479,6,16,53.414363434226075,84.3,79.15702090899028,0,0.0,100
28,4,NSGA-II,,Dengeli,22.772298249596137,36.663825619466515,2.849029179498811,82.95262985161499,6,11,53.73685074192509,84.3,79.55161803416864,0,0.0,100
28,4,AffectEV,15.0,,22.07635719799187,35.712629670619926,2.8332997368701927,80.72010679070571,10,11,54.8994660464714,84.3,79.57783377188301,0,0.0,100
28,4,AffectEV,30.0,Dengeli,22.772298249596137,36.663825619466515,2.849029179498811,82.95262985161499,6,11,53.73685074192509,84.3,79.55161803416864,0,0.0,100
28,4,AffectEV,50.0,,26.150457651995907,37.53627142482248,3.2947891462103316,85.85405692028777,3,8,51.22971539856112,84.3,78.80868475631611,0,0.0,100
28,4,AffectEV,65.0,,26.150457651995907,37.53627142482248,3.2947891462103316,85.85405692028777,3,8,51.22971539856112,84.3,78.80868475631611,0,0.0,100
28,4,AffectEV,85.0,,26.150457651995907,37.53627142482248,3.2947891462103316,85.85405692028777,3,8,51.22971539856112,84.3,78.80868475631611,0,0.0,100
29,4,Dijkstra,,,12.699312958695026,23.45136853379821,1.4081169773411986,89.96424180750248,0,6,41.17879096248764,51.5,49.153138371098,0,0.0,46
29,4,A*,,,12.819214236777325,15.682804926654702,1.7901583300154138,90.87906418908003,0,5,38.104679054599906,51.5,48.51640278330764,0,0.0,46
29,4,NSGA-II,,Dengeli,12.83482452949295,15.704414468786178,1.7907170372443781,90.93951501636745,0,5,37.802424918162714,51.5,48.515471604592705,0,0.0,46
29,4,AffectEV,15.0,Dengeli,12.83482452949295,15.704414468786178,1.7907170372443781,90.93951501636745,0,5,37.802424918162714,51.5,48.515471604592705,0,0.0,46
29,4,AffectEV,30.0,Dengeli,12.83482452949295,15.704414468786178,1.7907170372443781,90.93951501636745,0,5,37.802424918162714,51.5,48.515471604592705,0,0.0,46
29,4,AffectEV,50.0,Dengeli,12.83482452949295,15.704414468786178,1.7907170372443781,90.93951501636745,0,5,37.802424918162714,51.5,48.515471604592705,0,0.0,46
29,4,AffectEV,65.0,Konfor,17.77360017387515,19.095246937467017,2.4993593836095416,92.85086659636993,0,0,35.74566701815034,51.5,47.33440102731743,0,0.0,46
29,4,AffectEV,85.0,Konfor,17.77360017387515,19.095246937467017,2.4993593836095416,92.85086659636993,0,0,35.74566701815034,51.5,47.33440102731743,0,0.0,46
30,4,Dijkstra,,,21.79446021612964,14.98151259614699,3.365506793220975,94.43172722939947,0,0,27.841363853002633,48.9,43.290822011298374,0,0.0,6
30,4,A*,,,21.79446021612964,14.98151259614699,3.365506793220975,94.43172722939947,0,0,27.841363853002633,48.9,43.290822011298374,0,0.0,6
30,4,NSGA-II,,Dengeli,21.855044947629068,16.46836325432551,3.3191065247951945,94.17946161570003,0,0,29.102691921499833,48.9,43.36815579200801,0,0.0,6
30,4,AffectEV,15.0,Dengeli,21.855044947629068,16.46836325432551,3.3191065247951945,94.17946161570003,0,0,29.102691921499833,48.9,43.36815579200801,0,0.0,6
30,4,AffectEV,30.0,Dengeli,21.855044947629068,16.46836325432551,3.3191065247951945,94.17946161570003,0,0,29.102691921499833,48.9,43.36815579200801,0,0.0,6
30,4,AffectEV,50.0,Dengeli,21.855044947629068,16.46836325432551,3.3191065247951945,94.17946161570003,0,0,29.102691921499833,48.9,43.36815579200801,0,0.0,6
30,4,AffectEV,65.0,Konfor,21.79446021612964,14.98151259614699,3.365506793220975,94.43172722939947,0,0,27.841363853002633,48.9,43.290822011298374,0,0.0,6
30,4,AffectEV,85.0,Konfor,21.79446021612964,14.98151259614699,3.365506793220975,94.43172722939947,0,0,27.841363853002633,48.9,43.290822011298374,0,0.0,6
31,4,Dijkstra,,,18.460401315711664,43.988609383311456,2.5041419380415855,66.2318391310416,20,36,64.84080434479202,55.0,50.82643010326402,0,0.0,100
31,4,A*,,,19.213883849346384,39.01929601979818,2.4464424480182565,71.37334115902543,7,41,64.13329420487287,55.0,50.922595919969574,0,0.0,100
31,4,NSGA-II,,Dengeli,19.794164363678192,39.955832225050095,2.537386949163492,75.83297666357568,5,28,66.33511668212162,55.0,50.77102175139418,0,0.0,100
31,4,AffectEV,15.0,Verimlilik,19.213883849346384,39.01929601979818,2.4464424480182565,71.37334115902543,7,41,64.13329420487287,55.0,50.922595919969574,0,0.0,100
31,4,AffectEV,30.0,Verimlilik,19.213883849346384,39.01929601979818,2.4464424480182565,71.37334115902543,7,41,64.13329420487287,55.0,50.922595919969574,0,0.0,100
31,4,AffectEV,50.0,,20.744178737841175,40.952050622423826,2.6644621323168187,78.93534290482268,7,16,63.823285475886635,55.0,50.55922977947197,0,0.0,100
31,4,AffectEV,65.0,,23.152730856935186,43.303907710364456,2.8921553638653212,81.32220134853304,5,14,59.888993257334754,55.0,50.179741060224465,0,0.0,100
31,4,AffectEV,85.0,,23.152730856935186,43.303907710364456,2.8921553638653212,81.32220134853304,5,14,59.888993257334754,55.0,50.179741060224465,0,0.0,100
32,4,Dijkstra,,,6.315449441209965,13.479849954640164,0.8240270970399363,82.84238286920817,4,7,65.2880856539592,87.5,86.12662150493344,0,0.0,100
32,4,A*,,,6.3477748030592105,13.041778864767764,0.8105111848005615,84.59183271494506,3,5,62.04083642527471,87.5,86.1491480253324,0,0.0,100
32,4,NSGA-II,,Dengeli,6.3477748030592105,13.041778864767764,0.8105111848005615,84.59183271494506,3,5,62.04083642527471,87.5,86.1491480253324,0,0.0,100
32,4,AffectEV,15.0,Dengeli,6.3477748030592105,13.041778864767764,0.8105111848005615,84.59183271494506,3,5,62.04083642527471,87.5,86.1491480253324,0,0.0,100
32,4,AffectEV,30.0,Dengeli,6.3477748030592105,13.041778864767764,0.8105111848005615,84.59183271494506,3,5,62.04083642527471,87.5,86.1491480253324,0,0.0,100
32,4,AffectEV,50.0,,7.259566930003432,14.673568949039888,0.8900724465153581,86.50855615402209,1,4,58.95721922988953,87.5,86.0165459224744,0,0.0,100
32,4,AffectEV,65.0,,8.088790029164333,16.943233386796333,0.9820259466524063,87.32753077363056,1,4,54.86234613184719,87.5,85.86329008891266,0,0.0,100
32,4,AffectEV,85.0,,8.088790029164333,16.943233386796333,0.9820259466524063,87.32753077363056,1,4,54.86234613184719,87.5,85.86329008891266,0,0.0,100
33,4,Dijkstra,,,12.932258251440391,20.126912240407748,1.6186851527322421,84.81951876758185,2,13,51.40240616209071,67.3,64.60219141211293,0,0.0,24
33,4,A*,,,13.13129016966535,19.574096979334026,1.6416365590195143,84.70373313663879,2,13,51.98133431680602,67.3,64.56393906830081,0,0.0,24
33,4,NSGA-II,,Dengeli,13.13129016966535,19.574096979334026,1.6416365590195143,84.70373313663879,2,13,51.98133431680602,67.3,64.56393906830081,0,0.0,24
33,4,AffectEV,15.0,Verimlilik,12.942750934726801,19.64745865228445,1.610483649650169,84.49759753843549,2,14,51.51201230782254,67.3,64.61586058391639,0,0.0,24
33,4,AffectEV,30.0,Dengeli,13.13129016966535,19.574096979334026,1.6416365590195143,84.70373313663879,2,13,51.98133431680602,67.3,64.56393906830081,0,0.0,24
33,4,AffectEV,50.0,,13.12079748637894,20.053550567457325,1.6498380621015873,85.02526430556074,2,12,51.873678472196296,67.3,64.55026989649735,0,0.0,24
33,4,AffectEV,65.0,Konfor,21.295898873935986,26.522629424560353,2.757384363808676,89.57989647768251,0,7,41.60051761158743,67.3,62.704359393652204,0,0.0,24
33,4,AffectEV,85.0,Konfor,21.295898873935986,26.522629424560353,2.757384363808676,89.57989647768251,0,7,41.60051761158743,67.3,62.704359393652204,0,0.0,24
34,4,Dijkstra,,,13.181150613222396,26.446109623619733,1.5740579855349888,74.25638154748526,3,46,52.218092262573684,86.8,84.17657002410834,0,0.0,47
34,4,A*,,,17.631544924722906,24.74552330808063,2.260202765387289,85.14300840637534,2,15,46.78495796812325,86.8,83.03299539102119,0,0.0,47
34,4,NSGA-II,,Dengeli,14.220032954748946,26.22211062401688,1.6814386444112301,84.00686200825041,2,16,50.965689958747966,86.8,83.99760225931462,0,0.0,47
34,4,AffectEV,15.0,,13.334955406289382,25.815284662534868,1.5625264944199828,79.26618503933494,3,33,46.66907480332527,86.8,84.1957891759667,0,0.0,47
34,4,AffectEV,30.0,Dengeli,14.220032954748946,26.22211062401688,1.6814386444112301,84.00686200825041,2,16,50.965689958747966,86.8,83.99760225931462,0,0.0,47
34,4,AffectEV,50.0,,14.975455072560651,27.49275159459288,1.7581946824543386,85.42111303398529,2,13,48.39443483007355,86.8,83.86967552924277,0,0.0,47
34,4,AffectEV,65.0,,15.281299187594948,27.77941165978501,1.7683905997414977,85.51002553090196,1,15,47.449872345490206,86.8,83.85268233376416,0,0.0,47
34,4,AffectEV,85.0,Konfor,18.537891469519828,29.37515740800643,2.3164041103481234,86.53405673815996,3,9,46.32971630920016,86.8,82.93932648275313,0,0.0,47
35,4,Dijkstra,,,20.230388693417584,41.49629681163139,2.6626869618788604,74.85954293454205,12,25,58.20228532728978,47.9,43.46218839686856,0,0.0,100
35,4,A*,,,21.494114003414083,34.624300141750254,2.710253041779035,81.19140215128525,5,17,56.04298924357379,47.9,43.38291159703494,0,0.0,100
35,4,NSGA-II,,Dengeli,21.474868013153216,34.67365890343548,2.7075345435781175,81.21206283722906,5,17,55.939685813854716,47.9,43.387442427369805,0,0.0,100
35,4,AffectEV,15.0,Dengeli,21.474868013153216,34.67365890343548,2.7075345435781175,81.21206283722906,5,17,55.939685813854716,47.9,43.387442427369805,0,0.0,100
35,4,AffectEV,30.0,Dengeli,21.474868013153216,34.67365890343548,2.7075345435781175,81.21206283722906,5,17,55.939685813854716,47.9,43.387442427369805,0,0.0,100
35,4,AffectEV,50.0,Dengeli,21.474868013153216,34.67365890343548,2.7075345435781175,81.21206283722906,5,17,55.939685813854716,47.9,43.387442427369805,0,0.0,100
35,4,AffectEV,65.0,Konfor,24.798392531494347,42.44732847219757,3.0601053224701262,83.15298960984717,3,14,55.73505195076416,47.9,42.799824462549786,0,0.0,100
35,4,AffectEV,85.0,Konfor,24.798392531494347,42.44732847219757,3.0601053224701262,83.15298960984717,3,14,55.73505195076416,47.9,42.799824462549786,0,0.0,100
36,4,Dijkstra,,,24.10993819189053,51.14509876338731,3.3131281329205913,55.946294859794385,28,66,51.268525701028075,59.2,53.678119778465685,0,0.0,100
36,4,A*,,,26.14311574385821,41.02305444168994,3.3628466351153476,75.09966345186452,10,32,51.501682740677424,59.2,53.59525560814109,0,0.0,100
36,4,NSGA-II,,Dengeli,26.14311574385821,41.02305444168994,3.3628466351153476,75.09966345186452,10,32,51.501682740677424,59.2,53.59525560814109,0,0.0,100
36,4,AffectEV,15.0,Dengeli,26.14311574385821,41.02305444168994,3.3628466351153476,75.09966345186452,10,32,51.501682740677424,59.2,53.59525560814109,0,0.0,100
36,4,AffectEV,30.0,Dengeli,26.14311574385821,41.02305444168994,3.3628466351153476,75.09966345186452,10,32,51.501682740677424,59.2,53.59525560814109,0,0.0,100
36,4,AffectEV,50.0,,27.78522806303865,41.65908979065856,3.5581634105766415,79.81020088582014,7,20,53.448995570899314,59.2,53.269727649038934,0,0.0,100
36,4,AffectEV,65.0,,31.537569442729982,43.769448602988355,4.212968504926077,84.25641946902867,5,11,49.71790265485665,59.2,52.17838582512321,0,0.0,100
36,4,AffectEV,85.0,,31.537569442729982,43.769448602988355,4.212968504926077,84.25641946902867,5,11,49.71790265485665,59.2,52.17838582512321,0,0.0,100
37,4,Dijkstra,,,12.058149939745649,22.8820857240368,1.4886033162658183,86.17528426720403,4,6,50.123578663979856,66.3,63.8189944728903,0,0.0,100
37,4,A*,,,12.350201059234022,20.242995216042164,1.4675482821330457,88.17451809142486,1,5,49.127409542875725,66.3,63.85408619644492,0,0.0,100
37,4,NSGA-II,,Dengeli,12.444470334012127,20.450528447752152,1.4775792448583196,88.53050279196955,1,4,48.847486040152226,66.3,63.83736792523613,0,0.0,100
37,4,AffectEV,15.0,,12.350201059234022,20.242995216042164,1.4675482821330457,88.17451809142486,1,5,49.127409542875725,66.3,63.85408619644492,0,0.0,100
37,4,AffectEV,30.0,,12.350201059234022,20.242995216042164,1.4675482821330457,88.17451809142486,1,5,49.127409542875725,66.3,63.85408619644492,0,0.0,100
37,4,AffectEV,50.0,,13.652889030659026,21.587503670373692,1.5919069530663106,89.85469232184815,0,3,46.226538390759266,66.3,63.64682174488948,0,0.0,100
37,4,AffectEV,65.0,Konfor,13.763398556039935,22.617564599514697,1.5935215466058672,90.0803678808676,0,3,45.098160595661994,66.3,63.64413075565688,0,0.0,100
37,4,AffectEV,85.0,Konfor,13.763398556039935,22.617564599514697,1.5935215466058672,90.0803678808676,0,3,45.098160595661994,66.3,63.64413075565688,0,0.0,100
38,4,Dijkstra,,,18.04001709290496,40.368618830846714,2.457139336533667,71.36219328942806,14,31,61.689033552859684,66.1,62.004767772443884,0,0.0,100
38,4,A*,,,19.55570562179163,35.6169414050067,2.504133172121088,79.63788618310929,6,19,58.31056908445352,66.1,61.92644471313152,0,0.0,100
38,4,NSGA-II,,Dengeli,20.45519309669841,37.31938972036104,2.466480255981492,83.96912590874535,2,14,54.154370456273234,66.1,61.989199573364175,0,0.0,100
38,4,AffectEV,15.0,,19.7106583442339,36.66962842361485,2.4429186815815798,81.56580195957622,4,17,56.67099020211893,66.1,62.02846886403069,0,0.0,100
38,4,AffectEV,30.0,Dengeli,20.45519309669841,37.31938972036104,2.466480255981492,83.96912590874535,2,14,54.154370456273234,66.1,61.989199573364175,0,0.0,100
38,4,AffectEV,50.0,Dengeli,20.45519309669841,37.31938972036104,2.466480255981492,83.96912590874535,2,14,54.154370456273234,66.1,61.989199573364175,0,0.0,100
38,4,AffectEV,65.0,,23.317985350224852,36.27241255921677,2.8866554656882566,86.7240615724119,2,5,53.87969213794049,66.1,61.288907557186235,0,0.0,100
38,4,AffectEV,85.0,,23.317985350224852,36.27241255921677,2.8866554656882566,86.7240615724119,2,5,53.87969213794049,66.1,61.288907557186235,0,0.0,100
39,4,Dijkstra,,,27.693169836575326,53.02781799712225,3.8426942226600813,71.4720844123855,24,21,51.13957793807247,83.4,76.99550962889987,0,0.0,100
39,4,A*,,,28.836829395333833,35.33593847663045,3.7034771398135997,86.75105206947944,0,12,48.244739652602775,83.4,77.22753810031067,0,0.0,100
39,4,NSGA-II,,Dengeli,28.836829395333833,35.33593847663045,3.7034771398135997,86.75105206947944,0,12,48.244739652602775,83.4,77.22753810031067,0,0.0,100
39,4,AffectEV,15.0,Dengeli,28.836829395333833,35.33593847663045,3.7034771398135997,86.75105206947944,0,12,48.244739652602775,83.4,77.22753810031067,0,0.0,100
39,4,AffectEV,30.0,Dengeli,28.836829395333833,35.33593847663045,3.7034771398135997,86.75105206947944,0,12,48.244739652602775,83.4,77.22753810031067,0,0.0,100
39,4,AffectEV,50.0,Dengeli,28.836829395333833,35.33593847663045,3.7034771398135997,86.75105206947944,0,12,48.244739652602775,83.4,77.22753810031067,0,0.0,100
39,4,AffectEV,65.0,,28.850423499035912,35.86438410020355,3.695424869256428,86.7899801702425,0,12,48.05009914878747,83.4,77.24095855123929,0,0.0,100
39,4,AffectEV,85.0,,29.97608444793416,38.66712339470339,3.8310469252706194,87.23448486899876,0,10,48.82757565500617,83.4,77.01492179121564,0,0.0,100
40,4,Dijkstra,,,15.54634367544098,32.31775626906912,2.0555105908314775,76.16975511739261,10,22,61.15122441303691,86.5,83.07414901528087,0,0.0,100
40,4,A*,,,16.373542718793274,28.55571791949619,2.1166894695725986,80.76561619549169,4,16,62.171919022541566,86.5,82.97218421737901,0,0.0,100
40,4,NSGA-II,,Dengeli,16.941582574284233,28.70767888589803,2.153372606212046,82.54111523208677,2,14,61.29442383956614,86.5,82.91104565631326,0,0.0,100
40,4,AffectEV,15.0,,16.24856036564746,28.569049136628326,2.091033852531338,80.55987219766064,4,17,61.700639011696815,86.5,83.01494357911443,0,0.0,100
40,4,AffectEV,30.0,,16.816600221138426,28.72101010303016,2.127716989170785,82.3334917293102,2,15,60.83254135344904,86.5,82.9538050180487,0,0.0,100
40,4,AffectEV,50.0,Dengeli,16.941582574284233,28.70767888589803,2.153372606212046,82.54111523208677,2,14,61.29442383956614,86.5,82.91104565631326,0,0.0,100
40,4,AffectEV,65.0,,25.45317945568152,32.27017549023278,3.4969863249708326,89.6470878478213,1,4,43.26456076089354,86.5,80.67168945838195,0,0.0,100
40,4,AffectEV,85.0,Konfor,25.441608528363385,32.901169989421454,3.471939306474879,89.83626245135082,1,4,42.31868774324593,86.5,80.71343448920854,0,0.0,100
41,4,Dijkstra,,,23.660635711712654,35.44202952831918,3.0291885165524817,84.1070829341216,4,8,57.46458532939198,69.6,64.55135247241253,0,0.0,100
41,4,A*,,,23.906854558075526,34.18269475310683,3.025773152901745,85.34353940060291,2,7,57.78230299698547,69.6,64.55704474516375,0,0.0,100
41,4,NSGA-II,,Dengeli,23.906854558075526,34.18269475310683,3.025773152901745,85.34353940060291,2,7,57.78230299698547,69.6,64.55704474516375,0,0.0,100
41,4,AffectEV,15.0,Dengeli,23.906854558075526,34.18269475310683,3.025773152901745,85.34353940060291,2,7,57.78230299698547,69.6,64.55704474516375,0,0.0,100
41,4,AffectEV,30.0,Dengeli,23.906854558075526,34.18269475310683,3.025773152901745,85.34353940060291,2,7,57.78230299698547,69.6,64.55704474516375,0,0.0,100
41,4,AffectEV,50.0,,23.928590819285933,34.27295788285777,3.027549747596669,85.36295832633478,2,7,57.68520836832614,69.6,64.55408375400555,0,0.0,100
41,4,AffectEV,65.0,,24.345685585231138,35.80417189181124,3.066924524010686,85.5565650918683,2,7,56.71717454065853,69.6,64.48845912664885,0,0.0,100
41,4,AffectEV,85.0,,24.345685585231138,35.80417189181124,3.066924524010686,85.5565650918683,2,7,56.71717454065853,69.6,64.48845912664885,0,0.0,100
42,4,Dijkstra,,,21.96282146541537,42.405091961029,2.9309390186006685,72.69877747315388,20,25,49.00611263423055,85.0,80.11510163566555,0,0.0,100
42,4,A*,,,22.090708649336612,41.59767352757441,2.917018282980181,74.18335775289569,19,22,48.583211235521595,85.0,80.1383028616997,0,0.0,100
42,4,NSGA-II,,Dengeli,22.268497612478043,41.929504885168264,2.9360527763365787,75.10261056488251,19,19,48.48694717558746,85.0,80.10657870610571,0,0.0,100
42,4,AffectEV,15.0,,22.090708649336612,41.59767352757441,2.917018282980181,74.18335775289569,19,22,48.583211235521595,85.0,80.1383028616997,0,0.0,100
42,4,AffectEV,30.0,Dengeli,22.268497612478043,41.929504885168264,2.9360527763365787,75.10261056488251,19,19,48.48694717558746,85.0,80.10657870610571,0,0.0,100
42,4,AffectEV,50.0,,35.25881741944388,42.03964867800328,4.891793246696597,88.50755422375533,2,11,35.96222888122335,85.0,76.84701125550568,0,0.0,100
42,4,AffectEV,65.0,,37.72880705927093,43.13309857921787,5.159428606409993,89.26027286312267,0,12,35.698635684386694,85.0,76.40095232265001,0,0.0,100
42,4,AffectEV,85.0,,37.72880705927093,43.13309857921787,5.159428606409993,89.26027286312267,0,12,35.698635684386694,85.0,76.40095232265001,0,0.0,100
43,4,Dijkstra,,,17.06329866686855,40.54938701838981,2.225758983413079,68.89540806123583,17,40,53.02295969382087,66.0,62.290401694311534,0,0.0,82
43,4,A*,,,19.448895047219445,33.76691061591206,2.4496279051625924,79.90553103215552,7,19,54.47234483922236,66.0,61.91728682472901,0,0.0,82
43,4,NSGA-II,,Dengeli,19.448895047219445,33.76691061591206,2.4496279051625924,79.90553103215552,7,19,54.47234483922236,66.0,61.91728682472901,0,0.0,82
43,4,AffectEV,15.0,Dengeli,19.448895047219445,33.76691061591206,2.4496279051625924,79.90553103215552,7,19,54.47234483922236,66.0,61.91728682472901,0,0.0,82
43,4,AffectEV,30.0,Dengeli,19.448895047219445,33.76691061591206,2.4496279051625924,79.90553103215552,7,19,54.47234483922236,66.0,61.91728682472901,0,0.0,82
43,4,AffectEV,50.0,,26.369692398971733,35.21228609325336,3.569642265991357,87.18982087353154,3,11,40.05089563234228,66.0,60.05059622334774,0,0.0,82
43,4,AffectEV,65.0,,26.369692398971733,35.21228609325336,3.569642265991357,87.18982087353154,3,11,40.05089563234228,66.0,60.05059622334774,0,0.0,82
43,4,AffectEV,85.0,Konfor,29.444486456371546,35.603037915624434,4.10092016809959,87.82776710240464,3,10,38.36116448797684,66.0,59.16513305316735,0,0.0,82
44,4,Dijkstra,,,12.180318086105807,21.991231708968183,1.5774695875502527,83.88594588964555,1,7,67.57027055177223,66.9,64.27088402074959,0,0.0,81
44,4,A*,,,12.238215814945256,20.765832438652016,1.5653362501054517,85.74747257564877,0,3,66.76263712175611,66.9,64.29110624982425,0,0.0,81
44,4,NSGA-II,,Dengeli,12.636177480967032,22.452193089223552,1.535388644209861,87.26258885290858,1,6,52.18705573545707,66.9,64.3410189263169,0,0.0,81
44,4,AffectEV,15.0,,12.58794056553127,22.094894514433893,1.526489496072237,86.95720178119326,1,7,52.213991094033716,66.9,64.35585083987961,0,0.0,81
44,4,AffectEV,30.0,,12.58794056553127,22.094894514433893,1.526489496072237,86.95720178119326,1,7,52.213991094033716,66.9,64.35585083987961,0,0.0,81
44,4,AffectEV,50.0,Dengeli,12.636177480967032,22.452193089223552,1.535388644209861,87.26258885290858,1,6,52.18705573545707,66.9,64.3410189263169,0,0.0,81
44,4,AffectEV,65.0,,15.556676203081217,26.200810220202506,1.8845880040151197,88.77738509360086,1,2,50.61307453199575,66.9,63.75901999330814,0,0.0,81
44,4,AffectEV,85.0,,16.22587573402831,27.20708602056542,1.959714159640136,88.89307649720524,1,2,50.03461751397378,66.9,63.63380973393311,0,0.0,81
45,4,Dijkstra,,,24.860773582720817,46.91462559904104,3.1613973048504964,82.13746261638332,8,8,57.312686918083386,76.0,70.73100449191584,0,0.0,100
45,4,A*,,,26.902213847243196,32.29940649365328,3.6820871003260103,89.30309609432615,0,5,45.98451952836927,76.0,69.86318816612332,0,0.0,100
45,4,NSGA-II,,Dengeli,26.902213847243196,32.29940649365328,3.6820871003260103,89.30309609432615,0,5,45.98451952836927,76.0,69.86318816612332,0,0.0,100
45,4,AffectEV,15.0,,26.047776236065136,36.24051201633232,3.415874508752696,87.13814607539418,0,11,47.8092696230291,76.0,70.30687581874551,0,0.0,100
45,4,AffectEV,30.0,Dengeli,26.902213847243196,32.29940649365328,3.6820871003260103,89.30309609432615,0,5,45.98451952836927,76.0,69.86318816612332,0,0.0,100
45,4,AffectEV,50.0,Dengeli,26.902213847243196,32.29940649365328,3.6820871003260103,89.30309609432615,0,5,45.98451952836927,76.0,69.86318816612332,0,0.0,100
45,4,AffectEV,65.0,,27.491187443075592,33.781247730093156,3.7391535531263624,89.72664154228669,0,4,45.3667922885666,76.0,69.76807741145606,0,0.0,100
45,4,AffectEV,85.0,,27.491187443075592,33.781247730093156,3.7391535531263624,89.72664154228669,0,4,45.3667922885666,76.0,69.76807741145606,0,0.0,100
46,4,Dijkstra,,,15.652162516574279,41.835381326894776,2.1595790887897746,62.36712617625366,21,50,60.664369118731685,66.4,62.80070151868372,0,0.0,53
46,4,A*,,,17.698252793995945,33.7932215191721,2.237654718155337,74.40884958266851,6,34,61.955752086657455,66.4,62.67057546974111,0,0.0,53
46,4,NSGA-II,,Dengeli,16.673001314634355,34.72016231506939,2.1160948111905555,73.59626028946893,7,35,62.01869855265536,66.4,62.87317531468241,0,0.0,53
46,4,AffectEV,15.0,,16.565053234858464,34.340631138143934,2.109571647052558,71.97556865830396,7,40,62.62215670848023,66.4,62.88404725491241,0,0.0,53
46,4,AffectEV,30.0,,16.565053234858464,34.340631138143934,2.109571647052558,71.97556865830396,7,40,62.62215670848023,66.4,62.88404725491241,0,0.0,53
46,4,AffectEV,50.0,Dengeli,16.673001314634355,34.72016231506939,2.1160948111905555,73.59626028946893,7,35,62.01869855265536,66.4,62.87317531468241,0,0.0,53
46,4,AffectEV,65.0,,17.18333538044686,37.984579647705104,2.168651189757621,77.89135527441105,8,19,62.04322362794474,66.4,62.78558135040397,0,0.0,53
46,4,AffectEV,85.0,,18.20858685980845,37.057638851807816,2.290211096722403,78.70386790755728,7,18,61.98066046221355,66.4,62.58298150546267,0,0.0,53
47,4,Dijkstra,,,23.44933666717482,44.4764833937986,3.2858622163477356,76.35883400190872,23,13,41.20582999045636,67.7,62.223562972753776,0,0.0,100
47,4,A*,,,25.199861083936987,32.78599167044853,2.9280995005473858,90.38764094650652,0,4,42.06179526746741,67.7,62.81983416575436,0,0.0,100
47,4,NSGA-II,,Dengeli,25.199861083936987,32.78599167044853,2.9280995005473858,90.38764094650652,0,4,42.06179526746741,67.7,62.81983416575436,0,0.0,100
47,4,AffectEV,15.0,Dengeli,25.199861083936987,32.78599167044853,2.9280995005473858,90.38764094650652,0,4,42.06179526746741,67.7,62.81983416575436,0,0.0,100
47,4,AffectEV,30.0,Dengeli,25.199861083936987,32.78599167044853,2.9280995005473858,90.38764094650652,0,4,42.06179526746741,67.7,62.81983416575436,0,0.0,100
47,4,AffectEV,50.0,Dengeli,25.199861083936987,32.78599167044853,2.9280995005473858,90.38764094650652,0,4,42.06179526746741,67.7,62.81983416575436,0,0.0,100
47,4,AffectEV,65.0,,25.399778662254406,35.27522065902444,2.9264553161029534,90.65337643324257,0,4,40.73311783378717,67.7,62.82257447316175,0,0.0,100
47,4,AffectEV,85.0,,25.399778662254406,35.27522065902444,2.9264553161029534,90.65337643324257,0,4,40.73311783378717,67.7,62.82257447316175,0,0.0,100
48,4,Dijkstra,,,15.080656660003548,24.606955309700954,1.9148834162222137,87.1652347703568,0,3,59.673826148215966,69.3,66.10852763962964,0,0.0,35
48,4,A*,,,15.08825023391879,23.45772432358267,1.9144686982664358,86.60897663017315,0,5,59.455116849134306,69.3,66.10921883622261,0,0.0,35
48,4,NSGA-II,,Dengeli,15.087481534729015,23.555227730279103,1.9154106043912573,87.1390813559512,0,3,59.804593220243966,69.3,66.10764899268123,0,0.0,35
48,4,AffectEV,15.0,Dengeli,15.087481534729015,23.555227730279103,1.9154106043912573,87.1390813559512,0,3,59.804593220243966,69.3,66.10764899268123,0,0.0,35
48,4,AffectEV,30.0,Dengeli,15.087481534729015,23.555227730279103,1.9154106043912573,87.1390813559512,0,3,59.804593220243966,69.3,66.10764899268123,0,0.0,35
48,4,AffectEV,50.0,,15.487158906104842,24.932208502633788,1.9498215806550272,87.29826628910637,0,3,59.00866855446819,69.3,66.05029736557495,0,0.0,35
48,4,AffectEV,65.0,,16.683201197758756,32.568002223485486,2.093375185424235,87.53442415397876,0,2,59.32787923010617,69.3,65.81104135762627,0,0.0,35
48,4,AffectEV,85.0,,16.683201197758756,32.568002223485486,2.093375185424235,87.53442415397876,0,2,59.32787923010617,69.3,65.81104135762627,0,0.0,35
49,4,Dijkstra,,,12.448359452641155,33.63155224138547,1.9302423651383025,71.0071235636139,23,16,63.464382181930496,70.1,66.88292939143615,0,0.0,100
49,4,A*,,,15.391425432180796,26.75795781573613,1.987521377436828,75.50037061980262,3,33,65.49814690098684,70.1,66.78746437093861,0,0.0,100
49,4,NSGA-II,,Dengeli,12.92504667733828,30.58856516134482,1.707490752515808,78.01062972980323,12,14,58.94685135098386,70.1,67.25418207914032,0,0.0,100
49,4,AffectEV,15.0,Dengeli,12.92504667733828,30.58856516134482,1.707490752515808,78.01062972980323,12,14,58.94685135098386,70.1,67.25418207914032,0,0.0,100
49,4,AffectEV,30.0,Dengeli,12.92504667733828,30.58856516134482,1.707490752515808,78.01062972980323,12,14,58.94685135098386,70.1,67.25418207914032,0,0.0,100
49,4,AffectEV,50.0,Dengeli,12.92504667733828,30.58856516134482,1.707490752515808,78.01062972980323,12,14,58.94685135098386,70.1,67.25418207914032,0,0.0,100
49,4,AffectEV,65.0,,16.440812323652768,29.64031884142691,2.0536213389708737,83.1017671884722,1,13,62.49116405763898,70.1,66.67729776838188,0,0.0,100
49,4,AffectEV,85.0,,17.448236454036326,32.91836682464951,2.148519389534381,84.07820889439954,1,11,60.60895552800229,70.1,66.51913435077603,0,0.0,100
50,4,Dijkstra,,,20.447974153171877,41.36259256549764,2.5978170559398768,79.3559095593171,22,3,43.72045220341455,32.0,27.670304906766873,0,0.0,100
50,4,A*,,,29.50013168469529,32.654617088597135,3.900691011050939,92.14626868675134,0,2,36.26865656624331,32.0,25.4988483149151,0,0.0,100
50,4,NSGA-II,,Dengeli,29.50013168469529,32.654617088597135,3.900691011050939,92.14626868675134,0,2,36.26865656624331,32.0,25.4988483149151,0,0.0,100
50,4,AffectEV,15.0,,22.51968277563359,35.42097788890386,2.6227667492478592,87.54955797213171,1,9,46.25221013934145,32.0,27.6287220845869,0,0.0,100
50,4,AffectEV,30.0,,22.51968277563359,35.42097788890386,2.6227667492478592,87.54955797213171,1,9,46.25221013934145,32.0,27.6287220845869,0,0.0,100
50,4,AffectEV,50.0,Dengeli,29.50013168469529,32.654617088597135,3.900691011050939,92.14626868675134,0,2,36.26865656624331,32.0,25.4988483149151,0,0.0,100
50,4,AffectEV,65.0,Konfor,30.734515558115934,36.55618984946856,4.006057673871948,92.54604106492866,0,2,34.26979467535674,32.0,25.32323721021342,0,0.0,100
50,4,AffectEV,85.0,Konfor,30.734515558115934,36.55618984946856,4.006057673871948,92.54604106492866,0,2,34.26979467535674,32.0,25.32323721021342,0,0.0,100
1,5,Dijkstra,,,18.180626954473706,42.125598212402515,2.5382008497790594,73.61032720262223,29,10,44.448363986888836,68.4,64.16966525036824,0,0.0,59
1,5,A*,,,24.477356109751526,26.528533000325567,3.2499896417407603,91.98173927437522,0,5,32.59130362812393,68.4,62.983350597098735,0,0.0,59
1,5,NSGA-II,,Dengeli,23.32539554383393,27.54743642959765,2.947790640855361,92.18078536643849,0,5,31.59607316780758,68.4,63.4870155985744,0,0.0,59
1,5,AffectEV,15.0,,20.340436772417906,34.19697271556423,2.4984908410431323,85.35674043780392,11,6,36.716297810980386,68.4,64.23584859826146,0,0.0,59
1,5,AffectEV,30.0,Dengeli,23.32539554383393,27.54743642959765,2.947790640855361,92.18078536643849,0,5,31.59607316780758,68.4,63.4870155985744,0,0.0,59
1,5,AffectEV,50.0,Dengeli,23.32539554383393,27.54743642959765,2.947790640855361,92.18078536643849,0,5,31.59607316780758,68.4,63.4870155985744,0,0.0,59
1,5,AffectEV,65.0,,23.697585162546595,28.121852143768105,2.9857823160606465,92.49902661926491,0,4,31.504866903675424,68.4,63.42369613989893,0,0.0,59
1,5,AffectEV,85.0,,23.697585162546595,28.121852143768105,2.9857823160606465,92.49902661926491,0,4,31.504866903675424,68.4,63.42369613989893,0,0.0,59
2,5,Dijkstra,,,25.08490021637783,32.538793763782756,3.016342689750771,83.80634156784107,3,22,40.46829216079463,52.2,47.172762183748716,0,0.0,35
2,5,A*,,,25.123592790695103,31.957165334624797,3.0113214929825136,82.83367779921338,3,25,40.83161100393314,52.2,47.181130845029145,0,0.0,35
2,5,NSGA-II,,Dengeli,25.126929302459256,32.330125311261945,2.9696480789715354,84.30952627069688,2,22,40.4523686465156,52.2,47.25058653504745,0,0.0,35
2,5,AffectEV,15.0,Dengeli,25.126929302459256,32.330125311261945,2.9696480789715354,84.30952627069688,2,22,40.4523686465156,52.2,47.25058653504745,0,0.0,35
2,5,AffectEV,30.0,Dengeli,25.126929302459256,32.330125311261945,2.9696480789715354,84.30952627069688,2,22,40.4523686465156,52.2,47.25058653504745,0,0.0,35
2,5,AffectEV,50.0,,25.28722621105185,33.30642856494168,2.9951791544345503,84.94011864232615,2,20,40.29940678836925,52.2,47.20803474260909,0,0.0,35
2,5,AffectEV,65.0,,27.94814175920496,36.243940325563464,3.4485094004022616,87.16860763675608,1,17,36.1569618162196,52.2,46.4524843326629,0,0.0,35
2,5,AffectEV,85.0,Konfor,28.593350569864736,37.07572308831372,3.509022584691582,87.29559581299608,1,17,35.52202093501955,52.2,46.35162902551403,0,0.0,35
3,5,Dijkstra,,,10.944476773165217,23.574284000488472,1.4171739556089384,77.80723320494323,8,26,51.963833975283805,77.4,75.03804340731844,0,0.0,100
3,5,A*,,,12.949739249061786,20.760223829455914,1.6164112610261885,84.55189663078136,1,13,55.240516846093215,77.4,74.70598123162303,0,0.0,100
3,5,NSGA-II,,Dengeli,11.750801398500379,21.02206518712763,1.42720877481309,83.71685085593953,1,18,51.9157457203024,77.4,75.02131870864486,0,0.0,100
3,5,AffectEV,15.0,,11.560046549342712,21.007939858660723,1.4168953189687383,82.70805184902804,1,20,53.9597407548598,77.4,75.03850780171878,0,0.0,100
3,5,AffectEV,30.0,Dengeli,11.750801398500379,21.02206518712763,1.42720877481309,83.71685085593953,1,18,51.9157457203024,77.4,75.02131870864486,0,0.0,100
3,5,AffectEV,50.0,,12.149826846867128,21.668738117859938,1.469433937124946,85.02446747011518,1,14,51.37766264942407,77.4,74.9509434381251,0,0.0,100
3,5,AffectEV,65.0,,14.13648539239319,24.259709811573067,1.6935770805002814,87.46035460149932,1,7,49.6982269925034,77.4,74.57737153249954,0,0.0,100
3,5,AffectEV,85.0,,14.13648539239319,24.259709811573067,1.6935770805002814,87.46035460149932,1,7,49.6982269925034,77.4,74.57737153249954,0,0.0,100
4,5,Dijkstra,,,20.388666386118903,32.365629811547,2.3956265591635257,86.60140997529624,3,10,44.492950123518796,40.6,36.607289068060794,0,0.0,100
4,5,A*,,,23.1118562356515,30.203736909027047,2.7859333866903095,86.52245208364371,2,11,45.88773958178147,40.6,35.956777688849485,0,0.0,100
4,5,NSGA-II,,Dengeli,20.824050075227127,32.02696836021995,2.4464621593681044,87.34632615660516,3,8,43.768369216974186,40.6,36.52256306771983,0,0.0,100
4,5,AffectEV,15.0,,20.703567244736718,30.858280302722125,2.472235026642342,86.18288519989174,4,10,44.08557400054129,40.6,36.479608288929434,0,0.0,100
4,5,AffectEV,30.0,Dengeli,20.824050075227127,32.02696836021995,2.4464621593681044,87.34632615660516,3,8,43.768369216974186,40.6,36.52256306771983,0,0.0,100
4,5,AffectEV,50.0,,22.2872620593222,33.382711617675696,2.582548863090094,88.21457404332872,2,8,41.92712978335639,40.6,36.29575189484984,0,0.0,100
4,5,AffectEV,65.0,,23.05444896094518,35.65621125632959,2.6511406519624834,88.48791099963054,2,8,40.56044500184728,40.6,36.181432246729194,0,0.0,100
4,5,AffectEV,85.0,,23.05444896094518,35.65621125632959,2.6511406519624834,88.48791099963054,2,8,40.56044500184728,40.6,36.181432246729194,0,0.0,100
5,5,Dijkstra,,,16.803270107900584,35.45605789162582,2.0397045489166024,80.95154455089403,7,20,47.742277245529884,47.9,44.50049241847233,0,0.0,100
5,5,A*,,,18.24167969123932,32.55725454348591,2.198062580299625,83.45095658742488,4,15,50.24521706287554,47.9,44.23656236616729,0,0.0,100
5,5,NSGA-II,,Dengeli,18.24167969123932,32.55725454348591,2.198062580299625,83.45095658742488,4,15,50.24521706287554,47.9,44.23656236616729,0,0.0,100
5,5,AffectEV,15.0,Verimlilik,16.804564530877506,35.283407552388915,2.039356856504302,80.97043065939047,7,20,47.64784670304761,47.9,44.501071905826166,0,0.0,100
5,5,AffectEV,30.0,,18.21485904322613,32.742597904887376,2.1895574566172358,83.46789176330574,4,15,50.16054118347129,47.9,44.25073757230461,0,0.0,100
5,5,AffectEV,50.0,,19.40975442105303,34.16611626198013,2.283530572514457,84.84865608212553,2,15,48.25671958937233,47.9,44.094115712475904,0,0.0,100
5,5,AffectEV,65.0,,19.40975442105303,34.16611626198013,2.283530572514457,84.84865608212553,2,15,48.25671958937233,47.9,44.094115712475904,0,0.0,100
5,5,AffectEV,85.0,,19.529628400176055,34.830760234458545,2.2948932556401425,84.92106972366959,2,15,47.894651381652054,47.9,44.07517790726643,0,0.0,100
6,5,Dijkstra,,,11.466184045725482,17.537723392987346,1.34177848223358,90.15723965360742,3,5,34.21380173196292,85.2,82.9637025296107,0,0.0,19
6,5,A*,,,11.466184045725482,17.537723392987346,1.34177848223358,90.15723965360742,3,5,34.21380173196292,85.2,82.9637025296107,0,0.0,19
6,5,NSGA-II,,Dengeli,11.518697597767337,17.671408966142646,1.3478546614212317,90.46353868994349,3,4,34.18230655028254,85.2,82.95357556429795,0,0.0,19
6,5,AffectEV,15.0,,11.466184045725482,17.537723392987346,1.34177848223358,90.15723965360742,3,5,34.21380173196292,85.2,82.9637025296107,0,0.0,19
6,5,AffectEV,30.0,Dengeli,11.518697597767337,17.671408966142646,1.3478546614212317,90.46353868994349,3,4,34.18230655028254,85.2,82.95357556429795,0,0.0,19
6,5,AffectEV,50.0,,11.996443478501353,17.812432412404238,1.3940460710443472,91.02227719008623,3,3,32.888614049568886,85.2,82.87658988159276,0,0.0,19
6,5,AffectEV,65.0,,11.996443478501353,17.812432412404238,1.3940460710443472,91.02227719008623,3,3,32.888614049568886,85.2,82.87658988159276,0,0.0,19
6,5,AffectEV,85.0,,11.996443478501353,17.812432412404238,1.3940460710443472,91.02227719008623,3,3,32.888614049568886,85.2,82.87658988159276,0,0.0,19
7,5,Dijkstra,,,15.816035757029267,30.03087585103792,1.998436101113767,80.95043225992184,11,18,40.74783870039082,75.2,71.8692731648104,0,0.0,100
7,5,A*,,,17.833690055170337,27.007585951043417,2.175465128964578,88.64550581477371,4,7,36.27247092613141,75.2,71.57422478505904,0,0.0,100
7,5,NSGA-II,,Dengeli,17.833690055170337,27.007585951043417,2.175465128964578,88.64550581477371,4,7,36.27247092613141,75.2,71.57422478505904,0,0.0,100
7,5,AffectEV,15.0,,17.888691353804656,28.68207603806451,1.9958405186607653,88.3186371225149,3,10,35.90681438742551,75.2,71.8735991355654,0,0.0,100
7,5,AffectEV,30.0,Dengeli,17.833690055170337,27.007585951043417,2.175465128964578,88.64550581477371,4,7,36.27247092613141,75.2,71.57422478505904,0,0.0,100
7,5,AffectEV,50.0,,17.856541689953435,27.011908169967047,2.177035532393766,88.66217334595177,4,7,36.18913327024116,75.2,71.57160744601039,0,0.0,100
7,5,AffectEV,65.0,,21.379253418225087,29.12635599634013,2.390310681915898,90.63745288353968,0,7,36.31273558230162,75.2,71.2161488634735,0,0.0,100
7,5,AffectEV,85.0,,21.696422954776,29.979858273003043,2.4170382398909744,90.76468277875504,0,7,35.67658610622477,75.2,71.17160293351505,0,0.0,100
8,5,Dijkstra,,,25.23747109975654,47.70301806959934,2.859608765802098,77.10983725415613,4,43,39.95081372921932,43.6,38.833985390329836,0,0.0,97
8,5,A*,,,25.595042184433463,47.433942331077056,2.876629076449583,79.2955290352612,2,39,40.02235482369401,43.6,38.80561820591736,0,0.0,97
8,5,NSGA-II,,Dengeli,25.775462379625882,47.709982215463356,2.894968756258285,80.5237215745836,2,35,39.881392127081995,43.6,38.77505207290286,0,0.0,97
8,5,AffectEV,15.0,,25.595042184433463,47.433942331077056,2.876629076449583,79.2955290352612,2,39,40.02235482369401,43.6,38.80561820591736,0,0.0,97
8,5,AffectEV,30.0,Dengeli,25.775462379625882,47.709982215463356,2.894968756258285,80.5237215745836,2,35,39.881392127081995,43.6,38.77505207290286,0,0.0,97
8,5,AffectEV,50.0,,30.118216479593624,50.96134581676008,3.454547266917002,88.46694092230517,2,6,43.66529538847415,43.6,37.842421221805,0,0.0,97
8,5,AffectEV,65.0,,30.78689425674263,53.33310408450995,3.499409035436192,89.48986322474599,2,3,43.050683876270085,43.6,37.767651607606346,0,0.0,97
8,5,AffectEV,85.0,,30.78689425674263,53.33310408450995,3.499409035436192,89.48986322474599,2,3,43.050683876270085,43.6,37.767651607606346,0,0.0,97
9,5,Dijkstra,,,17.935784581718238,36.076356597140034,2.470434191049792,76.29670198372031,24,8,46.51649008139848,55.9,51.78260968158368,0,0.0,100
9,5,A*,,,26.11055217719768,25.705623894422192,3.6922383056830443,90.4240734112354,2,6,33.879632943823026,55.9,49.746269490528256,0,0.0,100
9,5,NSGA-II,,Dengeli,21.077740995741216,32.226636834770524,2.4091083139988654,88.97667081024306,1,8,40.616645948784665,55.9,51.884819476668554,0,0.0,100
9,5,AffectEV,15.0,,20.743791572039633,31.487207474185464,2.3713980782869197,88.04586776098088,1,11,40.770661195095585,55.9,51.947669869521796,0,0.0,100
9,5,AffectEV,30.0,,20.743791572039633,31.487207474185464,2.3713980782869197,88.04586776098088,1,11,40.770661195095585,55.9,51.947669869521796,0,0.0,100
9,5,AffectEV,50.0,,21.221688739098298,32.59237611792277,2.412890860136233,89.15824900844203,1,8,39.7087549577899,55.9,51.87851523310628,0,0.0,100
9,5,AffectEV,65.0,,26.444435105373223,32.62081133079873,3.309321794801457,92.64674015840463,0,3,32.26629920797686,55.9,50.384463675330906,0,0.0,100
9,5,AffectEV,85.0,,26.444435105373223,32.62081133079873,3.309321794801457,92.64674015840463,0,3,32.26629920797686,55.9,50.384463675330906,0,0.0,100
10,5,Dijkstra,,,8.80302209354457,20.545740838415938,1.163222495367198,83.97640964323928,11,3,48.11795178380359,30.8,28.86129584105467,0,0.0,10
10,5,A*,,,9.48975926483522,18.73771658332506,1.0909372505929125,87.8643227957407,4,6,41.6783860212965,30.8,28.981771249011814,0,0.0,10
10,5,NSGA-II,,Dengeli,11.86658804946373,18.8331286736399,1.3451303593082404,90.99637948145957,0,2,42.018102592702164,30.8,28.5581160678196,0,0.0,10
10,5,AffectEV,15.0,Verimlilik,9.48975926483522,18.73771658332506,1.0909372505929125,87.8643227957407,4,6,41.6783860212965,30.8,28.981771249011814,0,0.0,10
10,5,AffectEV,30.0,Verimlilik,9.48975926483522,18.73771658332506,1.0909372505929125,87.8643227957407,4,6,41.6783860212965,30.8,28.981771249011814,0,0.0,10
10,5,AffectEV,50.0,Dengeli,11.86658804946373,18.8331286736399,1.3451303593082404,90.99637948145957,0,2,42.018102592702164,30.8,28.5581160678196,0,0.0,10
10,5,AffectEV,65.0,Dengeli,11.86658804946373,18.8331286736399,1.3451303593082404,90.99637948145957,0,2,42.018102592702164,30.8,28.5581160678196,0,0.0,10
10,5,AffectEV,85.0,Dengeli,11.86658804946373,18.8331286736399,1.3451303593082404,90.99637948145957,0,2,42.018102592702164,30.8,28.5581160678196,0,0.0,10
11,5,Dijkstra,,,9.660212526006283,18.569564446271784,1.2276507635039071,83.48902404005875,7,9,51.554879799706264,51.9,49.853915394160154,0,0.0,100
11,5,A*,,,9.700879391433153,17.017138069522634,1.2061143397413774,85.9608922204807,3,6,53.695538897596506,51.9,49.88980943376437,0,0.0,100
11,5,NSGA-II,,Dengeli,11.483012113848341,17.46954857070973,1.3588570551911467,89.23140149099373,2,3,44.34299254503132,51.9,49.635238241348084,0,0.0,100
11,5,AffectEV,15.0,Verimlilik,9.700879391433153,17.017138069522634,1.2061143397413774,85.9608922204807,3,6,53.695538897596506,51.9,49.88980943376437,0,0.0,100
11,5,AffectEV,30.0,Verimlilik,9.700879391433153,17.017138069522634,1.2061143397413774,85.9608922204807,3,6,53.695538897596506,51.9,49.88980943376437,0,0.0,100
11,5,AffectEV,50.0,,11.635549009455383,17.696005761507728,1.374123774320934,89.60103635450334,2,2,43.99481822748332,51.9,49.60979370946511,0,0.0,100
11,5,AffectEV,65.0,,13.375124074098327,21.61180758020593,1.5445996427380138,90.53693782644098,2,2,39.31531086779511,51.9,49.32566726210331,0,0.0,100
11,5,AffectEV,85.0,,13.375124074098327,21.61180758020593,1.5445996427380138,90.53693782644098,2,2,39.31531086779511,51.9,49.32566726210331,0,0.0,100
12,5,Dijkstra,,,21.66993991746172,44.3667125233715,2.7092758722473627,76.21714097525364,11,23,56.91429512373176,65.7,61.184540212921064,0,0.0,100
12,5,A*,,,22.361006918459164,40.78714222080745,2.7382532224873626,73.15921564886595,5,44,55.703921755670244,65.7,61.13624462918773,0,0.0,100
12,5,NSGA-II,,Dengeli,21.744338509388136,42.60939556056499,2.686057542042581,78.10939852509858,8,22,56.45300737450705,65.7,61.223237429929036,0,0.0,100
12,5,AffectEV,15.0,,21.700936053312653,42.583565826217985,2.684607032211567,78.01664315295764,8,22,56.91678423521178,65.7,61.22565494631406,0,0.0,100
12,5,AffectEV,30.0,,21.700936053312653,42.583565826217985,2.684607032211567,78.01664315295764,8,22,56.91678423521178,65.7,61.22565494631406,0,0.0,100
12,5,AffectEV,50.0,,21.970357368582224,42.83455609957912,2.6940180447959956,78.56944474413265,7,22,56.6527762793367,65.7,61.20996992534001,0,0.0,100
12,5,AffectEV,65.0,,22.84023672648882,45.6987458600845,2.780925134957551,79.94133639502283,8,17,54.79331802488589,65.7,61.06512477507075,0,0.0,100
12,5,AffectEV,85.0,,23.005434703548236,46.07273963991496,2.7978679890264955,80.04091682429521,8,17,54.295415878523954,65.7,61.036886684955846,0,0.0,100
13,5,Dijkstra,,,23.210046865366078,49.02849782076609,2.9122704440469938,74.42406677067481,18,24,46.87966614662596,42.6,37.74621592658835,0,0.0,100
13,5,A*,,,24.673211862626776,37.45350243285052,2.903134247223359,87.74730738934016,0,9,47.76346305329915,42.6,37.7614429212944,0,0.0,100
13,5,NSGA-II,,Dengeli,24.64133287324217,37.78606511450146,2.877636312576006,87.98923469316018,0,9,46.55382653419908,42.6,37.80393947903999,0,0.0,100
13,5,AffectEV,15.0,Dengeli,24.64133287324217,37.78606511450146,2.877636312576006,87.98923469316018,0,9,46.55382653419908,42.6,37.80393947903999,0,0.0,100
13,5,AffectEV,30.0,Dengeli,24.64133287324217,37.78606511450146,2.877636312576006,87.98923469316018,0,9,46.55382653419908,42.6,37.80393947903999,0,0.0,100
13,5,AffectEV,50.0,Dengeli,24.64133287324217,37.78606511450146,2.877636312576006,87.98923469316018,0,9,46.55382653419908,42.6,37.80393947903999,0,0.0,100
13,5,AffectEV,65.0,,26.558262786791296,44.43238056126427,3.0214214454068116,89.15432314793992,0,7,43.728384260300416,42.6,37.56429759098865,0,0.0,100
13,5,AffectEV,85.0,,26.558262786791296,44.43238056126427,3.0214214454068116,89.15432314793992,0,7,43.728384260300416,42.6,37.56429759098865,0,0.0,100
14,5,Dijkstra,,,17.365727681979003,35.29355838877083,2.1294120747088474,82.16119702057483,11,12,43.69401489712584,77.8,74.25097987548526,0,0.0,100
14,5,A*,,,18.63864236341061,34.37787427374258,2.1908506376725336,85.84135974393985,8,7,40.293201280300735,77.8,74.14858227054577,0,0.0,100
14,5,NSGA-II,,Dengeli,18.63864236341061,34.37787427374258,2.1908506376725336,85.84135974393985,8,7,40.293201280300735,77.8,74.14858227054577,0,0.0,100
14,5,AffectEV,15.0,Dengeli,18.63864236341061,34.37787427374258,2.1908506376725336,85.84135974393985,8,7,40.293201280300735,77.8,74.14858227054577,0,0.0,100
14,5,AffectEV,30.0,Dengeli,18.63864236341061,34.37787427374258,2.1908506376725336,85.84135974393985,8,7,40.293201280300735,77.8,74.14858227054577,0,0.0,100
14,5,AffectEV,50.0,Dengeli,18.63864236341061,34.37787427374258,2.1908506376725336,85.84135974393985,8,7,40.293201280300735,77.8,74.14858227054577,0,0.0,100
14,5,AffectEV,65.0,,21.89756270452556,37.70944248713879,2.518576800888665,87.82291298585606,6,5,38.3854350707197,77.8,73.60237199851889,0,0.0,100
14,5,AffectEV,85.0,,22.77563255871316,39.08785281862852,2.598553217166737,88.03717788956135,6,5,37.31411055219329,77.8,73.46907797138877,0,0.0,100
15,5,Dijkstra,,,23.12440075830618,47.03990827361992,3.226165985277646,73.31581040932454,25,10,55.92094795337732,63.8,58.42305669120392,0,0.0,100
15,5,A*,,,24.85021409100943,38.28266459516445,3.103150250974183,79.11929124677789,6,25,51.90354376611054,63.8,58.628082915043024,0,0.0,100
15,5,NSGA-II,,Dengeli,25.00039345253823,39.34194014702076,3.0752760622758943,79.9277802570339,6,24,49.3610987148305,63.8,58.67453989620684,0,0.0,100
15,5,AffectEV,15.0,,24.99526570487539,39.339244400641064,3.0749913450854054,79.9216430159398,6,24,49.39178492030099,63.8,58.67501442485766,0,0.0,100
15,5,AffectEV,30.0,,24.99526570487539,39.339244400641064,3.0749913450854054,79.9216430159398,6,24,49.39178492030099,63.8,58.67501442485766,0,0.0,100
15,5,AffectEV,50.0,,25.011818340971065,41.38206140237592,3.0785863929733353,80.5857607017218,5,21,53.071196491390985,63.8,58.66902267837777,0,0.0,100
15,5,AffectEV,65.0,Konfor,28.363190242433493,47.77636152662726,3.5104921650943597,83.00276512941633,6,10,54.98617435291836,63.8,57.94917972484273,0,0.0,100
15,5,AffectEV,85.0,Konfor,28.363190242433493,47.77636152662726,3.5104921650943597,83.00276512941633,6,10,54.98617435291836,63.8,57.94917972484273,0,0.0,100
16,5,Dijkstra,,,20.62345860912918,43.102777427581096,2.7019407251030962,75.76102558603644,20,16,47.19487206981779,84.0,79.4967654581615,0,0.0,100
16,5,A*,,,37.095179140401015,34.68634312893296,5.34310878077881,89.09055830415831,3,9,33.54720847920849,84.0,75.09481869870199,0,0.0,100
16,5,NSGA-II,,Dengeli,23.739788559356786,40.76569172203052,2.6877943048249593,87.20768739333217,3,11,39.96156303333917,84.0,79.52034282529173,0,0.0,100
16,5,AffectEV,15.0,,23.534604904685615,39.79770723968683,2.6752435505339682,86.10481590440077,3,14,40.97592047799615,84.0,79.54126074911005,0,0.0,100
16,5,AffectEV,30.0,,23.534604904685615,39.79770723968683,2.6752435505339682,86.10481590440077,3,14,40.97592047799615,84.0,79.54126074911005,0,0.0,100
16,5,AffectEV,50.0,,25.400874549906842,43.62405436870212,2.835729449360112,89.14081735708292,2,7,38.7959132145854,84.0,79.27378425106647,0,0.0,100
16,5,AffectEV,65.0,,28.78972231847386,47.85064613021785,3.181913438643634,90.75669698800853,1,4,37.716515059957345,84.0,78.69681093559394,0,0.0,100
16,5,AffectEV,85.0,,28.78972231847386,47.85064613021785,3.181913438643634,90.75669698800853,1,4,37.716515059957345,84.0,78.69681093559394,0,0.0,100
17,5,Dijkstra,,,7.48250904180245,11.571526637996437,0.9186612404342762,87.55940221490162,1,9,46.202988925491866,48.8,47.26889793260953,0,0.0,28
17,5,A*,,,8.096529163197362,10.839205524082429,0.9975648722357222,88.14692664375143,1,8,44.76536678124285,48.8,47.13739187960713,0,0.0,28
17,5,NSGA-II,,Dengeli,8.092432316017184,10.86115459393675,0.9988788755073931,88.36732374855546,1,7,45.163381257222696,48.8,47.13520187415434,0,0.0,28
17,5,AffectEV,15.0,,7.501458706023404,11.508651695496946,0.920443635694314,87.5624597301194,1,9,46.187701349402985,48.8,47.265927273842806,0,0.0,28
17,5,AffectEV,30.0,,7.501458706023404,11.508651695496946,0.920443635694314,87.5624597301194,1,9,46.187701349402985,48.8,47.265927273842806,0,0.0,28
17,5,AffectEV,50.0,,8.160571683619184,10.995799224364777,1.0044974783466112,88.44105099165247,1,7,44.79474504173764,48.8,47.12583753608898,0,0.0,28
17,5,AffectEV,65.0,,8.808344038751649,12.927370806191176,1.0607982359899317,89.06297730855951,1,6,43.18511345720245,48.8,47.03200294001678,0,0.0,28
17,5,AffectEV,85.0,,8.808344038751649,12.927370806191176,1.0607982359899317,89.06297730855951,1,6,43.18511345720245,48.8,47.03200294001678,0,0.0,28
18,5,Dijkstra,,,17.48013166005094,28.05757974201169,2.125978120055165,82.9204156310988,5,16,48.89792184450596,72.1,68.55670313324138,0,0.0,32
18,5,A*,,,17.48038052525706,26.729018131756263,2.1115386248400294,83.80136855609379,4,15,48.49315721953104,72.1,68.58076895859995,0,0.0,32
18,5,NSGA-II,,Dengeli,17.48038052525706,26.729018131756263,2.1115386248400294,83.80136855609379,4,15,48.49315721953104,72.1,68.58076895859995,0,0.0,32
18,5,AffectEV,15.0,Dengeli,17.48038052525706,26.729018131756263,2.1115386248400294,83.80136855609379,4,15,48.49315721953104,72.1,68.58076895859995,0,0.0,32
18,5,AffectEV,30.0,Dengeli,17.48038052525706,26.729018131756263,2.1115386248400294,83.80136855609379,4,15,48.49315721953104,72.1,68.58076895859995,0,0.0,32
18,5,AffectEV,50.0,,17.661784663539354,27.11530795030849,2.127874298123879,84.216691004403,4,14,47.91654497798497,72.1,68.5535428364602,0,0.0,32
18,5,AffectEV,65.0,,17.661784663539354,27.11530795030849,2.127874298123879,84.216691004403,4,14,47.91654497798497,72.1,68.5535428364602,0,0.0,32
18,5,AffectEV,85.0,,17.661784663539354,27.11530795030849,2.127874298123879,84.216691004403,4,14,47.91654497798497,72.1,68.5535428364602,0,0.0,32
19,5,Dijkstra,,,17.47460100191027,20.262112739373745,2.4908493685168844,90.74413980660134,4,4,30.279300966993326,59.6,55.44858438580519,0,0.0,69
19,5,A*,,,17.613301131838053,19.728393516812357,2.489989154399938,91.73561989074148,2,4,30.321900546292603,59.6,55.450018076000106,0,0.0,69
19,5,NSGA-II,,Dengeli,17.613301131838053,19.728393516812357,2.489989154399938,91.73561989074148,2,4,30.321900546292603,59.6,55.450018076000106,0,0.0,69
19,5,AffectEV,15.0,Dengeli,17.613301131838053,19.728393516812357,2.489989154399938,91.73561989074148,2,4,30.321900546292603,59.6,55.450018076000106,0,0.0,69
19,5,AffectEV,30.0,Dengeli,17.613301131838053,19.728393516812357,2.489989154399938,91.73561989074148,2,4,30.321900546292603,59.6,55.450018076000106,0,0.0,69
19,5,AffectEV,50.0,Dengeli,17.613301131838053,19.728393516812357,2.489989154399938,91.73561989074148,2,4,30.321900546292603,59.6,55.450018076000106,0,0.0,69
19,5,AffectEV,65.0,Dengeli,17.613301131838053,19.728393516812357,2.489989154399938,91.73561989074148,2,4,30.321900546292603,59.6,55.450018076000106,0,0.0,69
19,5,AffectEV,85.0,Dengeli,17.613301131838053,19.728393516812357,2.489989154399938,91.73561989074148,2,4,30.321900546292603,59.6,55.450018076000106,0,0.0,69
20,5,Dijkstra,,,17.058035821320935,24.76262527334518,2.064942595208282,87.34191375017106,1,8,48.79043124914467,41.3,37.858429007986196,0,0.0,34
20,5,A*,,,18.870948473505916,24.286398091026292,2.2984305231535322,85.85663214662357,0,15,48.21683926688216,41.3,37.46928246141078,0,0.0,34
20,5,NSGA-II,,Dengeli,17.06128237476365,24.624619555929293,2.0673132652357338,87.33407507029261,1,8,48.82962464853689,41.3,37.854477891273774,0,0.0,34
20,5,AffectEV,15.0,Dengeli,17.06128237476365,24.624619555929293,2.0673132652357338,87.33407507029261,1,8,48.82962464853689,41.3,37.854477891273774,0,0.0,34
20,5,AffectEV,30.0,Dengeli,17.06128237476365,24.624619555929293,2.0673132652357338,87.33407507029261,1,8,48.82962464853689,41.3,37.854477891273774,0,0.0,34
20,5,AffectEV,50.0,Dengeli,17.06128237476365,24.624619555929293,2.0673132652357338,87.33407507029261,1,8,48.82962464853689,41.3,37.854477891273774,0,0.0,34
20,5,AffectEV,65.0,,18.020022178691548,25.919020602093156,2.162719344197202,87.8673464263094,0,8,48.663267868453,41.3,37.695467759671324,0,0.0,34
20,5,AffectEV,85.0,,18.01677562524883,26.057026319509042,2.1603486741697506,87.8747739761761,0,8,48.62613011911947,41.3,37.699418876383746,0,0.0,34
21,5,Dijkstra,,,12.403662818592329,23.716637372591556,1.5955496075404298,84.36884065384899,10,5,45.655796730755036,62.9,60.24075065409928,0,0.0,98
21,5,A*,,,12.704988567778896,23.21925808502465,1.5721498338585034,86.16828526364753,8,4,43.158573681762306,62.9,60.27975027690249,0,0.0,98
21,5,NSGA-II,,Dengeli,14.213534211851861,26.181099515424386,1.6794156801812739,88.65336656332515,5,3,39.733167183374256,62.9,60.10097386636454,0,0.0,98
21,5,AffectEV,15.0,,12.704978352271759,23.23147320592259,1.571628210798938,86.23535011992087,8,4,42.823249400395625,62.9,60.280619648668434,0,0.0,98
21,5,AffectEV,30.0,,12.704978352271759,23.23147320592259,1.571628210798938,86.23535011992087,8,4,42.823249400395625,62.9,60.280619648668434,0,0.0,98
21,5,AffectEV,50.0,Dengeli,14.213534211851861,26.181099515424386,1.6794156801812739,88.65336656332515,5,3,39.733167183374256,62.9,60.10097386636454,0,0.0,98
21,5,AffectEV,65.0,,16.6800996693398,29.747234450608566,1.931852065468403,89.58771216986595,5,2,36.56143915067027,62.9,59.68024655755266,0,0.0,98
21,5,AffectEV,85.0,,16.6800996693398,29.747234450608566,1.931852065468403,89.58771216986595,5,2,36.56143915067027,62.9,59.68024655755266,0,0.0,98
22,5,Dijkstra,,,6.523072409060071,15.285393438940911,0.8805805645075496,82.38684558355891,9,13,46.06577208220542,52.3,50.83236572582075,0,0.0,73
22,5,A*,,,6.827683770057057,13.098844716094574,0.8887766030978917,87.17837156047246,5,2,48.60814219763775,52.3,50.81870566150351,0,0.0,73
22,5,NSGA-II,,Dengeli,6.954093140639081,14.275989058729888,0.8344877649649364,87.88016128308485,4,3,46.09919358457574,52.3,50.90918705839177,0,0.0,73
22,5,AffectEV,15.0,Dengeli,6.954093140639081,14.275989058729888,0.8344877649649364,87.88016128308485,4,3,46.09919358457574,52.3,50.90918705839177,0,0.0,73
22,5,AffectEV,30.0,Dengeli,6.954093140639081,14.275989058729888,0.8344877649649364,87.88016128308485,4,3,46.09919358457574,52.3,50.90918705839177,0,0.0,73
22,5,AffectEV,50.0,,7.65419460417,15.183264338642228,0.8863874937003435,89.35007555094816,4,3,38.749622245259175,52.3,50.82268751049943,0,0.0,73
22,5,AffectEV,65.0,,8.574832081304423,15.958428831942642,0.9640348117739098,89.98812740138617,2,4,39.059362993069165,52.3,50.693275313710146,0,0.0,73
22,5,AffectEV,85.0,Konfor,8.863763815372085,16.756227652577504,0.9968845623301252,90.2066363168821,2,4,37.96681841558949,52.3,50.63852572944979,0,0.0,73
23,5,Dijkstra,,,10.922201574548646,22.766392160817464,1.3102107362179671,76.79930551095225,6,36,47.00347244523874,59.7,57.51631543963673,0,0.0,64
23,5,A*,,,12.530116613416686,20.870877476556856,1.4577420254923474,84.44192533078181,0,20,47.7903733460909,59.7,57.270429957512754,0,0.0,64
23,5,NSGA-II,,Dengeli,12.163986138439045,21.551312127568156,1.3510228680181107,85.91526300852193,0,19,41.923684957390314,59.7,57.44829521996982,0,0.0,64
23,5,AffectEV,15.0,,11.299812691615562,21.20738971705672,1.2901076703489731,81.54195631723306,1,29,46.2902184138347,59.7,57.54982054941838,0,0.0,64
23,5,AffectEV,30.0,Dengeli,12.163986138439045,21.551312127568156,1.3510228680181107,85.91526300852193,0,19,41.923684957390314,59.7,57.44829521996982,0,0.0,64
23,5,AffectEV,50.0,Dengeli,12.163986138439045,21.551312127568156,1.3510228680181107,85.91526300852193,0,19,41.923684957390314,59.7,57.44829521996982,0,0.0,64
23,5,AffectEV,65.0,,12.262438345844968,21.733570035138655,1.362093128930874,86.20884235202827,0,18,41.955788239858656,59.7,57.429844785115215,0,0.0,64
23,5,AffectEV,85.0,,12.636028933752922,22.771146606841775,1.3991999068655405,86.51597357469828,0,18,40.42013212650858,59.7,57.3680001552241,0,0.0,64
24,5,Dijkstra,,,23.542621774622575,38.79866037612731,2.6517956427976817,91.11985676697319,1,1,40.40071616513405,70.5,66.08034059533719,0,0.0,100
24,5,A*,,,27.595808419455917,29.413200061486737,3.7037715562061537,91.32121226550053,2,3,33.89393867249731,70.5,64.32704740632308,0,0.0,100
24,5,NSGA-II,,Dengeli,23.98443068767306,39.06415195626601,2.682700090833683,91.69778690409167,0,1,40.01106547954164,70.5,66.02883318194387,0,0.0,100
24,5,AffectEV,15.0,Verimlilik,23.54414106379548,38.72888432168851,2.6515447698566277,91.1058570154721,1,1,40.47071492263953,70.5,66.08075871690562,0,0.0,100
24,5,AffectEV,30.0,Dengeli,23.98443068767306,39.06415195626601,2.682700090833683,91.69778690409167,0,1,40.01106547954164,70.5,66.02883318194387,0,0.0,100
24,5,AffectEV,50.0,,25.028821766577547,40.46465515141483,2.7798323896268675,92.02034192560066,0,1,38.39829037199666,70.5,65.86694601728856,0,0.0,100
24,5,AffectEV,65.0,Konfor,25.898672586665793,41.7049394942172,2.8650517031134313,92.19783429057811,0,1,37.51082854710942,70.5,65.72491382814428,0,0.0,100
24,5,AffectEV,85.0,Konfor,25.898672586665793,41.7049394942172,2.8650517031134313,92.19783429057811,0,1,37.51082854710942,70.5,65.72491382814428,0,0.0,100
25,5,Dijkstra,,,15.927133076834163,31.394389782523337,2.062205230685713,80.87922141537946,13,11,46.60389292310267,55.0,51.56299128219048,0,0.0,100
25,5,A*,,,17.24825484881251,30.41173754672008,2.1273375851933425,84.38054880454415,7,10,45.59725597727925,55.0,51.4544373580111,0,0.0,100
25,5,NSGA-II,,Dengeli,18.80439684815154,31.54896725082624,2.1786524382919925,88.4318914589199,4,6,38.84054270540044,55.0,51.36891260284668,0,0.0,100
25,5,AffectEV,15.0,,16.77385476950862,30.625241313683468,2.079023208397387,85.16452918344385,8,7,43.67735408278076,55.0,51.53496131933769,0,0.0,100
25,5,AffectEV,30.0,,16.77385476950862,30.625241313683468,2.079023208397387,85.16452918344385,8,7,43.67735408278076,55.0,51.53496131933769,0,0.0,100
25,5,AffectEV,50.0,Dengeli,18.80439684815154,31.54896725082624,2.1786524382919925,88.4318914589199,4,6,38.84054270540044,55.0,51.36891260284668,0,0.0,100
25,5,AffectEV,65.0,,23.33421681525201,35.17074245784934,2.615521889922367,90.97103918953174,1,4,36.64480405234134,55.0,50.64079685012939,0,0.0,100
25,5,AffectEV,85.0,,23.33421681525201,35.17074245784934,2.615521889922367,90.97103918953174,1,4,36.64480405234134,55.0,50.64079685012939,0,0.0,100
26,5,Dijkstra,,,14.53899591594657,26.667074917081703,1.7851803143491833,85.73449194795735,5,9,45.32754026021322,77.6,74.62469947608469,0,0.0,100
26,5,A*,,,15.548561767311973,24.250542281496436,1.8869697803644223,87.40343940196065,1,7,49.98280299019673,77.6,74.4550503660593,0,0.0,100
26,5,NSGA-II,,Dengeli,14.640157961706043,25.955361375652124,1.7801679607567515,87.17126396128874,4,6,45.14368019355627,77.6,74.63305339873874,0,0.0,100
26,5,AffectEV,15.0,,14.638472713526346,26.032387226308696,1.77633647094465,87.14485345371611,4,6,45.275732731419424,77.6,74.63943921509224,0,0.0,100
26,5,AffectEV,30.0,Dengeli,14.640157961706043,25.955361375652124,1.7801679607567515,87.17126396128874,4,6,45.14368019355627,77.6,74.63305339873874,0,0.0,100
26,5,AffectEV,50.0,,15.630124386192007,26.72751813013219,1.847366121442108,88.46121695894301,2,5,45.19391520528493,77.6,74.52105646426315,0,0.0,100
26,5,AffectEV,65.0,,15.857192797681538,27.891999559371715,1.863569350483324,88.63862098696535,2,5,44.30689506517325,77.6,74.49405108252779,0,0.0,100
26,5,AffectEV,85.0,Konfor,16.917114555446922,29.42857230015136,1.9772779176033917,88.88022477584714,2,5,43.09887612076431,77.6,74.30453680399434,0,0.0,100
27,5,Dijkstra,,,10.86006125920067,22.70675529042274,1.289840787215611,77.99539622282313,7,33,43.02301888588437,49.6,47.45026535464065,0,0.0,83
27,5,A*,,,11.272054449266859,20.990744961800498,1.2598999480291502,81.65132324631243,2,31,40.243383768437866,49.6,47.50016675328475,0,0.0,83
27,5,NSGA-II,,Dengeli,11.336173785102366,21.33339332933094,1.2747200477094878,83.16755736997837,2,25,41.66221315010814,49.6,47.475466587150855,0,0.0,83
27,5,AffectEV,15.0,,11.272440177760746,21.04026885194213,1.2615973786494037,82.18998030778909,2,29,40.55009846105455,49.6,47.497337702250995,0,0.0,83
27,5,AffectEV,30.0,Dengeli,11.336173785102366,21.33339332933094,1.2747200477094878,83.16755736997837,2,25,41.66221315010814,49.6,47.475466587150855,0,0.0,83
27,5,AffectEV,50.0,,11.951301300940898,22.973454024911668,1.3648022778442315,85.66478435298218,2,15,44.17607823508907,49.6,47.32532953692628,0,0.0,83
27,5,AffectEV,65.0,,12.388983535719184,23.777955099685933,1.4083919130369327,86.25805617107953,2,14,42.709719144602325,49.6,47.252680144938445,0,0.0,83
27,5,AffectEV,85.0,Konfor,13.414856047248355,25.77765302452443,1.5253867887753456,86.79172140476659,2,12,43.041392976167074,49.6,47.05768868537442,0,0.0,83
28,5,Dijkstra,,,22.02802455703555,34.44593659506707,2.728044316534196,81.88414350678305,11,12,45.07928246608477,84.3,79.753259472443,0,0.0,100
28,5,A*,,,24.211919829352468,32.28253640704044,2.9736553976057705,83.42852680011049,6,16,43.85736599944757,84.3,79.34390767065705,0,0.0,100
28,5,NSGA-II,,Dengeli,23.038938896047036,33.6623422230169,2.767211791211286,85.06008288122585,8,8,42.69958559387072,84.3,79.68798034798118,0,0.0,100
28,5,AffectEV,15.0,,22.07635719799187,33.292360181275015,2.7204325294329195,82.7455327343828,10,11,44.77233632808595,84.3,79.76594578427847,0,0.0,100
28,5,AffectEV,30.0,,23.03752116150109,33.47850299959069,2.764809952101691,84.80077926073437,8,9,42.49610369632815,84.3,79.69198341316384,0,0.0,100
28,5,AffectEV,50.0,,22.80947452013895,34.32779504704549,2.712550297975278,85.29360300390016,6,11,42.03198498049921,84.3,79.77908283670787,0,0.0,100
28,5,AffectEV,65.0,,26.16165709484073,35.00535206012964,3.1722299149424384,87.79938322765383,3,8,41.503083861730815,84.3,79.0129501417626,0,0.0,100
28,5,AffectEV,85.0,Konfor,26.22534253586061,35.8112055245183,3.166450194213511,87.87636136679158,3,8,41.11819316604206,84.3,79.02258300964415,0,0.0,100
29,5,Dijkstra,,,12.699312958695026,24.101208146062316,1.431384014020407,89.20360923207357,0,6,44.981953839632155,51.5,49.114359976632656,0,0.0,88
29,5,A*,,,12.774258497922235,15.907934410875383,1.7552174496320245,91.10643304605763,0,5,36.96783476971184,51.5,48.574637583946625,0,0.0,88
29,5,NSGA-II,,Dengeli,12.839023999209624,15.950601297238348,1.7601857665551273,91.16221003937471,0,5,36.68894980312642,51.5,48.566357055741456,0,0.0,88
29,5,AffectEV,15.0,,12.774258497922235,15.907934410875383,1.7552174496320245,91.10643304605763,0,5,36.96783476971184,51.5,48.574637583946625,0,0.0,88
29,5,AffectEV,30.0,,12.774258497922235,15.907934410875383,1.7552174496320245,91.10643304605763,0,5,36.96783476971184,51.5,48.574637583946625,0,0.0,88
29,5,AffectEV,50.0,Dengeli,12.839023999209624,15.950601297238348,1.7601857665551273,91.16221003937471,0,5,36.68894980312642,51.5,48.566357055741456,0,0.0,88
29,5,AffectEV,65.0,,17.42204640480838,18.499510039286335,2.449844606743442,92.95561520668969,0,0,35.221923966551564,51.5,47.4169256554276,0,0.0,88
29,5,AffectEV,85.0,,17.42204640480838,18.499510039286335,2.449844606743442,92.95561520668969,0,0,35.221923966551564,51.5,47.4169256554276,0,0.0,88
30,5,Dijkstra,,,21.79446021612964,15.45709030390009,3.444328772364559,93.54816097718945,0,0,32.25919511405274,48.9,43.159452046059066,0,0.0,6
30,5,A*,,,21.79446021612964,15.45709030390009,3.444328772364559,93.54816097718945,0,0,32.25919511405274,48.9,43.159452046059066,0,0.0,6
30,5,NSGA-II,,Dengeli,21.855044947629068,16.810807661592936,3.385369194719677,93.5190738190846,0,0,32.404630904577026,48.9,43.25771800880054,0,0.0,6
30,5,AffectEV,15.0,Dengeli,21.855044947629068,16.810807661592936,3.385369194719677,93.5190738190846,0,0,32.404630904577026,48.9,43.25771800880054,0,0.0,6
30,5,AffectEV,30.0,Dengeli,21.855044947629068,16.810807661592936,3.385369194719677,93.5190738190846,0,0,32.404630904577026,48.9,43.25771800880054,0,0.0,6
30,5,AffectEV,50.0,,22.162370549364084,18.642756097429032,3.365911028985781,93.5834975783594,0,0,32.08251210820299,48.9,43.2901482850237,0,0.0,6
30,5,AffectEV,65.0,,22.162370549364084,18.642756097429032,3.365911028985781,93.5834975783594,0,0,32.08251210820299,48.9,43.2901482850237,0,0.0,6
30,5,AffectEV,85.0,,22.162370549364084,18.642756097429032,3.365911028985781,93.5834975783594,0,0,32.08251210820299,48.9,43.2901482850237,0,0.0,6
31,5,Dijkstra,,,18.460401315711664,42.50663135137257,2.4555426010940304,67.3554541360648,20,36,59.222729319676056,55.0,50.90742899817661,0,0.0,100
31,5,A*,,,19.907543127779217,37.13776479333293,2.49930916230718,77.8406861226434,5,26,59.29656938678301,55.0,50.83448472948803,0,0.0,100
31,5,NSGA-II,,Dengeli,19.907543127779217,37.13776479333293,2.49930916230718,77.8406861226434,5,26,59.29656938678301,55.0,50.83448472948803,0,0.0,100
31,5,AffectEV,15.0,Verimlilik,19.213883849346384,37.17425705416871,2.3991464645104714,72.5502950923492,7,41,58.24852453825401,55.0,51.00142255914921,0,0.0,100
31,5,AffectEV,30.0,Dengeli,19.907543127779217,37.13776479333293,2.49930916230718,77.8406861226434,5,26,59.29656938678301,55.0,50.83448472948803,0,0.0,100
31,5,AffectEV,50.0,Dengeli,19.907543127779217,37.13776479333293,2.49930916230718,77.8406861226434,5,26,59.29656938678301,55.0,50.83448472948803,0,0.0,100
31,5,AffectEV,65.0,,23.156065097942797,40.28681027291634,2.797975410453297,83.14573073861402,5,14,50.77134630692987,55.0,50.3367076492445,0,0.0,100
31,5,AffectEV,85.0,,23.156065097942797,40.28681027291634,2.797975410453297,83.14573073861402,5,14,50.77134630692987,55.0,50.3367076492445,0,0.0,100
32,5,Dijkstra,,,6.315449441209965,11.815747721781838,0.7823468541214194,85.64888450927747,4,7,51.2555774536127,87.5,86.1960885764643,0,0.0,99
32,5,A*,,,6.344381826383912,11.434706997501612,0.7673618807770481,87.17496250005132,3,5,49.12518749974342,87.5,86.22106353203826,0,0.0,99
32,5,NSGA-II,,Dengeli,6.485071102335152,12.135049171554154,0.770570047023825,88.31292809062978,3,4,44.935359546851124,87.5,86.21571658829363,0,0.0,99
32,5,AffectEV,15.0,,6.348308411758257,11.471454058113581,0.7632489805007432,87.62885610520382,3,5,46.85571947398085,87.5,86.2279183658321,0,0.0,99
32,5,AffectEV,30.0,,6.351986550871451,11.473976922682237,0.7635281877358633,87.64482012742218,3,5,46.77589936288907,87.5,86.22745302044022,0,0.0,99
32,5,AffectEV,50.0,,7.623628940809144,13.946030093383936,0.8688955900945511,90.1984204984549,1,4,40.50789750772552,87.5,86.05184068317575,0,0.0,99
32,5,AffectEV,65.0,,7.650876326568637,13.996310699505237,0.8717378902922559,90.21445058664676,1,4,40.42774706676621,87.5,86.04710351617958,0,0.0,99
32,5,AffectEV,85.0,Konfor,8.916612280945673,15.985703359574938,1.0263101326903128,90.66446300328316,1,2,41.17768498358423,87.5,85.78948311218281,0,0.0,99
33,5,Dijkstra,,,12.932258251440391,18.769941047185885,1.5544625111634796,86.73868723195156,2,13,41.80656384024221,67.3,64.70922914806087,0,0.0,27
33,5,A*,,,13.13129016966535,18.051891238408306,1.5731657391458045,86.7159818492184,2,13,41.920090753908006,67.3,64.67805710142366,0,0.0,27
33,5,NSGA-II,,Dengeli,13.13129016966535,18.051891238408306,1.5731657391458045,86.7159818492184,2,13,41.920090753908006,67.3,64.67805710142366,0,0.0,27
33,5,AffectEV,15.0,Dengeli,13.13129016966535,18.051891238408306,1.5731657391458045,86.7159818492184,2,13,41.920090753908006,67.3,64.67805710142366,0,0.0,27
33,5,AffectEV,30.0,Dengeli,13.13129016966535,18.051891238408306,1.5731657391458045,86.7159818492184,2,13,41.920090753908006,67.3,64.67805710142366,0,0.0,27
33,5,AffectEV,50.0,,13.12079748637894,18.549435375231084,1.582083093850023,87.00724834828004,2,12,41.96375825859981,67.3,64.6631948435833,0,0.0,27
33,5,AffectEV,65.0,Konfor,21.295898873935986,25.075749665234643,2.6579704266967203,91.20998488754726,0,7,33.4500755622637,67.3,62.8700492888388,0,0.0,27
33,5,AffectEV,85.0,Konfor,21.295898873935986,25.075749665234643,2.6579704266967203,91.20998488754726,0,7,33.4500755622637,67.3,62.8700492888388,0,0.0,27
34,5,Dijkstra,,,13.181150613222396,26.25674376254265,1.5751678328420908,74.3162423731488,3,46,51.91878813425604,86.8,84.17472027859651,0,0.0,59
34,5,A*,,,17.631544924722906,24.86472523322947,2.2971277680034294,84.77682692669433,2,15,48.61586536652835,86.8,82.97145371999429,0,0.0,59
34,5,NSGA-II,,Dengeli,14.220032954748946,26.169717878711328,1.6907556865168956,83.88797371996854,2,16,51.56013140015729,86.8,83.98207385580517,0,0.0,59
34,5,AffectEV,15.0,,13.686197755946102,26.03562574981148,1.5890645011962965,81.70756213973428,1,27,48.4621893013286,86.8,84.15155916467283,0,0.0,59
34,5,AffectEV,30.0,Dengeli,14.220032954748946,26.169717878711328,1.6907556865168956,83.88797371996854,2,16,51.56013140015729,86.8,83.98207385580517,0,0.0,59
34,5,AffectEV,50.0,,14.73135328675316,26.66475239102419,1.7374030472504418,84.58319624729386,2,15,49.58401876353072,86.8,83.9043282545826,0,0.0,59
34,5,AffectEV,65.0,,15.281299187594948,27.939918721261048,1.773992157985543,85.33822515875934,1,15,48.308874206203285,86.8,83.84334640335743,0,0.0,59
34,5,AffectEV,85.0,,15.281299187594948,27.939918721261048,1.773992157985543,85.33822515875934,1,15,48.308874206203285,86.8,83.84334640335743,0,0.0,59
35,5,Dijkstra,,,20.230388693417584,40.73989281686301,2.6190991647574493,75.66939071875076,12,25,54.15304640624618,47.9,43.53483472540425,0,0.0,100
35,5,A*,,,21.494114003414083,33.0302722983095,2.646252447355918,82.51947840740429,5,17,49.40260796297853,47.9,43.4895792544068,0,0.0,100
35,5,NSGA-II,,Dengeli,21.494114003414083,33.0302722983095,2.646252447355918,82.51947840740429,5,17,49.40260796297853,47.9,43.4895792544068,0,0.0,100
35,5,AffectEV,15.0,Dengeli,21.494114003414083,33.0302722983095,2.646252447355918,82.51947840740429,5,17,49.40260796297853,47.9,43.4895792544068,0,0.0,100
35,5,AffectEV,30.0,Dengeli,21.494114003414083,33.0302722983095,2.646252447355918,82.51947840740429,5,17,49.40260796297853,47.9,43.4895792544068,0,0.0,100
35,5,AffectEV,50.0,Dengeli,21.494114003414083,33.0302722983095,2.646252447355918,82.51947840740429,5,17,49.40260796297853,47.9,43.4895792544068,0,0.0,100
35,5,AffectEV,65.0,,24.79432911147704,39.59970786836372,2.991507426429696,84.28667621519095,3,14,50.06661892404522,47.9,42.914154289283836,0,0.0,100
35,5,AffectEV,85.0,Konfor,26.66362105774747,44.32695738873657,3.2199865660223796,84.861638449136,6,8,48.69180775432005,47.9,42.53335572329603,0,0.0,100
36,5,Dijkstra,,,24.10993819189053,51.42026429452883,3.2857068239818514,56.13875675298458,28,66,50.30621623507714,59.2,53.72382196003025,0,0.0,100
36,5,A*,,,27.628601220988152,39.32650215774668,3.5155833134603847,79.0181904365316,8,24,48.909047817342014,59.2,53.34069447756603,0,0.0,100
36,5,NSGA-II,,Dengeli,27.78522806303865,39.89649925748303,3.496241714035334,80.75778096012556,7,20,48.71109519937224,59.2,53.37293047660778,0,0.0,100
36,5,AffectEV,15.0,,26.14311574385821,40.68299192699414,3.3415085577497528,75.37643579664471,10,32,50.11782101677643,59.2,53.63081907041708,0,0.0,100
36,5,AffectEV,30.0,Dengeli,27.78522806303865,39.89649925748303,3.496241714035334,80.75778096012556,7,20,48.71109519937224,59.2,53.37293047660778,0,0.0,100
36,5,AffectEV,50.0,Dengeli,27.78522806303865,39.89649925748303,3.496241714035334,80.75778096012556,7,20,48.71109519937224,59.2,53.37293047660778,0,0.0,100
36,5,AffectEV,65.0,,31.537569442729982,41.89756509764819,4.168379688167139,85.04968968362117,5,11,45.75155158189417,59.2,52.25270051972144,0,0.0,100
36,5,AffectEV,85.0,,31.537569442729982,41.89756509764819,4.168379688167139,85.04968968362117,5,11,45.75155158189417,59.2,52.25270051972144,0,0.0,100
37,5,Dijkstra,,,12.058149939745649,21.196364631522215,1.4336423950406723,88.06827834278491,4,6,40.658608286075506,66.3,63.91059600826554,0,0.0,100
37,5,A*,,,13.600577581130452,18.58045759830122,1.651691109106758,90.07441795551252,0,1,48.12791022243741,66.3,63.54718148482207,0,0.0,100
37,5,NSGA-II,,Dengeli,12.444470334012127,18.898964346925798,1.4150180717436185,90.4936386537587,1,4,39.03180673120655,66.3,63.941636547093964,0,0.0,100
37,5,AffectEV,15.0,,12.350739586215136,18.739332803664755,1.4060011485695292,90.12181320304501,1,5,39.390933984774925,66.3,63.956664752384114,0,0.0,100
37,5,AffectEV,30.0,,12.350739586215136,18.739332803664755,1.4060011485695292,90.12181320304501,1,5,39.390933984774925,66.3,63.956664752384114,0,0.0,100
37,5,AffectEV,50.0,,12.477373737086356,19.237795075233024,1.417224578180913,90.64473397170744,1,4,38.27633014146283,66.3,63.93795903636514,0,0.0,100
37,5,AffectEV,65.0,,14.105707947003062,21.572940869762864,1.5635845014998409,92.0624762486446,0,3,35.18761875677701,66.3,63.694025830833596,0,0.0,100
37,5,AffectEV,85.0,,14.105707947003062,21.572940869762864,1.5635845014998409,92.0624762486446,0,3,35.18761875677701,66.3,63.694025830833596,0,0.0,100
38,5,Dijkstra,,,18.04001709290496,34.9756220198997,2.3560079739970963,73.93861023434121,14,31,48.80694882829396,66.1,62.173320043338165,0,0.0,100
38,5,A*,,,19.55570562179163,32.6631778873958,2.4202744027674004,81.47267508232133,6,19,49.13662458839338,66.1,62.066209328720994,0,0.0,100
38,5,NSGA-II,,Dengeli,19.7106583442339,33.59337423284532,2.368517438021682,83.31977008350185,4,17,47.90114958249074,66.1,62.15247093663052,0,0.0,100
38,5,AffectEV,15.0,,18.600049163787837,34.55589926183653,2.2513432849744834,79.05650930243942,8,26,45.717453487802835,66.1,62.34776119170919,0,0.0,100
38,5,AffectEV,30.0,Dengeli,19.7106583442339,33.59337423284532,2.368517438021682,83.31977008350185,4,17,47.90114958249074,66.1,62.15247093663052,0,0.0,100
38,5,AffectEV,50.0,,23.267679993533736,33.07846975169369,2.730722412752609,89.18661379961154,2,5,41.566931001942315,66.1,61.548795978745645,0,0.0,100
38,5,AffectEV,65.0,,23.329184793069672,33.20960243561905,2.7346061452234003,89.25665624916626,2,5,41.21671875416871,66.1,61.54232309129433,0,0.0,100
38,5,AffectEV,85.0,,23.35684350278869,33.245092733750624,2.737064825566122,89.27296155777668,2,5,41.13519221111655,66.1,61.538225290723126,0,0.0,100
39,5,Dijkstra,,,27.693169836575326,48.970781756331384,3.7690554959917826,72.78079626992391,24,21,44.59601865038048,83.4,77.1182408400137,0,0.0,100
39,5,A*,,,28.836829395333833,32.520376633488034,3.6042942985589255,88.23164364506579,0,12,40.84178177467105,83.4,77.39284283573512,0,0.0,100
39,5,NSGA-II,,Dengeli,28.836829395333833,32.520376633488034,3.6042942985589255,88.23164364506579,0,12,40.84178177467105,83.4,77.39284283573512,0,0.0,100
39,5,AffectEV,15.0,Dengeli,28.836829395333833,32.520376633488034,3.6042942985589255,88.23164364506579,0,12,40.84178177467105,83.4,77.39284283573512,0,0.0,100
39,5,AffectEV,30.0,Dengeli,28.836829395333833,32.520376633488034,3.6042942985589255,88.23164364506579,0,12,40.84178177467105,83.4,77.39284283573512,0,0.0,100
39,5,AffectEV,50.0,,28.844068477958093,32.66677773711754,3.60294048145073,88.25455320403655,0,12,40.7272339798172,83.4,77.39509919758213,0,0.0,100
39,5,AffectEV,65.0,Konfor,33.93995525867197,41.26258765216132,4.542483907839786,90.31736735352489,0,8,36.413163232375595,83.4,75.82919348693369,0,0.0,100
39,5,AffectEV,85.0,Konfor,33.93995525867197,41.26258765216132,4.542483907839786,90.31736735352489,0,8,36.413163232375595,83.4,75.82919348693369,0,0.0,100
40,5,Dijkstra,,,15.54634367544098,29.84001247432328,2.009001300472815,77.60947355400288,10,22,53.95263222998564,86.5,83.15166449921198,0,0.0,100
40,5,A*,,,16.67889583202912,26.726901218174703,2.07223943720076,83.72989951333693,3,13,54.35050243331534,86.5,83.0462676046654,0,0.0,100
40,5,NSGA-II,,Dengeli,16.67889583202912,26.726901218174703,2.07223943720076,83.72989951333693,3,13,54.35050243331534,86.5,83.0462676046654,0,0.0,100
40,5,AffectEV,15.0,Dengeli,16.67889583202912,26.726901218174703,2.07223943720076,83.72989951333693,3,13,54.35050243331534,86.5,83.0462676046654,0,0.0,100
40,5,AffectEV,30.0,Dengeli,16.67889583202912,26.726901218174703,2.07223943720076,83.72989951333693,3,13,54.35050243331534,86.5,83.0462676046654,0,0.0,100
40,5,AffectEV,50.0,,17.042304727223954,27.46977171155896,2.1123261690192874,84.55501706574755,3,11,53.22491467126224,86.5,82.97945638496786,0,0.0,100
40,5,AffectEV,65.0,Konfor,25.629283976111438,32.08784040738812,3.4173957552556753,90.61580460400558,1,4,38.42097697997214,86.5,80.8043404079072,0,0.0,100
40,5,AffectEV,85.0,Konfor,25.629283976111438,32.08784040738812,3.4173957552556753,90.61580460400558,1,4,38.42097697997214,86.5,80.8043404079072,0,0.0,100
41,5,Dijkstra,,,23.660635711712654,31.695471760083688,2.9224147858761116,86.18577286268123,4,8,47.07113568659379,69.6,64.72930869020648,0,0.0,100
41,5,A*,,,23.906854558075526,30.635729706452246,2.921781180212426,87.27305492856865,2,7,48.134725357156746,69.6,64.73036469964595,0,0.0,100
41,5,NSGA-II,,Dengeli,23.90198483737153,30.73309306720189,2.917165098665294,87.27848703696588,2,7,48.10756481517059,69.6,64.73805816889117,0,0.0,100
41,5,AffectEV,15.0,Dengeli,23.90198483737153,30.73309306720189,2.917165098665294,87.27848703696588,2,7,48.10756481517059,69.6,64.73805816889117,0,0.0,100
41,5,AffectEV,30.0,Dengeli,23.90198483737153,30.73309306720189,2.917165098665294,87.27848703696588,2,7,48.10756481517059,69.6,64.73805816889117,0,0.0,100
41,5,AffectEV,50.0,,23.923721098581936,30.806749106679565,2.91852791347974,87.30571104314407,2,7,47.971444784279676,69.6,64.7357868108671,0,0.0,100
41,5,AffectEV,65.0,,25.896414585315853,34.77805843987741,3.0970798942371127,88.06107948611438,2,8,42.694602569428056,69.6,64.43820017627148,0,0.0,100
41,5,AffectEV,85.0,,25.896414585315853,34.77805843987741,3.0970798942371127,88.06107948611438,2,8,42.694602569428056,69.6,64.43820017627148,0,0.0,100
42,5,Dijkstra,,,21.96282146541537,40.24988267335643,2.9112549234167604,73.57923806941042,20,25,44.603809652947845,85.0,80.14790846097206,0,0.0,100
42,5,A*,,,22.437626916782403,39.33336913657531,2.8498364386119523,73.54361984981028,16,33,42.781900750948544,85.0,80.25027260231342,0,0.0,100
42,5,NSGA-II,,Dengeli,22.583070171767798,39.61359721278932,2.8713649917406965,75.25463197003128,16,27,43.226840149843554,85.0,80.21439168043217,0,0.0,100
42,5,AffectEV,15.0,,22.437626916782403,39.33336913657531,2.8498364386119523,73.54361984981028,16,33,42.781900750948544,85.0,80.25027260231342,0,0.0,100
42,5,AffectEV,30.0,Dengeli,22.583070171767798,39.61359721278932,2.8713649917406965,75.25463197003128,16,27,43.226840149843554,85.0,80.21439168043217,0,0.0,100
42,5,AffectEV,50.0,,35.443292826628046,40.9178589941198,4.766038146114393,89.6144972018453,2,11,30.427513990773537,85.0,77.05660308980934,0,0.0,100
42,5,AffectEV,65.0,Konfor,37.97820588870696,41.996072807958775,5.018781023667741,90.49100736306121,0,12,29.54496318469391,85.0,76.63536496055377,0,0.0,100
42,5,AffectEV,85.0,Konfor,37.97820588870696,41.996072807958775,5.018781023667741,90.49100736306121,0,12,29.54496318469391,85.0,76.63536496055377,0,0.0,100
43,5,Dijkstra,,,17.06329866686855,41.41816585771492,2.236871410060396,68.51306127250962,17,40,54.93469363745189,66.0,62.27188098323267,0,0.0,59
43,5,A*,,,20.444601500440488,34.66623516103714,2.486081944698936,76.84030715370271,4,35,53.298464231486435,66.0,61.85653009216844,0,0.0,59
43,5,NSGA-II,,Dengeli,20.003638871783735,35.0721007082974,2.3602826672104373,80.75413379205031,2,27,50.72933103974849,66.0,62.06619555464927,0,0.0,59
43,5,AffectEV,15.0,,18.866069897375315,35.113361730848546,2.2249401097216026,77.34147635202689,2,38,51.29261823986555,66.0,62.29176648379733,0,0.0,59
43,5,AffectEV,30.0,Dengeli,20.003638871783735,35.0721007082974,2.3602826672104373,80.75413379205031,2,27,50.72933103974849,66.0,62.06619555464927,0,0.0,59
43,5,AffectEV,50.0,Dengeli,20.003638871783735,35.0721007082974,2.3602826672104373,80.75413379205031,2,27,50.72933103974849,66.0,62.06619555464927,0,0.0,59
43,5,AffectEV,65.0,Konfor,26.369692398971733,35.988125949142876,3.630934944729923,86.5777726252401,3,11,43.11113687379948,66.0,59.94844175878346,0,0.0,59
43,5,AffectEV,85.0,Konfor,26.369692398971733,35.988125949142876,3.630934944729923,86.5777726252401,3,11,43.11113687379948,66.0,59.94844175878346,0,0.0,59
44,5,Dijkstra,,,12.180318086105807,18.950615628838765,1.4807307642070469,87.14125135354662,1,7,51.293743232266884,66.9,64.43211539298827,0,0.0,100
44,5,A*,,,12.250430587020801,17.795245559693658,1.4679822395120714,89.16855368053712,0,3,49.657231597314436,66.9,64.45336293414655,0,0.0,100
44,5,NSGA-II,,Dengeli,12.285504669146931,17.817621555807605,1.470479788942026,89.22728263713037,0,3,49.363586814348125,66.9,64.4492003517633,0,0.0,100
44,5,AffectEV,15.0,,12.250430587020801,17.795245559693658,1.4679822395120714,89.16855368053712,0,3,49.657231597314436,66.9,64.45336293414655,0,0.0,100
44,5,AffectEV,30.0,Dengeli,12.285504669146931,17.817621555807605,1.470479788942026,89.22728263713037,0,3,49.363586814348125,66.9,64.4492003517633,0,0.0,100
44,5,AffectEV,50.0,Konfor,15.982185179031323,24.406634978521822,1.811181432708962,91.62016343032984,1,2,36.39918284835081,66.9,63.8813642788184,0,0.0,100
44,5,AffectEV,65.0,Konfor,15.982185179031323,24.406634978521822,1.811181432708962,91.62016343032984,1,2,36.39918284835081,66.9,63.8813642788184,0,0.0,100
44,5,AffectEV,85.0,Konfor,15.982185179031323,24.406634978521822,1.811181432708962,91.62016343032984,1,2,36.39918284835081,66.9,63.8813642788184,0,0.0,100
45,5,Dijkstra,,,24.860773582720817,43.20296671458524,3.055274554222577,83.8745636117653,8,8,48.62718194117353,76.0,70.90787574296237,0,0.0,100
45,5,A*,,,26.902213847243196,30.735233158465054,3.6163045517409125,90.18741149727627,0,5,41.56294251361862,76.0,69.97282574709848,0,0.0,100
45,5,NSGA-II,,Dengeli,26.902213847243196,30.735233158465054,3.6163045517409125,90.18741149727627,0,5,41.56294251361862,76.0,69.97282574709848,0,0.0,100
45,5,AffectEV,15.0,,25.618824151899624,37.753481797752194,3.1176794738877303,86.39634109447232,4,7,47.51829452763844,76.0,70.80386754352045,0,0.0,100
45,5,AffectEV,30.0,,26.249760716818557,35.02793352417373,3.34516613838169,88.83607004803207,0,9,42.31964975983964,76.0,70.42472310269719,0,0.0,100
45,5,AffectEV,50.0,,26.921076823056833,30.983996916096125,3.6130345127086025,90.26943781114845,0,5,41.15281094425776,76.0,69.97827581215233,0,0.0,100
45,5,AffectEV,65.0,,27.72779545922631,32.86289896520325,3.680593871131334,90.75064021121531,0,4,40.24679894392347,76.0,69.86567688144778,0,0.0,100
45,5,AffectEV,85.0,,28.118384372513866,33.80136523926738,3.7146681582626098,90.87287306277153,0,4,39.635634686142346,76.0,69.80888640289565,0,0.0,100
46,5,Dijkstra,,,15.652162516574279,41.366323084421246,2.1630881281709087,62.519300476622405,21,50,59.90349761688797,66.4,62.79485311971516,0,0.0,99
46,5,A*,,,17.698252793995945,33.43292571566976,2.244148675485776,74.46665577720893,6,34,61.666721113955326,66.4,62.65975220752371,0,0.0,99
46,5,NSGA-II,,Dengeli,16.853269906886915,33.49248652404204,2.1656841882889095,73.97647381308087,8,32,62.117630934595674,66.4,62.79052635285182,0,0.0,99
46,5,AffectEV,15.0,,16.565053234858464,34.120247587189475,2.106853697865543,72.11925711368643,7,40,61.90371443156783,66.4,62.8885771702241,0,0.0,99
46,5,AffectEV,30.0,,16.565053234858464,34.120247587189475,2.106853697865543,72.11925711368643,7,40,61.90371443156783,66.4,62.8885771702241,0,0.0,99
46,5,AffectEV,50.0,Dengeli,16.853269906886915,33.49248652404204,2.1656841882889095,73.97647381308087,8,32,62.117630934595674,66.4,62.79052635285182,0,0.0,99
46,5,AffectEV,65.0,,17.36360397269942,36.56707959279502,2.209392736675927,78.42758921944993,9,16,61.36205390275035,66.4,62.717678772206796,0,0.0,99
46,5,AffectEV,85.0,,18.20858685980845,36.50751878442273,2.2878572238727934,78.9082310219985,7,18,60.95884489000747,66.4,62.586904626878685,0,0.0,99
47,5,Dijkstra,,,23.44933666717482,43.623941496197936,3.260358014803756,76.78271138640815,23,13,39.086443067959266,67.7,62.26606997532708,0,0.0,94
47,5,A*,,,25.219345693571665,32.01349676330583,2.9002666151758025,90.89715091555335,0,4,39.51424542223322,67.7,62.866222308040335,0,0.0,94
47,5,NSGA-II,,Dengeli,25.219345693571665,32.01349676330583,2.9002666151758025,90.89715091555335,0,4,39.51424542223322,67.7,62.866222308040335,0,0.0,94
47,5,AffectEV,15.0,Dengeli,25.219345693571665,32.01349676330583,2.9002666151758025,90.89715091555335,0,4,39.51424542223322,67.7,62.866222308040335,0,0.0,94
47,5,AffectEV,30.0,Dengeli,25.219345693571665,32.01349676330583,2.9002666151758025,90.89715091555335,0,4,39.51424542223322,67.7,62.866222308040335,0,0.0,94
47,5,AffectEV,50.0,,25.220541783408713,32.877983304792934,2.8863311868109958,91.07783200546758,0,4,38.61083997266206,67.7,62.88944802198168,0,0.0,94
47,5,AffectEV,65.0,,26.32693741284486,35.898231315339295,2.989102859821152,91.36504632716972,0,4,37.17476836415142,67.7,62.718161900298085,0,0.0,94
47,5,AffectEV,85.0,Konfor,29.243349858983617,38.95428857782557,3.592170502580217,91.7536721526678,0,4,35.231639236660975,67.7,61.71304916236631,0,0.0,94
48,5,Dijkstra,,,15.080656660003548,22.28134216060661,1.8319849598372755,89.38234405922465,0,3,48.58827970387677,69.3,66.24669173360454,0,0.0,20
48,5,A*,,,15.104669148911901,21.279625869406125,1.8329694931988796,89.47834826442057,0,3,48.10825867789713,69.3,66.24505084466853,0,0.0,20
48,5,NSGA-II,,Dengeli,15.211484242526693,21.831533975037758,1.8325065146404136,89.64606407077882,0,3,47.26967964610588,69.3,66.24582247559931,0,0.0,20
48,5,AffectEV,15.0,,15.087481534729015,21.282252737074195,1.8309436512517496,89.47563850296874,0,3,48.12180748515631,69.3,66.24842724791375,0,0.0,20
48,5,AffectEV,30.0,Dengeli,15.211484242526693,21.831533975037758,1.8325065146404136,89.64606407077882,0,3,47.26967964610588,69.3,66.24582247559931,0,0.0,20
48,5,AffectEV,50.0,Dengeli,15.211484242526693,21.831533975037758,1.8325065146404136,89.64606407077882,0,3,47.26967964610588,69.3,66.24582247559931,0,0.0,20
48,5,AffectEV,65.0,,15.988665024964773,27.07887149439525,1.9003144438148651,90.346977976764,0,2,45.26511011618002,69.3,66.13280926030856,0,0.0,20
48,5,AffectEV,85.0,Konfor,16.230337836034966,27.569339005756266,1.9268690276338285,90.39301011463311,0,2,45.034949426834444,69.3,66.08855162061029,0,0.0,20
49,5,Dijkstra,,,12.448359452641155,33.919622634673395,1.908018312707144,71.036133199382,23,16,63.31933400309003,70.1,66.91996947882141,0,0.0,100
49,5,A*,,,15.390656732991024,25.500385130376785,1.9576131528940766,77.07043076920064,3,31,60.64784615399683,70.1,66.8373114118432,0,0.0,100
49,5,NSGA-II,,Dengeli,14.70027673469448,26.29155985510312,1.8916076576451912,76.68586143906556,5,29,60.57069280467221,70.1,66.94732057059134,0,0.0,100
49,5,AffectEV,15.0,,12.840161770002716,30.0507482931818,1.704304654017502,76.76487198916092,12,18,59.17564005419537,70.1,67.25949224330415,0,0.0,100
49,5,AffectEV,30.0,,12.840161770002716,30.0507482931818,1.704304654017502,76.76487198916092,12,18,59.17564005419537,70.1,67.25949224330415,0,0.0,100
49,5,AffectEV,50.0,,16.33913531159133,28.11990713169984,2.0310419170979976,83.56556587874715,1,13,60.17217060626428,70.1,66.71493013817,0,0.0,100
49,5,AffectEV,65.0,,16.33913531159133,28.11990713169984,2.0310419170979976,83.56556587874715,1,13,60.17217060626428,70.1,66.71493013817,0,0.0,100
49,5,AffectEV,85.0,,16.897204070142106,29.40525354044849,2.0974636577118475,84.02441594117539,1,12,59.37792029412308,70.1,66.60422723714692,0,0.0,100
50,5,Dijkstra,,,20.447974153171877,41.01107707842413,2.589942330965165,79.53232536912454,22,3,42.83837315437734,32.0,27.683429448391394,0,0.0,100
50,5,A*,,,29.50013168469529,32.481813548060785,3.8269239534617148,92.7433575283686,0,2,33.283212358157,32.0,25.62179341089714,0,0.0,100
50,5,NSGA-II,,Dengeli,22.586908314253986,34.02845503546015,2.56191229773151,89.13744083595708,1,8,39.812795820214575,32.0,27.730146170447483,0,0.0,100
50,5,AffectEV,15.0,,22.538671398818224,33.74905533940011,2.554891280729625,88.81095276357965,1,9,39.945236182101716,32.0,27.741847865450623,0,0.0,100
50,5,AffectEV,30.0,Dengeli,22.586908314253986,34.02845503546015,2.56191229773151,89.13744083595708,1,8,39.812795820214575,32.0,27.730146170447483,0,0.0,100
50,5,AffectEV,50.0,,28.978269624774093,35.744222970497134,3.580944132271592,92.9763130443673,0,2,32.118434778163504,32.0,26.031759779547347,0,0.0,100
50,5,AffectEV,65.0,,28.978269624774093,35.744222970497134,3.580944132271592,92.9763130443673,0,2,32.118434778163504,32.0,26.031759779547347,0,0.0,100
50,5,AffectEV,85.0,,28.978269624774093,35.744222970497134,3.580944132271592,92.9763130443673,0,2,32.118434778163504,32.0,26.031759779547347,0,0.0,100
1,6,Dijkstra,,,18.180626954473706,40.48505406097355,2.503499545843404,74.71029351558893,29,10,38.948532422055344,68.4,64.22750075692767,0,0.0,100
1,6,A*,,,24.477356109751526,26.15200426789606,3.261418819062148,91.95137858278196,0,5,32.74310708609023,68.4,62.96430196822976,0,0.0,100
1,6,NSGA-II,,Dengeli,23.32539554383393,27.579533179883786,2.9684534306652255,91.96704152188298,0,5,32.66479239058508,68.4,63.45257761555796,0,0.0,100
1,6,AffectEV,15.0,,20.340436772417906,33.958069456601805,2.4925005969899794,85.56736690064086,11,6,35.6631654967957,68.4,64.24583233835004,0,0.0,100
1,6,AffectEV,30.0,Dengeli,23.32539554383393,27.579533179883786,2.9684534306652255,91.96704152188298,0,5,32.66479239058508,68.4,63.45257761555796,0,0.0,100
1,6,AffectEV,50.0,Dengeli,23.32539554383393,27.579533179883786,2.9684534306652255,91.96704152188298,0,5,32.66479239058508,68.4,63.45257761555796,0,0.0,100
1,6,AffectEV,65.0,,23.697585162546595,28.09273068477719,3.0042848187392353,92.33322303953436,0,4,32.33388480232823,68.4,63.392858635434614,0,0.0,100
1,6,AffectEV,85.0,,23.697585162546595,28.09273068477719,3.0042848187392353,92.33322303953436,0,4,32.33388480232823,68.4,63.392858635434614,0,0.0,100
2,6,Dijkstra,,,25.08490021637783,34.14955207758841,3.0991906418652304,82.53851736788278,3,22,46.807413160586144,52.2,47.034682263557954,0,0.0,26
2,6,A*,,,25.123592790695103,33.6392805360363,3.0962490853754376,81.54744811491197,3,25,47.26275942544014,52.2,47.03958485770761,0,0.0,26
2,6,NSGA-II,,Dengeli,25.11643661917285,34.326653843539816,3.0608623088989653,83.37154158844788,2,21,46.64229205776061,52.2,47.098562818501726,0,0.0,26
2,6,AffectEV,15.0,,25.126929302459256,33.95763775936091,3.055724928453118,83.0210248461679,2,22,46.89487576916051,52.2,47.107125119244806,0,0.0,26
2,6,AffectEV,30.0,,25.126929302459256,33.95763775936091,3.055724928453118,83.0210248461679,2,22,46.89487576916051,52.2,47.107125119244806,0,0.0,26
2,6,AffectEV,50.0,,25.717720326141666,35.34164970085498,3.124749430107462,84.05138349827136,2,19,46.2430825086432,52.2,46.992084283154234,0,0.0,26
2,6,AffectEV,65.0,,27.94814175920496,37.87990627555499,3.551604444989071,85.85649592431855,1,17,42.71752037840725,52.2,46.28065925835155,0,0.0,26
2,6,AffectEV,85.0,,27.94814175920496,37.87990627555499,3.551604444989071,85.85649592431855,1,17,42.71752037840725,52.2,46.28065925835155,0,0.0,26
3,6,Dijkstra,,,10.944476773165217,23.488539853549916,1.4117690395396285,78.02886877739864,8,26,50.85565611300679,77.4,75.04705160076729,0,0.0,100
3,6,A*,,,13.074721602207596,20.41827673004634,1.6276812296789709,85.11484833250402,1,12,53.925758337479905,77.4,74.68719795053505,0,0.0,100
3,6,NSGA-II,,Dengeli,11.845247470259222,21.309613172590094,1.4416470535747785,84.49163134619188,1,15,52.541843269040605,77.4,74.9972549107087,0,0.0,100
3,6,AffectEV,15.0,,11.557560351445126,21.05736879897791,1.418743905757689,82.62110490171314,1,20,54.394475491434314,77.4,75.0354268237372,0,0.0,100
3,6,AffectEV,30.0,Dengeli,11.845247470259222,21.309613172590094,1.4416470535747785,84.49163134619188,1,15,52.541843269040605,77.4,74.9972549107087,0,0.0,100
3,6,AffectEV,50.0,,12.025751924294129,21.509841070158384,1.457792025544472,84.9427445083688,1,14,51.786277458156015,77.4,74.97034662409256,0,0.0,100
3,6,AffectEV,65.0,,13.81005589800402,23.49220145743009,1.6522024550163703,87.54872200825055,1,7,49.25638995874722,77.4,74.64632924163939,0,0.0,100
3,6,AffectEV,85.0,,13.81005589800402,23.49220145743009,1.6522024550163703,87.54872200825055,1,7,49.25638995874722,77.4,74.64632924163939,0,0.0,100
4,6,Dijkstra,,,20.388666386118903,33.32118081440355,2.4388150745846056,85.82572993690536,3,10,48.37135031547317,40.6,36.53530820902566,0,0.0,83
4,6,A*,,,23.1118562356515,31.14054304668971,2.8370400038273544,85.68713677247985,2,11,50.06431613760077,40.6,35.871599993621075,0,0.0,83
4,6,NSGA-II,,Dengeli,20.824050075227127,33.162499647889675,2.5013398480399647,86.35764052363758,3,8,48.7117973818121,40.6,36.43110025326673,0,0.0,83
4,6,AffectEV,15.0,,20.703567244736718,31.549011011378784,2.512703968644746,85.47753558332323,4,10,47.612322083383866,40.6,36.412160052258756,0,0.0,83
4,6,AffectEV,30.0,,20.705994695321664,31.849337491778847,2.5171167197645197,85.76673705823607,4,9,47.6663147088196,40.6,36.404805467059134,0,0.0,83
4,6,AffectEV,50.0,,22.24145259447138,34.80281656734427,2.6403452993469623,87.10976361429697,2,8,47.45118192851516,40.6,36.199424501088394,0,0.0,83
4,6,AffectEV,65.0,Konfor,22.619071594078985,35.64551554340407,2.6796093544196564,87.20969624444234,2,8,46.95151877778833,40.6,36.133984409300574,0,0.0,83
4,6,AffectEV,85.0,Konfor,22.619071594078985,35.64551554340407,2.6796093544196564,87.20969624444234,2,8,46.95151877778833,40.6,36.133984409300574,0,0.0,83
5,6,Dijkstra,,,16.803270107900584,36.96636179879593,2.071875091334017,80.10595985400737,7,20,51.970200729963146,47.9,44.446874847776634,0,0.0,100
5,6,A*,,,18.602217408678197,34.07181693949163,2.324170625490276,82.64583428777127,3,15,56.770828561143624,47.9,44.02638229084954,0,0.0,100
5,6,NSGA-II,,Dengeli,18.26640871104492,34.539145599618784,2.24852986202125,82.2812490184468,4,15,56.09375490776601,47.9,44.15245022996458,0,0.0,100
5,6,AffectEV,15.0,Verimlilik,16.803270107900584,36.96636179879593,2.071875091334017,80.10595985400737,7,20,51.970200729963146,47.9,44.446874847776634,0,0.0,100
5,6,AffectEV,30.0,Dengeli,18.26640871104492,34.539145599618784,2.24852986202125,82.2812490184468,4,15,56.09375490776601,47.9,44.15245022996458,0,0.0,100
5,6,AffectEV,50.0,,19.473792790941538,35.83820751482971,2.339019756663731,83.82590925437955,2,15,53.37045372810227,47.9,44.00163373889378,0,0.0,100
5,6,AffectEV,65.0,Konfor,20.247449170874702,38.482253555999,2.42534335930262,84.36777332441395,2,14,52.16113337793024,47.9,43.85776106782897,0,0.0,100
5,6,AffectEV,85.0,Konfor,20.247449170874702,38.482253555999,2.42534335930262,84.36777332441395,2,14,52.16113337793024,47.9,43.85776106782897,0,0.0,100
6,6,Dijkstra,,,11.466184045725482,18.93856946602106,1.3854823987280949,88.4223018809396,3,5,42.88849059530202,85.2,82.89086266878651,0,0.0,34
6,6,A*,,,11.481111193786168,18.906184434469484,1.3865442621251138,88.43726927513354,3,5,42.81365362433226,85.2,82.88909289645815,0,0.0,34
6,6,NSGA-II,,Dengeli,11.533624745828025,19.033359536249705,1.392366653415408,88.76020948303562,3,4,42.698952584821846,85.2,82.87938891097433,0,0.0,34
6,6,AffectEV,15.0,,11.481111193786168,18.906184434469484,1.3865442621251138,88.43726927513354,3,5,42.81365362433226,85.2,82.88909289645815,0,0.0,34
6,6,AffectEV,30.0,Dengeli,11.533624745828025,19.033359536249705,1.392366653415408,88.76020948303562,3,4,42.698952584821846,85.2,82.87938891097433,0,0.0,34
6,6,AffectEV,50.0,,12.002455007604762,19.229618713151513,1.4413377924748685,89.26527971559648,3,3,41.67360142201764,85.2,82.79777034587522,0,0.0,34
6,6,AffectEV,65.0,,12.002455007604762,19.229618713151513,1.4413377924748685,89.26527971559648,3,3,41.67360142201764,85.2,82.79777034587522,0,0.0,34
6,6,AffectEV,85.0,,12.231498767413477,19.648746458410265,1.4651320147614115,89.36141113854013,3,3,41.192944307299314,85.2,82.75811330873098,0,0.0,34
7,6,Dijkstra,,,15.816035757029267,30.228472292458243,2.0207707062140883,80.55463244650551,11,18,42.72683776747243,75.2,71.83204882297652,0,0.0,100
7,6,A*,,,17.88989042992943,27.696495610394255,2.1752144029553038,88.37882689645164,4,7,37.60586551774182,75.2,71.57464266174117,0,0.0,100
7,6,NSGA-II,,Dengeli,17.88989042992943,27.696495610394255,2.1752144029553038,88.37882689645164,4,7,37.60586551774182,75.2,71.57464266174117,0,0.0,100
7,6,AffectEV,15.0,Dengeli,17.88989042992943,27.696495610394255,2.1752144029553038,88.37882689645164,4,7,37.60586551774182,75.2,71.57464266174117,0,0.0,100
7,6,AffectEV,30.0,Dengeli,17.88989042992943,27.696495610394255,2.1752144029553038,88.37882689645164,4,7,37.60586551774182,75.2,71.57464266174117,0,0.0,100
7,6,AffectEV,50.0,Dengeli,17.88989042992943,27.696495610394255,2.1752144029553038,88.37882689645164,4,7,37.60586551774182,75.2,71.57464266174117,0,0.0,100
7,6,AffectEV,65.0,,22.63615697999416,32.78715147802295,2.551209866084156,90.44137428615775,0,6,38.79312856921125,75.2,70.94798355652641,0,0.0,100
7,6,AffectEV,85.0,,22.797595797682806,33.04865057461879,2.56695018187465,90.49338147482521,0,6,38.53309262587391,75.2,70.92174969687558,0,0.0,100
8,6,Dijkstra,,,25.23747109975654,47.633794152298684,2.8540021090129457,77.2059716124265,4,43,39.470141937867524,43.6,38.84332981831176,0,0.0,100
8,6,A*,,,25.595042184433463,47.31360050187969,2.8707800135632766,79.40297068129219,2,39,39.48514659353904,43.6,38.81536664406121,0,0.0,100
8,6,NSGA-II,,Dengeli,25.775462379625882,47.53934196510331,2.8873951735302357,80.65255027458977,2,35,39.23724862705118,43.6,38.787674710782944,0,0.0,100
8,6,AffectEV,15.0,,25.595042184433463,47.31360050187969,2.8707800135632766,79.40297068129219,2,39,39.48514659353904,43.6,38.81536664406121,0,0.0,100
8,6,AffectEV,30.0,Dengeli,25.775462379625882,47.53934196510331,2.8873951735302357,80.65255027458977,2,35,39.23724862705118,43.6,38.787674710782944,0,0.0,100
8,6,AffectEV,50.0,,30.118216479593624,51.475076259879444,3.468575077117843,88.31222648317424,2,6,44.43886758412877,43.6,37.81904153813693,0,0.0,100
8,6,AffectEV,65.0,,30.34395421840474,53.03252278298118,3.4649255828742174,89.01409275746306,2,4,43.929536212684724,43.6,37.82512402854297,0,0.0,100
8,6,AffectEV,85.0,,30.96501413590296,54.08440988639483,3.524493656387474,89.21067336761398,2,4,42.946633161930095,43.6,37.72584390602088,0,0.0,100
9,6,Dijkstra,,,17.935784581718238,35.671030188725354,2.4774923756357152,76.3206099304108,24,8,46.39695034794604,55.9,51.77084604060714,0,0.0,100
9,6,A*,,,26.11055217719768,25.71592871292925,3.6958077737743156,90.28784294777365,2,6,34.56078526113175,55.9,49.740320377042806,0,0.0,100
9,6,NSGA-II,,Dengeli,21.029504080305454,32.318983163655794,2.4142300076259846,88.43516820226158,1,9,41.82415898869211,55.9,51.87628332062336,0,0.0,100
9,6,AffectEV,15.0,,20.735055298173023,31.82348234175037,2.382042536339071,87.24210155070105,1,13,41.789492246494724,55.9,51.92992910610155,0,0.0,100
9,6,AffectEV,30.0,,20.71702164116039,32.032543420448725,2.3869115733168647,87.70464506640403,1,11,42.476774667979825,55.9,51.921814044471894,0,0.0,100
9,6,AffectEV,50.0,Dengeli,21.029504080305454,32.318983163655794,2.4142300076259846,88.43516820226158,1,9,41.82415898869211,55.9,51.87628332062336,0,0.0,100
9,6,AffectEV,65.0,,26.63184311753261,30.040931886627103,3.539158483815794,92.20920273778401,0,3,34.45398631107997,55.9,50.00140252697368,0,0.0,100
9,6,AffectEV,85.0,,26.109823818687495,33.42694429799865,3.297367045165946,92.32322032198626,0,3,33.8838983900687,55.9,50.404388258056755,0,0.0,100
10,6,Dijkstra,,,8.80302209354457,20.95119829077323,1.177348255272653,83.31267419920576,11,3,51.43662900397122,30.8,28.83775290787891,0,0.0,24
10,6,A*,,,9.48975926483522,19.54546920271383,1.1172746019065671,86.74840829158447,4,6,47.25795854207764,30.8,28.937875663489056,0,0.0,24
10,6,NSGA-II,,Dengeli,11.86658804946373,19.884084653848056,1.3890871241376188,89.49784132405136,0,2,49.51079337974319,30.8,28.48485479310397,0,0.0,24
10,6,AffectEV,15.0,Verimlilik,9.48975926483522,19.54546920271383,1.1172746019065671,86.74840829158447,4,6,47.25795854207764,30.8,28.937875663489056,0,0.0,24
10,6,AffectEV,30.0,Verimlilik,9.48975926483522,19.54546920271383,1.1172746019065671,86.74840829158447,4,6,47.25795854207764,30.8,28.937875663489056,0,0.0,24
10,6,AffectEV,50.0,Dengeli,11.86658804946373,19.884084653848056,1.3890871241376188,89.49784132405136,0,2,49.51079337974319,30.8,28.48485479310397,0,0.0,24
10,6,AffectEV,65.0,,11.881539886217661,19.914391746969176,1.3906578001328063,89.50801257867934,0,2,49.45993710660326,30.8,28.482236999778657,0,0.0,24
10,6,AffectEV,85.0,,11.881539886217661,19.914391746969176,1.3906578001328063,89.50801257867934,0,2,49.45993710660326,30.8,28.482236999778657,0,0.0,24
11,6,Dijkstra,,,9.660212526006283,19.667572761060967,1.2456997757709938,82.52990435197604,7,9,56.35047824011979,51.9,49.823833707048344,0,0.0,61
11,6,A*,,,9.700879391433153,17.062248510449354,1.201175752488553,86.00273986905536,3,6,53.486300654723195,51.9,49.89804041251908,0,0.0,61
11,6,NSGA-II,,Dengeli,11.53796599402311,17.990334548024453,1.3787726512852518,88.97015840318052,2,2,47.14920798409737,51.9,49.60204558119125,0,0.0,61
11,6,AffectEV,15.0,Verimlilik,9.700879391433153,17.062248510449354,1.201175752488553,86.00273986905536,3,6,53.486300654723195,51.9,49.89804041251908,0,0.0,61
11,6,AffectEV,30.0,Verimlilik,9.700879391433153,17.062248510449354,1.201175752488553,86.00273986905536,3,6,53.486300654723195,51.9,49.89804041251908,0,0.0,61
11,6,AffectEV,50.0,Dengeli,11.53796599402311,17.990334548024453,1.3787726512852518,88.97015840318052,2,2,47.14920798409737,51.9,49.60204558119125,0,0.0,61
11,6,AffectEV,65.0,,11.544194002025575,18.683613448804554,1.3751308374826239,89.05368916594361,2,2,46.73155417028197,51.9,49.60811527086229,0,0.0,61
11,6,AffectEV,85.0,,11.60310439104234,18.832354130567108,1.3815797967736694,89.06594353965272,2,2,46.670282301736385,51.9,49.597367005377215,0,0.0,61
12,6,Dijkstra,,,21.66993991746172,44.83501174250943,2.7196636956667497,76.01184456258659,11,23,57.940777187067106,65.7,61.167227173888755,0,0.0,100
12,6,A*,,,22.382843171764783,41.005490578264876,2.7379948438670527,73.16912680676893,5,44,55.65436596615533,65.7,61.13667526022158,0,0.0,100
12,6,NSGA-II,,Dengeli,21.948791165812363,42.908586745491476,2.702193481793963,78.40150806713588,7,22,57.49245966432059,65.7,61.19634419701006,0,0.0,100
12,6,AffectEV,15.0,,21.83659943028349,42.16185806328567,2.696519147572814,77.0601270212207,8,26,55.69936489389649,65.7,61.20580142071198,0,0.0,100
12,6,AffectEV,30.0,Dengeli,21.948791165812363,42.908586745491476,2.702193481793963,78.40150806713588,7,22,57.49245966432059,65.7,61.19634419701006,0,0.0,100
12,6,AffectEV,50.0,,22.14613701814034,43.06690694741831,2.726627353697744,78.75837855740286,7,21,57.208107212985716,65.7,61.15562107717043,0,0.0,100
12,6,AffectEV,65.0,,23.62427004977878,47.146088677659435,2.8835876045789743,80.0473781009454,8,17,54.263109495272985,65.7,60.89402065903504,0,0.0,100
12,6,AffectEV,85.0,,24.543894850462365,49.322281545431345,2.9819436505226986,80.40898108508021,8,17,52.455094574598924,65.7,60.73009391579551,0,0.0,100
13,6,Dijkstra,,,23.210046865366078,49.43474651888698,2.9032633810271977,74.51396562709199,18,24,46.430171864540064,42.6,37.761227698288,0,0.0,100
13,6,A*,,,24.673211862626776,36.731053426184076,2.877716154563097,88.21492411064021,0,9,45.42537944679892,42.6,37.80380640906151,0,0.0,100
13,6,NSGA-II,,Dengeli,24.64133287324217,37.26578042554475,2.860296315483767,88.30852317209518,0,9,44.95738413952409,42.6,37.832839474193726,0,0.0,100
13,6,AffectEV,15.0,Dengeli,24.64133287324217,37.26578042554475,2.860296315483767,88.30852317209518,0,9,44.95738413952409,42.6,37.832839474193726,0,0.0,100
13,6,AffectEV,30.0,Dengeli,24.64133287324217,37.26578042554475,2.860296315483767,88.30852317209518,0,9,44.95738413952409,42.6,37.832839474193726,0,0.0,100
13,6,AffectEV,50.0,,24.7813866582567,37.52101467032762,2.86491047884929,88.47463720645815,0,9,44.126813967709225,42.6,37.82514920191785,0,0.0,100
13,6,AffectEV,65.0,,26.62779598097551,44.57691631275945,2.9939076240037923,89.56127538188863,0,7,41.693623090556834,42.6,37.61015395999368,0,0.0,100
13,6,AffectEV,85.0,,26.62779598097551,44.57691631275945,2.9939076240037923,89.56127538188863,0,7,41.693623090556834,42.6,37.61015395999368,0,0.0,100
14,6,Dijkstra,,,17.365727681979003,35.690342001842836,2.144172985735057,81.81887484080917,11,12,45.4056257959541,77.8,74.22637835710823,0,0.0,100
14,6,A*,,,18.700817822708245,34.73920235354182,2.2056677371454914,85.67670120699235,8,7,41.11649396503827,77.8,74.12388710475751,0,0.0,100
14,6,NSGA-II,,Dengeli,18.700817822708245,34.73920235354182,2.2056677371454914,85.67670120699235,8,7,41.11649396503827,77.8,74.12388710475751,0,0.0,100
14,6,AffectEV,15.0,Dengeli,18.700817822708245,34.73920235354182,2.2056677371454914,85.67670120699235,8,7,41.11649396503827,77.8,74.12388710475751,0,0.0,100
14,6,AffectEV,30.0,Dengeli,18.700817822708245,34.73920235354182,2.2056677371454914,85.67670120699235,8,7,41.11649396503827,77.8,74.12388710475751,0,0.0,100
14,6,AffectEV,50.0,,20.884570628776338,36.32708494664515,2.4294585360899523,87.16968424811496,6,6,40.151578759425185,77.8,73.75090243985008,0,0.0,100
14,6,AffectEV,65.0,,22.600250255614874,38.39403225234348,2.6151353887306223,87.61656268828222,6,5,39.41718655858896,77.8,73.4414410187823,0,0.0,100
14,6,AffectEV,85.0,,23.041382646835334,39.18884059864059,2.6606518930469125,87.71839738962603,6,5,38.90801305186979,77.8,73.36558017825514,0,0.0,100
15,6,Dijkstra,,,23.12440075830618,48.030945356306475,3.2549043836132183,72.83296544669741,25,10,58.33517276651288,63.8,58.37515936064463,0,0.0,100
15,6,A*,,,24.856751388216505,38.402685847957216,3.1172903370541185,78.91472402717582,6,25,52.92637986412093,63.8,58.6045161049098,0,0.0,100
15,6,NSGA-II,,Dengeli,24.862669879924937,40.409855204559776,3.10980781505069,79.99046527967424,5,21,56.047673601628794,63.8,58.61698697491551,0,0.0,100
15,6,AffectEV,15.0,,24.852654541036326,38.44931484922145,3.1195327994396433,79.17380145335437,6,24,53.13099273322818,63.8,58.60077866760059,0,0.0,100
15,6,AffectEV,30.0,,24.852654541036326,38.44931484922145,3.1195327994396433,79.17380145335437,6,24,53.13099273322818,63.8,58.60077866760059,0,0.0,100
15,6,AffectEV,50.0,,25.011958577747052,41.86000225157668,3.099869599077174,80.22231032131336,5,21,54.88844839343316,63.8,58.633550668204705,0,0.0,100
15,6,AffectEV,65.0,,29.622299195787626,49.60068911832229,3.6712565535722588,82.96737825335337,6,10,55.16310873323312,63.8,57.681239077379566,0,0.0,100
15,6,AffectEV,85.0,,29.622299195787626,49.60068911832229,3.6712565535722588,82.96737825335337,6,10,55.16310873323312,63.8,57.681239077379566,0,0.0,100
16,6,Dijkstra,,,20.62345860912918,44.3366544899679,2.731126769416499,75.07927828775148,20,16,50.6036085612426,84.0,79.4481220509725,0,0.0,100
16,6,A*,,,37.095179140401015,35.34928623758703,5.318682918621755,88.99121135801069,3,9,34.04394320994659,84.0,75.13552846896374,0,0.0,100
16,6,NSGA-II,,Dengeli,24.85741294344302,43.534607740267006,2.816228154768848,87.18765696737157,2,11,42.56171516314218,84.0,79.30628640871859,0,0.0,100
16,6,AffectEV,15.0,,23.29973314783391,40.55497064131927,2.6866787513878494,84.44747037972982,3,17,44.762648101350884,84.0,79.52220208102025,0,0.0,100
16,6,AffectEV,30.0,,23.50248935192013,41.26453477175519,2.695927620499243,85.25103244459837,3,15,43.744837777008186,84.0,79.50678729916793,0,0.0,100
16,6,AffectEV,50.0,,32.40292070636933,41.804585706977626,4.166868952992774,89.54598206697506,1,7,39.270089665124694,84.0,77.05521841167871,0,0.0,100
16,6,AffectEV,65.0,,32.40292070636933,41.804585706977626,4.166868952992774,89.54598206697506,1,7,39.270089665124694,84.0,77.05521841167871,0,0.0,100
16,6,AffectEV,85.0,Konfor,32.710246308104345,43.53996433142829,4.145081132772995,89.64386533583793,1,7,38.78067332081034,84.0,77.09153144537834,0,0.0,100
17,6,Dijkstra,,,7.48250904180245,11.952303319608795,0.9395325201373866,86.49470481534982,1,9,51.52647592325088,48.8,47.234112466437686,0,0.0,24
17,6,A*,,,8.096529163197362,11.407790482100998,1.0276223027877964,86.76929409001082,1,8,51.65352954994592,48.8,47.08729616202034,0,0.0,24
17,6,NSGA-II,,Dengeli,8.092432316017184,11.454419483365234,1.029864765173321,86.94374572385895,1,7,52.28127138070523,48.8,47.08355872471113,0,0.0,24
17,6,AffectEV,15.0,,7.501458706023404,11.893945323242217,0.941688939817621,86.47876547484172,1,9,51.606172625791395,48.8,47.23051843363729,0,0.0,24
17,6,AffectEV,30.0,Verimlilik,7.48250904180245,11.952303319608795,0.9395325201373866,86.49470481534982,1,9,51.52647592325088,48.8,47.234112466437686,0,0.0,24
17,6,AffectEV,50.0,Dengeli,8.092432316017184,11.454419483365234,1.029864765173321,86.94374572385895,1,7,52.28127138070523,48.8,47.08355872471113,0,0.0,24
17,6,AffectEV,65.0,Konfor,9.416354076274168,14.604776965371146,1.1566401238811723,87.76134878478598,0,4,55.19325607607007,48.8,46.87226646019804,0,0.0,24
17,6,AffectEV,85.0,Konfor,9.416354076274168,14.604776965371146,1.1566401238811723,87.76134878478598,0,4,55.19325607607007,48.8,46.87226646019804,0,0.0,24
18,6,Dijkstra,,,17.48013166005094,29.49500939070086,2.169983499911364,81.82158320029473,5,16,54.39208399852634,72.1,68.48336083348106,0,0.0,68
18,6,A*,,,17.48038052525706,28.197886474596224,2.1595776585609276,82.60903273449745,4,15,54.454836327512766,72.1,68.50070390239844,0,0.0,68
18,6,NSGA-II,,Dengeli,17.661784663539354,28.63163780889733,2.177597528184917,82.99450927903685,4,14,54.02745360481575,72.1,68.47067078635847,0,0.0,68
18,6,AffectEV,15.0,,17.48038052525706,28.197886474596224,2.1595776585609276,82.60903273449745,4,15,54.454836327512766,72.1,68.50070390239844,0,0.0,68
18,6,AffectEV,30.0,Dengeli,17.661784663539354,28.63163780889733,2.177597528184917,82.99450927903685,4,14,54.02745360481575,72.1,68.47067078635847,0,0.0,68
18,6,AffectEV,50.0,,24.342930742419842,35.335973975354214,3.1189839310476435,86.32338818581371,2,11,46.883059070931466,72.1,66.90169344825392,0,0.0,68
18,6,AffectEV,65.0,,24.38465923087001,35.42573992386292,3.1232895937915046,86.32906654574447,2,11,46.854667271277656,72.1,66.89451734368082,0,0.0,68
18,6,AffectEV,85.0,,24.38465923087001,35.42573992386292,3.1232895937915046,86.32906654574447,2,11,46.854667271277656,72.1,66.89451734368082,0,0.0,68
19,6,Dijkstra,,,17.47460100191027,19.91846949029721,2.5088874831448624,90.53693621990975,4,4,31.315318900451242,59.6,55.41852086142523,0,0.0,17
19,6,A*,,,17.613301131838053,19.487967933291177,2.508136281528262,91.51455160400346,2,4,31.42724197998269,59.6,55.419772864119565,0,0.0,17
19,6,NSGA-II,,Dengeli,17.613301131838053,19.487967933291177,2.508136281528262,91.51455160400346,2,4,31.42724197998269,59.6,55.419772864119565,0,0.0,17
19,6,AffectEV,15.0,Dengeli,17.613301131838053,19.487967933291177,2.508136281528262,91.51455160400346,2,4,31.42724197998269,59.6,55.419772864119565,0,0.0,17
19,6,AffectEV,30.0,Dengeli,17.613301131838053,19.487967933291177,2.508136281528262,91.51455160400346,2,4,31.42724197998269,59.6,55.419772864119565,0,0.0,17
19,6,AffectEV,50.0,Dengeli,17.613301131838053,19.487967933291177,2.508136281528262,91.51455160400346,2,4,31.42724197998269,59.6,55.419772864119565,0,0.0,17
19,6,AffectEV,65.0,Dengeli,17.613301131838053,19.487967933291177,2.508136281528262,91.51455160400346,2,4,31.42724197998269,59.6,55.419772864119565,0,0.0,17
19,6,AffectEV,85.0,Dengeli,17.613301131838053,19.487967933291177,2.508136281528262,91.51455160400346,2,4,31.42724197998269,59.6,55.419772864119565,0,0.0,17
20,6,Dijkstra,,,17.058035821320935,26.375896696589056,2.135639374529008,85.74709591959176,1,8,56.76452040204119,41.3,37.74060104245165,0,0.0,32
20,6,A*,,,18.870948473505916,25.859143960643163,2.374096781919179,84.34007228713159,0,15,55.79963856434203,41.3,37.343172030134696,0,0.0,32
20,6,NSGA-II,,Dengeli,17.06128237476365,26.265550350030058,2.1390069415043373,85.71656646727672,1,8,56.917167663616375,41.3,37.7349884308261,0,0.0,32
20,6,AffectEV,15.0,Dengeli,17.06128237476365,26.265550350030058,2.1390069415043373,85.71656646727672,1,8,56.917167663616375,41.3,37.7349884308261,0,0.0,32
20,6,AffectEV,30.0,Dengeli,17.06128237476365,26.265550350030058,2.1390069415043373,85.71656646727672,1,8,56.917167663616375,41.3,37.7349884308261,0,0.0,32
20,6,AffectEV,50.0,,17.058035821320935,26.375896696589056,2.135639374529008,85.74709591959176,1,8,56.76452040204119,41.3,37.74060104245165,0,0.0,32
20,6,AffectEV,65.0,,18.018329032541047,28.02015146174747,2.235826204049491,86.34446120830253,0,8,56.27769395848733,41.3,37.573622993250844,0,0.0,32
20,6,AffectEV,85.0,,18.12764317658784,28.25507217878278,2.2482408558228326,86.3666793456722,0,8,56.166603271639005,41.3,37.552931906961945,0,0.0,32
21,6,Dijkstra,,,12.403662818592329,24.91290076021214,1.62663953760715,83.22301174940625,10,5,51.38494125296876,62.9,60.18893410398808,0,0.0,68
21,6,A*,,,12.414016184023588,24.62615179372652,1.6230923002454545,83.56816383900926,10,4,51.159180804953714,62.9,60.19484616625758,0,0.0,68
21,6,NSGA-II,,Dengeli,12.713849359404993,24.725357727406884,1.6089762664652385,84.86778724473396,8,4,49.66106377633017,62.9,60.218372889224604,0,0.0,68
21,6,AffectEV,15.0,,12.704988567778896,24.69992957016142,1.6082044027930749,84.82283692898253,8,4,49.885815355087345,62.9,60.219659328678205,0,0.0,68
21,6,AffectEV,30.0,Dengeli,12.713849359404993,24.725357727406884,1.6089762664652385,84.86778724473396,8,4,49.66106377633017,62.9,60.218372889224604,0,0.0,68
21,6,AffectEV,50.0,,14.21566365861637,27.731515359586766,1.721807636565283,87.27937890489198,5,3,46.603105475540104,62.9,60.030320605724526,0,0.0,68
21,6,AffectEV,65.0,,14.554766865377044,28.25519894272785,1.7557915500643806,87.40902407340177,5,3,45.954879632991144,62.9,59.9736807498927,0,0.0,68
21,6,AffectEV,85.0,,14.554766865377044,28.25519894272785,1.7557915500643806,87.40902407340177,5,3,45.954879632991144,62.9,59.9736807498927,0,0.0,68
22,6,Dijkstra,,,6.523072409060071,15.965484873810647,0.8907351417124497,81.39860125938522,9,13,51.006993703073924,52.3,50.81544143047925,0,0.0,86
22,6,A*,,,6.827683770057057,13.61510047215934,0.890537345704055,86.62501351288044,5,2,51.374932435597785,52.3,50.815771090493236,0,0.0,86
22,6,NSGA-II,,Dengeli,6.94691100241562,14.277668767642519,0.8454891562914268,87.32411040152279,4,3,48.879447992386076,52.3,50.89085140618095,0,0.0,86
22,6,AffectEV,15.0,Dengeli,6.94691100241562,14.277668767642519,0.8454891562914268,87.32411040152279,4,3,48.879447992386076,52.3,50.89085140618095,0,0.0,86
22,6,AffectEV,30.0,Dengeli,6.94691100241562,14.277668767642519,0.8454891562914268,87.32411040152279,4,3,48.879447992386076,52.3,50.89085140618095,0,0.0,86
22,6,AffectEV,50.0,,7.137133436891027,14.64071941794345,0.8546142093715999,87.73893124236666,3,4,47.80534378816667,52.3,50.87564298438066,0,0.0,86
22,6,AffectEV,65.0,,8.846901945251718,17.225069295208332,1.0230220648410417,89.45728398790403,2,2,44.71358006047982,52.3,50.59496322526493,0,0.0,86
22,6,AffectEV,85.0,,8.846901945251718,17.225069295208332,1.0230220648410417,89.45728398790403,2,2,44.71358006047982,52.3,50.59496322526493,0,0.0,86
23,6,Dijkstra,,,10.922201574548646,23.71753955611396,1.3340034106139773,75.86805198191203,6,36,51.65974009043985,59.7,57.476660982310044,0,0.0,100
23,6,A*,,,12.530116613416686,20.798404097875398,1.4525991525344784,84.60793253400955,0,20,46.960337329952274,59.7,57.27900141244254,0,0.0,100
23,6,NSGA-II,,Dengeli,12.468303850130077,20.989431652197094,1.435049267416428,84.87923037957134,0,20,45.60384810214329,59.7,57.30825122097262,0,0.0,100
23,6,AffectEV,15.0,,12.392833329707532,20.867703181020822,1.4272684785988516,84.55353576507765,0,21,45.73232117461171,59.7,57.32121920233525,0,0.0,100
23,6,AffectEV,30.0,Dengeli,12.468303850130077,20.989431652197094,1.435049267416428,84.87923037957134,0,20,45.60384810214329,59.7,57.30825122097262,0,0.0,100
23,6,AffectEV,50.0,,12.232636789468852,22.23261928097305,1.3768584489589701,85.59713848659348,0,18,45.01430756703264,59.7,57.40523591840172,0,0.0,100
23,6,AffectEV,65.0,,17.83032615273678,26.908841334443284,2.1703545787430025,88.64175450601277,0,10,41.79122746993616,59.7,56.082742368761664,0,0.0,100
23,6,AffectEV,85.0,,17.83032615273678,26.908841334443284,2.1703545787430025,88.64175450601277,0,10,41.79122746993616,59.7,56.082742368761664,0,0.0,100
24,6,Dijkstra,,,23.542621774622575,38.248708109816896,2.6317998805859224,91.47800029293242,1,1,38.60999853533786,70.5,66.11366686569013,0,0.0,100
24,6,A*,,,27.595808419455917,29.915323483913614,3.726113705239037,91.00527160919596,2,3,35.47364195402022,70.5,64.28981049126827,0,0.0,100
24,6,NSGA-II,,Dengeli,24.00386781010106,38.31491764551777,2.661533830480068,92.10784736415383,0,1,37.96076317923086,70.5,66.06411028253322,0,0.0,100
24,6,AffectEV,15.0,,23.54414106379548,38.098127953305706,2.6290704215106815,91.50406545746384,1,1,38.47967271268079,70.5,66.11821596414886,0,0.0,100
24,6,AffectEV,30.0,Dengeli,24.00386781010106,38.31491764551777,2.661533830480068,92.10784736415383,0,1,37.96076317923086,70.5,66.06411028253322,0,0.0,100
24,6,AffectEV,50.0,Dengeli,24.00386781010106,38.31491764551777,2.661533830480068,92.10784736415383,0,1,37.96076317923086,70.5,66.06411028253322,0,0.0,100
24,6,AffectEV,65.0,,25.91810970909379,41.21564259809359,2.852656790592492,92.39847587669675,0,1,36.507620616516256,70.5,65.74557201567919,0,0.0,100
24,6,AffectEV,85.0,,25.91810970909379,41.21564259809359,2.852656790592492,92.39847587669675,0,1,36.507620616516256,70.5,65.74557201567919,0,0.0,100
25,6,Dijkstra,,,15.927133076834163,32.53309780958181,2.082884696954922,80.17723833042132,13,11,50.11380834789336,55.0,51.52852550507513,0,0.0,100
25,6,A*,,,17.24825484881251,31.642471269790494,2.165582528027443,83.42365126773558,7,10,50.381743661322126,55.0,51.39069578662093,0,0.0,100
25,6,NSGA-II,,Dengeli,19.054490942323074,32.44360479922209,2.236367775996682,87.61207904901764,4,6,42.93960475491182,55.0,51.27272037333886,0,0.0,100
25,6,AffectEV,15.0,,16.469158954763678,32.10348484977061,2.06727428655948,83.05508485339611,9,9,48.724575733019456,55.0,51.5545428557342,0,0.0,100
25,6,AffectEV,30.0,Dengeli,19.054490942323074,32.44360479922209,2.236367775996682,87.61207904901764,4,6,42.93960475491182,55.0,51.27272037333886,0,0.0,100
25,6,AffectEV,50.0,,18.870145445162773,32.92654189932107,2.200438942029671,87.77080337517222,4,6,42.14598312413888,55.0,51.33260176328388,0,0.0,100
25,6,AffectEV,65.0,,22.781996020130155,37.0570923224337,2.5807829567096094,90.24381982726257,1,4,40.28090086368714,55.0,50.69869507215065,0,0.0,100
25,6,AffectEV,85.0,,22.781996020130155,37.0570923224337,2.5807829567096094,90.24381982726257,1,4,40.28090086368714,55.0,50.69869507215065,0,0.0,100
26,6,Dijkstra,,,14.53899591594657,27.532377599300837,1.8107649430971942,84.90883032815499,5,9,49.455848359225065,77.6,74.58205842817134,0,0.0,100
26,6,A*,,,15.548561767311973,25.02226315403731,1.913310765934399,86.65192406325882,1,7,53.74037968370592,77.6,74.41114872344266,0,0.0,100
26,6,NSGA-II,,Dengeli,15.548561767311973,25.02226315403731,1.913310765934399,86.65192406325882,1,7,53.74037968370592,77.6,74.41114872344266,0,0.0,100
26,6,AffectEV,15.0,Dengeli,15.548561767311973,25.02226315403731,1.913310765934399,86.65192406325882,1,7,53.74037968370592,77.6,74.41114872344266,0,0.0,100
26,6,AffectEV,30.0,Dengeli,15.548561767311973,25.02226315403731,1.913310765934399,86.65192406325882,1,7,53.74037968370592,77.6,74.41114872344266,0,0.0,100
26,6,AffectEV,50.0,,15.646249288701245,27.556274249982255,1.8692368382871645,87.80096261161114,2,6,46.99518694194432,77.6,74.48460526952138,0,0.0,100
26,6,AffectEV,65.0,Konfor,18.729112576779276,30.97400403674444,2.213751738573259,88.99607007219235,0,5,47.519649639038214,77.6,73.91041376904457,0,0.0,100
26,6,AffectEV,85.0,Konfor,18.729112576779276,30.97400403674444,2.213751738573259,88.99607007219235,0,5,47.519649639038214,77.6,73.91041376904457,0,0.0,100
27,6,Dijkstra,,,10.86006125920067,23.381345908104443,1.3098360250210768,77.27502168377221,7,33,46.62489158113897,49.6,47.41693995829821,0,0.0,72
27,6,A*,,,11.227809037875982,21.49846820007862,1.2782097943651292,81.16213763806394,2,30,44.189311809680326,49.6,47.46965034272478,0,0.0,72
27,6,NSGA-II,,Dengeli,11.272440177760746,21.551536409484527,1.2822090021369386,81.49891848924844,2,29,44.005407553757784,49.6,47.462984996438436,0,0.0,72
27,6,AffectEV,15.0,,11.194516088209937,21.51241881981815,1.2763732583376188,81.11092472475389,2,30,44.44537637623058,49.6,47.47271123610397,0,0.0,72
27,6,AffectEV,30.0,Dengeli,11.272440177760746,21.551536409484527,1.2822090021369386,81.49891848924844,2,29,44.005407553757784,49.6,47.462984996438436,0,0.0,72
27,6,AffectEV,50.0,,11.51627682010147,22.928024152295375,1.3435249133304505,83.875679296508,2,18,48.62160351746002,49.6,47.36079181111592,0,0.0,72
27,6,AffectEV,65.0,,12.279219860847814,24.362959635722653,1.4254211669052372,85.34183727109885,2,14,47.290813644505704,49.6,47.22429805515794,0,0.0,72
27,6,AffectEV,85.0,,12.369339010141214,24.561583356580606,1.4348545089260705,85.41706265362446,2,14,46.91468673187771,49.6,47.20857581845655,0,0.0,72
28,6,Dijkstra,,,22.02802455703555,35.31662476459432,2.770341141557955,81.16331097798059,11,12,48.683445110097054,84.3,79.68276476407007,0,0.0,100
28,6,A*,,,24.211919829352468,33.344678347509834,3.017369859136512,82.73492215899537,6,16,47.32538920502311,84.3,79.27105023477247,0,0.0,100
28,6,NSGA-II,,Dengeli,23.027739453202216,33.6491421682912,2.8268703112001172,84.2428245450487,8,8,46.78587727475645,84.3,79.58854948133313,0,0.0,100
28,6,AffectEV,15.0,,23.02632171865627,33.531615791181444,2.8274811514232696,83.9341117616165,8,9,46.82944119191746,84.3,79.58753141429455,0,0.0,100
28,6,AffectEV,30.0,Dengeli,23.027739453202216,33.6491421682912,2.8268703112001172,84.2428245450487,8,8,46.78587727475645,84.3,79.58854948133313,0,0.0,100
28,6,AffectEV,50.0,Dengeli,23.027739453202216,33.6491421682912,2.8268703112001172,84.2428245450487,8,8,46.78587727475645,84.3,79.58854948133313,0,0.0,100
28,6,AffectEV,65.0,,26.40602255859078,36.87095771153588,3.253311582535101,86.59152782545146,4,8,45.0423608727427,84.3,78.87781402910817,0,0.0,100
28,6,AffectEV,85.0,,26.40602255859078,36.87095771153588,3.253311582535101,86.59152782545146,4,8,45.0423608727427,84.3,78.87781402910817,0,0.0,100
29,6,Dijkstra,,,12.699312958695026,23.08215636103516,1.3971894925311656,90.34349780623285,0,6,39.28251096883573,51.5,49.17135084578139,0,0.0,43
29,6,A*,,,12.774258497922235,15.483173902904282,1.7350348455352715,91.65874845875132,0,5,34.206257706243385,51.5,48.608275257441214,0,0.0,43
29,6,NSGA-II,,Dengeli,12.774258497922235,15.483173902904282,1.7350348455352715,91.65874845875132,0,5,34.206257706243385,51.5,48.608275257441214,0,0.0,43
29,6,AffectEV,15.0,Dengeli,12.774258497922235,15.483173902904282,1.7350348455352715,91.65874845875132,0,5,34.206257706243385,51.5,48.608275257441214,0,0.0,43
29,6,AffectEV,30.0,Dengeli,12.774258497922235,15.483173902904282,1.7350348455352715,91.65874845875132,0,5,34.206257706243385,51.5,48.608275257441214,0,0.0,43
29,6,AffectEV,50.0,Dengeli,12.774258497922235,15.483173902904282,1.7350348455352715,91.65874845875132,0,5,34.206257706243385,51.5,48.608275257441214,0,0.0,43
29,6,AffectEV,65.0,,17.735029912001266,18.75165909749569,2.446838331508433,93.53844265774127,0,0,32.30778671129364,51.5,47.421936114152615,0,0.0,43
29,6,AffectEV,85.0,,17.735029912001266,18.75165909749569,2.446838331508433,93.53844265774127,0,0,32.30778671129364,51.5,47.421936114152615,0,0.0,43
30,6,Dijkstra,,,21.79446021612964,15.026466291980645,3.3675612394923506,94.28337738313641,0,0,28.583113084317947,48.9,43.28739793417942,0,0.0,6
30,6,A*,,,21.79446021612964,15.026466291980645,3.3675612394923506,94.28337738313641,0,0,28.583113084317947,48.9,43.28739793417942,0,0.0,6
30,6,NSGA-II,,Dengeli,22.162370549364084,18.21099009784476,3.2855166362839947,94.33190052064475,0,0,28.340497396776257,48.9,43.42413893952667,0,0.0,6
30,6,AffectEV,15.0,Dengeli,22.162370549364084,18.21099009784476,3.2855166362839947,94.33190052064475,0,0,28.340497396776257,48.9,43.42413893952667,0,0.0,6
30,6,AffectEV,30.0,Dengeli,22.162370549364084,18.21099009784476,3.2855166362839947,94.33190052064475,0,0,28.340497396776257,48.9,43.42413893952667,0,0.0,6
30,6,AffectEV,50.0,Dengeli,22.162370549364084,18.21099009784476,3.2855166362839947,94.33190052064475,0,0,28.340497396776257,48.9,43.42413893952667,0,0.0,6
30,6,AffectEV,65.0,Dengeli,22.162370549364084,18.21099009784476,3.2855166362839947,94.33190052064475,0,0,28.340497396776257,48.9,43.42413893952667,0,0.0,6
30,6,AffectEV,85.0,Konfor,22.101785817864656,16.761844916431308,3.345773419272571,94.39852235618221,0,0,28.00738821908895,48.9,43.323710967879045,0,0.0,6
31,6,Dijkstra,,,18.460401315711664,43.02558496944466,2.454717453748915,67.13430562057606,20,36,60.328471897119734,55.0,50.90880424375181,0,0.0,100
31,6,A*,,,19.96696426584103,36.71137281841846,2.5072233406834443,77.58617236824153,5,27,59.06913815879228,55.0,50.82129443219426,0,0.0,100
31,6,NSGA-II,,Dengeli,19.853585501739996,36.877112821493775,2.4659951560840634,77.14237202794878,5,29,58.288139860256074,55.0,50.89000807319323,0,0.0,100
31,6,AffectEV,15.0,,19.273304987408192,37.15522721843697,2.4017674027778684,72.13143062654386,7,42,58.842846867280684,55.0,50.997054328703555,0,0.0,100
31,6,AffectEV,30.0,Dengeli,19.853585501739996,36.877112821493775,2.4659951560840634,77.14237202794878,5,29,58.288139860256074,55.0,50.89000807319323,0,0.0,100
31,6,AffectEV,50.0,,20.816378566717415,39.666085566897806,2.582442124285752,80.53860439468698,5,20,54.806978026565034,55.0,50.69592979285708,0,0.0,100
31,6,AffectEV,65.0,,23.135864816693307,42.21582031284238,2.8457592780026824,82.14559218472377,5,14,55.77203907638117,55.0,50.25706786999553,0,0.0,100
31,6,AffectEV,85.0,,23.861508960556844,43.44646364553416,2.9235924829265585,82.46695191144188,5,14,54.16524044279057,55.0,50.12734586178907,0,0.0,100
32,6,Dijkstra,,,6.315449441209965,11.8933930206308,0.7864365306109818,85.46555937666159,4,7,52.172203116692025,87.5,86.1892724489817,0,0.0,100
32,6,A*,,,6.343848217684863,11.563230635998014,0.7708361491021608,86.93804516387205,3,5,50.30977418063977,87.5,86.21527308482973,0,0.0,100
32,6,NSGA-II,,Dengeli,7.259566930003432,13.297480221699873,0.8461889883650644,88.83669290695057,1,4,47.316535465247156,87.5,86.08968501939155,0,0.0,100
32,6,AffectEV,15.0,,6.343848217684863,11.563230635998014,0.7708361491021608,86.93804516387205,3,5,50.30977418063977,87.5,86.21527308482973,0,0.0,100
32,6,AffectEV,30.0,,6.343848217684863,11.563230635998014,0.7708361491021608,86.93804516387205,3,5,50.30977418063977,87.5,86.21527308482973,0,0.0,100
32,6,AffectEV,50.0,Dengeli,7.259566930003432,13.297480221699873,0.8461889883650644,88.83669290695057,1,4,47.316535465247156,87.5,86.08968501939155,0,0.0,100
32,6,AffectEV,65.0,,10.324328260723892,20.180234682086443,1.1836010023443175,91.11025536410463,1,2,38.94872317947684,87.5,85.52733166275947,0,0.0,100
32,6,AffectEV,85.0,Konfor,10.433801253663598,20.465193574306646,1.195162056155144,91.14499125463934,1,2,38.7750437268033,87.5,85.50806323974143,0,0.0,100
33,6,Dijkstra,,,12.932258251440391,20.21317677273685,1.6298513761010611,84.43216508597548,2,13,53.33917457012259,67.3,64.58358103983156,0,0.0,23
33,6,A*,,,12.942750934726801,19.844160688557945,1.6247139956552137,84.0351782116434,2,14,53.824108941783024,67.3,64.59214334057464,0,0.0,23
33,6,NSGA-II,,Dengeli,12.932258251440391,20.21317677273685,1.6298513761010611,84.43216508597548,2,13,53.33917457012259,67.3,64.58358103983156,0,0.0,23
33,6,AffectEV,15.0,Verimlilik,12.942750934726801,19.844160688557945,1.6247139956552137,84.0351782116434,2,14,53.824108941783024,67.3,64.59214334057464,0,0.0,23
33,6,AffectEV,30.0,Dengeli,12.932258251440391,20.21317677273685,1.6298513761010611,84.43216508597548,2,13,53.33917457012259,67.3,64.58358103983156,0,0.0,23
33,6,AffectEV,50.0,Dengeli,12.932258251440391,20.21317677273685,1.6298513761010611,84.43216508597548,2,13,53.33917457012259,67.3,64.58358103983156,0,0.0,23
33,6,AffectEV,65.0,,12.97233517450422,20.28965319227904,1.6340419719525834,84.45424210637633,2,13,53.22878946811837,67.3,64.57659671341236,0,0.0,23
33,6,AffectEV,85.0,,13.291701667795284,20.61889842547816,1.6841160919941587,84.52147490146952,2,12,54.392625492652435,67.3,64.4931398466764,0,0.0,23
34,6,Dijkstra,,,13.181150613222396,26.835898245869206,1.5945266072426671,73.76861966838732,3,46,54.65690165806339,86.8,84.14245565459555,0,0.0,45
34,6,A*,,,17.631544924722906,24.244561002341133,2.249627421467667,85.59093404189167,2,15,44.545329790541615,86.8,83.05062096422056,0,0.0,45
34,6,NSGA-II,,Dengeli,14.220032954748946,26.38292170400531,1.7045746006664408,83.59457578823358,2,16,53.027121058832066,86.8,83.9590423322226,0,0.0,45
34,6,AffectEV,15.0,,13.686197755946102,26.370214927232286,1.602005322186167,81.34035036769248,1,27,50.29824816153756,86.8,84.12999112968971,0,0.0,45
34,6,AffectEV,30.0,Dengeli,14.220032954748946,26.38292170400531,1.7045746006664408,83.59457578823358,2,16,53.027121058832066,86.8,83.9590423322226,0,0.0,45
34,6,AffectEV,50.0,,14.464134740556437,27.050063411563947,1.7307664794114364,84.42936378713495,2,14,51.85318106432525,86.8,83.91538920098094,0,0.0,45
34,6,AffectEV,65.0,,18.061058416619606,24.77988638401716,2.2912824660617788,86.04328860072783,2,14,43.78355699636085,86.8,82.98119588989704,0,0.0,45
34,6,AffectEV,85.0,Konfor,23.191407865023972,34.116569448786365,2.9590578422325637,88.01938271398751,3,7,41.90308643006244,86.8,81.8682369296124,0,0.0,45
35,6,Dijkstra,,,20.230388693417584,41.00282930210505,2.6378751640414304,75.35834943073077,12,25,55.708252846346134,47.9,43.50354139326428,0,0.0,91
35,6,A*,,,21.494114003414083,33.77518578524276,2.6727889040135997,81.90861747687279,5,17,52.45691261563605,47.9,43.445351826644,0,0.0,91
35,6,NSGA-II,,Dengeli,21.494114003414083,33.77518578524276,2.6727889040135997,81.90861747687279,5,17,52.45691261563605,47.9,43.445351826644,0,0.0,91
35,6,AffectEV,15.0,Dengeli,21.494114003414083,33.77518578524276,2.6727889040135997,81.90861747687279,5,17,52.45691261563605,47.9,43.445351826644,0,0.0,91
35,6,AffectEV,30.0,Dengeli,21.494114003414083,33.77518578524276,2.6727889040135997,81.90861747687279,5,17,52.45691261563605,47.9,43.445351826644,0,0.0,91
35,6,AffectEV,50.0,,23.46600909942521,36.10986157120745,2.890247766966681,82.89170684418396,4,16,51.541465779080205,47.9,43.082920388388864,0,0.0,91
35,6,AffectEV,65.0,,27.30315397638802,46.83860454762775,3.3642255111565293,83.86496271322727,6,8,53.675186433863615,47.9,42.292957481405786,0,0.0,91
35,6,AffectEV,85.0,,27.5526066149132,47.266153289186796,3.3911778171036424,83.89164780713624,6,8,53.541760964318826,47.9,42.24803697149393,0,0.0,91
36,6,Dijkstra,,,24.10993819189053,52.84350914886751,3.3300302046931223,55.47184155516855,28,66,53.640792224157266,59.2,53.6499496588448,0,0.0,100
36,6,A*,,,27.628601220988152,39.914193163075154,3.550963960498812,78.59531152103641,8,24,51.02344239481794,59.2,53.28172673250198,0,0.0,100
36,6,NSGA-II,,Dengeli,27.78522806303865,40.33807542158819,3.5242013139062487,80.40405282318596,7,20,50.47973588407018,59.2,53.32633114348959,0,0.0,100
36,6,AffectEV,15.0,,26.14311574385821,41.558120984825905,3.371673630578339,74.93860038764629,10,32,52.30699806176857,59.2,53.580543949036105,0,0.0,100
36,6,AffectEV,30.0,Dengeli,27.78522806303865,40.33807542158819,3.5242013139062487,80.40405282318596,7,20,50.47973588407018,59.2,53.32633114348959,0,0.0,100
36,6,AffectEV,50.0,Dengeli,27.78522806303865,40.33807542158819,3.5242013139062487,80.40405282318596,7,20,50.47973588407018,59.2,53.32633114348959,0,0.0,100
36,6,AffectEV,65.0,,31.537569442729982,41.900747005752365,4.131975528453252,85.14724179590212,5,11,45.26379102048941,59.2,52.313374119244585,0,0.0,100
36,6,AffectEV,85.0,,31.537569442729982,41.900747005752365,4.131975528453252,85.14724179590212,5,11,45.26379102048941,59.2,52.313374119244585,0,0.0,100
37,6,Dijkstra,,,12.058149939745649,22.19455059530852,1.470912970057241,86.7537227682127,4,6,47.231386158936495,66.3,63.84847838323793,0,0.0,100
37,6,A*,,,13.600577581130452,19.014215143490176,1.6733735310118143,89.45490823407935,0,1,51.225458829603205,66.3,63.51104411498031,0,0.0,100
37,6,NSGA-II,,Dengeli,12.458064437714203,20.180547872952488,1.4445095957494576,89.40009026187104,1,4,44.49954869064478,66.3,63.892484007084235,0,0.0,100
37,6,AffectEV,15.0,,12.350739586215136,19.538758566532263,1.4439498700321964,88.9136995115447,1,5,45.43150244227647,66.3,63.89341688327967,0,0.0,100
37,6,AffectEV,30.0,,12.444470334012127,19.737959066157597,1.4541208623119513,89.24923102204312,1,4,45.25384488978444,66.3,63.876465229480075,0,0.0,100
37,6,AffectEV,50.0,,13.784815780817883,21.808517123700035,1.5768154780066859,90.6480065488511,0,3,42.25996725574452,66.3,63.671974203322186,0,0.0,100
37,6,AffectEV,65.0,,13.910557622146474,22.61466330971255,1.5801096338216425,90.76184789659064,0,3,41.69076051704678,66.3,63.666483943630595,0,0.0,100
37,6,AffectEV,85.0,Konfor,14.363090121743179,23.40961845124173,1.6278375203111275,90.85080196465438,0,3,41.245990176728064,66.3,63.586937466148115,0,0.0,100
38,6,Dijkstra,,,18.04001709290496,36.07595819772893,2.363685606259982,73.56511963501927,14,31,50.67440182490361,66.1,62.16052398956669,0,0.0,100
38,6,A*,,,19.55570562179163,32.99767034048502,2.427171270054385,81.26861270022538,6,19,50.15693649887314,66.1,62.05471454990935,0,0.0,100
38,6,NSGA-II,,Dengeli,20.45156541337959,35.619139870576795,2.4127616083987493,84.84856997614435,2,15,48.257150119278286,66.1,62.078730652668746,0,0.0,100
38,6,AffectEV,15.0,,19.55570562179163,32.99767034048502,2.427171270054385,81.26861270022538,6,19,50.15693649887314,66.1,62.05471454990935,0,0.0,100
38,6,AffectEV,30.0,,19.55570562179163,32.99767034048502,2.427171270054385,81.26861270022538,6,19,50.15693649887314,66.1,62.05471454990935,0,0.0,100
38,6,AffectEV,50.0,,23.345644059943872,33.69895445185433,2.7950001599470737,88.43339989465873,2,5,45.3330005267063,66.1,61.4416664000882,0,0.0,100
38,6,AffectEV,65.0,,23.35684350278869,34.26561455679614,2.781549356388762,88.53914776276072,2,5,44.80426118619638,66.1,61.46408440601873,0,0.0,100
38,6,AffectEV,85.0,,24.283096619543848,39.341948972870796,2.8574137117137575,89.22573602597316,2,4,42.87131987013418,66.1,61.3376438138104,0,0.0,100
39,6,Dijkstra,,,27.693169836575326,49.50445260322037,3.7866094075869983,72.57403437492356,24,21,45.629828125382204,83.4,77.08898432068834,0,0.0,93
39,6,A*,,,28.836829395333833,33.100074735115,3.6532825873454717,87.68327084534388,0,12,43.58364577328059,83.4,77.31119568775755,0,0.0,93
39,6,NSGA-II,,Dengeli,28.836829395333833,33.100074735115,3.6532825873454717,87.68327084534388,0,12,43.58364577328059,83.4,77.31119568775755,0,0.0,93
39,6,AffectEV,15.0,Dengeli,28.836829395333833,33.100074735115,3.6532825873454717,87.68327084534388,0,12,43.58364577328059,83.4,77.31119568775755,0,0.0,93
39,6,AffectEV,30.0,Dengeli,28.836829395333833,33.100074735115,3.6532825873454717,87.68327084534388,0,12,43.58364577328059,83.4,77.31119568775755,0,0.0,93
39,6,AffectEV,50.0,Dengeli,28.836829395333833,33.100074735115,3.6532825873454717,87.68327084534388,0,12,43.58364577328059,83.4,77.31119568775755,0,0.0,93
39,6,AffectEV,65.0,,28.850423499035912,33.542663541909896,3.6436713207829783,87.74825682930579,0,12,43.25871585347109,83.4,77.3272144653617,0,0.0,93
39,6,AffectEV,85.0,,30.37279984150034,38.27530356585769,3.79654243393651,88.14776774236427,0,10,44.26116128817864,83.4,77.0724292767725,0,0.0,93
40,6,Dijkstra,,,15.54634367544098,29.926165168098294,2.010807413438856,77.53925945920764,10,22,54.30370270396174,86.5,83.14865431093524,0,0.0,100
40,6,A*,,,16.372028313843842,26.708552655414458,2.061536181401134,82.19636015921627,4,16,55.01819920391864,86.5,83.06410636433144,0,0.0,100
40,6,NSGA-II,,Dengeli,17.13639748116396,27.15384876528712,2.118536645073952,84.29167336598667,2,13,54.04163317006663,86.5,82.96910559154341,0,0.0,100
40,6,AffectEV,15.0,,16.372028313843842,26.708552655414458,2.061536181401134,82.19636015921627,4,16,55.01819920391864,86.5,83.06410636433144,0,0.0,100
40,6,AffectEV,30.0,,16.815085816188994,26.952750342451345,2.076483784836239,83.6678423254842,2,15,54.16078837257903,86.5,83.0391936919396,0,0.0,100
40,6,AffectEV,50.0,Dengeli,17.13639748116396,27.15384876528712,2.118536645073952,84.29167336598667,2,13,54.04163317006663,86.5,82.96910559154341,0,0.0,100
40,6,AffectEV,65.0,,25.64329270237392,31.869003690744528,3.4645605343835073,90.23180897422971,1,4,40.340955128851434,86.5,80.72573244269415,0,0.0,100
40,6,AffectEV,85.0,Konfor,25.656380835377362,32.608142806158575,3.448513821274937,90.2854283297386,1,4,40.07285835130701,86.5,80.75247696454177,0,0.0,100
41,6,Dijkstra,,,23.660635711712654,33.79878200677259,2.9966934749878504,84.85358615144676,4,8,53.732069242766165,69.6,64.60551087502024,0,0.0,100
41,6,A*,,,23.671422008266344,32.87578974757862,3.00426703388359,85.14498060617842,4,7,53.77509696910786,69.6,64.59288827686068,0,0.0,100
41,6,NSGA-II,,Dengeli,23.90198483737153,33.16025253284948,3.0078039746570924,85.72027366220748,2,7,55.898631688962624,69.6,64.58699337557151,0,0.0,100
41,6,AffectEV,15.0,Dengeli,23.90198483737153,33.16025253284948,3.0078039746570924,85.72027366220748,2,7,55.898631688962624,69.6,64.58699337557151,0,0.0,100
41,6,AffectEV,30.0,Dengeli,23.90198483737153,33.16025253284948,3.0078039746570924,85.72027366220748,2,7,55.898631688962624,69.6,64.58699337557151,0,0.0,100
41,6,AffectEV,50.0,Dengeli,23.90198483737153,33.16025253284948,3.0078039746570924,85.72027366220748,2,7,55.898631688962624,69.6,64.58699337557151,0,0.0,100
41,6,AffectEV,65.0,,25.92819700886121,36.575268470254265,3.2001609071816866,86.60244225294895,2,8,49.987788735255236,69.6,64.26639848803052,0,0.0,100
41,6,AffectEV,85.0,Konfor,25.997255111900355,37.43260568532747,3.19669620854038,86.63416132607829,2,8,49.829193369608596,69.6,64.27217298576603,0,0.0,100
42,6,Dijkstra,,,21.96282146541537,40.768973606191594,2.9345397079491544,73.15842504795654,20,25,46.7078747602173,85.0,80.10910048675142,0,0.0,100
42,6,A*,,,22.090708649336612,40.293316220421325,2.924254624251773,74.49965078924834,19,22,47.001746053758296,85.0,80.12624229291372,0,0.0,100
42,6,NSGA-II,,Dengeli,22.196961974257285,40.5076817689445,2.9367817232120506,75.39013441697361,19,19,47.049327915131954,85.0,80.10536379464658,0,0.0,100
42,6,AffectEV,15.0,,22.090708649336612,40.293316220421325,2.924254624251773,74.49965078924834,19,22,47.001746053758296,85.0,80.12624229291372,0,0.0,100
42,6,AffectEV,30.0,Dengeli,22.196961974257285,40.5076817689445,2.9367817232120506,75.39013441697361,19,19,47.049327915131954,85.0,80.10536379464658,0,0.0,100
42,6,AffectEV,50.0,,35.25881741944388,41.73966683443161,4.850612183199936,88.75013913369462,2,11,34.74930433152689,85.0,76.91564636133344,0,0.0,100
42,6,AffectEV,65.0,,37.28375643092571,42.00222445251878,5.065274740401153,89.52424727424192,0,12,34.37876362879041,85.0,76.55787543266474,0,0.0,100
42,6,AffectEV,85.0,,37.91328246645509,42.71812737273339,5.120611275396138,89.66649877012401,0,12,33.667506149379996,85.0,76.46564787433977,0,0.0,100
43,6,Dijkstra,,,17.06329866686855,43.58872662028643,2.2958681001881067,67.21636425622192,17,40,61.418178718890395,66.0,62.17355316635316,0,0.0,52
43,6,A*,,,19.448895047219445,36.606579739126985,2.527209251400628,78.23392256368786,7,19,62.83038718156069,66.0,61.78798458099895,0,0.0,52
43,6,NSGA-II,,Dengeli,20.124193306229255,36.642123373126545,2.547727637772641,79.04151006017145,4,22,61.792449699142715,66.0,61.75378727037893,0,0.0,52
43,6,AffectEV,15.0,,18.866069897375315,36.88779523565312,2.2855169595743683,76.14125952120321,2,38,57.293702393983956,66.0,62.190805067376054,0,0.0,52
43,6,AffectEV,30.0,Dengeli,20.124193306229255,36.642123373126545,2.547727637772641,79.04151006017145,4,22,61.792449699142715,66.0,61.75378727037893,0,0.0,52
43,6,AffectEV,50.0,,26.369692398971733,37.132739062134185,3.7017922930901888,85.81450283917304,3,11,46.927485804134754,66.0,59.83034617818302,0,0.0,52
43,6,AffectEV,65.0,,29.444486456371546,37.199882514131716,4.238340316106632,86.65080993416179,3,10,44.245950329191054,66.0,58.936099473155615,0,0.0,52
43,6,AffectEV,85.0,,29.444486456371546,37.199882514131716,4.238340316106632,86.65080993416179,3,10,44.245950329191054,66.0,58.936099473155615,0,0.0,52
44,6,Dijkstra,,,12.180318086105807,19.978818532492127,1.515135316637043,86.02121483524945,1,7,56.89392582375271,66.9,64.3747744722716,0,0.0,62
44,6,A*,,,12.285504669146931,18.76231340540494,1.5048339471810237,88.09462125389197,0,3,55.026893730540145,66.9,64.39194342136497,0,0.0,62
44,6,NSGA-II,,Dengeli,12.285504669146931,18.76231340540494,1.5048339471810237,88.09462125389197,0,3,55.026893730540145,66.9,64.39194342136497,0,0.0,62
44,6,AffectEV,15.0,Dengeli,12.285504669146931,18.76231340540494,1.5048339471810237,88.09462125389197,0,3,55.026893730540145,66.9,64.39194342136497,0,0.0,62
44,6,AffectEV,30.0,Dengeli,12.285504669146931,18.76231340540494,1.5048339471810237,88.09462125389197,0,3,55.026893730540145,66.9,64.39194342136497,0,0.0,62
44,6,AffectEV,50.0,,12.755238215381068,21.14310865041364,1.5385383544790696,88.51615120425116,2,1,50.91924397874419,66.9,64.33576940920156,0,0.0,62
44,6,AffectEV,65.0,Konfor,15.545899143489935,26.00893564352733,1.844803591204252,89.57519978393812,1,2,46.624001080309434,66.9,63.82532734799292,0,0.0,62
44,6,AffectEV,85.0,Konfor,15.545899143489935,26.00893564352733,1.844803591204252,89.57519978393812,1,2,46.624001080309434,66.9,63.82532734799292,0,0.0,62
45,6,Dijkstra,,,24.860773582720817,44.30337633808795,3.096142365986118,83.22198048329234,8,8,51.890097583538285,76.0,70.83976272335647,0,0.0,100
45,6,A*,,,26.883874663067076,30.76262583918615,3.5935686865513103,90.29424326937466,0,5,41.02878365312672,76.0,70.01071885574781,0,0.0,100
45,6,NSGA-II,,Dengeli,26.883874663067076,30.76262583918615,3.5935686865513103,90.29424326937466,0,5,41.02878365312672,76.0,70.01071885574781,0,0.0,100
45,6,AffectEV,15.0,,26.047776236065136,34.86250788375264,3.324855667347069,88.14221277688041,0,11,42.78893611559793,76.0,70.45857388775488,0,0.0,100
45,6,AffectEV,30.0,Dengeli,26.883874663067076,30.76262583918615,3.5935686865513103,90.29424326937466,0,5,41.02878365312672,76.0,70.01071885574781,0,0.0,100
45,6,AffectEV,50.0,,26.94583906105591,31.07335039301934,3.5939156932680363,90.39291914712564,0,5,40.53540426437177,76.0,70.01014051121994,0,0.0,100
45,6,AffectEV,65.0,,29.2971451830962,38.31847106100079,3.8001102101532513,91.57057435336968,0,2,39.14712823315162,76.0,69.66648298307791,0,0.0,100
45,6,AffectEV,85.0,,29.2971451830962,38.31847106100079,3.8001102101532513,91.57057435336968,0,2,39.14712823315162,76.0,69.66648298307791,0,0.0,100
46,6,Dijkstra,,,15.652162516574279,41.65529267830134,2.1732582231063517,62.2654003573348,21,50,61.17299821332599,66.4,62.77790296148942,0,0.0,43
46,6,A*,,,16.99189854487929,33.880515862764284,2.2209581408395103,73.63856960034194,10,29,63.3071519982903,66.4,62.69840309860082,0,0.0,43
46,6,NSGA-II,,Dengeli,16.853269906886915,33.98158920118718,2.18246864619719,73.58441389086872,8,32,64.07793054565639,66.4,62.76255225633802,0,0.0,43
46,6,AffectEV,15.0,,16.565053234858464,34.78150031488407,2.1236844691491648,71.65922479125786,7,40,64.20387604371074,66.4,62.8605258847514,0,0.0,43
46,6,AffectEV,30.0,Dengeli,16.853269906886915,33.98158920118718,2.18246864619719,73.58441389086872,8,32,64.07793054565639,66.4,62.76255225633802,0,0.0,43
46,6,AffectEV,50.0,,17.36360397269942,36.71885303160756,2.2203173491441754,78.23114028274126,9,16,62.344298586293675,66.4,62.699471084759715,0,0.0,43
46,6,AffectEV,65.0,,17.36360397269942,36.71885303160756,2.2203173491441754,78.23114028274126,9,16,62.344298586293675,66.4,62.699471084759715,0,0.0,43
46,6,AffectEV,85.0,,17.36360397269942,36.71885303160756,2.2203173491441754,78.23114028274126,9,16,62.344298586293675,66.4,62.699471084759715,0,0.0,43
47,6,Dijkstra,,,23.44933666717482,44.1360767092383,3.276124296965871,76.50289629757529,23,13,40.48551851212351,67.7,62.239792838390215,0,0.0,89
47,6,A*,,,25.199861083936987,32.46959723946983,2.918138519884902,90.5498659910236,0,4,41.25067004488204,67.7,62.836435800191836,0,0.0,89
47,6,NSGA-II,,Dengeli,25.199861083936987,32.46959723946983,2.918138519884902,90.5498659910236,0,4,41.25067004488204,67.7,62.836435800191836,0,0.0,89
47,6,AffectEV,15.0,Dengeli,25.199861083936987,32.46959723946983,2.918138519884902,90.5498659910236,0,4,41.25067004488204,67.7,62.836435800191836,0,0.0,89
47,6,AffectEV,30.0,Dengeli,25.199861083936987,32.46959723946983,2.918138519884902,90.5498659910236,0,4,41.25067004488204,67.7,62.836435800191836,0,0.0,89
47,6,AffectEV,50.0,Dengeli,25.199861083936987,32.46959723946983,2.918138519884902,90.5498659910236,0,4,41.25067004488204,67.7,62.836435800191836,0,0.0,89
47,6,AffectEV,65.0,,26.68894500400265,36.68189338857146,3.4065420053871707,91.30586641371237,2,2,35.470667931438165,67.7,62.02242999102138,0,0.0,89
47,6,AffectEV,85.0,Konfor,29.50093097014756,37.15516093431688,3.900277742251821,91.53060287212816,2,2,34.346985639359225,67.7,61.19953709624697,0,0.0,89
48,6,Dijkstra,,,15.080656660003548,22.659826466472012,1.852939621119175,88.82834264944945,0,3,51.358286752752726,69.3,66.2117672981347,0,0.0,51
48,6,A*,,,15.105437848101676,21.591935850143678,1.854691605103823,88.35242530751154,0,5,50.737873462442295,69.3,66.20884732482696,0,0.0,51
48,6,NSGA-II,,Dengeli,15.08818064395873,21.738944856901874,1.8523435421176566,88.92108062948019,0,3,50.894596852599044,69.3,66.21276076313724,0,0.0,51
48,6,AffectEV,15.0,Dengeli,15.08818064395873,21.738944856901874,1.8523435421176566,88.92108062948019,0,3,50.894596852599044,69.3,66.21276076313724,0,0.0,51
48,6,AffectEV,30.0,Dengeli,15.08818064395873,21.738944856901874,1.8523435421176566,88.92108062948019,0,3,50.894596852599044,69.3,66.21276076313724,0,0.0,51
48,6,AffectEV,50.0,,15.57333627225551,26.272652186741137,1.8768663641694767,89.84256950248955,0,2,47.78715248755225,69.3,66.17188939305088,0,0.0,51
48,6,AffectEV,65.0,,15.69733898005319,26.955838772356838,1.8826829054178327,89.8940847082659,0,2,47.52957645867055,69.3,66.16219515763694,0,0.0,51
48,6,AffectEV,85.0,,15.713986069377839,26.98850438424533,1.884477770691673,89.89882228060584,0,2,47.505888596970784,69.3,66.15920371551388,0,0.0,51
49,6,Dijkstra,,,12.448359452641155,34.78403782533736,1.9352589605414952,70.31678927215556,23,16,66.91605363922221,70.1,66.8745683990975,0,0.0,100
49,6,A*,,,15.391425432180796,26.484578126727744,1.975566548725085,75.78848647970374,3,33,64.05756760148131,70.1,66.80738908545818,0,0.0,100
49,6,NSGA-II,,Dengeli,15.36137681469583,26.694088078163492,1.975847182029614,76.87860704109673,3,29,64.60696479451636,70.1,66.80692136328398,0,0.0,100
49,6,AffectEV,15.0,,14.701045433884254,27.34018460991383,1.9142734232000962,75.30570893624105,5,31,64.47145531879474,70.1,66.9095442946665,0,0.0,100
49,6,AffectEV,30.0,Dengeli,15.36137681469583,26.694088078163492,1.975847182029614,76.87860704109673,3,29,64.60696479451636,70.1,66.80692136328398,0,0.0,100
49,6,AffectEV,50.0,,16.335377018415258,29.21348527820994,2.0542892904135943,82.55451122556687,1,14,63.727443872165665,70.1,66.67618451597734,0,0.0,100
49,6,AffectEV,65.0,,16.34007525370011,29.766924517187157,2.0571005868622634,82.89616125551903,1,13,63.51919372240484,70.1,66.67149902189622,0,0.0,100
49,6,AffectEV,85.0,,18.42661446589042,31.38889693845126,2.312829264401892,84.32991407623948,1,10,60.85042961880258,70.1,66.24528455933017,0,0.0,100
50,6,Dijkstra,,,20.447974153171877,41.67097631688897,2.6049838568150596,79.18380912519075,22,3,44.58095437404624,32.0,27.658360238641567,0,0.0,100
50,6,A*,,,29.50013168469529,32.46600737815883,3.8556331274922435,92.49633104458294,0,2,34.518344777085304,32.0,25.57394478751293,0,0.0,100
50,6,NSGA-II,,Dengeli,22.54492299547055,34.5658662921796,2.571526972611238,88.87274033683593,1,8,41.136298315820326,32.0,27.714121712314604,0,0.0,100
50,6,AffectEV,15.0,,22.51968277563359,34.15570664882153,2.567368652262723,88.47934864809707,1,9,41.60325675951462,32.0,27.721052246228794,0,0.0,100
50,6,AffectEV,30.0,Dengeli,22.54492299547055,34.5658662921796,2.571526972611238,88.87274033683593,1,8,41.136298315820326,32.0,27.714121712314604,0,0.0,100
50,6,AffectEV,50.0,,29.05833459207449,36.608961989642445,3.6185862631173715,92.70745937457156,0,2,33.46270312714223,32.0,25.969022894804382,0,0.0,100
50,6,AffectEV,65.0,,29.901173866644648,37.27027145308175,3.7017939718758095,92.82687245250133,0,2,32.8656377374933,32.0,25.830343380206983,0,0.0,100
50,6,AffectEV,85.0,Konfor,30.763754431603186,39.862955319143154,3.778611511577667,92.96984121370423,0,2,32.150793931478894,32.0,25.702314147370554,0,0.0,100
1,7,Dijkstra,,,18.180626954473706,43.32352318999577,2.5510006872868867,73.04184354760866,29,10,47.29078226195671,68.4,64.14833218785519,0,0.0,76
1,7,A*,,,24.477356109751526,26.76138324207729,3.3164993255959656,91.27962218100733,0,5,36.10188909496338,68.4,62.87250112400673,0,0.0,76
1,7,NSGA-II,,Dengeli,23.32539554383393,28.77624113728215,3.037209382018832,90.9531510094295,0,5,37.734244952852485,68.4,63.337984363301956,0,0.0,76
1,7,AffectEV,15.0,,19.26629951238229,38.433318472049905,2.444723957547068,81.13834008447094,15,8,44.808299577645315,68.4,64.32546007075489,0,0.0,76
1,7,AffectEV,30.0,Dengeli,23.32539554383393,28.77624113728215,3.037209382018832,90.9531510094295,0,5,37.734244952852485,68.4,63.337984363301956,0,0.0,76
1,7,AffectEV,50.0,Dengeli,23.32539554383393,28.77624113728215,3.037209382018832,90.9531510094295,0,5,37.734244952852485,68.4,63.337984363301956,0,0.0,76
1,7,AffectEV,65.0,Dengeli,23.32539554383393,28.77624113728215,3.037209382018832,90.9531510094295,0,5,37.734244952852485,68.4,63.337984363301956,0,0.0,76
1,7,AffectEV,85.0,Konfor,24.849545728464193,27.594077466935925,3.3634113360679865,91.45686359199487,0,4,36.715682040025655,68.4,62.7943144398867,0,0.0,76
2,7,Dijkstra,,,25.08490021637783,33.94959952489391,3.080106983349212,82.86107274084145,3,22,45.19463629579277,52.2,47.06648836108465,0,0.0,25
2,7,A*,,,25.123592790695103,33.166327353310145,3.0695754315548256,81.9393962181226,3,25,45.30301890938702,52.2,47.084040947408624,0,0.0,25
2,7,NSGA-II,,Verimlilik,25.126929302459256,33.43975373459463,3.0275020518903824,83.44828633587738,2,22,44.75856832061308,52.2,47.154163246849365,0,0.0,25
2,7,AffectEV,15.0,Verimlilik,25.126929302459256,33.43975373459463,3.0275020518903824,83.44828633587738,2,22,44.75856832061308,52.2,47.154163246849365,0,0.0,25
2,7,AffectEV,30.0,Verimlilik,25.126929302459256,33.43975373459463,3.0275020518903824,83.44828633587738,2,22,44.75856832061308,52.2,47.154163246849365,0,0.0,25
2,7,AffectEV,50.0,,25.28722621105185,34.62389137985096,3.0578859852642153,84.0390225599555,2,20,44.80488720022253,52.2,47.103523357892975,0,0.0,25
2,7,AffectEV,65.0,,27.94814175920496,37.38572979679138,3.529319138197165,86.28887540447049,1,17,40.55562297764756,52.2,46.31780143633806,0,0.0,25
2,7,AffectEV,85.0,,27.94814175920496,37.38572979679138,3.529319138197165,86.28887540447049,1,17,40.55562297764756,52.2,46.31780143633806,0,0.0,25
3,7,Dijkstra,,,10.944476773165217,23.101705966049128,1.4067877865233176,78.34823985150118,8,26,49.25880074249409,77.4,75.05535368912781,0,0.0,100
3,7,A*,,,13.642263907339233,20.506414902696864,1.6841207072125082,85.04406929555893,1,14,51.27965352220538,77.4,74.59313215464583,0,0.0,100
3,7,NSGA-II,,Dengeli,11.845247470259222,21.256456654697782,1.4372986228966151,84.57804788668503,1,15,52.109760566574856,77.4,75.00450229517232,0,0.0,100
3,7,AffectEV,15.0,,11.557560351445126,20.821556423477567,1.407643525098772,82.96853713950938,1,20,52.657314302453074,77.4,75.05392745816872,0,0.0,100
3,7,AffectEV,30.0,,11.557560351445126,20.821556423477567,1.407643525098772,82.96853713950938,1,20,52.657314302453074,77.4,75.05392745816872,0,0.0,100
3,7,AffectEV,50.0,Dengeli,11.845247470259222,21.256456654697782,1.4372986228966151,84.57804788668503,1,15,52.109760566574856,77.4,75.00450229517232,0,0.0,100
3,7,AffectEV,65.0,,14.336685654397476,22.819361682777934,1.7164599767081878,87.93612582068525,1,8,45.81937089657375,77.4,74.53923337215302,0,0.0,100
3,7,AffectEV,85.0,,14.664922266414091,23.408350246219708,1.7503286079289948,88.08570884767381,1,8,45.07145576163091,77.4,74.48278565345169,0,0.0,100
4,7,Dijkstra,,,20.388666386118903,33.0774630468126,2.419293023701895,86.16361499912816,3,10,46.68192500435919,40.6,36.56784496049684,0,0.0,100
4,7,A*,,,23.1118562356515,30.60002927150922,2.808167641206802,86.15947589537757,2,11,47.70262052311213,40.6,35.919720597988665,0,0.0,100
4,7,NSGA-II,,Dengeli,20.4100435009248,33.278449661705935,2.424754998191246,86.46283476814781,3,9,46.685826159260934,40.6,36.558741669681254,0,0.0,100
4,7,AffectEV,15.0,,20.705994695321664,31.582339672355314,2.495278324913718,86.14226542802831,4,9,45.78867285985849,40.6,36.44120279181047,0,0.0,100
4,7,AffectEV,30.0,Dengeli,20.4100435009248,33.278449661705935,2.424754998191246,86.46283476814781,3,9,46.685826159260934,40.6,36.558741669681254,0,0.0,100
4,7,AffectEV,50.0,,21.82734527999281,35.35610970637725,2.5739500686239274,87.00019359240697,2,9,46.49903203796513,40.6,36.31008321896012,0,0.0,100
4,7,AffectEV,65.0,,21.944830528741477,35.616994796285056,2.5855971945752767,87.0361014999966,2,9,46.31949250001699,40.6,36.29067134237454,0,0.0,100
4,7,AffectEV,85.0,,22.615754322674725,36.65842694513701,2.6569176219696105,87.08258813321862,2,9,46.08705933390691,40.6,36.17180396338399,0,0.0,100
5,7,Dijkstra,,,16.803270107900584,37.07807822151619,2.072655793560751,80.08349870407281,7,20,52.08250647963597,47.9,44.44557367739875,0,0.0,92
5,7,A*,,,18.773168625237112,33.58531652370915,2.3034940827484713,83.111120100199,2,15,56.944399499004994,47.9,44.06084319541921,0,0.0,92
5,7,NSGA-II,,Dengeli,18.773168625237112,33.58531652370915,2.3034940827484713,83.111120100199,2,15,56.944399499004994,47.9,44.06084319541921,0,0.0,92
5,7,AffectEV,15.0,,18.24167969123932,34.077137233985965,2.2366588296740497,82.58161676819813,4,15,54.591916159009344,47.9,44.17223528387658,0,0.0,92
5,7,AffectEV,30.0,,18.24167969123932,34.077137233985965,2.2366588296740497,82.58161676819813,4,15,54.591916159009344,47.9,44.17223528387658,0,0.0,92
5,7,AffectEV,50.0,Dengeli,18.773168625237112,33.58531652370915,2.3034940827484713,83.111120100199,2,15,56.944399499004994,47.9,44.06084319541921,0,0.0,92
5,7,AffectEV,65.0,,19.436575069066212,35.56908099188596,2.335255526369365,83.92398423946433,2,15,52.88007880267833,47.9,44.00790745605106,0,0.0,92
5,7,AffectEV,85.0,Konfor,19.943481212327814,38.33639695361751,2.3962167365512417,84.29409037688104,2,14,52.52954811559478,47.9,43.906305439081265,0,0.0,92
6,7,Dijkstra,,,11.466184045725482,18.631466274483063,1.3770370843582302,88.6953178277055,3,5,41.523410861472506,85.2,82.90493819273628,0,0.0,35
6,7,A*,,,11.481111193786168,18.589646902211783,1.377860750883561,88.71517947852035,3,5,41.42410260739823,85.2,82.90356541519407,0,0.0,35
6,7,NSGA-II,,Dengeli,11.62481307738292,18.885693640840422,1.3837689687093095,89.2156805369855,3,4,40.42159731507249,85.2,82.89371838548449,0,0.0,35
6,7,AffectEV,15.0,,11.481111193786168,18.589646902211783,1.377860750883561,88.71517947852035,3,5,41.42410260739823,85.2,82.90356541519407,0,0.0,35
6,7,AffectEV,30.0,Dengeli,11.62481307738292,18.885693640840422,1.3837689687093095,89.2156805369855,3,4,40.42159731507249,85.2,82.89371838548449,0,0.0,35
6,7,AffectEV,50.0,Dengeli,11.62481307738292,18.885693640840422,1.3837689687093095,89.2156805369855,3,4,40.42159731507249,85.2,82.89371838548449,0,0.0,35
6,7,AffectEV,65.0,Konfor,13.030143664984786,21.465689344422774,1.5400743000099384,89.60973807472362,3,3,39.95130962638188,85.2,82.63320949998344,0,0.0,35
6,7,AffectEV,85.0,Konfor,13.030143664984786,21.465689344422774,1.5400743000099384,89.60973807472362,3,3,39.95130962638188,85.2,82.63320949998344,0,0.0,35
7,7,Dijkstra,,,15.816035757029267,30.931143135598756,2.020413870726745,80.25293213582502,11,18,44.2353393208749,75.2,71.83264354878877,0,0.0,100
7,7,A*,,,17.833690055170337,27.742048675479946,2.171911474241099,88.27529878931088,4,7,38.12350605344559,75.2,71.5801475429315,0,0.0,100
7,7,NSGA-II,,Dengeli,17.833690055170337,27.742048675479946,2.171911474241099,88.27529878931088,4,7,38.12350605344559,75.2,71.5801475429315,0,0.0,100
7,7,AffectEV,15.0,Dengeli,17.833690055170337,27.742048675479946,2.171911474241099,88.27529878931088,4,7,38.12350605344559,75.2,71.5801475429315,0,0.0,100
7,7,AffectEV,30.0,Dengeli,17.833690055170337,27.742048675479946,2.171911474241099,88.27529878931088,4,7,38.12350605344559,75.2,71.5801475429315,0,0.0,100
7,7,AffectEV,50.0,,17.924720962845544,27.816751165674017,2.1787235377646232,88.3743686890726,4,7,37.628156554637016,75.2,71.56879410372564,0,0.0,100
7,7,AffectEV,65.0,,21.495640292538663,33.65294711572382,2.492070592479875,90.26844750638723,2,6,34.65776246806381,75.2,71.04654901253355,0,0.0,100
7,7,AffectEV,85.0,,21.57802579977846,33.790041299272666,2.5003260928932716,90.29569279363446,2,6,34.52153603182769,75.2,71.03278984517789,0,0.0,100
8,7,Dijkstra,,,25.23747109975654,47.837465808243955,2.8580637901964843,77.118417025382,4,43,39.907914873089986,43.6,38.836560349672524,0,0.0,100
8,7,A*,,,25.595042184433463,47.23268421866908,2.867776976622693,79.43823609128219,2,39,39.308819543589046,43.6,38.820371705628844,0,0.0,100
8,7,NSGA-II,,Dengeli,25.775462379625882,47.47556057792995,2.884912076479355,80.68323422713682,2,35,39.08382886431588,43.6,38.79181320586774,0,0.0,100
8,7,AffectEV,15.0,,25.595042184433463,47.23268421866908,2.867776976622693,79.43823609128219,2,39,39.308819543589046,43.6,38.820371705628844,0,0.0,100
8,7,AffectEV,30.0,Dengeli,25.775462379625882,47.47556057792995,2.884912076479355,80.68323422713682,2,35,39.08382886431588,43.6,38.79181320586774,0,0.0,100
8,7,AffectEV,50.0,,30.45565529106892,50.06322327624901,3.44767028643588,89.14866291037433,2,6,40.25668544812833,43.6,37.8538828559402,0,0.0,100
8,7,AffectEV,65.0,,31.05393654850855,52.12892185242692,3.484069680525279,90.16058943582718,2,3,39.69705282086414,43.6,37.793217199124534,0,0.0,100
8,7,AffectEV,85.0,,31.05393654850855,52.12892185242692,3.484069680525279,90.16058943582718,2,3,39.69705282086414,43.6,37.793217199124534,0,0.0,100
9,7,Dijkstra,,,17.935784581718238,38.125751813407796,2.489981856717775,75.33129504369788,24,8,51.34352478151059,55.9,51.7500302388037,0,0.0,100
9,7,A*,,,26.11055217719768,25.788686676494876,3.72194904823174,90.10167139128386,2,6,35.491643043580716,55.9,49.696751586280435,0,0.0,100
9,7,NSGA-II,,Dengeli,21.019096662360294,32.51072703159523,2.4150324704686836,88.76588929073995,1,8,41.67055354630021,55.9,51.87494588255219,0,0.0,100
9,7,AffectEV,15.0,,20.74621902262458,32.153684295106544,2.3894367755834285,88.0712013285759,1,10,42.1439933571205,55.9,51.917605374027616,0,0.0,100
9,7,AffectEV,30.0,Dengeli,21.019096662360294,32.51072703159523,2.4150324704686836,88.76588929073995,1,8,41.67055354630021,55.9,51.87494588255219,0,0.0,100
9,7,AffectEV,50.0,Dengeli,21.019096662360294,32.51072703159523,2.4150324704686836,88.76588929073995,1,8,41.67055354630021,55.9,51.87494588255219,0,0.0,100
9,7,AffectEV,65.0,Konfor,26.62434560297034,29.863264569271635,3.579156257804383,91.81272913272015,0,3,36.43635433639926,55.9,49.93473957032603,0,0.0,100
9,7,AffectEV,85.0,Konfor,26.62434560297034,29.863264569271635,3.579156257804383,91.81272913272015,0,3,36.43635433639926,55.9,49.93473957032603,0,0.0,100
10,7,Dijkstra,,,8.80302209354457,21.022494044552015,1.1778902124926167,83.23074176447972,11,3,51.846291177601444,30.8,28.83684964584564,0,0.0,5
10,7,A*,,,9.48975926483522,19.004121591749243,1.1036175047103824,87.40748230953602,4,6,43.96258845231985,30.8,28.960637492149363,0,0.0,5
10,7,NSGA-II,,Verimlilik,9.48975926483522,19.004121591749243,1.1036175047103824,87.40748230953602,4,6,43.96258845231985,30.8,28.960637492149363,0,0.0,5
10,7,AffectEV,15.0,Verimlilik,9.48975926483522,19.004121591749243,1.1036175047103824,87.40748230953602,4,6,43.96258845231985,30.8,28.960637492149363,0,0.0,5
10,7,AffectEV,30.0,Verimlilik,9.48975926483522,19.004121591749243,1.1036175047103824,87.40748230953602,4,6,43.96258845231985,30.8,28.960637492149363,0,0.0,5
10,7,AffectEV,50.0,,11.4525814751614,19.802710657281185,1.3130471901453789,89.98606778233233,0,3,45.569661088338385,30.8,28.61158801642437,0,0.0,5
10,7,AffectEV,65.0,,11.4525814751614,19.802710657281185,1.3130471901453789,89.98606778233233,0,3,45.569661088338385,30.8,28.61158801642437,0,0.0,5
10,7,AffectEV,85.0,,11.4525814751614,19.802710657281185,1.3130471901453789,89.98606778233233,0,3,45.569661088338385,30.8,28.61158801642437,0,0.0,5
11,7,Dijkstra,,,9.660212526006283,19.606561055716057,1.250385101104898,82.30177474530655,7,9,57.491126273467245,51.9,49.81602483149184,0,0.0,100
11,7,A*,,,11.305589375993065,17.334648136011694,1.3546528042572834,88.14606477156667,2,5,46.769676142166624,51.9,49.64224532623786,0,0.0,100
11,7,NSGA-II,,Dengeli,11.399945638995776,17.690179460149807,1.3584907964864334,88.83430933342532,2,3,46.328453332873345,51.9,49.63584867252261,0,0.0,100
11,7,AffectEV,15.0,Verimlilik,9.700879391433153,17.6544261154522,1.2240336545788058,85.11688142686947,3,6,57.915592865652634,51.9,49.85994390903532,0,0.0,100
11,7,AffectEV,30.0,Dengeli,11.399945638995776,17.690179460149807,1.3584907964864334,88.83430933342532,2,3,46.328453332873345,51.9,49.63584867252261,0,0.0,100
11,7,AffectEV,50.0,,11.523671866200687,17.905198340407466,1.3719384623917674,89.1511240937448,2,2,46.24437953127602,51.9,49.61343589601372,0,0.0,100
11,7,AffectEV,65.0,,11.606738341053253,18.005400825056597,1.3794424823858522,89.21716991320353,2,2,45.91415043398233,51.9,49.60092919602358,0,0.0,100
11,7,AffectEV,85.0,,13.290738147872878,20.141682506928483,1.5686400585711215,89.71352654570302,2,2,43.43236727148488,51.9,49.28559990238146,0,0.0,100
12,7,Dijkstra,,,21.66993991746172,45.362951484648505,2.743145129231675,75.56589126181089,11,23,60.17054369094551,65.7,61.12809145128055,0,0.0,100
12,7,A*,,,22.780531157374337,40.9500467346586,2.779469599145239,72.85223308891835,5,46,54.2388345554082,65.7,61.06755066809127,0,0.0,100
12,7,NSGA-II,,Dengeli,21.856515943674562,42.46724712039706,2.683308565581531,78.65992436495549,6,23,57.200378175222525,65.7,61.227819057364115,0,0.0,100
12,7,AffectEV,15.0,,21.78849208927286,41.953339499798794,2.6849058466206173,77.92396442309115,6,25,57.88017788454427,65.7,61.22515692229897,0,0.0,100
12,7,AffectEV,30.0,Dengeli,21.856515943674562,42.46724712039706,2.683308565581531,78.65992436495549,6,23,57.200378175222525,65.7,61.227819057364115,0,0.0,100
12,7,AffectEV,50.0,,21.877748684312515,42.52423350623829,2.68409112739335,78.7229272058542,6,23,56.885363970728946,65.7,61.22651478767775,0,0.0,100
12,7,AffectEV,65.0,,23.104395669724394,43.51391174610714,2.817731132885789,79.79035575693902,4,23,56.54822121530492,65.7,61.003781445190356,0,0.0,100
12,7,AffectEV,85.0,,23.88616228141682,45.28275494393281,2.895200011049247,80.18415340206738,4,23,54.57923298966314,65.7,60.87466664825126,0,0.0,100
13,7,Dijkstra,,,23.210046865366078,48.79931673552453,2.878765617864172,74.79753367925586,18,24,45.012331603720675,42.6,37.802057303559714,0,0.0,100
13,7,A*,,,24.673211862626776,36.772162567943575,2.885125442646731,88.06354806935411,0,9,46.1822596532294,42.6,37.79145759558878,0,0.0,100
13,7,NSGA-II,,Dengeli,24.668947687576093,36.79595077238227,2.882930478177328,88.1253593914798,0,9,45.87320304260096,42.6,37.79511586970445,0,0.0,100
13,7,AffectEV,15.0,,24.056444229175934,38.226619493769824,2.81044620443311,86.95697929781446,2,9,46.715103510927754,42.6,37.915922992611485,0,0.0,100
13,7,AffectEV,30.0,Dengeli,24.668947687576093,36.79595077238227,2.882930478177328,88.1253593914798,0,9,45.87320304260096,42.6,37.79511586970445,0,0.0,100
13,7,AffectEV,50.0,,24.672034552420445,37.21490954292571,2.8726294663096423,88.19704257822926,0,9,45.5147871088537,42.6,37.81228422281726,0,0.0,100
13,7,AffectEV,65.0,,24.73874922623255,38.279436795582555,2.865941347520175,88.26743798960362,0,9,45.162810051981886,42.6,37.823431087466375,0,0.0,100
13,7,AffectEV,85.0,,25.64948261994963,41.440900447977285,2.9331298921717917,88.61204012194943,0,9,43.439799390252844,42.6,37.71145017971368,0,0.0,100
14,7,Dijkstra,,,17.365727681979003,36.83876176053403,2.17424152075428,81.08711992053271,11,12,49.064400397336414,77.8,74.1762641320762,0,0.0,100
14,7,A*,,,18.63864236341061,36.03734037901713,2.24407917650709,84.66255307756023,8,7,46.18723461219882,77.8,74.05986803915485,0,0.0,100
14,7,NSGA-II,,Dengeli,18.63864236341061,36.03734037901713,2.24407917650709,84.66255307756023,8,7,46.18723461219882,77.8,74.05986803915485,0,0.0,100
14,7,AffectEV,15.0,Dengeli,18.63864236341061,36.03734037901713,2.24407917650709,84.66255307756023,8,7,46.18723461219882,77.8,74.05986803915485,0,0.0,100
14,7,AffectEV,30.0,Dengeli,18.63864236341061,36.03734037901713,2.24407917650709,84.66255307756023,8,7,46.18723461219882,77.8,74.05986803915485,0,0.0,100
14,7,AffectEV,50.0,,20.813429432975436,37.89664214609598,2.4785247030685262,86.04536623179212,6,6,45.77316884103938,77.8,73.66912549488579,0,0.0,100
14,7,AffectEV,65.0,,25.77082821815771,42.518771261993635,2.994896614973582,87.35009174374538,5,6,41.749541281273075,77.8,72.8085056417107,0,0.0,100
14,7,AffectEV,85.0,,25.77082821815771,42.518771261993635,2.994896614973582,87.35009174374538,5,6,41.749541281273075,77.8,72.8085056417107,0,0.0,100
15,7,Dijkstra,,,23.12440075830618,48.436735444516906,3.2663045746582067,72.64666091728324,25,10,59.26669541358381,63.8,58.35615904223632,0,0.0,93
15,7,A*,,,24.852654541036326,38.80287895434348,3.152992170065528,78.75609557279864,6,24,55.219522136006816,63.8,58.545013049890784,0,0.0,93
15,7,NSGA-II,,Dengeli,24.862669879924937,40.360448474504814,3.126412605233585,79.84345681821371,5,21,56.782715908931436,63.8,58.58931232461069,0,0.0,93
15,7,AffectEV,15.0,,24.852654541036326,38.80287895434348,3.152992170065528,78.75609557279864,6,24,55.219522136006816,63.8,58.545013049890784,0,0.0,93
15,7,AffectEV,30.0,Dengeli,24.862669879924937,40.360448474504814,3.126412605233585,79.84345681821371,5,21,56.782715908931436,63.8,58.58931232461069,0,0.0,93
15,7,AffectEV,50.0,,25.051411319375138,41.82125310925513,3.1036363979947,80.29292960941812,5,21,54.53535195290938,63.8,58.62727267000883,0,0.0,93
15,7,AffectEV,65.0,,28.32062044785775,46.45003212585263,3.5131693276562066,83.06402259552151,6,10,54.67988702239246,63.8,57.944717787239654,0,0.0,93
15,7,AffectEV,85.0,,28.32062044785775,46.45003212585263,3.5131693276562066,83.06402259552151,6,10,54.67988702239246,63.8,57.944717787239654,0,0.0,93
16,7,Dijkstra,,,20.62345860912918,43.995092032703724,2.7262331835179667,75.27969326496657,20,16,49.601533675167126,84.0,79.45627802747005,0,0.0,100
16,7,A*,,,37.095179140401015,34.78399007074139,5.309386121168306,89.28979298035424,3,9,32.551035098228816,84.0,75.15102313138615,0,0.0,100
16,7,NSGA-II,,Dengeli,23.544970901889105,41.262393936946175,2.7135518389888413,85.74471676160124,3,13,44.2764161919938,84.0,79.47741360168527,0,0.0,100
16,7,AffectEV,15.0,,23.542543451304162,40.993427123168566,2.709970807334958,85.44347440948287,3,14,44.28262795258565,84.0,79.48338198777508,0,0.0,100
16,7,AffectEV,30.0,Dengeli,23.544970901889105,41.262393936946175,2.7135518389888413,85.74471676160124,3,13,44.2764161919938,84.0,79.47741360168527,0,0.0,100
16,7,AffectEV,50.0,,32.39804954394551,41.44988629984796,4.139111796228959,89.96203441617479,1,7,37.189827919126095,84.0,77.1014803396184,0,0.0,100
16,7,AffectEV,65.0,,32.39804954394551,41.44988629984796,4.139111796228959,89.96203441617479,1,7,37.189827919126095,84.0,77.1014803396184,0,0.0,100
16,7,AffectEV,85.0,,32.39804954394551,41.44988629984796,4.139111796228959,89.96203441617479,1,7,37.189827919126095,84.0,77.1014803396184,0,0.0,100
17,7,Dijkstra,,,7.48250904180245,12.215601109642533,0.9460998968861201,86.17327298269923,1,9,53.13363508650386,48.8,47.22316683852313,0,0.0,14
17,7,A*,,,8.092432316017184,11.196198597066639,1.0191434181274515,87.4350431733173,1,7,49.824784133413495,48.8,47.10142763645425,0,0.0,14
17,7,NSGA-II,,Dengeli,8.092432316017184,11.196198597066639,1.0191434181274515,87.4350431733173,1,7,49.824784133413495,48.8,47.10142763645425,0,0.0,14
17,7,AffectEV,15.0,,7.893134928790297,11.807411072888089,0.960514663843477,86.73206555790478,0,7,55.83967221047612,48.8,47.199142226927535,0,0.0,14
17,7,AffectEV,30.0,Dengeli,8.092432316017184,11.196198597066639,1.0191434181274515,87.4350431733173,1,7,49.824784133413495,48.8,47.10142763645425,0,0.0,14
17,7,AffectEV,50.0,Dengeli,8.092432316017184,11.196198597066639,1.0191434181274515,87.4350431733173,1,7,49.824784133413495,48.8,47.10142763645425,0,0.0,14
17,7,AffectEV,65.0,Konfor,9.416354076274168,14.594594021111952,1.1543407381001443,87.8702180191402,0,4,54.64890990429901,48.8,46.87609876983309,0,0.0,14
17,7,AffectEV,85.0,Konfor,9.416354076274168,14.594594021111952,1.1543407381001443,87.8702180191402,0,4,54.64890990429901,48.8,46.87609876983309,0,0.0,14
18,7,Dijkstra,,,17.48013166005094,30.645375173742018,2.205150518681939,81.03932058184293,5,16,58.30339709078536,72.1,68.42474913553009,0,0.0,66
18,7,A*,,,18.856874603819488,28.411754132867863,2.3165643556424462,83.05085755137196,4,18,47.745712243140154,72.1,68.23905940726259,0,0.0,66
18,7,NSGA-II,,Dengeli,19.03827874210178,28.867388813474967,2.3350875343182316,83.40464397708323,4,17,47.47678011458383,72.1,68.20818744280294,0,0.0,66
18,7,AffectEV,15.0,,18.856874603819488,28.411754132867863,2.3165643556424462,83.05085755137196,4,18,47.745712243140154,72.1,68.23905940726259,0,0.0,66
18,7,AffectEV,30.0,,18.856874603819488,28.411754132867863,2.3165643556424462,83.05085755137196,4,18,47.745712243140154,72.1,68.23905940726259,0,0.0,66
18,7,AffectEV,50.0,Dengeli,19.03827874210178,28.867388813474967,2.3350875343182316,83.40464397708323,4,17,47.47678011458383,72.1,68.20818744280294,0,0.0,66
18,7,AffectEV,65.0,,24.342930742419842,35.81592973437898,3.1046720460620496,86.44899223633853,2,11,46.25503881830738,72.1,66.92554658989658,0,0.0,66
18,7,AffectEV,85.0,,26.529577273862447,38.435957380676356,3.36833097005248,86.7715811626215,2,11,44.64209418689247,72.1,66.48611504991253,0,0.0,66
19,7,Dijkstra,,,17.47460100191027,20.74744058237769,2.55289764611642,89.79857561542326,4,4,35.007121922883684,59.6,55.34517058980597,0,0.0,48
19,7,A*,,,17.613301131838053,20.161283482736643,2.552825890434249,90.79220903805421,2,4,35.038954809728935,59.6,55.34529018260959,0,0.0,48
19,7,NSGA-II,,Dengeli,17.613301131838053,20.161283482736643,2.552825890434249,90.79220903805421,2,4,35.038954809728935,59.6,55.34529018260959,0,0.0,48
19,7,AffectEV,15.0,Dengeli,17.613301131838053,20.161283482736643,2.552825890434249,90.79220903805421,2,4,35.038954809728935,59.6,55.34529018260959,0,0.0,48
19,7,AffectEV,30.0,Dengeli,17.613301131838053,20.161283482736643,2.552825890434249,90.79220903805421,2,4,35.038954809728935,59.6,55.34529018260959,0,0.0,48
19,7,AffectEV,50.0,Dengeli,17.613301131838053,20.161283482736643,2.552825890434249,90.79220903805421,2,4,35.038954809728935,59.6,55.34529018260959,0,0.0,48
19,7,AffectEV,65.0,Dengeli,17.613301131838053,20.161283482736643,2.552825890434249,90.79220903805421,2,4,35.038954809728935,59.6,55.34529018260959,0,0.0,48
19,7,AffectEV,85.0,Dengeli,17.613301131838053,20.161283482736643,2.552825890434249,90.79220903805421,2,4,35.038954809728935,59.6,55.34529018260959,0,0.0,48
20,7,Dijkstra,,,17.058035821320935,25.772634703356026,2.0983798332172374,86.56612082307316,1,8,52.66939588463415,41.3,37.80270027797127,0,0.0,30
20,7,A*,,,18.870948473505916,24.991226107082678,2.3260024530926104,85.2893511323674,0,15,51.053244338162976,41.3,37.42332924484565,0,0.0,30
20,7,NSGA-II,,Dengeli,17.06128237476365,25.64345664740485,2.1009946845255354,86.55413069625929,1,8,52.729346518703544,41.3,37.79834219245744,0,0.0,30
20,7,AffectEV,15.0,Dengeli,17.06128237476365,25.64345664740485,2.1009946845255354,86.55413069625929,1,8,52.729346518703544,41.3,37.79834219245744,0,0.0,30
20,7,AffectEV,30.0,Dengeli,17.06128237476365,25.64345664740485,2.1009946845255354,86.55413069625929,1,8,52.729346518703544,41.3,37.79834219245744,0,0.0,30
20,7,AffectEV,50.0,Dengeli,17.06128237476365,25.64345664740485,2.1009946845255354,86.55413069625929,1,8,52.729346518703544,41.3,37.79834219245744,0,0.0,30
20,7,AffectEV,65.0,,18.029844341641322,27.60806340249901,2.1992580318019486,87.06032207497461,0,8,52.69838962512694,41.3,37.63456994699675,0,0.0,30
20,7,AffectEV,85.0,,18.029844341641322,27.60806340249901,2.1992580318019486,87.06032207497461,0,8,52.69838962512694,41.3,37.63456994699675,0,0.0,30
21,7,Dijkstra,,,12.403662818592329,24.961003801854325,1.613272005921816,83.50302915547148,10,5,49.984854222642596,62.9,60.21121332346364,0,0.0,69
21,7,A*,,,12.422876975649686,24.614039265969,1.6078656201118438,83.9689433392171,10,4,49.15528330391448,62.9,60.22022396648026,0,0.0,69
21,7,NSGA-II,,Verimlilik,12.704978352271759,24.630240273602613,1.6008433656057088,85.13868611081251,8,4,48.30656944593742,62.9,60.23192772399048,0,0.0,69
21,7,AffectEV,15.0,Verimlilik,12.704978352271759,24.630240273602613,1.6008433656057088,85.13868611081251,8,4,48.30656944593742,62.9,60.23192772399048,0,0.0,69
21,7,AffectEV,30.0,Verimlilik,12.704978352271759,24.630240273602613,1.6008433656057088,85.13868611081251,8,4,48.30656944593742,62.9,60.23192772399048,0,0.0,69
21,7,AffectEV,50.0,,14.20679265148314,28.060825205207898,1.7333413578066528,87.00173871418293,5,3,47.99130642908533,62.9,60.01109773698891,0,0.0,69
21,7,AffectEV,65.0,,16.698963663353336,31.799494626821925,1.9959681925035884,87.93250081060295,5,2,44.83749594698524,62.9,59.57338634582735,0,0.0,69
21,7,AffectEV,85.0,,16.86239300142511,32.031944417282055,2.0124971945399532,87.96501900531332,5,2,44.67490497343337,62.9,59.54583800910007,0,0.0,69
22,7,Dijkstra,,,6.523072409060071,15.636097781502734,0.8816442729868125,81.94776953885747,9,13,48.26115230571268,52.3,50.83059287835531,0,0.0,100
22,7,A*,,,6.827683770057057,13.237064209244625,0.8828457882319378,87.12242947236925,5,2,48.88785263815378,52.3,50.82859035294677,0,0.0,100
22,7,NSGA-II,,Dengeli,6.8286400675220795,13.602471705567613,0.8690643427797314,87.4813324627851,5,2,47.09333768607447,52.3,50.85155942870045,0,0.0,100
22,7,AffectEV,15.0,Dengeli,6.8286400675220795,13.602471705567613,0.8690643427797314,87.4813324627851,5,2,47.09333768607447,52.3,50.85155942870045,0,0.0,100
22,7,AffectEV,30.0,Dengeli,6.8286400675220795,13.602471705567613,0.8690643427797314,87.4813324627851,5,2,47.09333768607447,52.3,50.85155942870045,0,0.0,100
22,7,AffectEV,50.0,,7.137133436891027,14.674103482637015,0.8502888909648867,87.86810133880704,3,4,47.15949330596478,52.3,50.88285184839185,0,0.0,100
22,7,AffectEV,65.0,,9.179617177028707,17.439101149117455,1.0465965908582662,90.1354788821166,2,2,41.322605589416995,52.3,50.55567234856955,0,0.0,100
22,7,AffectEV,85.0,,9.179617177028707,17.439101149117455,1.0465965908582662,90.1354788821166,2,2,41.322605589416995,52.3,50.55567234856955,0,0.0,100
23,7,Dijkstra,,,10.922201574548646,23.17365648995429,1.3245097556928496,76.29037691867967,6,36,49.548115406601646,59.7,57.49248374051192,0,0.0,62
23,7,A*,,,12.392833329707532,21.43590759544994,1.4496929503023925,83.83943693137897,0,21,49.30281534310515,59.7,57.28384508282935,0,0.0,62
23,7,NSGA-II,,Dengeli,12.124260620199088,22.385639861826924,1.374314785737212,85.01834566744732,0,19,46.40827166276338,59.7,57.40947535710465,0,0.0,62
23,7,AffectEV,15.0,,11.299812691615562,21.96190079387088,1.316931439654406,80.6599225809087,1,29,50.700387095456506,59.7,57.50511426724266,0,0.0,62
23,7,AffectEV,30.0,Dengeli,12.124260620199088,22.385639861826924,1.374314785737212,85.01834566744732,0,19,46.40827166276338,59.7,57.40947535710465,0,0.0,62
23,7,AffectEV,50.0,,12.199731140621632,22.505107508195522,1.3821608720208318,85.34122152891712,0,18,46.29389235541439,59.7,57.39639854663195,0,0.0,62
23,7,AffectEV,65.0,,12.291978262365596,22.595559576427117,1.389815336160913,85.43201442578162,0,18,45.839927871091916,59.7,57.38364110639848,0,0.0,62
23,7,AffectEV,85.0,,13.228469782694429,24.214974417813195,1.4911303652307832,86.15528255892332,0,16,45.22358720538342,59.7,57.21478272461536,0,0.0,62
24,7,Dijkstra,,,23.542621774622575,40.22068075530389,2.6905030156183454,90.39843602075055,1,1,44.007819896247256,70.5,66.01582830730275,0,0.0,100
24,7,A*,,,27.623707671317586,30.288134961013895,3.756692122654852,90.74981812235185,2,3,36.75090938824072,70.5,64.23884646224191,0,0.0,100
24,7,NSGA-II,,Dengeli,24.017423227542924,40.28795235512037,2.723494980270087,91.0277774173193,0,1,43.36111291340349,70.5,65.96084169954986,0,0.0,100
24,7,AffectEV,15.0,,24.00386781010106,40.24888608179023,2.722073363028094,91.02063946816139,0,1,43.39680265919302,70.5,65.96321106161984,0,0.0,100
24,7,AffectEV,30.0,,24.00386781010106,40.24888608179023,2.722073363028094,91.02063946816139,0,1,43.39680265919302,70.5,65.96321106161984,0,0.0,100
24,7,AffectEV,50.0,,25.409705055893266,42.2451085251693,2.858807591587234,91.36136842386084,0,1,41.69315788069581,70.5,65.73532068068795,0,0.0,100
24,7,AffectEV,65.0,Konfor,29.01010887048858,48.18764486184877,3.251958585209015,91.97336660838621,0,0,40.13316695806894,70.5,65.08006902465164,0,0.0,100
24,7,AffectEV,85.0,Konfor,29.01010887048858,48.18764486184877,3.251958585209015,91.97336660838621,0,0,40.13316695806894,70.5,65.08006902465164,0,0.0,100
25,7,Dijkstra,,,15.927133076834163,32.87107601516542,2.090510835227765,79.97195700355324,13,11,51.140214982233765,55.0,51.515815274620394,0,0.0,100
25,7,A*,,,16.978167643597388,32.12236805942263,2.1448075413255254,83.50088356094753,8,8,50.49558219526238,55.0,51.42532076445746,0,0.0,100
25,7,NSGA-II,,Dengeli,18.812413032783002,33.405797504743944,2.2424641259603613,87.09481655644973,4,6,45.525917217751314,55.0,51.262559790066064,0,0.0,100
25,7,AffectEV,15.0,,16.478019746389776,32.489180700666665,2.0846311735685616,82.79399929373591,9,9,50.03000353132042,55.0,51.52561471071906,0,0.0,100
25,7,AffectEV,30.0,Dengeli,18.812413032783002,33.405797504743944,2.2424641259603613,87.09481655644973,4,6,45.525917217751314,55.0,51.262559790066064,0,0.0,100
25,7,AffectEV,50.0,Dengeli,18.812413032783002,33.405797504743944,2.2424641259603613,87.09481655644973,4,6,45.525917217751314,55.0,51.262559790066064,0,0.0,100
25,7,AffectEV,65.0,,23.192278230511572,35.34999951097066,2.768507287624737,89.38192982533354,1,2,47.59035087333232,55.0,50.38582118729211,0,0.0,100
25,7,AffectEV,85.0,,23.40254875007488,35.78588104587347,2.791189739522368,89.44945726495949,1,2,47.25271367520256,55.0,50.348017100796056,0,0.0,100
26,7,Dijkstra,,,14.53899591594657,27.89268706712138,1.8170525808610662,84.74592608060183,5,9,50.270369596990804,77.6,74.57157903189821,0,0.0,100
26,7,A*,,,15.548561767311973,24.650112941581412,1.9081815154401989,86.87254763449454,1,7,52.6372618275273,77.6,74.41969747426633,0,0.0,100
26,7,NSGA-II,,Dengeli,15.548561767311973,24.650112941581412,1.9081815154401989,86.87254763449454,1,7,52.6372618275273,77.6,74.41969747426633,0,0.0,100
26,7,AffectEV,15.0,Dengeli,15.548561767311973,24.650112941581412,1.9081815154401989,86.87254763449454,1,7,52.6372618275273,77.6,74.41969747426633,0,0.0,100
26,7,AffectEV,30.0,Dengeli,15.548561767311973,24.650112941581412,1.9081815154401989,86.87254763449454,1,7,52.6372618275273,77.6,74.41969747426633,0,0.0,100
26,7,AffectEV,50.0,,15.966710489615922,28.282029761183075,1.904371846147178,88.02607319116652,2,5,47.36963404416744,77.6,74.42604692308804,0,0.0,100
26,7,AffectEV,65.0,,16.15276189361086,28.748231964253765,1.9201434291585977,88.08460485988982,2,5,47.076975700550896,77.6,74.39976095140233,0,0.0,100
26,7,AffectEV,85.0,,16.15276189361086,28.748231964253765,1.9201434291585977,88.08460485988982,2,5,47.076975700550896,77.6,74.39976095140233,0,0.0,100
27,7,Dijkstra,,,10.86006125920067,23.175925486070845,1.303728929636017,77.45852320575165,7,33,45.70738397124175,49.6,47.42711845060664,0,0.0,94
27,7,A*,,,11.223522328141836,21.330035676409953,1.2718397086077426,80.73685834553129,2,32,43.31570827234352,49.6,47.48026715232043,0,0.0,94
27,7,NSGA-II,,Dengeli,11.452543212759851,21.971031741296816,1.3094343574849814,83.5472847844375,2,22,44.263576077812566,49.6,47.4176094041917,0,0.0,94
27,7,AffectEV,15.0,,11.223522328141836,21.330035676409953,1.2718397086077426,80.73685834553129,2,32,43.31570827234352,49.6,47.48026715232043,0,0.0,94
27,7,AffectEV,30.0,Dengeli,11.452543212759851,21.971031741296816,1.3094343574849814,83.5472847844375,2,22,44.263576077812566,49.6,47.4176094041917,0,0.0,94
27,7,AffectEV,50.0,,11.51627682010147,22.407077481547994,1.3269595752841994,84.38744497201694,2,18,46.06277513991529,49.6,47.38840070785967,0,0.0,94
27,7,AffectEV,65.0,,13.284678006418568,25.53093621708677,1.5137158198756504,86.71441157274185,2,12,43.42794213629076,49.6,47.07714030020725,0,0.0,94
27,7,AffectEV,85.0,,13.554120579109586,25.99886078859503,1.5409931511746597,86.85165590460788,2,12,42.7417204769606,49.6,47.03167808137557,0,0.0,94
28,7,Dijkstra,,,22.02802455703555,35.34265357212735,2.768168054132616,81.18779647440078,11,12,48.56101762799603,84.3,79.68638657644564,0,0.0,100
28,7,A*,,,24.211919829352468,33.27414566863696,3.0189606143926637,82.67081892688668,6,16,47.64590536556657,84.3,79.26839897601222,0,0.0,100
28,7,NSGA-II,,Dengeli,23.027739453202216,33.89659016802448,2.8259237381872824,84.21524096954252,8,8,46.92379515228742,84.3,79.59012710302119,0,0.0,100
28,7,AffectEV,15.0,Dengeli,23.027739453202216,33.89659016802448,2.8259237381872824,84.21524096954252,8,8,46.92379515228742,84.3,79.59012710302119,0,0.0,100
28,7,AffectEV,30.0,Dengeli,23.027739453202216,33.89659016802448,2.8259237381872824,84.21524096954252,8,8,46.92379515228742,84.3,79.59012710302119,0,0.0,100
28,7,AffectEV,50.0,,26.001588191072692,37.38053974902643,3.1059220030813006,86.77814389311602,4,7,45.60928053441988,84.3,79.12346332819783,0,0.0,100
28,7,AffectEV,65.0,,26.159046326380853,36.12103045910462,3.229249176621941,86.96574481762227,3,8,45.67127591188863,84.3,78.91791803896344,0,0.0,100
28,7,AffectEV,85.0,,26.220307345669866,36.43247829004649,3.23547677740969,86.9857393384227,3,8,45.571303307886474,84.3,78.90753870431718,0,0.0,100
29,7,Dijkstra,,,12.699312958695026,22.728975712744674,1.3860843421735856,90.66816474895477,0,6,37.65917625522615,51.5,49.189859429710694,0,0.0,48
29,7,A*,,,12.774258497922235,15.723067570270503,1.7972850823443571,90.6485683819877,0,5,39.25715809006151,51.5,48.5045248627594,0,0.0,48
29,7,NSGA-II,,Dengeli,12.83482452949295,15.75443969414576,1.8013968184173115,90.73505582853245,0,5,38.82472085733772,51.5,48.497671969304484,0,0.0,48
29,7,AffectEV,15.0,,12.774258497922235,15.723067570270503,1.7972850823443571,90.6485683819877,0,5,39.25715809006151,51.5,48.5045248627594,0,0.0,48
29,7,AffectEV,30.0,Dengeli,12.83482452949295,15.75443969414576,1.8013968184173115,90.73505582853245,0,5,38.82472085733772,51.5,48.497671969304484,0,0.0,48
29,7,AffectEV,50.0,,13.902878979603356,24.52659149151948,1.506948840921795,92.15104255636443,0,2,36.244787218177876,51.5,48.988418598463674,0,0.0,48
29,7,AffectEV,65.0,,14.319367768631965,25.299865581742417,1.5510655641112645,92.23285807265349,0,2,35.835709636732545,51.5,48.914890726481225,0,0.0,48
29,7,AffectEV,85.0,Konfor,14.686131900827629,26.01860326109847,1.5905853602159346,92.28707065416604,0,2,35.56464672916979,51.5,48.84902439964011,0,0.0,48
30,7,Dijkstra,,,21.79446021612964,14.958708419420928,3.351859500485698,94.72145380602453,0,0,26.392730969877395,48.9,43.313567499190505,0,0.0,5
30,7,A*,,,21.79446021612964,14.958708419420928,3.351859500485698,94.72145380602453,0,0,26.392730969877395,48.9,43.313567499190505,0,0.0,5
30,7,NSGA-II,,Dengeli,21.855044947629068,16.217097932980938,3.2887094262284373,94.78101545419862,0,0,26.094922729006864,48.9,43.4188176229526,0,0.0,5
30,7,AffectEV,15.0,Dengeli,21.855044947629068,16.217097932980938,3.2887094262284373,94.78101545419862,0,0,26.094922729006864,48.9,43.4188176229526,0,0.0,5
30,7,AffectEV,30.0,Dengeli,21.855044947629068,16.217097932980938,3.2887094262284373,94.78101545419862,0,0,26.094922729006864,48.9,43.4188176229526,0,0.0,5
30,7,AffectEV,50.0,Dengeli,21.855044947629068,16.217097932980938,3.2887094262284373,94.78101545419862,0,0,26.094922729006864,48.9,43.4188176229526,0,0.0,5
30,7,AffectEV,65.0,Dengeli,21.855044947629068,16.217097932980938,3.2887094262284373,94.78101545419862,0,0,26.094922729006864,48.9,43.4188176229526,0,0.0,5
30,7,AffectEV,85.0,Dengeli,21.855044947629068,16.217097932980938,3.2887094262284373,94.78101545419862,0,0,26.094922729006864,48.9,43.4188176229526,0,0.0,5
31,7,Dijkstra,,,18.460401315711664,43.04397727983139,2.4685634319926435,66.97908278108557,20,36,61.104586094572134,55.0,50.885727613345594,0,0.0,92
31,7,A*,,,19.96639084229943,36.820486752978574,2.507485537546141,77.490895669208,5,27,59.54552165396001,55.0,50.8208574374231,0,0.0,92
31,7,NSGA-II,,Dengeli,19.793590940136596,37.14594270571609,2.45168252634065,77.45171706382177,5,28,58.241414680891154,55.0,50.91386245609892,0,0.0,92
31,7,AffectEV,15.0,Verimlilik,19.213883849346384,37.317473751464235,2.400190615550167,72.40171694501231,7,41,58.99141527493848,55.0,50.999682307416386,0,0.0,92
31,7,AffectEV,30.0,Dengeli,19.793590940136596,37.14594270571609,2.45168252634065,77.45171706382177,5,28,58.241414680891154,55.0,50.91386245609892,0,0.0,92
31,7,AffectEV,50.0,Dengeli,19.793590940136596,37.14594270571609,2.45168252634065,77.45171706382177,5,28,58.241414680891154,55.0,50.91386245609892,0,0.0,92
31,7,AffectEV,65.0,,20.81580514317582,39.29323175954299,2.56898386473001,80.76712081055118,5,20,53.66439594724408,55.0,50.718360225449985,0,0.0,92
31,7,AffectEV,85.0,,21.700597215418792,40.80308868106961,2.660018659128119,81.29217483236846,5,19,52.53912583815769,55.0,50.5666355681198,0,0.0,92
32,7,Dijkstra,,,6.315449441209965,12.357063962979698,0.797599415896016,84.61758906443411,4,7,56.41205467782944,87.5,86.1706676401733,0,0.0,100
32,7,A*,,,6.344381826383912,12.15142928577461,0.7871106406706256,85.82624910505132,3,5,55.8687544747434,87.5,86.18814893221563,0,0.0,100
32,7,NSGA-II,,Dengeli,6.4845690466222985,12.660248057676768,0.7840024851713886,87.05946942412531,3,5,49.702652879373424,87.5,86.19332919138103,0,0.0,100
32,7,AffectEV,15.0,,6.351595088877015,12.205103409307243,0.7832324526437598,86.233584787942,3,5,53.832076060290035,87.5,86.19461257892706,0,0.0,100
32,7,AffectEV,30.0,Dengeli,6.4845690466222985,12.660248057676768,0.7840024851713886,87.05946942412531,3,5,49.702652879373424,87.5,86.19332919138103,0,0.0,100
32,7,AffectEV,50.0,,6.594081004654588,12.84964743806942,0.7958806002234399,87.39705757580239,3,4,49.51471212098804,87.5,86.17353233296093,0,0.0,100
32,7,AffectEV,65.0,,7.958264042174548,15.181908322155437,0.925984108488385,89.13770185718494,1,4,45.81149071407533,87.5,85.95669315251936,0,0.0,100
32,7,AffectEV,85.0,,7.958264042174548,15.181908322155437,0.925984108488385,89.13770185718494,1,4,45.81149071407533,87.5,85.95669315251936,0,0.0,100
33,7,Dijkstra,,,12.932258251440391,19.97485043085289,1.6120019967144252,85.09586147586786,2,13,50.02069262066066,67.3,64.61333000547596,0,0.0,22
33,7,A*,,,13.13129016966535,19.168650788519553,1.6295303326583064,85.0803818797235,2,13,50.09809060138249,67.3,64.58411611223616,0,0.0,22
33,7,NSGA-II,,Dengeli,13.13129016966535,19.168650788519553,1.6295303326583064,85.0803818797235,2,13,50.09809060138249,67.3,64.58411611223616,0,0.0,22
33,7,AffectEV,15.0,Verimlilik,12.942750934726801,19.277629820136987,1.5980315603386983,84.89999852441817,2,14,49.50000737790916,67.3,64.63661406610217,0,0.0,22
33,7,AffectEV,30.0,Dengeli,13.13129016966535,19.168650788519553,1.6295303326583064,85.0803818797235,2,13,50.09809060138249,67.3,64.58411611223616,0,0.0,22
33,7,AffectEV,50.0,Dengeli,13.13129016966535,19.168650788519553,1.6295303326583064,85.0803818797235,2,13,50.09809060138249,67.3,64.58411611223616,0,0.0,22
33,7,AffectEV,65.0,Konfor,21.295898873935986,26.215320263686383,2.7369689784848394,90.01012795596048,0,7,39.44936022019758,67.3,62.7383850358586,0,0.0,22
33,7,AffectEV,85.0,Konfor,21.295898873935986,26.215320263686383,2.7369689784848394,90.01012795596048,0,7,39.44936022019758,67.3,62.7383850358586,0,0.0,22
34,7,Dijkstra,,,13.181150613222396,26.761907261647384,1.5872521643911,73.90326282173987,3,46,53.98368589130062,86.8,84.15457972601483,0,0.0,53
34,7,A*,,,17.631544924722906,24.672236567144346,2.2696257288639123,85.12831486900154,2,15,46.85842565499228,86.8,83.01729045189347,0,0.0,53
34,7,NSGA-II,,Dengeli,14.220032954748946,26.014103054062165,1.6811785542446327,84.1736638836224,2,16,50.13168058188804,86.8,83.99803574292561,0,0.0,53
34,7,AffectEV,15.0,,13.62002834314123,25.732916005513534,1.5742722438854277,80.74764476043646,1,31,47.26177619781774,86.8,84.17621292685762,0,0.0,53
34,7,AffectEV,30.0,Dengeli,14.220032954748946,26.014103054062165,1.6811785542446327,84.1736638836224,2,16,50.13168058188804,86.8,83.99803574292561,0,0.0,53
34,7,AffectEV,50.0,,14.464134740556437,26.692108579107447,1.7073546210914603,84.99085536032565,2,14,49.04572319837175,86.8,83.95440896484756,0,0.0,53
34,7,AffectEV,65.0,,14.965911894268944,27.42899938726076,1.760705949901892,85.4472089528889,2,13,48.263955235555464,86.8,83.86549008349684,0,0.0,53
34,7,AffectEV,85.0,,15.917707808532825,29.245045747035118,1.8662050971012627,85.87867207628362,2,12,47.60663961858191,86.8,83.6896581714979,0,0.0,53
35,7,Dijkstra,,,20.230388693417584,40.08345470864388,2.6195588236186342,75.76325586291793,12,25,53.683720685410336,47.9,43.534068627302275,0,0.0,93
35,7,A*,,,21.494114003414083,33.0419230262286,2.6588391738415473,82.2367046540529,5,17,50.8164767297355,47.9,43.46860137693075,0,0.0,93
35,7,NSGA-II,,Dengeli,21.494114003414083,33.0419230262286,2.6588391738415473,82.2367046540529,5,17,50.8164767297355,47.9,43.46860137693075,0,0.0,93
35,7,AffectEV,15.0,Dengeli,21.494114003414083,33.0419230262286,2.6588391738415473,82.2367046540529,5,17,50.8164767297355,47.9,43.46860137693075,0,0.0,93
35,7,AffectEV,30.0,Dengeli,21.494114003414083,33.0419230262286,2.6588391738415473,82.2367046540529,5,17,50.8164767297355,47.9,43.46860137693075,0,0.0,93
35,7,AffectEV,50.0,Dengeli,21.494114003414083,33.0419230262286,2.6588391738415473,82.2367046540529,5,17,50.8164767297355,47.9,43.46860137693075,0,0.0,93
35,7,AffectEV,65.0,,23.467192445109305,35.82910033358051,2.8702420934236894,83.26672933674021,4,16,49.6663533162989,47.9,43.11626317762718,0,0.0,93
35,7,AffectEV,85.0,Konfor,24.81084658290867,40.10394220612256,3.015306312399622,83.95381953477391,3,14,51.73090232613045,47.9,42.87448947933396,0,0.0,93
36,7,Dijkstra,,,24.10993819189053,52.393287071536214,3.2961261444886314,55.93413280947732,28,66,51.3293359526134,59.2,53.70645642585228,0,0.0,100
36,7,A*,,,27.628601220988152,39.368550738554454,3.533097426602154,78.85906796182371,8,24,49.7046601908814,59.2,53.31150428899641,0,0.0,100
36,7,NSGA-II,,Dengeli,27.628601220988152,39.368550738554454,3.533097426602154,78.85906796182371,8,24,49.7046601908814,59.2,53.31150428899641,0,0.0,100
36,7,AffectEV,15.0,,26.14311574385821,40.821113112648135,3.355605655599319,75.23966290542026,10,32,50.801685472898654,59.2,53.607323907334475,0,0.0,100
36,7,AffectEV,30.0,Dengeli,27.628601220988152,39.368550738554454,3.533097426602154,78.85906796182371,8,24,49.7046601908814,59.2,53.31150428899641,0,0.0,100
36,7,AffectEV,50.0,,27.78522806303865,40.35802062027076,3.5204936373737046,80.42166600918634,7,20,50.39166995406833,59.2,53.33251060437716,0,0.0,100
36,7,AffectEV,65.0,,31.541524195361177,43.15951620495652,4.126427591745662,85.1763649161112,5,11,45.118175419444,59.2,52.322620680423896,0,0.0,100
36,7,AffectEV,85.0,,31.541524195361177,43.15951620495652,4.126427591745662,85.1763649161112,5,11,45.118175419444,59.2,52.322620680423896,0,0.0,100
37,7,Dijkstra,,,12.058149939745649,22.69506212130033,1.4878968633571885,86.27524878103786,4,6,49.62375609481071,66.3,63.82017189440468,0,0.0,100
37,7,A*,,,13.600577581130452,19.1529522837706,1.6775501999261553,89.36569636575958,0,1,51.67151817120211,66.3,63.504083000123074,0,0.0,100
37,7,NSGA-II,,Dengeli,12.444470334012127,20.13476816506643,1.4644191285291797,88.95826451766969,1,4,46.70867741165154,66.3,63.85930145245136,0,0.0,100
37,7,AffectEV,15.0,,12.350739586215136,19.9003051621731,1.4532066407228872,88.65290160398484,1,5,46.73549198007574,66.3,63.87798893212852,0,0.0,100
37,7,AffectEV,30.0,Dengeli,12.444470334012127,20.13476816506643,1.4644191285291797,88.95826451766969,1,4,46.70867741165154,66.3,63.85930145245136,0,0.0,100
37,7,AffectEV,50.0,,13.69425092991333,21.570742149244023,1.584154614237851,90.17129983572772,0,3,44.64350082136135,66.3,63.65974230960358,0,0.0,100
37,7,AffectEV,65.0,,13.746868949645737,22.65254277114185,1.5808974310058377,90.3329319349494,0,3,43.835340325253014,66.3,63.6651709483236,0,0.0,100
37,7,AffectEV,85.0,Konfor,14.107562308858808,23.091886689819443,1.6203932975145259,90.37666374235563,0,3,43.61668128822184,66.3,63.59934450414245,0,0.0,100
38,7,Dijkstra,,,18.04001709290496,37.64841942188047,2.399271609486597,72.5951795695952,14,31,55.524102152024,66.1,62.101213984189,0,0.0,100
38,7,A*,,,23.322526645234543,33.71192604332529,2.800882167448763,88.30357757931628,2,5,45.98211210341862,66.1,61.431863054252055,0,0.0,100
38,7,NSGA-II,,Dengeli,20.572068332366463,35.547733490890714,2.4141503001395592,85.42086284551134,2,14,46.895685772443336,66.1,62.076416166434065,0,0.0,100
38,7,AffectEV,15.0,,19.77216314376984,34.63781030884511,2.3831057368021287,82.99349147578599,4,17,49.53254262107005,66.1,62.12815710532978,0,0.0,100
38,7,AffectEV,30.0,,19.77216314376984,34.63781030884511,2.3831057368021287,82.99349147578599,4,17,49.53254262107005,66.1,62.12815710532978,0,0.0,100
38,7,AffectEV,50.0,,21.305516732614787,37.10005099251921,2.493591630482648,87.30813570736855,2,9,44.959321463157266,66.1,61.94401394919558,0,0.0,100
38,7,AffectEV,65.0,,23.322526645234543,33.71192604332529,2.800882167448763,88.30357757931628,2,5,45.98211210341862,66.1,61.431863054252055,0,0.0,100
38,7,AffectEV,85.0,,23.322526645234543,33.71192604332529,2.800882167448763,88.30357757931628,2,5,45.98211210341862,66.1,61.431863054252055,0,0.0,100
39,7,Dijkstra,,,27.693169836575326,49.52953992458935,3.760375749535943,72.79359306175522,24,21,44.53203469122391,83.4,77.13270708410677,0,0.0,39
39,7,A*,,,28.836829395333833,32.798476743657005,3.607254258804234,88.14085043058485,0,12,41.29574784707575,83.4,77.38790956865962,0,0.0,39
39,7,NSGA-II,,Dengeli,28.836829395333833,32.798476743657005,3.607254258804234,88.14085043058485,0,12,41.29574784707575,83.4,77.38790956865962,0,0.0,39
39,7,AffectEV,15.0,,28.84413063079125,33.39372737816097,3.5979019777989554,88.17221056962771,0,12,41.138947151861444,83.4,77.40349670366841,0,0.0,39
39,7,AffectEV,30.0,,28.84413063079125,33.39372737816097,3.5979019777989554,88.17221056962771,0,12,41.138947151861444,83.4,77.40349670366841,0,0.0,39
39,7,AffectEV,50.0,,28.84413063079125,33.39372737816097,3.5979019777989554,88.17221056962771,0,12,41.138947151861444,83.4,77.40349670366841,0,0.0,39
39,7,AffectEV,65.0,,28.856161986830948,33.5271462407665,3.596952889141189,88.18506595335862,0,12,41.0746702332069,83.4,77.40507851809802,0,0.0,39
39,7,AffectEV,85.0,,29.984856303938443,35.743882865071846,3.715678318149709,88.79812150517272,0,10,41.009392474136426,83.4,77.20720280308383,0,0.0,39
40,7,Dijkstra,,,15.54634367544098,29.966607366414213,2.0033319437119403,77.63152447846724,10,22,53.84237760766377,86.5,83.16111342714677,0,0.0,100
40,7,A*,,,17.099934475893722,26.50718808406018,2.1074704416467163,83.68364638654381,3,15,51.58176806728091,86.5,82.98754926392213,0,0.0,100
40,7,NSGA-II,,Dengeli,16.68041023697855,26.622203303706446,2.0710754918596623,83.70421625355928,3,13,54.478918732203624,86.5,83.04820751356723,0,0.0,100
40,7,AffectEV,15.0,,16.24856036564746,26.787559743373297,2.0375405925476318,81.92743586959658,4,17,54.862820652017106,86.5,83.10409901242062,0,0.0,100
40,7,AffectEV,30.0,Dengeli,16.68041023697855,26.622203303706446,2.0710754918596623,83.70421625355928,3,13,54.478918732203624,86.5,83.04820751356723,0,0.0,100
40,7,AffectEV,50.0,,16.816600221138426,26.780761613857575,2.0686461436521375,83.80589084868069,2,15,53.470545756596586,86.5,83.05225642724643,0,0.0,100
40,7,AffectEV,65.0,,18.00753084947801,28.198159416906417,2.186866264235982,85.64552917879647,2,12,48.7723541060177,86.5,82.85522289294003,0,0.0,100
40,7,AffectEV,85.0,,18.230020158143905,29.034516855336715,2.199518938434276,85.8432680852452,2,12,47.783659573773996,86.5,82.83413510260954,0,0.0,100
41,7,Dijkstra,,,23.660635711712654,32.94914538379961,2.9631389472121876,85.43294286668298,4,8,50.83528566658512,69.6,64.66143508797968,0,0.0,100
41,7,A*,,,23.906854558075526,31.907989814404583,2.9710851077085896,86.46590205585903,2,7,52.170489720704815,69.6,64.64819148715235,0,0.0,100
41,7,NSGA-II,,Dengeli,23.906854558075526,31.907989814404583,2.9710851077085896,86.46590205585903,2,7,52.170489720704815,69.6,64.64819148715235,0,0.0,100
41,7,AffectEV,15.0,Dengeli,23.906854558075526,31.907989814404583,2.9710851077085896,86.46590205585903,2,7,52.170489720704815,69.6,64.64819148715235,0,0.0,100
41,7,AffectEV,30.0,Dengeli,23.906854558075526,31.907989814404583,2.9710851077085896,86.46590205585903,2,7,52.170489720704815,69.6,64.64819148715235,0,0.0,100
41,7,AffectEV,50.0,,42.33859193526175,44.91896969963045,5.893505818867732,90.75102931893647,1,7,33.24485340531759,69.6,59.777490301887106,0,0.0,100
41,7,AffectEV,65.0,Konfor,50.262296432456466,45.07598111701675,7.332927493545974,91.5656769064495,1,6,30.671615467752524,69.6,57.37845417742337,0,0.0,100
41,7,AffectEV,85.0,Konfor,50.262296432456466,45.07598111701675,7.332927493545974,91.5656769064495,1,6,30.671615467752524,69.6,57.37845417742337,0,0.0,100
42,7,Dijkstra,,,21.96282146541537,40.22279062805657,2.9346449057233057,73.35359948410424,20,25,45.732002579478824,85.0,80.10892515712783,0,0.0,100
42,7,A*,,,22.476816846847125,39.44986507279907,2.870187264293647,74.26589893025465,16,30,43.670505348726785,85.0,80.21635455951059,0,0.0,100
42,7,NSGA-II,,Dengeli,22.268497612478043,39.78453648187492,2.9268533165869397,75.8649307837865,19,19,44.67534608106749,85.0,80.12191113902176,0,0.0,100
42,7,AffectEV,15.0,,22.28827761190858,39.55884410441651,2.8386884919740387,74.04623438157645,16,31,43.268828092117744,85.0,80.2688525133766,0,0.0,100
42,7,AffectEV,30.0,,22.39453093682925,39.74650733540435,2.8503376595061454,74.94895586602698,16,28,43.25522066986511,85.0,80.24943723415642,0,0.0,100
42,7,AffectEV,50.0,,35.443292826628046,41.05228977563122,4.758189522128259,89.68634364655557,2,11,30.06828176722212,85.0,77.06968412978624,0,0.0,100
42,7,AffectEV,65.0,Konfor,35.88834345497324,41.434667887227434,4.793040735651453,89.8298371221087,2,11,29.35081438945654,85.0,77.01159877391424,0,0.0,100
42,7,AffectEV,85.0,Konfor,35.88834345497324,41.434667887227434,4.793040735651453,89.8298371221087,2,11,29.35081438945654,85.0,77.01159877391424,0,0.0,100
43,7,Dijkstra,,,17.06329866686855,41.350733381377296,2.2397648566568584,68.50473731158077,17,40,54.97631344209614,66.0,62.26705857223857,0,0.0,41
43,7,A*,,,19.448895047219445,34.05884738897059,2.4421892872444078,79.90967904402066,7,19,54.451604779896684,66.0,61.92968452125932,0,0.0,41
43,7,NSGA-II,,Dengeli,19.448895047219445,34.05884738897059,2.4421892872444078,79.90967904402066,7,19,54.451604779896684,66.0,61.92968452125932,0,0.0,41
43,7,AffectEV,15.0,Dengeli,19.448895047219445,34.05884738897059,2.4421892872444078,79.90967904402066,7,19,54.451604779896684,66.0,61.92968452125932,0,0.0,41
43,7,AffectEV,30.0,Dengeli,19.448895047219445,34.05884738897059,2.4421892872444078,79.90967904402066,7,19,54.451604779896684,66.0,61.92968452125932,0,0.0,41
43,7,AffectEV,50.0,,20.124193306229255,34.50464068127878,2.4717185473560384,80.43219997356314,4,22,54.839000132184275,66.0,61.88046908773994,0,0.0,41
43,7,AffectEV,65.0,,26.369692398971733,36.521466481139605,3.6209470281770226,86.51229624424835,3,11,43.4385187787583,66.0,59.965088286371625,0,0.0,41
43,7,AffectEV,85.0,,26.369692398971733,36.521466481139605,3.6209470281770226,86.51229624424835,3,11,43.4385187787583,66.0,59.965088286371625,0,0.0,41
44,7,Dijkstra,,,12.180318086105807,19.441230638292783,1.4970194268607118,86.61674138857683,1,7,53.91629305711585,66.9,64.40496762189882,0,0.0,100
44,7,A*,,,12.250430587020801,18.166773410032313,1.4819089563898544,88.71323623687249,0,3,51.93381881563757,66.9,64.43015173935025,0,0.0,100
44,7,NSGA-II,,Dengeli,12.297019978247214,18.309499930862614,1.482111446611415,88.77136838824057,0,3,51.64315805879709,66.9,64.42981425564764,0,0.0,100
44,7,AffectEV,15.0,,12.250430587020801,18.166773410032313,1.4819089563898544,88.71323623687249,0,3,51.93381881563757,66.9,64.43015173935025,0,0.0,100
44,7,AffectEV,30.0,,12.285504669146931,18.201118950371008,1.4847906304616931,88.75462738482794,0,3,51.72686307586029,66.9,64.42534894923051,0,0.0,100
44,7,AffectEV,50.0,Konfor,13.80082221533275,21.702895574835477,1.6438577524712765,89.5273905706056,0,3,47.86304714697195,66.9,64.16023707921454,0,0.0,100
44,7,AffectEV,65.0,Konfor,13.80082221533275,21.702895574835477,1.6438577524712765,89.5273905706056,0,3,47.86304714697195,66.9,64.16023707921454,0,0.0,100
44,7,AffectEV,85.0,Konfor,13.80082221533275,21.702895574835477,1.6438577524712765,89.5273905706056,0,3,47.86304714697195,66.9,64.16023707921454,0,0.0,100
45,7,Dijkstra,,,24.860773582720817,43.64944769872567,3.0793814192462596,83.53663685285623,8,8,50.316815735718826,76.0,70.86769763458956,0,0.0,100
45,7,A*,,,26.883874663067076,31.17788636719089,3.667924643482335,89.67303304966858,0,5,44.134834751657124,76.0,69.88679226086278,0,0.0,100
45,7,NSGA-II,,Dengeli,26.861827569681413,31.179584856520083,3.664158958101044,89.69983239351025,0,5,44.00083803244875,76.0,69.89306840316493,0,0.0,100
45,7,AffectEV,15.0,,26.101133653798875,39.32484684384566,3.1638223230105282,86.9230786628499,2,7,49.88460668575048,76.0,70.72696279498246,0,0.0,100
45,7,AffectEV,30.0,Dengeli,26.861827569681413,31.179584856520083,3.664158958101044,89.69983239351025,0,5,44.00083803244875,76.0,69.89306840316493,0,0.0,100
45,7,AffectEV,50.0,,26.86491443452577,31.59854362706352,3.653857946233359,89.76562132863128,0,5,43.67189335684359,76.0,69.91023675627774,0,0.0,100
45,7,AffectEV,65.0,,27.531806891477725,33.10998586743083,3.719145678584614,90.17571822956688,0,4,43.12140885216556,76.0,69.80142386902564,0,0.0,100
45,7,AffectEV,85.0,,28.18817070451909,35.19671930847509,3.7652176724656683,90.40208157494095,0,4,41.989592125295275,76.0,69.72463721255723,0,0.0,100
46,7,Dijkstra,,,15.652162516574279,41.30031300058836,2.1590347800040397,62.53678221016467,21,50,59.816088949176674,66.4,62.801608699993274,0,0.0,100
46,7,A*,,,16.853269906886915,33.702881056239946,2.1653118090421466,73.85243525866329,8,32,62.73782370668353,66.4,62.79114698492976,0,0.0,100
46,7,NSGA-II,,Dengeli,16.673001314634355,34.66688024193568,2.1142259717942484,73.60349803001988,7,35,61.98250984990061,66.4,62.87629004700959,0,0.0,100
46,7,AffectEV,15.0,,16.565053234858464,34.36782376386353,2.110645755969509,71.90776767538634,7,40,62.96116162306831,66.4,62.88225707338416,0,0.0,100
46,7,AffectEV,30.0,Dengeli,16.673001314634355,34.66688024193568,2.1142259717942484,73.60349803001988,7,35,61.98250984990061,66.4,62.87629004700959,0,0.0,100
46,7,AffectEV,50.0,,17.18333538044686,37.03318604769626,2.1414508007720316,78.48241747814708,8,19,59.087912609264606,66.4,62.83091533204662,0,0.0,100
46,7,AffectEV,65.0,,17.36360397269942,36.06918686200052,2.19253663801993,78.72978426578729,9,16,59.851078671063554,66.4,62.74577226996679,0,0.0,100
46,7,AffectEV,85.0,,17.36360397269942,36.06918686200052,2.19253663801993,78.72978426578729,9,16,59.851078671063554,66.4,62.74577226996679,0,0.0,100
47,7,Dijkstra,,,23.44933666717482,43.81222989344358,3.216874554658866,77.12146682582102,23,13,37.392665870894945,67.7,62.338542408901894,0,0.0,85
47,7,A*,,,25.199861083936987,32.249970172426046,2.9184381363566816,90.57728738457719,0,4,41.11356307711405,67.7,62.835936439405536,0,0.0,85
47,7,NSGA-II,,Dengeli,25.199861083936987,32.249970172426046,2.9184381363566816,90.57728738457719,0,4,41.11356307711405,67.7,62.835936439405536,0,0.0,85
47,7,AffectEV,15.0,Dengeli,25.199861083936987,32.249970172426046,2.9184381363566816,90.57728738457719,0,4,41.11356307711405,67.7,62.835936439405536,0,0.0,85
47,7,AffectEV,30.0,Dengeli,25.199861083936987,32.249970172426046,2.9184381363566816,90.57728738457719,0,4,41.11356307711405,67.7,62.835936439405536,0,0.0,85
47,7,AffectEV,50.0,Dengeli,25.199861083936987,32.249970172426046,2.9184381363566816,90.57728738457719,0,4,41.11356307711405,67.7,62.835936439405536,0,0.0,85
47,7,AffectEV,65.0,,26.52845516859766,36.176479099541275,3.33969932372335,91.73431467750846,2,2,33.32842661245768,67.7,62.13383446046109,0,0.0,85
47,7,AffectEV,85.0,,26.52845516859766,36.176479099541275,3.33969932372335,91.73431467750846,2,2,33.32842661245768,67.7,62.13383446046109,0,0.0,85
48,7,Dijkstra,,,15.080656660003548,22.539297005289395,1.8475852155945507,88.99559185353839,0,3,50.522040732308064,69.3,66.2206913073424,0,0.0,78
48,7,A*,,,15.087481534729015,21.51084323221759,1.8468449471436705,89.07326861674584,0,3,50.13365691627083,69.3,66.22192508809388,0,0.0,78
48,7,NSGA-II,,Dengeli,15.212183351756407,22.145120513610348,1.848359982249423,89.2468592263839,0,3,49.265703868080486,69.3,66.21940002958429,0,0.0,78
48,7,AffectEV,15.0,,15.08818064395873,21.573388346813772,1.8452708448303752,89.1080902727082,0,3,49.95954863645904,69.3,66.22454859194937,0,0.0,78
48,7,AffectEV,30.0,,15.08818064395873,21.573388346813772,1.8452708448303752,89.1080902727082,0,3,49.95954863645904,69.3,66.22454859194937,0,0.0,78
48,7,AffectEV,50.0,,15.732541203736371,26.841682237934023,1.8746034954354236,90.16705967769975,0,2,46.16470161150125,69.3,66.17566084094096,0,0.0,78
48,7,AffectEV,65.0,,16.222030662163963,28.347312467190623,1.9160964363795931,90.36722078972767,0,2,45.16389605136163,69.3,66.10650593936734,0,0.0,78
48,7,AffectEV,85.0,,16.222030662163963,28.347312467190623,1.9160964363795931,90.36722078972767,0,2,45.16389605136163,69.3,66.10650593936734,0,0.0,78
49,7,Dijkstra,,,12.448359452641155,33.15156633806181,1.9379591898055688,71.1439785802091,23,16,62.78010709895453,70.1,66.87006801699071,0,0.0,100
49,7,A*,,,15.393204179963062,25.41859978998833,1.9523485902070081,76.90156214866437,3,32,59.992189256678195,70.1,66.84608568298832,0,0.0,100
49,7,NSGA-II,,Verimlilik,12.931765044714076,30.058269701043265,1.7030061586836605,78.08097582329944,12,15,57.09512088350278,70.1,67.26165640219389,0,0.0,100
49,7,AffectEV,15.0,,12.844332690406477,29.601912619797414,1.7067355326234088,77.06083862315803,12,18,57.69580688420984,70.1,67.25544077896097,0,0.0,100
49,7,AffectEV,30.0,Verimlilik,12.931765044714076,30.058269701043265,1.7030061586836605,78.08097582329944,12,15,57.09512088350278,70.1,67.26165640219389,0,0.0,100
49,7,AffectEV,50.0,,16.33245318763804,27.925770348176922,2.021513910431419,83.77803084466876,1,13,59.10984577665616,70.1,66.73081014928097,0,0.0,100
49,7,AffectEV,65.0,,16.33245318763804,27.925770348176922,2.021513910431419,83.77803084466876,1,13,59.10984577665616,70.1,66.73081014928097,0,0.0,100
49,7,AffectEV,85.0,,16.33245318763804,27.925770348176922,2.021513910431419,83.77803084466876,1,13,59.10984577665616,70.1,66.73081014928097,0,0.0,100
50,7,Dijkstra,,,20.447974153171877,44.32003448518747,2.647256290538798,78.04589752773288,22,3,50.27051236133564,32.0,27.587906182435336,0,0.0,100
50,7,A*,,,29.50013168469529,33.36878119696013,3.9166295634359947,91.83574562134028,0,2,37.82127189329863,32.0,25.47228406094001,0,0.0,100
50,7,NSGA-II,,Dengeli,22.73586533119343,35.45776618759355,2.6161945500385735,88.4657637252773,1,8,43.17118137361351,32.0,27.639675749935712,0,0.0,100
50,7,AffectEV,15.0,,22.5385141598943,34.82486605389272,2.5958051410618928,88.01579971018111,1,9,43.92100144909445,32.0,27.673658098230177,0,0.0,100
50,7,AffectEV,30.0,,22.5385141598943,34.82486605389272,2.5958051410618928,88.01579971018111,1,9,43.92100144909445,32.0,27.673658098230177,0,0.0,100
50,7,AffectEV,50.0,,29.50013168469529,33.36878119696013,3.9166295634359947,91.83574562134028,0,2,37.82127189329863,32.0,25.47228406094001,0,0.0,100
50,7,AffectEV,65.0,,29.50013168469529,33.36878119696013,3.9166295634359947,91.83574562134028,0,2,37.82127189329863,32.0,25.47228406094001,0,0.0,100
50,7,AffectEV,85.0,,31.236382798048396,39.25369213528987,4.06578717734496,92.24291817949407,0,2,35.78540910252969,32.0,25.2236880377584,0,0.0,100
1,8,Dijkstra,,,18.180626954473706,41.70243735644507,2.5244470012955933,73.98883266388617,29,10,42.55583668056918,68.4,64.19258833117402,0,0.0,93
1,8,A*,,,24.477356109751526,26.6228094111471,3.323935363423025,91.276233903402,0,5,36.118830482989964,68.4,62.8601077276283,0,0.0,93
1,8,NSGA-II,,Dengeli,23.32539554383393,28.105383498254515,3.044096165470637,91.1440047232781,0,5,36.77997638360951,68.4,63.32650639088228,0,0.0,93
1,8,AffectEV,15.0,,20.592304886278036,38.22402503118827,2.4096821924122773,86.00691295709669,9,6,38.46543521451657,68.4,64.38386301264622,0,0.0,93
1,8,AffectEV,30.0,,21.057450201432953,38.08841098262116,2.4533909783310315,87.13864829510693,9,3,37.30675852446533,68.4,64.31101503611495,0,0.0,93
1,8,AffectEV,50.0,,23.697585162546595,28.554043927108964,3.0776973533074905,91.5798954983174,0,4,36.100522508413036,68.4,63.27050441115419,0,0.0,93
1,8,AffectEV,65.0,,23.697585162546595,28.554043927108964,3.0776973533074905,91.5798954983174,0,4,36.100522508413036,68.4,63.27050441115419,0,0.0,93
1,8,AffectEV,85.0,,23.697585162546595,28.554043927108964,3.0776973533074905,91.5798954983174,0,4,36.100522508413036,68.4,63.27050441115419,0,0.0,93
2,8,Dijkstra,,,25.08490021637783,33.63934975726025,3.091908653166523,82.76301005711682,3,22,45.68494971441593,52.2,47.04681891138913,0,0.0,31
2,8,A*,,,25.095392899664237,33.09002624584964,3.0819303058425134,82.47105314940586,3,23,45.64473425297067,52.2,47.06344949026248,0,0.0,31
2,8,NSGA-II,,Dengeli,25.126929302459256,33.24250187163605,3.041602613430692,83.3337297580981,2,22,45.33135120950949,52.2,47.13066231094885,0,0.0,31
2,8,AffectEV,15.0,Dengeli,25.126929302459256,33.24250187163605,3.041602613430692,83.3337297580981,2,22,45.33135120950949,52.2,47.13066231094885,0,0.0,31
2,8,AffectEV,30.0,Dengeli,25.126929302459256,33.24250187163605,3.041602613430692,83.3337297580981,2,22,45.33135120950949,52.2,47.13066231094885,0,0.0,31
2,8,AffectEV,50.0,,25.717720326141666,34.76993356897934,3.1148008419431603,84.31473540213267,2,19,44.92632298933666,52.2,47.00866526342807,0,0.0,31
2,8,AffectEV,65.0,,28.593350569864736,38.9241888052355,3.6401035611478614,85.82751818854638,1,17,42.86240905726813,52.2,46.13316073142023,0,0.0,31
2,8,AffectEV,85.0,,28.593350569864736,38.9241888052355,3.6401035611478614,85.82751818854638,1,17,42.86240905726813,52.2,46.13316073142023,0,0.0,31
3,8,Dijkstra,,,10.944476773165217,23.652445788723714,1.4207730140194892,77.76402012557489,8,26,52.17989937212552,77.4,75.0320449766342,0,0.0,85
3,8,A*,,,13.07720780010518,20.506092382094362,1.6299233404999156,85.02157958520685,1,12,54.392102073965766,77.4,74.6834610991668,0,0.0,85
3,8,NSGA-II,,Dengeli,11.847733668156806,21.089150440291203,1.4340964238140468,84.7085487214727,1,15,51.45725639263651,77.4,75.00983929364327,0,0.0,85
3,8,AffectEV,15.0,,11.560046549342712,20.7364802527721,1.407933094883736,82.95822119004526,1,20,52.708894049773626,77.4,75.05344484186044,0,0.0,85
3,8,AffectEV,30.0,Dengeli,11.847733668156806,21.089150440291203,1.4340964238140468,84.7085487214727,1,15,51.45725639263651,77.4,75.00983929364327,0,0.0,85
3,8,AffectEV,50.0,Dengeli,11.847733668156806,21.089150440291203,1.4340964238140468,84.7085487214727,1,15,51.45725639263651,77.4,75.00983929364327,0,0.0,85
3,8,AffectEV,65.0,,13.92669305661076,24.06728708968112,1.6722871858442803,87.34787136976283,1,7,50.260643151185825,77.4,74.61285469025954,0,0.0,85
3,8,AffectEV,85.0,,13.92669305661076,24.06728708968112,1.6722871858442803,87.34787136976283,1,7,50.260643151185825,77.4,74.61285469025954,0,0.0,85
4,8,Dijkstra,,,20.388666386118903,33.87444904962612,2.4521982155116913,85.54199384544499,3,10,49.79003077277505,40.6,36.513002974147184,0,0.0,96
4,8,A*,,,23.1118562356515,31.455256074208126,2.8491939450246146,85.47987224353682,2,11,51.10063878231595,40.6,35.851343424958976,0,0.0,96
4,8,NSGA-II,,Dengeli,20.391093836703845,33.97982431104373,2.451078462699067,85.927828312242,3,9,49.36085843879002,40.6,36.51486922883489,0,0.0,96
4,8,AffectEV,15.0,,20.4100435009248,33.938984619149416,2.453726094830019,85.91287885666114,3,9,49.43560571669432,40.6,36.510456508616635,0,0.0,96
4,8,AffectEV,30.0,Dengeli,20.391093836703845,33.97982431104373,2.451078462699067,85.927828312242,3,9,49.36085843879002,40.6,36.51486922883489,0,0.0,96
4,8,AffectEV,50.0,,21.026553157515444,34.64586419666853,2.507396593257337,86.21916306287837,3,9,47.90418468560818,40.6,36.42100567790444,0,0.0,96
4,8,AffectEV,65.0,Konfor,21.808395615771857,35.88136977507421,2.596056582672022,86.57830979185309,2,9,48.60845104073456,40.6,36.27323902887996,0,0.0,96
4,8,AffectEV,85.0,Konfor,21.808395615771857,35.88136977507421,2.596056582672022,86.57830979185309,2,9,48.60845104073456,40.6,36.27323902887996,0,0.0,96
5,8,Dijkstra,,,16.803270107900584,37.04072491493487,2.0813652541863625,79.90854055921876,7,20,52.95729720390618,47.9,44.43105790968939,0,0.0,100
5,8,A*,,,18.602217408678197,33.402671326314675,2.302553033984526,83.02341404470374,3,15,54.882929776481326,47.9,44.06241161002579,0,0.0,100
5,8,NSGA-II,,Dengeli,18.27307425158161,33.66758650224917,2.234464417843152,82.72852967880405,4,15,53.857351605979765,47.9,44.175892636928076,0,0.0,100
5,8,AffectEV,15.0,,17.455162767837663,34.02145995149321,2.198382476567046,81.86845997929952,8,12,52.6577001035024,47.9,44.236029205721586,0,0.0,100
5,8,AffectEV,30.0,,18.070728474680404,33.460058747839405,2.235863298285456,82.55578083468967,5,15,52.22109582655166,47.9,44.17356116952424,0,0.0,100
5,8,AffectEV,50.0,Dengeli,18.27307425158161,33.66758650224917,2.234464417843152,82.72852967880405,4,15,53.857351605979765,47.9,44.175892636928076,0,0.0,100
5,8,AffectEV,65.0,,20.001696420683288,37.905000152487396,2.395571450118503,84.48415490619317,2,14,51.57922546903416,47.9,43.90738091646916,0,0.0,100
5,8,AffectEV,85.0,Konfor,20.027719863465812,37.917934656962764,2.39789046705007,84.48903232397741,2,14,51.55483838011293,47.9,43.903515888249885,0,0.0,100
6,8,Dijkstra,,,11.466184045725482,18.81960477131349,1.390402164232662,88.26254333284848,3,5,43.68728333575759,85.2,82.88266305961223,0,0.0,41
6,8,A*,,,11.481111193786168,18.790871503300025,1.3916337986138188,88.27014820137776,3,5,43.64925899311117,85.2,82.88061033564364,0,0.0,41
6,8,NSGA-II,,Dengeli,11.533624745828025,18.927265266254818,1.3977330843745996,88.58524177544022,3,4,43.57379112279885,85.2,82.87044485937567,0,0.0,41
6,8,AffectEV,15.0,,11.481111193786168,18.790871503300025,1.3916337986138188,88.27014820137776,3,5,43.64925899311117,85.2,82.88061033564364,0,0.0,41
6,8,AffectEV,30.0,Dengeli,11.533624745828025,18.927265266254818,1.3977330843745996,88.58524177544022,3,4,43.57379112279885,85.2,82.87044485937567,0,0.0,41
6,8,AffectEV,50.0,,12.011370626562039,19.199094951045378,1.449136326501525,89.04106364696958,3,3,42.79468176515214,85.2,82.78477278916412,0,0.0,41
6,8,AffectEV,65.0,,12.011370626562039,19.199094951045378,1.449136326501525,89.04106364696958,3,3,42.79468176515214,85.2,82.78477278916412,0,0.0,41
6,8,AffectEV,85.0,,12.011370626562039,19.199094951045378,1.449136326501525,89.04106364696958,3,3,42.79468176515214,85.2,82.78477278916412,0,0.0,41
7,8,Dijkstra,,,15.816035757029267,31.515694614317802,2.0253877197656998,79.92601349223061,11,18,45.86993253884695,75.2,71.8243538003905,0,0.0,100
7,8,A*,,,17.833690055170337,28.84492632271089,2.207214572788517,87.3660579211237,4,7,42.66971039438151,75.2,71.52130904535247,0,0.0,100
7,8,NSGA-II,,Dengeli,17.833690055170337,28.84492632271089,2.207214572788517,87.3660579211237,4,7,42.66971039438151,75.2,71.52130904535247,0,0.0,100
7,8,AffectEV,15.0,,17.888691353804656,30.8640356117641,2.063507898387181,86.64599104638421,3,10,44.27004476807897,75.2,71.7608201693547,0,0.0,100
7,8,AffectEV,30.0,Dengeli,17.833690055170337,28.84492632271089,2.207214572788517,87.3660579211237,4,7,42.66971039438151,75.2,71.52130904535247,0,0.0,100
7,8,AffectEV,50.0,Dengeli,17.833690055170337,28.84492632271089,2.207214572788517,87.3660579211237,4,7,42.66971039438151,75.2,71.52130904535247,0,0.0,100
7,8,AffectEV,65.0,Dengeli,17.833690055170337,28.84492632271089,2.207214572788517,87.3660579211237,4,7,42.66971039438151,75.2,71.52130904535247,0,0.0,100
7,8,AffectEV,85.0,,20.148683930909105,32.59331616409619,2.431014972625678,88.2833279337761,2,7,43.083360331119465,75.2,71.14830837895721,0,0.0,100
8,8,Dijkstra,,,25.23747109975654,46.457256395850045,2.8192254882130934,77.83725590181098,4,43,36.31372049094511,43.6,38.90129085297818,0,0.0,94
8,8,A*,,,25.595042184433463,46.097391870162944,2.8337814328167013,80.05586064803151,2,39,36.220696759842426,43.6,38.8770309453055,0,0.0,94
8,8,NSGA-II,,Dengeli,25.775462379625882,46.42082506974279,2.8537391585508107,81.24653236955646,2,35,36.267338152217675,43.6,38.84376806908198,0,0.0,94
8,8,AffectEV,15.0,,25.595042184433463,46.097391870162944,2.8337814328167013,80.05586064803151,2,39,36.220696759842426,43.6,38.8770309453055,0,0.0,94
8,8,AffectEV,30.0,Dengeli,25.775462379625882,46.42082506974279,2.8537391585508107,81.24653236955646,2,35,36.267338152217675,43.6,38.84376806908198,0,0.0,94
8,8,AffectEV,50.0,,30.421712133197808,49.284894991320854,3.423006356971794,89.55884350315601,2,6,38.20578248421991,43.6,37.89498940504701,0,0.0,94
8,8,AffectEV,65.0,,30.777215081123305,51.11148377968711,3.433917057171236,90.26906082722545,2,4,37.65469586387273,43.6,37.87680490471461,0,0.0,94
8,8,AffectEV,85.0,,31.24845844969796,52.031798978162904,3.4885424910818457,90.51934475239668,2,3,37.90327623801658,43.6,37.78576251486359,0,0.0,94
9,8,Dijkstra,,,17.935784581718238,36.94829401906612,2.4883274109417868,75.77606152997564,24,8,49.11969235012184,55.9,51.752787648430356,0,0.0,100
9,8,A*,,,26.11055217719768,26.02285279842158,3.766719470484072,89.71959178514379,2,6,37.402041074281044,55.9,49.62213421585988,0,0.0,100
9,8,NSGA-II,,Dengeli,20.99232673148104,33.98616963983628,2.4774265838843803,87.57901668751262,1,8,47.60491656243687,55.9,51.770955693526034,0,0.0,100
9,8,AffectEV,15.0,,20.743791572039633,33.39140011167455,2.4510386075095756,86.58967811628125,1,11,48.05160941859373,55.9,51.81493565415071,0,0.0,100
9,8,AffectEV,30.0,Dengeli,20.99232673148104,33.98616963983628,2.4774265838843803,87.57901668751262,1,8,47.60491656243687,55.9,51.770955693526034,0,0.0,100
9,8,AffectEV,50.0,,21.650591004792908,36.70505207524524,2.533440142604989,88.59969205815814,1,5,47.001539709209275,55.9,51.677599762325016,0,0.0,100
9,8,AffectEV,65.0,Konfor,26.62434560297034,30.108223139856346,3.6017003393025555,91.58892966742764,0,3,37.55535166286179,55.9,49.897166101162405,0,0.0,100
9,8,AffectEV,85.0,Konfor,26.62434560297034,30.108223139856346,3.6017003393025555,91.58892966742764,0,3,37.55535166286179,55.9,49.897166101162405,0,0.0,100
10,8,Dijkstra,,,8.80302209354457,21.05716567292235,1.187466564687579,83.0208090460846,11,3,52.89595476957698,30.8,28.820889058854036,0,0.0,8
10,8,A*,,,9.48975926483522,19.180476117276516,1.1101200041624422,87.17212967117084,4,6,45.13935164414584,30.8,28.949799993062598,0,0.0,8
10,8,NSGA-II,,Verimlilik,9.48975926483522,19.180476117276516,1.1101200041624422,87.17212967117084,4,6,45.13935164414584,30.8,28.949799993062598,0,0.0,8
10,8,AffectEV,15.0,Verimlilik,9.48975926483522,19.180476117276516,1.1101200041624422,87.17212967117084,4,6,45.13935164414584,30.8,28.949799993062598,0,0.0,8
10,8,AffectEV,30.0,Verimlilik,9.48975926483522,19.180476117276516,1.1101200041624422,87.17212967117084,4,6,45.13935164414584,30.8,28.949799993062598,0,0.0,8
10,8,AffectEV,50.0,,11.4525814751614,20.017412365768298,1.3229832977590708,89.59520632399513,0,3,47.52396838002433,30.8,28.595027837068216,0,0.0,8
10,8,AffectEV,65.0,,11.4525814751614,20.017412365768298,1.3229832977590708,89.59520632399513,0,3,47.52396838002433,30.8,28.595027837068216,0,0.0,8
10,8,AffectEV,85.0,,11.46753331191533,20.048947920335983,1.3245824954019483,89.6033738242869,0,3,47.48313087856545,30.8,28.59236250766342,0,0.0,8
11,8,Dijkstra,,,9.660212526006283,19.146352968774423,1.2347207173512844,83.07246566950143,7,9,53.63767165249288,51.9,49.84213213774786,0,0.0,88
11,8,A*,,,9.700879391433153,17.36458803454241,1.2060792199230872,85.77557569207558,3,6,54.62212153962211,51.9,49.88986796679485,0,0.0,88
11,8,NSGA-II,,Dengeli,11.523671866200687,18.47850810848794,1.3910279250185271,88.4394061503047,2,2,49.802969248476465,51.9,49.58162012496912,0,0.0,88
11,8,AffectEV,15.0,Verimlilik,9.700879391433153,17.36458803454241,1.2060792199230872,85.77557569207558,3,6,54.62212153962211,51.9,49.88986796679485,0,0.0,88
11,8,AffectEV,30.0,,9.898225243761136,17.46223616709058,1.2272083636520028,86.30682684380686,3,5,53.465865780965686,51.9,49.85465272724666,0,0.0,88
11,8,AffectEV,50.0,Dengeli,11.523671866200687,18.47850810848794,1.3910279250185271,88.4394061503047,2,2,49.802969248476465,51.9,49.58162012496912,0,0.0,88
11,8,AffectEV,65.0,,12.054437147807839,19.2883263885503,1.4439883035550096,88.72947694425828,2,2,48.352615278708576,51.9,49.493352827408316,0,0.0,88
11,8,AffectEV,85.0,,12.054437147807839,19.2883263885503,1.4439883035550096,88.72947694425828,2,2,48.352615278708576,51.9,49.493352827408316,0,0.0,88
12,8,Dijkstra,,,21.66993991746172,43.73050760270573,2.689485071326592,76.56652887704641,11,23,55.16735561476795,65.7,61.21752488112235,0,0.0,100
12,8,A*,,,22.235093969203078,40.22413764504593,2.7124076545936178,75.45029748160538,5,37,54.74851259197313,65.7,61.17932057567731,0,0.0,100
12,8,NSGA-II,,Dengeli,21.948791165812363,41.71540053994908,2.6705222221370732,79.01022865037163,7,22,54.44885674814188,65.7,61.249129629771545,0,0.0,100
12,8,AffectEV,15.0,,21.811903677677897,41.603035736151575,2.665983954673957,78.23888523686364,6,25,56.30557381568183,65.7,61.25669340887674,0,0.0,100
12,8,AffectEV,30.0,Dengeli,21.948791165812363,41.71540053994908,2.6705222221370732,79.01022865037163,7,22,54.44885674814188,65.7,61.249129629771545,0,0.0,100
12,8,AffectEV,50.0,,22.14613701814034,41.81304867249726,2.691651365865989,79.41327765473096,7,21,53.93361172634519,65.7,61.21391439022335,0,0.0,100
12,8,AffectEV,65.0,,23.1126301367805,44.96182460367092,2.797508881025436,80.45680667699595,8,17,52.21596661502022,65.7,61.037485198290945,0,0.0,100
12,8,AffectEV,85.0,,24.06853665233978,46.914499769194556,2.896887608784825,80.80742021414201,8,17,50.46289892928996,65.7,60.87185398535863,0,0.0,100
13,8,Dijkstra,,,23.210046865366078,49.56697319774951,2.9055000781357525,74.43710133074313,18,24,46.81449334628439,42.6,37.757499869773746,0,0.0,100
13,8,A*,,,24.673211862626776,36.83570485223633,2.885799607433229,88.06777399888452,0,9,46.1611300055774,42.6,37.790333987611284,0,0.0,100
13,8,NSGA-II,,Dengeli,24.64133287324217,37.214568505148236,2.860900925848566,88.27619293693814,0,9,45.11903531530929,42.6,37.831831790252394,0,0.0,100
13,8,AffectEV,15.0,Dengeli,24.64133287324217,37.214568505148236,2.860900925848566,88.27619293693814,0,9,45.11903531530929,42.6,37.831831790252394,0,0.0,100
13,8,AffectEV,30.0,Dengeli,24.64133287324217,37.214568505148236,2.860900925848566,88.27619293693814,0,9,45.11903531530929,42.6,37.831831790252394,0,0.0,100
13,8,AffectEV,50.0,Dengeli,24.64133287324217,37.214568505148236,2.860900925848566,88.27619293693814,0,9,45.11903531530929,42.6,37.831831790252394,0,0.0,100
13,8,AffectEV,65.0,,26.503175231940464,44.166907706072514,3.0029355908214552,89.34674267273418,0,7,42.76628663632911,42.6,37.59510734863091,0,0.0,100
13,8,AffectEV,85.0,,26.503175231940464,44.166907706072514,3.0029355908214552,89.34674267273418,0,7,42.76628663632911,42.6,37.59510734863091,0,0.0,100
14,8,Dijkstra,,,17.365727681979003,37.47159335901385,2.184483597477934,80.71559959198885,11,12,50.92200204005574,77.8,74.15919400420344,0,0.0,100
14,8,A*,,,17.478201578366416,37.01004610555526,2.1687582449107694,81.65380267403815,10,11,50.23098662980924,77.8,74.18540292514871,0,0.0,100
14,8,NSGA-II,,Dengeli,18.700817822708245,37.06447439311408,2.27651916052181,84.10998246267721,8,7,48.95008768661394,77.8,74.00580139913032,0,0.0,100
14,8,AffectEV,15.0,,17.478201578366416,37.01004610555526,2.1687582449107694,81.65380267403815,10,11,50.23098662980924,77.8,74.18540292514871,0,0.0,100
14,8,AffectEV,30.0,Dengeli,18.700817822708245,37.06447439311408,2.27651916052181,84.10998246267721,8,7,48.95008768661394,77.8,74.00580139913032,0,0.0,100
14,8,AffectEV,50.0,,18.73286985810312,37.087613213504476,2.278776804507277,84.14591938652865,8,7,48.77040306735676,77.8,74.00203865915454,0,0.0,100
14,8,AffectEV,65.0,,21.94231030447154,40.65903257892129,2.60875578071789,86.1932286028481,6,5,46.53385698575953,77.8,73.45207369880352,0,0.0,100
14,8,AffectEV,85.0,,21.94231030447154,40.65903257892129,2.60875578071789,86.1932286028481,6,5,46.53385698575953,77.8,73.45207369880352,0,0.0,100
15,8,Dijkstra,,,23.12440075830618,46.73609685277552,3.22937602592029,73.35925590979298,25,10,55.70372045103508,63.8,58.41770662346618,0,0.0,100
15,8,A*,,,24.856751388216505,38.47482186769416,3.1311149350813823,78.75665837486719,6,25,53.71670812566406,63.8,58.581475108197694,0,0.0,100
15,8,NSGA-II,,Dengeli,24.862669879924937,40.280926713131684,3.1120720673048865,80.00080732239125,5,21,55.99596338804372,63.8,58.61321322115852,0,0.0,100
15,8,AffectEV,15.0,,24.7551404658621,38.52412511386618,3.103232154234547,79.26366417265058,6,24,52.68167913674713,63.8,58.62794640960909,0,0.0,100
15,8,AffectEV,30.0,,24.7551404658621,38.52412511386618,3.103232154234547,79.26366417265058,6,24,52.68167913674713,63.8,58.62794640960909,0,0.0,100
15,8,AffectEV,50.0,,25.84267290841625,43.58618894101591,3.2017774888896198,81.06770084876962,5,18,55.16149575615189,63.8,58.463704185183964,0,0.0,100
15,8,AffectEV,65.0,,27.292032045258733,47.78037790557801,3.434818507630215,82.35506850122238,11,4,54.72465749388814,63.8,58.07530248728297,0,0.0,100
15,8,AffectEV,85.0,,30.383577172581646,52.246296444774586,3.7718086146005128,82.82427732319513,6,10,55.87861338402433,63.8,57.51365230899914,0,0.0,100
16,8,Dijkstra,,,20.62345860912918,45.24038191145839,2.7678220557000293,74.48066435962822,20,16,53.59667820185888,84.0,79.38696324049995,0,0.0,100
16,8,A*,,,37.095179140401015,36.33676683168278,5.468708086959506,88.06034470047638,3,9,38.698276497618124,84.0,74.88548652173415,0,0.0,100
16,8,NSGA-II,,Dengeli,37.095179140401015,36.33676683168278,5.468708086959506,88.06034470047638,3,9,38.698276497618124,84.0,74.88548652173415,0,0.0,100
16,8,AffectEV,15.0,,23.29973314783391,42.009461695233554,2.737345934913697,83.62879842491131,3,17,48.85600787544343,84.0,79.43775677514384,0,0.0,100
16,8,AffectEV,30.0,,23.556278345531425,42.48688099820538,2.762387588717422,84.93227207946958,3,13,48.33863960265209,84.0,79.39602068547096,0,0.0,100
16,8,AffectEV,50.0,,25.28462749645399,45.73997784223255,2.898985051551048,87.81526367087835,2,7,45.423681645608255,84.0,79.16835824741491,0,0.0,100
16,8,AffectEV,65.0,,33.03350886475711,43.33799261147587,4.333301054503252,88.9396716459148,1,7,42.30164177042603,84.0,76.77783157582792,0,0.0,100
16,8,AffectEV,85.0,,33.03350886475711,43.33799261147587,4.333301054503252,88.9396716459148,1,7,42.30164177042603,84.0,76.77783157582792,0,0.0,100
17,8,Dijkstra,,,7.48250904180245,11.944920463612094,0.9322147664349241,86.74458250468419,1,9,50.277087476579034,48.8,47.246308722608454,0,0.0,25
17,8,A*,,,8.096529163197362,11.256482817661334,1.0179347801272192,87.12443830099562,1,8,49.87780849502191,48.8,47.1034420331213,0,0.0,25
17,8,NSGA-II,,Dengeli,7.874185264569342,11.62815144031676,0.9500889552793161,87.17879473627255,0,7,53.60602631863725,48.8,47.2165184078678,0,0.0,25
17,8,AffectEV,15.0,Dengeli,7.874185264569342,11.62815144031676,0.9500889552793161,87.17879473627255,0,7,53.60602631863725,48.8,47.2165184078678,0,0.0,25
17,8,AffectEV,30.0,Dengeli,7.874185264569342,11.62815144031676,0.9500889552793161,87.17879473627255,0,7,53.60602631863725,48.8,47.2165184078678,0,0.0,25
17,8,AffectEV,50.0,,8.092432316017184,11.272722481755837,1.0187767324620833,87.3655723486194,1,7,50.17213825690302,48.8,47.10203877922986,0,0.0,25
17,8,AffectEV,65.0,,8.808344038751649,13.676317012085013,1.0921053309978455,87.64295877173868,1,6,50.28520614130664,48.8,46.97982444833692,0,0.0,25
17,8,AffectEV,85.0,,8.808344038751649,13.676317012085013,1.0921053309978455,87.64295877173868,1,6,50.28520614130664,48.8,46.97982444833692,0,0.0,25
18,8,Dijkstra,,,17.48013166005094,29.45582564385525,2.1585400100021723,81.96501344618679,5,16,53.67493276906602,72.1,68.50243331666304,0,0.0,53
18,8,A*,,,17.48038052525706,28.101750064680427,2.1504841595343485,82.73235305287068,4,15,53.838234735646644,72.1,68.51585973410941,0,0.0,53
18,8,NSGA-II,,Dengeli,17.661784663539354,28.51501787978527,2.16774851842206,83.13063373875475,4,14,53.346831306226214,72.1,68.48708580262989,0,0.0,53
18,8,AffectEV,15.0,,17.48038052525706,28.101750064680427,2.1504841595343485,82.73235305287068,4,15,53.838234735646644,72.1,68.51585973410941,0,0.0,53
18,8,AffectEV,30.0,Dengeli,17.661784663539354,28.51501787978527,2.16774851842206,83.13063373875475,4,14,53.346831306226214,72.1,68.48708580262989,0,0.0,53
18,8,AffectEV,50.0,Dengeli,17.661784663539354,28.51501787978527,2.16774851842206,83.13063373875475,4,14,53.346831306226214,72.1,68.48708580262989,0,0.0,53
18,8,AffectEV,65.0,,25.52030218483164,35.858098571841005,3.2928975522334087,85.47918560939969,2,16,43.60407195300155,72.1,66.61183741294431,0,0.0,53
18,8,AffectEV,85.0,,25.52030218483164,35.858098571841005,3.2928975522334087,85.47918560939969,2,16,43.60407195300155,72.1,66.61183741294431,0,0.0,53
19,8,Dijkstra,,,17.47460100191027,20.894529583427186,2.570912911433571,89.6116872140629,4,4,35.9415639296855,59.6,55.315145147610714,0,0.0,49
19,8,A*,,,17.613301131838053,20.36425881645525,2.5713319787496354,90.58865737093008,2,4,36.05671314534958,59.6,55.31444670208394,0,0.0,49
19,8,NSGA-II,,Dengeli,17.613301131838053,20.36425881645525,2.5713319787496354,90.58865737093008,2,4,36.05671314534958,59.6,55.31444670208394,0,0.0,49
19,8,AffectEV,15.0,,19.172258965217253,36.50692606877369,2.4493324706346367,83.76892229452811,13,5,41.15538852735946,59.6,55.51777921560894,0,0.0,49
19,8,AffectEV,30.0,Dengeli,17.613301131838053,20.36425881645525,2.5713319787496354,90.58865737093008,2,4,36.05671314534958,59.6,55.31444670208394,0,0.0,49
19,8,AffectEV,50.0,Dengeli,17.613301131838053,20.36425881645525,2.5713319787496354,90.58865737093008,2,4,36.05671314534958,59.6,55.31444670208394,0,0.0,49
19,8,AffectEV,65.0,Dengeli,17.613301131838053,20.36425881645525,2.5713319787496354,90.58865737093008,2,4,36.05671314534958,59.6,55.31444670208394,0,0.0,49
19,8,AffectEV,85.0,Dengeli,17.613301131838053,20.36425881645525,2.5713319787496354,90.58865737093008,2,4,36.05671314534958,59.6,55.31444670208394,0,0.0,49
20,8,Dijkstra,,,17.058035821320935,26.140825668740078,2.1249580343850942,85.97451401016318,1,8,55.62742994918413,41.3,37.75840327602484,0,0.0,46
20,8,A*,,,18.870948473505916,25.307080976390235,2.349475519859577,84.80460922641976,0,15,53.47695386790117,41.3,37.384207466900705,0,0.0,46
20,8,NSGA-II,,Dengeli,17.06128237476365,26.000853303623852,2.127417355251401,85.96384439578539,1,8,55.68077802107308,41.3,37.754304407914326,0,0.0,46
20,8,AffectEV,15.0,Dengeli,17.06128237476365,26.000853303623852,2.127417355251401,85.96384439578539,1,8,55.68077802107308,41.3,37.754304407914326,0,0.0,46
20,8,AffectEV,30.0,Dengeli,17.06128237476365,26.000853303623852,2.127417355251401,85.96384439578539,1,8,55.68077802107308,41.3,37.754304407914326,0,0.0,46
20,8,AffectEV,50.0,Dengeli,17.06128237476365,26.000853303623852,2.127417355251401,85.96384439578539,1,8,55.68077802107308,41.3,37.754304407914326,0,0.0,46
20,8,AffectEV,65.0,,18.01677562524883,27.616751793101507,2.2300071540144755,86.41249801175522,0,8,55.937509941223915,41.3,37.58332140997587,0,0.0,46
20,8,AffectEV,85.0,,18.06684004586038,28.07642627988627,2.2382339053597002,86.45065022811742,0,8,55.7467488594129,41.3,37.56961015773383,0,0.0,46
21,8,Dijkstra,,,12.403662818592329,25.42250222033055,1.6272769703354253,83.07948536641183,10,5,52.102573167940825,62.9,60.18787171610762,0,0.0,77
21,8,A*,,,12.704988567778896,25.10402764921869,1.6148550864646154,84.64083472921615,8,4,50.7958263539192,62.9,60.20857485589231,0,0.0,77
21,8,NSGA-II,,Dengeli,14.222405218985095,27.57714201673525,1.7159501536231156,87.59994740091524,5,3,45.00026299542381,62.9,60.0400830772948,0,0.0,77
21,8,AffectEV,15.0,,12.704988567778896,25.10402764921869,1.6148550864646154,84.64083472921615,8,4,50.7958263539192,62.9,60.20857485589231,0,0.0,77
21,8,AffectEV,30.0,,12.713849359404993,25.128634404095443,1.6157800460297795,84.68204025586824,8,4,50.58979872065879,62.9,60.20703325661703,0,0.0,77
21,8,AffectEV,50.0,Dengeli,14.222405218985095,27.57714201673525,1.7159501536231156,87.59994740091524,5,3,45.00026299542381,62.9,60.0400830772948,0,0.0,77
21,8,AffectEV,65.0,,14.58153149834252,28.073925027239866,1.7477043675267323,87.88483020764197,5,3,43.57584896179015,62.9,59.98715938745544,0,0.0,77
21,8,AffectEV,85.0,,14.58153149834252,28.073925027239866,1.7477043675267323,87.88483020764197,5,3,43.57584896179015,62.9,59.98715938745544,0,0.0,77
22,8,Dijkstra,,,6.523072409060071,15.91536030396059,0.8942422532067987,81.32187318615291,9,13,51.39063406923543,52.3,50.80959624465533,0,0.0,53
22,8,A*,,,6.827683770057057,13.415724173998775,0.8905802559494242,86.78215378621657,5,2,50.58923106891715,52.3,50.815699573417625,0,0.0,53
22,8,NSGA-II,,Dengeli,6.954093140639081,14.629538474528003,0.843135577604171,87.26234032234527,4,3,49.18829838827367,52.3,50.89477403732638,0,0.0,53
22,8,AffectEV,15.0,,6.945954704950598,14.097773311477626,0.8590132723151862,86.86833216437648,4,3,51.158339178117586,52.3,50.86831121280802,0,0.0,53
22,8,AffectEV,30.0,Dengeli,6.954093140639081,14.629538474528003,0.843135577604171,87.26234032234527,4,3,49.18829838827367,52.3,50.89477403732638,0,0.0,53
22,8,AffectEV,50.0,,7.460915539253649,15.08258602831479,0.8954715342348957,88.46977589112058,4,1,46.1511205443971,52.3,50.80754744294184,0,0.0,53
22,8,AffectEV,65.0,,8.48320048474855,16.431202834008236,0.987816631338979,89.28942983002919,2,2,45.552850849854046,52.3,50.653638947768364,0,0.0,53
22,8,AffectEV,85.0,,8.920593986939599,17.09791623759616,1.0321564338347082,89.50604058629996,2,2,44.46979706850022,52.3,50.57973927694215,0,0.0,53
23,8,Dijkstra,,,10.922201574548646,23.50869045176123,1.331101544228523,76.04245695365555,6,36,50.78771523172228,59.7,57.4814974262858,0,0.0,100
23,8,A*,,,12.392833329707532,21.136558611696515,1.4366551148680549,84.290306721371,0,21,47.04846639314504,59.7,57.305574808553246,0,0.0,100
23,8,NSGA-II,,Dengeli,12.209655102485474,22.020152708927014,1.368439628669967,85.81015241988555,0,18,43.94923790057226,59.7,57.419267285550056,0,0.0,100
23,8,AffectEV,15.0,,11.883768696894483,21.3807580880622,1.330226671203213,82.28183251700453,0,30,43.59083741497734,59.7,57.48295554799465,0,0.0,100
23,8,AffectEV,30.0,,12.134184582062927,21.911001429881097,1.3606370738433868,85.49902521736792,0,19,44.0048739131604,59.7,57.43227154359436,0,0.0,100
23,8,AffectEV,50.0,Dengeli,12.209655102485474,22.020152708927014,1.368439628669967,85.81015241988555,0,18,43.94923790057226,59.7,57.419267285550056,0,0.0,100
23,8,AffectEV,65.0,,13.162908756059755,23.721837868215506,1.4721807063101155,86.51210147900863,0,16,43.43949260495684,59.7,57.246365489483146,0,0.0,100
23,8,AffectEV,85.0,,14.189311321250322,25.736669048617628,1.5843618706429945,87.03163459750014,0,15,42.341827012499294,59.7,57.05939688226168,0,0.0,100
24,8,Dijkstra,,,23.542621774622575,38.200302870477415,2.6223051946167844,91.60036796122058,1,1,37.99816019389707,70.5,66.12949134230536,0,0.0,100
24,8,A*,,,27.623707671317586,29.31921069271528,3.6663602005539757,91.73618829438696,2,3,31.819058528065177,70.5,64.38939966574337,0,0.0,100
24,8,NSGA-II,,Dengeli,24.00386781010106,38.47176093668621,2.6574387157284303,92.12356464084606,0,1,37.88217679576972,70.5,66.07093547378595,0,0.0,100
24,8,AffectEV,15.0,,23.54414106379548,38.07009039240165,2.6202054622666653,91.61638786361299,1,1,37.91806068193507,70.5,66.13299089622222,0,0.0,100
24,8,AffectEV,30.0,Dengeli,24.00386781010106,38.47176093668621,2.6574387157284303,92.12356464084606,0,1,37.88217679576972,70.5,66.07093547378595,0,0.0,100
24,8,AffectEV,50.0,Dengeli,24.00386781010106,38.47176093668621,2.6574387157284303,92.12356464084606,0,1,37.88217679576972,70.5,66.07093547378595,0,0.0,100
24,8,AffectEV,65.0,,27.833825816867186,33.062672147070074,3.589831560110942,92.54119164292757,2,1,30.794041785362104,70.5,64.5169473998151,0,0.0,100
24,8,AffectEV,85.0,,27.833825816867186,33.062672147070074,3.589831560110942,92.54119164292757,2,1,30.794041785362104,70.5,64.5169473998151,0,0.0,100
25,8,Dijkstra,,,15.927133076834163,32.40291941589731,2.051347013567835,80.76520404911605,13,11,47.17397975441976,55.0,51.581088310720276,0,0.0,100
25,8,A*,,,16.96930685197129,31.50972031049509,2.1091163725170126,84.18139296808899,8,8,47.09303515955508,55.0,51.48480604580498,0,0.0,100
25,8,NSGA-II,,Dengeli,18.3380101525493,33.66956094757812,2.153969593518449,87.59848514949364,4,6,43.00757425253179,55.0,51.41005067746925,0,0.0,100
25,8,AffectEV,15.0,,16.469158954763678,31.896146021721563,2.043448177024064,83.5627650727719,9,9,46.18617463614048,55.0,51.594253038293225,0,0.0,100
25,8,AffectEV,30.0,,16.853974650008855,31.905406510558674,2.0931563632660457,85.11972794806007,8,6,45.40136025969965,55.0,51.511406061223255,0,0.0,100
25,8,AffectEV,50.0,Dengeli,18.3380101525493,33.66956094757812,2.153969593518449,87.59848514949364,4,6,43.00757425253179,55.0,51.41005067746925,0,0.0,100
25,8,AffectEV,65.0,,21.940134922766763,38.64832792646487,2.4947292705716078,89.34090816603168,1,6,41.795459169841635,55.0,50.842117882380656,0,0.0,100
25,8,AffectEV,85.0,,21.940134922766763,38.64832792646487,2.4947292705716078,89.34090816603168,1,6,41.795459169841635,55.0,50.842117882380656,0,0.0,100
26,8,Dijkstra,,,14.53899591594657,27.698458670769853,1.8098543523831456,84.83920661576899,5,9,49.803966921155045,77.6,74.58357607936142,0,0.0,100
26,8,A*,,,15.548561767311973,24.431291765029243,1.897021120211761,87.08220153258725,1,7,51.58899233706374,77.6,74.43829813298039,0,0.0,100
26,8,NSGA-II,,Dengeli,15.548561767311973,24.431291765029243,1.897021120211761,87.08220153258725,1,7,51.58899233706374,77.6,74.43829813298039,0,0.0,100
26,8,AffectEV,15.0,,14.600118532555575,26.811706084868167,1.7979506445679727,86.08153229448959,4,7,49.09233852755207,77.6,74.60341559238671,0,0.0,100
26,8,AffectEV,30.0,Dengeli,15.548561767311973,24.431291765029243,1.897021120211761,87.08220153258725,1,7,51.58899233706374,77.6,74.43829813298039,0,0.0,100
26,8,AffectEV,50.0,,15.626006144233193,27.232594350546012,1.8683068038360364,87.7234669549712,2,6,47.38266522514399,77.6,74.48615532693994,0,0.0,100
26,8,AffectEV,65.0,,15.962890203798118,28.179466275236244,1.8996264335141102,88.06371556310359,2,5,47.181422184482045,77.6,74.43395594414315,0,0.0,100
26,8,AffectEV,85.0,Konfor,15.96442740382092,28.776899127005915,1.8981337933958822,88.09719894639245,2,5,47.01400526803773,77.6,74.43644367767352,0,0.0,100
27,8,Dijkstra,,,10.86006125920067,23.621216132312792,1.3166904612912107,76.98267592861832,7,33,48.086620356908384,49.6,47.405515897847984,0,0.0,73
27,8,A*,,,11.223522328141836,21.86870651110248,1.2863254874416938,80.20330523081262,2,32,45.98347384593692,49.6,47.456124187597176,0,0.0,73
27,8,NSGA-II,,Dengeli,11.272440177760746,22.03096315749112,1.2941750609680012,81.01369809195504,2,29,46.431509540224866,49.6,47.443041565053335,0,0.0,73
27,8,AffectEV,15.0,,11.223522328141836,21.86870651110248,1.2863254874416938,80.20330523081262,2,32,45.98347384593692,49.6,47.456124187597176,0,0.0,73
27,8,AffectEV,30.0,,11.227809037875982,21.95172356425943,1.2892441336999219,80.71270386503986,2,30,46.43648067480072,49.6,47.4512597771668,0,0.0,73
27,8,AffectEV,50.0,,11.96521040161793,23.74048364683644,1.3898953783120538,84.85591089377,2,15,48.22044553115001,49.6,47.283507702813246,0,0.0,73
27,8,AffectEV,65.0,,12.277930575223051,24.3507161311649,1.4219410688426322,85.36291322687057,2,14,47.185433865647084,49.6,47.230098218595614,0,0.0,73
27,8,AffectEV,85.0,Konfor,13.30380308675222,26.20246474817423,1.5336933593085653,86.12903879604846,2,12,46.3548060197577,49.6,47.04384440115239,0,0.0,73
28,8,Dijkstra,,,22.02802455703555,36.54409490802103,2.79889713458915,80.6131235635786,11,12,51.434382182107036,84.3,79.63517144235142,0,0.0,71
28,8,A*,,,24.211919829352468,34.47431959756319,3.046386119093935,82.08634187696029,6,16,50.56829061519857,84.3,79.2226898015101,0,0.0,71
28,8,NSGA-II,,Dengeli,22.783497692440953,36.07863425093566,2.777441593097893,84.09109608656057,6,11,48.04451956719718,84.3,79.67093067817018,0,0.0,71
28,8,AffectEV,15.0,Dengeli,22.783497692440953,36.07863425093566,2.777441593097893,84.09109608656057,6,11,48.04451956719718,84.3,79.67093067817018,0,0.0,71
28,8,AffectEV,30.0,Dengeli,22.783497692440953,36.07863425093566,2.777441593097893,84.09109608656057,6,11,48.04451956719718,84.3,79.67093067817018,0,0.0,71
28,8,AffectEV,50.0,,26.26467998956292,36.58750050385138,3.265440369164445,86.13020284202754,2,11,47.848985789862276,84.3,78.85759938472592,0,0.0,71
28,8,AffectEV,65.0,,26.26467998956292,36.58750050385138,3.265440369164445,86.13020284202754,2,11,47.848985789862276,84.3,78.85759938472592,0,0.0,71
28,8,AffectEV,85.0,,26.26467998956292,36.58750050385138,3.265440369164445,86.13020284202754,2,11,47.848985789862276,84.3,78.85759938472592,0,0.0,71
29,8,Dijkstra,,,12.699312958695026,23.128627318803993,1.398925458974467,90.27831212577408,0,6,39.6084393711296,51.5,49.168457568375885,0,0.0,47
29,8,A*,,,12.774258497922235,15.479122859641377,1.77810690624844,91.07321253803414,0,5,37.13393730982932,51.5,48.536488489585935,0,0.0,47
29,8,NSGA-II,,Dengeli,12.774258497922235,15.479122859641377,1.77810690624844,91.07321253803414,0,5,37.13393730982932,51.5,48.536488489585935,0,0.0,47
29,8,AffectEV,15.0,Dengeli,12.774258497922235,15.479122859641377,1.77810690624844,91.07321253803414,0,5,37.13393730982932,51.5,48.536488489585935,0,0.0,47
29,8,AffectEV,30.0,Dengeli,12.774258497922235,15.479122859641377,1.77810690624844,91.07321253803414,0,5,37.13393730982932,51.5,48.536488489585935,0,0.0,47
29,8,AffectEV,50.0,,12.81501476706065,15.502018470931313,1.7815829945583062,91.09050519031577,0,5,37.04747404842118,51.5,48.53069500906949,0,0.0,47
29,8,AffectEV,65.0,Konfor,17.783474404560227,19.412869255199393,2.5018430819520328,92.76187136778388,0,0,36.190643161080615,51.5,47.330261530079945,0,0.0,47
29,8,AffectEV,85.0,Konfor,17.783474404560227,19.412869255199393,2.5018430819520328,92.76187136778388,0,0,36.190643161080615,51.5,47.330261530079945,0,0.0,47
30,8,Dijkstra,,,21.79446021612964,15.414547189821763,3.44898942633978,93.57923418438342,0,0,32.10382907808285,48.9,43.151684289433696,0,0.0,5
30,8,A*,,,21.79446021612964,15.414547189821763,3.44898942633978,93.57923418438342,0,0,32.10382907808285,48.9,43.151684289433696,0,0.0,5
30,8,NSGA-II,,Dengeli,21.855044947629068,16.745894864483894,3.380203957887804,93.62856209813236,0,0,31.857189509338156,48.9,43.26632673685366,0,0.0,5
30,8,AffectEV,15.0,Dengeli,21.855044947629068,16.745894864483894,3.380203957887804,93.62856209813236,0,0,31.857189509338156,48.9,43.26632673685366,0,0.0,5
30,8,AffectEV,30.0,Dengeli,21.855044947629068,16.745894864483894,3.380203957887804,93.62856209813236,0,0,31.857189509338156,48.9,43.26632673685366,0,0.0,5
30,8,AffectEV,50.0,Dengeli,21.855044947629068,16.745894864483894,3.380203957887804,93.62856209813236,0,0,31.857189509338156,48.9,43.26632673685366,0,0.0,5
30,8,AffectEV,65.0,Dengeli,21.855044947629068,16.745894864483894,3.380203957887804,93.62856209813236,0,0,31.857189509338156,48.9,43.26632673685366,0,0.0,5
30,8,AffectEV,85.0,Dengeli,21.855044947629068,16.745894864483894,3.380203957887804,93.62856209813236,0,0,31.857189509338156,48.9,43.26632673685366,0,0.0,5
31,8,Dijkstra,,,18.460401315711664,42.27426167725489,2.4536067060180895,67.36363516038273,20,36,59.181824198086325,55.0,50.91065548996985,0,0.0,100
31,8,A*,,,19.794164363678192,36.81861819477913,2.449388578471692,77.55419890574836,5,28,57.72900547125819,55.0,50.91768570254718,0,0.0,100
31,8,NSGA-II,,Dengeli,19.794164363678192,36.81861819477913,2.449388578471692,77.55419890574836,5,28,57.72900547125819,55.0,50.91768570254718,0,0.0,100
31,8,AffectEV,15.0,Verimlilik,19.213883849346384,36.91918175028403,2.395155521564756,72.57934867830265,7,41,58.10325660848677,55.0,51.008074130725404,0,0.0,100
31,8,AffectEV,30.0,Dengeli,19.794164363678192,36.81861819477913,2.449388578471692,77.55419890574836,5,28,57.72900547125819,55.0,50.91768570254718,0,0.0,100
31,8,AffectEV,50.0,,19.92724891514189,37.397442827547316,2.4541470218350496,78.04058660957833,5,27,56.79706695210836,55.0,50.90975496360825,0,0.0,100
31,8,AffectEV,65.0,,21.411848787135046,40.66739175419869,2.687137446668644,81.33123471337612,7,12,57.84382643311943,55.0,50.52143758888559,0,0.0,100
31,8,AffectEV,85.0,,21.71123265904476,41.378122001750384,2.714447536094723,81.52720226065705,7,12,56.86398869671474,55.0,50.47592077317546,0,0.0,100
32,8,Dijkstra,,,6.315449441209965,12.5333572662402,0.8042291623613371,84.28651578667323,4,7,58.067421066633806,87.5,86.1596180627311,0,0.0,100
32,8,A*,,,6.343848217684863,12.089891252791295,0.7852875050451565,85.99065874932202,3,5,55.046706253389914,87.5,86.1911874915914,0,0.0,100
32,8,NSGA-II,,Dengeli,6.484537493636104,12.700146186107244,0.7868619247838162,87.26838614791147,3,4,50.15806926044265,87.5,86.18856345869364,0,0.0,100
32,8,AffectEV,15.0,,6.351452942172403,12.121321553339056,0.7821034814204586,86.41533485855015,3,5,52.92332570724921,87.5,86.19649419763257,0,0.0,100
32,8,AffectEV,30.0,Dengeli,6.484537493636104,12.700146186107244,0.7868619247838162,87.26838614791147,3,4,50.15806926044265,87.5,86.18856345869364,0,0.0,100
32,8,AffectEV,50.0,,7.415204623876815,13.671671145156296,0.8680938713499738,88.6610056906443,1,4,48.19497154677848,87.5,86.05317688108337,0,0.0,100
32,8,AffectEV,65.0,,8.731329043445061,16.24610741506049,1.0255518154188397,89.85201777838301,1,3,43.739911108084904,87.5,85.79074697430194,0,0.0,100
32,8,AffectEV,85.0,,8.731329043445061,16.24610741506049,1.0255518154188397,89.85201777838301,1,3,43.739911108084904,87.5,85.79074697430194,0,0.0,100
33,8,Dijkstra,,,12.932258251440391,20.452003423195503,1.6407783479520124,84.20753936502769,2,13,54.462303174861596,67.3,64.56536942007997,0,0.0,23
33,8,A*,,,13.13129016966535,19.782280760717015,1.6616876358811927,84.13259450032284,2,13,54.83702749838581,67.3,64.53052060686467,0,0.0,23
33,8,NSGA-II,,Dengeli,13.13129016966535,19.782280760717015,1.6616876358811927,84.13259450032284,2,13,54.83702749838581,67.3,64.53052060686467,0,0.0,23
33,8,AffectEV,15.0,Verimlilik,12.942750934726801,19.9026799117849,1.630800000628003,83.9245577068179,2,14,54.37721146591052,67.3,64.58199999895332,0,0.0,23
33,8,AffectEV,30.0,Verimlilik,12.942750934726801,19.9026799117849,1.630800000628003,83.9245577068179,2,14,54.37721146591052,67.3,64.58199999895332,0,0.0,23
33,8,AffectEV,50.0,,13.12079748637894,20.331604272127617,1.671665983205202,84.41574716066444,2,12,54.921264196677804,67.3,64.51389002799132,0,0.0,23
33,8,AffectEV,65.0,,13.12079748637894,20.331604272127617,1.671665983205202,84.41574716066444,2,12,54.921264196677804,67.3,64.51389002799132,0,0.0,23
33,8,AffectEV,85.0,,13.244085689818425,20.565684881786762,1.6853373604957758,84.43430248269424,2,12,54.828487586528844,67.3,64.49110439917371,0,0.0,23
34,8,Dijkstra,,,13.181150613222396,27.098224627520498,1.59504919412984,73.69936406780218,3,46,55.003179660989126,86.8,84.14158467645026,0,0.0,65
34,8,A*,,,17.631544924722906,24.529399520551326,2.2468046141017197,85.41607957160264,2,15,45.41960214198685,86.8,83.0553256431638,0,0.0,65
34,8,NSGA-II,,Dengeli,14.220032954748946,25.934882057589693,1.6777408628160972,84.1581059359219,2,16,50.20947032039052,86.8,84.00376522863984,0,0.0,65
34,8,AffectEV,15.0,,13.686197755946102,26.072933679153664,1.5891988473751493,81.60267133945166,1,27,48.986643302741676,86.8,84.15133525437474,0,0.0,65
34,8,AffectEV,30.0,Dengeli,14.220032954748946,25.934882057589693,1.6777408628160972,84.1581059359219,2,16,50.20947032039052,86.8,84.00376522863984,0,0.0,65
34,8,AffectEV,50.0,Dengeli,14.220032954748946,25.934882057589693,1.6777408628160972,84.1581059359219,2,16,50.20947032039052,86.8,84.00376522863984,0,0.0,65
34,8,AffectEV,65.0,,18.070601594911313,25.176231625589033,2.2919848371971883,85.83680137445724,2,14,44.81599312771381,86.8,82.98002527133802,0,0.0,65
34,8,AffectEV,85.0,Konfor,18.624656325335668,29.312002335546072,2.3210060695772206,86.69561044718077,3,9,45.52194776409617,86.8,82.93165655070463,0,0.0,65
35,8,Dijkstra,,,20.230388693417584,39.949009365609506,2.618972792345404,75.78948930016456,12,25,53.5525534991772,47.9,43.53504534609099,0,0.0,100
35,8,A*,,,21.494114003414083,33.0106007507226,2.6600656971410346,82.26264051651785,5,17,50.68679741741077,47.9,43.46655717143161,0,0.0,100
35,8,NSGA-II,,Dengeli,21.482806559771756,33.019656156776286,2.6587981022464335,82.27329108782558,5,17,50.633544560872046,47.9,43.468669829589274,0,0.0,100
35,8,AffectEV,15.0,Dengeli,21.482806559771756,33.019656156776286,2.6587981022464335,82.27329108782558,5,17,50.633544560872046,47.9,43.468669829589274,0,0.0,100
35,8,AffectEV,30.0,Dengeli,21.482806559771756,33.019656156776286,2.6587981022464335,82.27329108782558,5,17,50.633544560872046,47.9,43.468669829589274,0,0.0,100
35,8,AffectEV,50.0,Dengeli,21.482806559771756,33.019656156776286,2.6587981022464335,82.27329108782558,5,17,50.633544560872046,47.9,43.468669829589274,0,0.0,100
35,8,AffectEV,65.0,,23.4653450895563,35.52001224971998,2.8542995483179237,83.46775120631867,4,16,48.66124396840667,47.9,43.142834086136794,0,0.0,100
35,8,AffectEV,85.0,,23.4653450895563,35.52001224971998,2.8542995483179237,83.46775120631867,4,16,48.66124396840667,47.9,43.142834086136794,0,0.0,100
36,8,Dijkstra,,,24.10993819189053,52.475153756662024,3.3431568092490727,55.33148698247415,28,66,54.34256508762924,59.2,53.62807198458488,0,0.0,100
36,8,A*,,,27.628601220988152,39.7044307852174,3.553530420301591,78.59228501731656,8,24,51.03857491341723,59.2,53.27744929949735,0,0.0,100
36,8,NSGA-II,,Dengeli,27.78522806303865,40.26613823279027,3.5278794996451017,80.32047958070405,7,20,50.89760209647978,59.2,53.32020083392483,0,0.0,100
36,8,AffectEV,15.0,,26.14311574385821,40.574159792773365,3.370035854759336,75.0964126163623,10,32,51.51793691818852,59.2,53.58327357540111,0,0.0,100
36,8,AffectEV,30.0,Dengeli,27.78522806303865,40.26613823279027,3.5278794996451017,80.32047958070405,7,20,50.89760209647978,59.2,53.32020083392483,0,0.0,100
36,8,AffectEV,50.0,Dengeli,27.78522806303865,40.26613823279027,3.5278794996451017,80.32047958070405,7,20,50.89760209647978,59.2,53.32020083392483,0,0.0,100
36,8,AffectEV,65.0,,31.537569442729982,41.985263454589116,4.152821850937845,84.9970387303101,5,11,46.01480634844956,59.2,52.278630248436926,0,0.0,100
36,8,AffectEV,85.0,,31.537569442729982,41.985263454589116,4.152821850937845,84.9970387303101,5,11,46.01480634844956,59.2,52.278630248436926,0,0.0,100
37,8,Dijkstra,,,12.058149939745649,22.610944403337026,1.4838724694955767,86.38795289286136,4,6,49.060235535693174,66.3,63.82687921750737,0,0.0,100
37,8,A*,,,13.600577581130452,19.388311975329223,1.6857430876504675,89.08517342989687,0,1,53.07413285051562,66.3,63.490428187249215,0,0.0,100
37,8,NSGA-II,,Dengeli,12.47728353208313,20.811574493895332,1.4789458615841495,88.70654239705935,1,4,47.96728801470322,66.3,63.83509023069308,0,0.0,100
37,8,AffectEV,15.0,,12.350201059234022,20.24983778643361,1.4663383341312466,88.20630946039702,1,5,48.968452698014914,66.3,63.85610277644792,0,0.0,100
37,8,AffectEV,30.0,,12.350201059234022,20.24983778643361,1.4663383341312466,88.20630946039702,1,5,48.968452698014914,66.3,63.85610277644792,0,0.0,100
37,8,AffectEV,50.0,,13.704950502542083,22.71599515750049,1.5753846772319773,90.24914464013278,0,3,44.25427679933611,66.3,63.674358871280035,0,0.0,100
37,8,AffectEV,65.0,,13.763393299379084,22.801489266186454,1.5811750843370713,90.27281287584141,0,3,44.135935620792935,66.3,63.66470819277154,0,0.0,100
37,8,AffectEV,85.0,Konfor,14.12882228882485,23.706191527896184,1.6151506575522983,90.34606216937264,0,3,43.76968915313675,66.3,63.60808223741283,0,0.0,100
38,8,Dijkstra,,,18.04001709290496,38.05711376889,2.408099528315907,72.37106489688081,14,31,56.64467551559596,66.1,62.08650078614015,0,0.0,100
38,8,A*,,,19.55570562179163,33.9119830559852,2.45540346923618,80.61725527269371,6,19,53.41372363653141,66.1,62.00766088460636,0,0.0,100
38,8,NSGA-II,,Dengeli,20.459417699611265,35.63558603658352,2.425983401977886,84.73850126428316,2,14,50.307493678584194,66.1,62.05669433003685,0,0.0,100
38,8,AffectEV,15.0,,19.713768097596475,34.688296078674135,2.398028095877463,82.30603232657911,4,18,51.46983836710441,66.1,62.10328650687089,0,0.0,100
38,8,AffectEV,30.0,,19.7106583442339,34.723639366930485,2.399096343512697,82.5756914455468,4,17,51.62154277226606,66.1,62.1015060941455,0,0.0,100
38,8,AffectEV,50.0,,21.29667671267965,37.72262499408615,2.5186986260220525,86.9682505039584,2,8,48.158747480208,66.1,61.90216895662991,0,0.0,100
38,8,AffectEV,65.0,,23.267679993533736,35.2737629030533,2.810194231499081,87.81201589139674,2,5,48.43992054301627,66.1,61.416342947501526,0,0.0,100
38,8,AffectEV,85.0,,23.07032073011843,40.38009984175563,2.70912546870209,88.18026435476605,2,6,45.0986782261697,66.1,61.58479088549651,0,0.0,100
39,8,Dijkstra,,,27.693169836575326,50.64891175247196,3.822765490752226,72.03509454949474,24,21,48.32452725252626,83.4,77.02872418207963,0,0.0,100
39,8,A*,,,28.836829395333833,33.90441393823876,3.702871158132156,87.08901180399452,0,12,46.554940980027396,83.4,77.22854806977975,0,0.0,100
39,8,NSGA-II,,Dengeli,28.836829395333833,33.90441393823876,3.702871158132156,87.08901180399452,0,12,46.554940980027396,83.4,77.22854806977975,0,0.0,100
39,8,AffectEV,15.0,Dengeli,28.836829395333833,33.90441393823876,3.702871158132156,87.08901180399452,0,12,46.554940980027396,83.4,77.22854806977975,0,0.0,100
39,8,AffectEV,30.0,Dengeli,28.836829395333833,33.90441393823876,3.702871158132156,87.08901180399452,0,12,46.554940980027396,83.4,77.22854806977975,0,0.0,100
39,8,AffectEV,50.0,Dengeli,28.836829395333833,33.90441393823876,3.702871158132156,87.08901180399452,0,12,46.554940980027396,83.4,77.22854806977975,0,0.0,100
39,8,AffectEV,65.0,,30.058765192581912,36.82725644532613,3.828726929680028,87.71898319059908,0,10,46.405084047004635,83.4,77.0187884505333,0,0.0,100
39,8,AffectEV,85.0,Konfor,33.81191947368701,39.42284872009301,4.689927667689814,88.39938753147456,0,11,41.50306234262719,83.4,75.58345388718365,0,0.0,100
40,8,Dijkstra,,,15.54634367544098,30.31715080234722,2.0110167489916844,77.41041179084195,10,22,54.947941045790245,86.5,83.14830541834719,0,0.0,100
40,8,A*,,,16.6647218596094,26.822008222392924,2.070249180316492,83.72331898137699,3,13,54.383405093115044,86.5,83.04958469947252,0,0.0,100
40,8,NSGA-II,,Dengeli,16.665468700793753,26.955653649805036,2.0707830206704956,84.07295410997952,3,12,54.13522945010237,86.5,83.04869496554917,0,0.0,100
40,8,AffectEV,15.0,,16.251046563545046,27.06904943638233,2.036203485195681,81.92702791219048,4,17,54.86486043904758,86.5,83.10632752467386,0,0.0,100
40,8,AffectEV,30.0,Dengeli,16.665468700793753,26.955653649805036,2.0707830206704956,84.07295410997952,3,12,54.13522945010237,86.5,83.04869496554917,0,0.0,100
40,8,AffectEV,50.0,Dengeli,16.665468700793753,26.955653649805036,2.0707830206704956,84.07295410997952,3,12,54.13522945010237,86.5,83.04869496554917,0,0.0,100
40,8,AffectEV,65.0,,17.06453642673335,27.931892626371468,2.1028942389567082,84.68170130355017,3,11,52.59149348224913,86.5,82.99517626840549,0,0.0,100
40,8,AffectEV,85.0,,18.177199463226604,30.026631004655027,2.2110835677039655,85.4603490991357,2,11,51.198254504321504,86.5,82.81486072049339,0,0.0,100
41,8,Dijkstra,,,23.660635711712654,33.38225776756501,2.9791237201342384,85.15981838380384,4,8,52.200908080980824,69.6,64.63479379977626,0,0.0,100
41,8,A*,,,23.709997513596857,32.15111909573408,3.0000971962336953,85.57421235798886,4,7,51.62893821005575,69.6,64.59983800627717,0,0.0,100
41,8,NSGA-II,,Dengeli,23.906854558075526,32.33911313701784,2.9857771059033267,86.15883066566356,2,7,53.7058466716822,69.6,64.62370482349445,0,0.0,100
41,8,AffectEV,15.0,Dengeli,23.906854558075526,32.33911313701784,2.9857771059033267,86.15883066566356,2,7,53.7058466716822,69.6,64.62370482349445,0,0.0,100
41,8,AffectEV,30.0,Dengeli,23.906854558075526,32.33911313701784,2.9857771059033267,86.15883066566356,2,7,53.7058466716822,69.6,64.62370482349445,0,0.0,100
41,8,AffectEV,50.0,,24.165257947744916,33.195365454507254,2.9955395054536478,86.41887979855471,2,7,52.405601007226444,69.6,64.60743415757725,0,0.0,100
41,8,AffectEV,65.0,,25.9957844184989,35.83530024587438,3.1822768150969987,87.03230441462652,2,8,47.838477926867355,69.6,64.29620530817166,0,0.0,100
41,8,AffectEV,85.0,,25.9957844184989,35.83530024587438,3.1822768150969987,87.03230441462652,2,8,47.838477926867355,69.6,64.29620530817166,0,0.0,100
42,8,Dijkstra,,,21.96282146541537,40.0498452655794,2.93578720928518,73.33881486783412,20,25,45.80592566082939,85.0,80.10702131785803,0,0.0,100
42,8,A*,,,22.090708649336612,39.32541801509411,2.9189617907408953,74.79494687471461,19,22,45.52526562642697,85.0,80.1350636820985,0,0.0,100
42,8,NSGA-II,,Dengeli,22.196961974257285,39.498805713396344,2.930112437429629,75.70961393852636,19,19,45.451930307368166,85.0,80.11647927095062,0,0.0,100
42,8,AffectEV,15.0,,22.090708649336612,39.32541801509411,2.9189617907408953,74.79494687471461,19,22,45.52526562642697,85.0,80.1350636820985,0,0.0,100
42,8,AffectEV,30.0,Dengeli,22.196961974257285,39.498805713396344,2.930112437429629,75.70961393852636,19,19,45.451930307368166,85.0,80.11647927095062,0,0.0,100
42,8,AffectEV,50.0,,35.443292826628046,41.564149039884576,4.892100216339187,88.72889633427161,2,11,34.85551832864194,85.0,76.84649963943468,0,0.0,100
42,8,AffectEV,65.0,,35.443292826628046,41.564149039884576,4.892100216339187,88.72889633427161,2,11,34.85551832864194,85.0,76.84649963943468,0,0.0,100
42,8,AffectEV,85.0,,37.97820588870696,43.566129499616636,5.173410975212052,89.33268978758606,0,12,35.33655106206966,85.0,76.37764837464658,0,0.0,100
43,8,Dijkstra,,,17.06329866686855,40.24075314369301,2.221764844418614,68.95736901714587,17,40,52.71315491427068,66.0,62.29705859263564,0,0.0,68
43,8,A*,,,19.772578350961624,34.43844828308449,2.481971461528459,76.04229520397061,7,32,54.288523980146934,66.0,61.86338089745257,0,0.0,68
43,8,NSGA-II,,Dengeli,19.452170156750384,34.51340765262929,2.4657628642619365,79.53812182506583,7,19,56.30939087467083,66.0,61.890395226230105,0,0.0,68
43,8,AffectEV,15.0,Dengeli,19.452170156750384,34.51340765262929,2.4657628642619365,79.53812182506583,7,19,56.30939087467083,66.0,61.890395226230105,0,0.0,68
43,8,AffectEV,30.0,Dengeli,19.452170156750384,34.51340765262929,2.4657628642619365,79.53812182506583,7,19,56.30939087467083,66.0,61.890395226230105,0,0.0,68
43,8,AffectEV,50.0,,20.127468415760198,34.85715179533373,2.489331072016802,80.15251470724608,4,22,56.23742646376957,66.0,61.851114879971995,0,0.0,68
43,8,AffectEV,65.0,,26.369692398971733,36.972680220645884,3.668390703402892,86.05224046609332,3,11,45.738797669533405,66.0,59.88601549432851,0,0.0,68
43,8,AffectEV,85.0,,26.369692398971733,36.972680220645884,3.668390703402892,86.05224046609332,3,11,45.738797669533405,66.0,59.88601549432851,0,0.0,68
44,8,Dijkstra,,,12.180318086105807,19.68570225668581,1.5067571532452342,86.27750450992149,1,7,55.61247745039258,66.9,64.38873807792461,0,0.0,98
44,8,A*,,,12.285504669146931,18.631369185565394,1.5004786248903852,88.22659401482989,0,3,54.36702992585057,66.9,64.39920229184936,0,0.0,98
44,8,NSGA-II,,Dengeli,12.32193268327224,18.672577601692844,1.5035847295808982,88.26566330185689,0,3,54.171683490715544,66.9,64.3940254506985,0,0.0,98
44,8,AffectEV,15.0,,12.285504669146931,18.631369185565394,1.5004786248903852,88.22659401482989,0,3,54.36702992585057,66.9,64.39920229184936,0,0.0,98
44,8,AffectEV,30.0,,12.285504669146931,18.631369185565394,1.5004786248903852,88.22659401482989,0,3,54.36702992585057,66.9,64.39920229184936,0,0.0,98
44,8,AffectEV,50.0,,12.680230325700808,19.593826977100413,1.5370390866963106,88.51651567521932,0,3,52.9174216239034,66.9,64.33826818883949,0,0.0,98
44,8,AffectEV,65.0,Konfor,14.480134589152883,22.256844601656674,1.7352538524414978,89.1409376295953,0,3,49.79531185202351,66.9,64.00791024593084,0,0.0,98
44,8,AffectEV,85.0,Konfor,14.480134589152883,22.256844601656674,1.7352538524414978,89.1409376295953,0,3,49.79531185202351,66.9,64.00791024593084,0,0.0,98
45,8,Dijkstra,,,24.860773582720817,42.86886822306,3.0532465008700926,84.02686745459035,8,8,47.865662727048274,76.0,70.91125583188318,0,0.0,100
45,8,A*,,,26.861827569681413,31.014679553492087,3.6274947944749214,90.0183543332929,0,5,42.408228333535455,76.0,69.9541753425418,0,0.0,100
45,8,NSGA-II,,Dengeli,26.861827569681413,31.014679553492087,3.6274947944749214,90.0183543332929,0,5,42.408228333535455,76.0,69.9541753425418,0,0.0,100
45,8,AffectEV,15.0,,25.626501454094935,38.303133678955284,3.106796878343561,86.49901444506746,4,7,47.00492777466272,76.0,70.82200520276074,0,0.0,100
45,8,AffectEV,30.0,Dengeli,26.861827569681413,31.014679553492087,3.6274947944749214,90.0183543332929,0,5,42.408228333535455,76.0,69.9541753425418,0,0.0,100
45,8,AffectEV,50.0,Dengeli,26.861827569681413,31.014679553492087,3.6274947944749214,90.0183543332929,0,5,42.408228333535455,76.0,69.9541753425418,0,0.0,100
45,8,AffectEV,65.0,,27.795433897862484,33.14101303398546,3.7070901586555003,90.5695345348112,0,4,41.15232732594398,76.0,69.82151640224083,0,0.0,100
45,8,AffectEV,85.0,,28.63143708496132,35.34623488187599,3.779883610341178,90.77122146291889,0,4,40.14389268540553,76.0,69.7001939827647,0,0.0,100
46,8,Dijkstra,,,15.652162516574279,41.630274034223476,2.1613040648066053,62.41649493258586,21,50,60.417525337070686,66.4,62.797826558655665,0,0.0,100
46,8,A*,,,16.853269906886915,33.126925101136614,2.1459412214669804,74.34771349827523,8,32,60.26143250862388,66.4,62.82343129755504,0,0.0,100
46,8,NSGA-II,,Dengeli,17.36360397269942,35.59840476599513,2.1830941235219363,79.0180168376852,9,16,58.40991581157399,66.4,62.76150979413011,0,0.0,100
46,8,AffectEV,15.0,Verimlilik,16.673001314634355,33.99998423241426,2.0932099828684274,74.12792791228682,7,35,59.360360438565934,66.4,62.91131669521929,0,0.0,100
46,8,AffectEV,30.0,,17.18333538044686,36.47146389727277,2.1303628849233838,78.79676381290447,8,19,57.51618093547766,66.4,62.849395191794365,0,0.0,100
46,8,AffectEV,50.0,Dengeli,17.36360397269942,35.59840476599513,2.1830941235219363,79.0180168376852,9,16,58.40991581157399,66.4,62.76150979413011,0,0.0,100
46,8,AffectEV,65.0,,18.26986368319807,36.13946755770727,2.273461810672969,79.34101336045697,7,18,58.79493319771517,66.4,62.61089698221173,0,0.0,100
46,8,AffectEV,85.0,Konfor,20.417976916168257,41.25237312900877,2.5317034623136117,80.19431553450337,7,16,57.52842232748309,66.4,62.18049422947732,0,0.0,100
47,8,Dijkstra,,,23.44933666717482,47.213861717109424,3.297114447379056,75.61130352777026,23,13,44.94348236114868,67.7,62.20480925436824,0,0.0,100
47,8,A*,,,25.219345693571665,32.883822936177786,2.95317451162587,90.1200983949445,0,4,43.399508025277434,67.7,62.778042480623554,0,0.0,100
47,8,NSGA-II,,Dengeli,25.219345693571665,32.883822936177786,2.95317451162587,90.1200983949445,0,4,43.399508025277434,67.7,62.778042480623554,0,0.0,100
47,8,AffectEV,15.0,Dengeli,25.219345693571665,32.883822936177786,2.95317451162587,90.1200983949445,0,4,43.399508025277434,67.7,62.778042480623554,0,0.0,100
47,8,AffectEV,30.0,Dengeli,25.219345693571665,32.883822936177786,2.95317451162587,90.1200983949445,0,4,43.399508025277434,67.7,62.778042480623554,0,0.0,100
47,8,AffectEV,50.0,Dengeli,25.219345693571665,32.883822936177786,2.95317451162587,90.1200983949445,0,4,43.399508025277434,67.7,62.778042480623554,0,0.0,100
47,8,AffectEV,65.0,,25.213302700784453,33.64886936711934,2.9418577792793195,90.25021830871668,0,4,42.74890845641662,67.7,62.79690370120114,0,0.0,100
47,8,AffectEV,85.0,,28.579286814074866,37.68673987205561,3.5947414556638826,90.94213675950326,0,4,39.28931620248374,67.7,61.7087642405602,0,0.0,100
48,8,Dijkstra,,,15.080656660003548,22.33167605476556,1.8337742153292278,89.31793572554179,0,3,48.91032137229107,69.3,66.24370964111795,0,0.0,28
48,8,A*,,,15.105437848101676,21.179728727532897,1.8323071770968673,88.9034421684036,0,5,47.982789157981976,69.3,66.24615470483855,0,0.0,28
48,8,NSGA-II,,Verimlilik,15.087481534729015,21.212889015589802,1.8289213246711284,89.49816171823802,0,3,48.0091914088099,69.3,66.25179779221479,0,0.0,28
48,8,AffectEV,15.0,Verimlilik,15.087481534729015,21.212889015589802,1.8289213246711284,89.49816171823802,0,3,48.0091914088099,69.3,66.25179779221479,0,0.0,28
48,8,AffectEV,30.0,Verimlilik,15.087481534729015,21.212889015589802,1.8289213246711284,89.49816171823802,0,3,48.0091914088099,69.3,66.25179779221479,0,0.0,28
48,8,AffectEV,50.0,,15.211484242526693,21.822286055029288,1.8337413458424376,89.58697687455772,0,3,47.56511562721141,69.3,66.24376442359593,0,0.0,28
48,8,AffectEV,65.0,,16.047053320582016,27.28302267952438,1.9113017288829337,90.17867915249742,0,2,46.10660423751291,69.3,66.11449711852845,0,0.0,28
48,8,AffectEV,85.0,,16.186129329251067,28.195319966072315,1.9182462683081578,90.21165256037705,0,2,45.941737198114744,69.3,66.10292288615307,0,0.0,28
49,8,Dijkstra,,,12.448359452641155,32.7722956796411,1.92568429327506,71.42094769784948,23,16,61.39526151075257,70.1,66.89052617787489,0,0.0,100
49,8,A*,,,15.388803211895535,25.03114596364151,1.9467234511111502,77.41081738393952,3,31,58.945913080302404,70.1,66.85546091481474,0,0.0,100
49,8,NSGA-II,,Verimlilik,12.92504667733828,30.2753707439007,1.6917448423050903,78.31990509352809,12,14,57.400474532359574,70.1,67.28042526282485,0,0.0,100
49,8,AffectEV,15.0,,12.840161770002716,29.82971766867313,1.6974173777099935,76.96452183917125,12,18,58.17739080414369,70.1,67.27097103715,0,0.0,100
49,8,AffectEV,30.0,Verimlilik,12.92504667733828,30.2753707439007,1.6917448423050903,78.31990509352809,12,14,57.400474532359574,70.1,67.28042526282485,0,0.0,100
49,8,AffectEV,50.0,,16.33913531159133,27.862436068499974,2.018991291325933,83.78041288391503,1,13,59.097935580424796,70.1,66.73501451445678,0,0.0,100
49,8,AffectEV,65.0,,16.33913531159133,27.862436068499974,2.018991291325933,83.78041288391503,1,13,59.097935580424796,70.1,66.73501451445678,0,0.0,100
49,8,AffectEV,85.0,Konfor,17.064608994882356,31.8026344461843,2.0706678691599696,84.65089818523228,1,11,57.74550907383862,70.1,66.64888688473337,0,0.0,100
50,8,Dijkstra,,,20.447974153171877,41.854861804297016,2.6017107710347576,79.20146814793073,22,3,44.49265926034637,32.0,27.66381538160874,0,0.0,100
50,8,A*,,,29.50013168469529,32.7831823746016,3.9102045268432435,92.03440062147553,0,2,36.827996892622394,32.0,25.48299245526126,0,0.0,100
50,8,NSGA-II,,Dengeli,29.50013168469529,32.7831823746016,3.9102045268432435,92.03440062147553,0,2,36.827996892622394,32.0,25.48299245526126,0,0.0,100
50,8,AffectEV,15.0,,22.526655262552197,35.78577847119306,2.627944356906632,87.51690329645415,1,9,46.41548351772924,32.0,27.620092738488946,0,0.0,100
50,8,AffectEV,30.0,,22.69536738062248,36.19583001895244,2.6497328965571674,87.87427680381928,1,8,46.12861598090358,32.0,27.583778505738053,0,0.0,100
50,8,AffectEV,50.0,Dengeli,29.50013168469529,32.7831823746016,3.9102045268432435,92.03440062147553,0,2,36.827996892622394,32.0,25.48299245526126,0,0.0,100
50,8,AffectEV,65.0,,29.572856376357336,33.211047949497235,3.9208316611322442,92.06266815677152,0,2,36.686659216142374,32.0,25.465280564779594,0,0.0,100
50,8,AffectEV,85.0,,31.205951970439408,37.93669632370897,4.078032494675162,92.32359021059693,0,2,35.38204894701532,32.0,25.203279175541397,0,0.0,100
1,9,Dijkstra,,,18.180626954473706,41.53171310757652,2.5335384034911668,73.92838405677415,29,10,42.85807971612923,68.4,64.1774359941814,0,0.0,100
1,9,A*,,,24.477356109751526,26.236129358905604,3.2714151246863077,91.8284134350926,0,5,33.357932824537,68.4,62.94764145885616,0,0.0,100
1,9,NSGA-II,,Dengeli,23.32539554383393,28.150803836562208,3.0076103526444844,91.41319790639024,0,5,35.434010468048825,68.4,63.38731607892586,0,0.0,100
1,9,AffectEV,15.0,,19.26629951238229,36.346030343711696,2.3949238657404828,82.38431086373852,15,8,38.57844568130738,68.4,64.40846022376587,0,0.0,100
1,9,AffectEV,30.0,Dengeli,23.32539554383393,28.150803836562208,3.0076103526444844,91.41319790639024,0,5,35.434010468048825,68.4,63.38731607892586,0,0.0,100
1,9,AffectEV,50.0,Dengeli,23.32539554383393,28.150803836562208,3.0076103526444844,91.41319790639024,0,5,35.434010468048825,68.4,63.38731607892586,0,0.0,100
1,9,AffectEV,65.0,,24.025138944191777,29.161397559407064,3.076798767755448,91.8157503269785,0,4,34.92124836510749,68.4,63.27200205374093,0,0.0,100
1,9,AffectEV,85.0,Konfor,24.849545728464193,26.88979814574898,3.3121167655532555,92.10754549780663,0,4,33.46227251096685,68.4,62.87980539074458,0,0.0,100
2,9,Dijkstra,,,25.08490021637783,33.3702641292521,3.0654957061228503,83.07833218128332,3,22,44.10833909358347,52.2,47.090840489795255,0,0.0,20
2,9,A*,,,25.123592790695103,32.62515806686609,3.0556573189024334,82.17615393827646,3,25,44.11923030861768,52.2,47.10723780182928,0,0.0,20
2,9,NSGA-II,,Dengeli,25.126929302459256,33.045000423890855,3.0169979064052574,83.60947133534405,2,22,43.95264332327974,52.2,47.17167015599124,0,0.0,20
2,9,AffectEV,15.0,Dengeli,25.126929302459256,33.045000423890855,3.0169979064052574,83.60947133534405,2,22,43.95264332327974,52.2,47.17167015599124,0,0.0,20
2,9,AffectEV,30.0,Dengeli,25.126929302459256,33.045000423890855,3.0169979064052574,83.60947133534405,2,22,43.95264332327974,52.2,47.17167015599124,0,0.0,20
2,9,AffectEV,50.0,,25.728213009428075,33.89063777505606,3.075628735084461,84.35795600391242,2,20,43.21021998043789,52.2,47.07395210819257,0,0.0,20
2,9,AffectEV,65.0,Konfor,27.94814175920496,37.323679891925174,3.5466352278491575,86.14072703181645,1,17,41.296364840917704,52.2,46.288941286918075,0,0.0,20
2,9,AffectEV,85.0,Konfor,27.94814175920496,37.323679891925174,3.5466352278491575,86.14072703181645,1,17,41.296364840917704,52.2,46.288941286918075,0,0.0,20
3,9,Dijkstra,,,10.944476773165217,24.293070281329175,1.4369736816349323,77.10474679357151,8,26,55.47626603214241,77.4,75.00504386394178,0,0.0,95
3,9,A*,,,13.07720780010518,20.86496889006556,1.6394787695291515,84.67940487009946,1,12,56.102975649502724,77.4,74.66753538411808,0,0.0,95
3,9,NSGA-II,,Dengeli,11.847733668156806,21.68617053023763,1.4485438478691428,84.17386215447509,1,15,54.13068922762455,77.4,74.98576025355143,0,0.0,95
3,9,AffectEV,15.0,,11.560046549342712,21.313431410071228,1.4214572813543014,82.43633715595412,1,20,55.3183142202294,77.4,75.03090453107617,0,0.0,95
3,9,AffectEV,30.0,Dengeli,11.847733668156806,21.68617053023763,1.4485438478691428,84.17386215447509,1,15,54.13068922762455,77.4,74.98576025355143,0,0.0,95
3,9,AffectEV,50.0,Dengeli,11.847733668156806,21.68617053023763,1.4485438478691428,84.17386215447509,1,15,54.13068922762455,77.4,74.98576025355143,0,0.0,95
3,9,AffectEV,65.0,,14.340211305817316,24.517675778378255,1.7468893969585468,87.02347962068716,1,7,51.882601896564225,77.4,74.48851767173576,0,0.0,95
3,9,AffectEV,85.0,,14.644434056631923,25.43642030078997,1.7858823424789212,87.2320354674049,1,6,52.33982266297552,77.4,74.4235294292018,0,0.0,95
4,9,Dijkstra,,,20.388666386118903,32.899835203754556,2.4151114415195436,86.22521057605293,3,10,46.37394711973538,40.6,36.5748142641341,0,0.0,100
4,9,A*,,,23.1118562356515,31.178695168410897,2.8298644629713543,85.78207821171439,2,11,49.58960894142805,40.6,35.883559228381074,0,0.0,100
4,9,NSGA-II,,Dengeli,20.4100435009248,33.142589467316846,2.4217135876413565,86.50466992323098,3,9,46.47665038384515,40.6,36.56381068726441,0,0.0,100
4,9,AffectEV,15.0,,20.407616050339858,32.847745496746285,2.4173387938452633,86.21783758111506,3,10,46.41081209442467,40.6,36.571102010257896,0,0.0,100
4,9,AffectEV,30.0,Dengeli,20.4100435009248,33.142589467316846,2.4217135876413565,86.50466992323098,3,9,46.47665038384515,40.6,36.56381068726441,0,0.0,100
4,9,AffectEV,50.0,,20.391093836703845,33.194679174325124,2.4194862353156363,86.51202980360624,3,9,46.43985098196881,40.6,36.56752294114061,0,0.0,100
4,9,AffectEV,65.0,Konfor,21.922222867857208,35.768690235499896,2.575566988314156,87.16318153991651,2,9,45.684092300417426,40.6,36.30738835280974,0,0.0,100
4,9,AffectEV,85.0,Konfor,21.922222867857208,35.768690235499896,2.575566988314156,87.16318153991651,2,9,45.684092300417426,40.6,36.30738835280974,0,0.0,100
5,9,Dijkstra,,,16.803270107900584,37.469874944821655,2.087486942333186,79.72168234992978,7,20,53.89158825035107,47.9,44.42085509611135,0,0.0,100
5,9,A*,,,18.602217408678197,34.122273214622254,2.3198112103255233,82.67130598230199,3,15,56.643470088490055,47.9,44.0336479827908,0,0.0,100
5,9,NSGA-II,,Dengeli,18.29702225957344,34.360712806017865,2.240893237616632,82.5629973181401,4,15,54.68501340929944,47.9,44.165177937305614,0,0.0,100
5,9,AffectEV,15.0,,17.455162767837663,34.69254354793636,2.2082756471251503,81.6013702786928,8,12,53.993148606535996,47.9,44.21954058812475,0,0.0,100
5,9,AffectEV,30.0,Dengeli,18.29702225957344,34.360712806017865,2.240893237616632,82.5629973181401,4,15,54.68501340929944,47.9,44.165177937305614,0,0.0,100
5,9,AffectEV,50.0,,19.491917637400334,35.460599152653245,2.334468781834084,84.07182149522401,2,15,52.140892523879884,47.9,44.00921869694319,0,0.0,100
5,9,AffectEV,65.0,,19.491917637400334,35.460599152653245,2.334468781834084,84.07182149522401,2,15,52.140892523879884,47.9,44.00921869694319,0,0.0,100
5,9,AffectEV,85.0,,19.51199455238791,36.131882792209616,2.3326040811270237,84.12602208133285,2,15,51.86988959333573,47.9,44.01232653145496,0,0.0,100
6,9,Dijkstra,,,11.466184045725482,18.157683338032804,1.3681811875871086,89.17125856722626,3,5,39.1437071638687,85.2,82.91969802068816,0,0.0,30
6,9,A*,,,11.481111193786168,18.13038954462539,1.3694389368985107,89.17761429594381,3,5,39.11192852028095,85.2,82.91760177183582,0,0.0,30
6,9,NSGA-II,,Dengeli,11.533624745828025,18.272898719425484,1.375717778469433,89.48194164012173,3,4,39.090291799391345,85.2,82.90713703588428,0,0.0,30
6,9,AffectEV,15.0,,11.481111193786168,18.13038954462539,1.3694389368985107,89.17761429594381,3,5,39.11192852028095,85.2,82.91760177183582,0,0.0,30
6,9,AffectEV,30.0,,11.481111193786168,18.13038954462539,1.3694389368985107,89.17761429594381,3,5,39.11192852028095,85.2,82.91760177183582,0,0.0,30
6,9,AffectEV,50.0,Dengeli,11.533624745828025,18.272898719425484,1.375717778469433,89.48194164012173,3,4,39.090291799391345,85.2,82.90713703588428,0,0.0,30
6,9,AffectEV,65.0,,12.011370626562039,18.464303994889388,1.425294440740129,89.95446542127887,3,3,38.22767289360566,85.2,82.82450926543312,0,0.0,30
6,9,AffectEV,85.0,Konfor,12.29290182190995,18.938128438860694,1.453406771729897,90.11191204177992,3,3,37.44043979110042,85.2,82.77765538045017,0,0.0,30
7,9,Dijkstra,,,15.816035757029267,30.999784504910604,2.0287874077193937,80.13694818175395,11,18,44.815259091230295,75.2,71.818687653801,0,0.0,100
7,9,A*,,,17.833690055170337,27.94055334579211,2.188765188574968,87.96869656723372,4,7,39.65651716383142,75.2,71.55205801904172,0,0.0,100
7,9,NSGA-II,,Dengeli,17.833690055170337,27.94055334579211,2.188765188574968,87.96869656723372,4,7,39.65651716383142,75.2,71.55205801904172,0,0.0,100
7,9,AffectEV,15.0,Dengeli,17.833690055170337,27.94055334579211,2.188765188574968,87.96869656723372,4,7,39.65651716383142,75.2,71.55205801904172,0,0.0,100
7,9,AffectEV,30.0,Dengeli,17.833690055170337,27.94055334579211,2.188765188574968,87.96869656723372,4,7,39.65651716383142,75.2,71.55205801904172,0,0.0,100
7,9,AffectEV,50.0,,17.89139118136354,27.98843748590228,2.1930751456873003,88.0317750020034,4,7,39.34112498998304,75.2,71.54487475718784,0,0.0,100
7,9,AffectEV,65.0,,22.4113373736014,32.12031553405496,2.5209565128701374,90.47000906948004,0,6,38.64995465259977,75.2,70.9984058118831,0,0.0,100
7,9,AffectEV,85.0,,22.4113373736014,32.12031553405496,2.5209565128701374,90.47000906948004,0,6,38.64995465259977,75.2,70.9984058118831,0,0.0,100
8,9,Dijkstra,,,25.23747109975654,49.081273783542684,2.8997546140162838,76.40603114422218,4,43,43.46984427888909,43.6,38.76707564330619,0,0.0,84
8,9,A*,,,25.595042184433463,48.86536872182665,2.919745586825089,78.57186525786291,2,39,43.64067371068545,43.6,38.73375735529152,0,0.0,84
8,9,NSGA-II,,Dengeli,25.775462379625882,49.25033871516845,2.9416972777950305,79.74278549421838,2,35,43.78607252890811,43.6,38.69717120367495,0,0.0,84
8,9,AffectEV,15.0,Verimlilik,25.420631899967645,49.03983643412105,2.8878833363632403,78.06328751220562,2,41,43.183562438971954,43.6,38.78686110606127,0,0.0,84
8,9,AffectEV,30.0,Dengeli,25.775462379625882,49.25033871516845,2.9416972777950305,79.74278549421838,2,35,43.78607252890811,43.6,38.69717120367495,0,0.0,84
8,9,AffectEV,50.0,,30.34395421840474,54.24507952471437,3.51171973117364,88.40745988454668,2,4,46.9627005772666,43.6,37.747133781377265,0,0.0,84
8,9,AffectEV,65.0,,30.69760029847263,54.883845185808084,3.550991988789614,88.71516740355514,2,3,46.924162982224274,43.6,37.68168001868398,0,0.0,84
8,9,AffectEV,85.0,,30.69760029847263,54.883845185808084,3.550991988789614,88.71516740355514,2,3,46.924162982224274,43.6,37.68168001868398,0,0.0,84
9,9,Dijkstra,,,17.935784581718238,35.56119316665705,2.469335689771144,76.44435412541719,24,8,45.77822937291406,55.9,51.78444051704809,0,0.0,100
9,9,A*,,,26.11055217719768,25.742536021745714,3.7069742272060875,90.20535692473044,2,6,34.97321537634782,55.9,49.721709621323186,0,0.0,100
9,9,NSGA-II,,Dengeli,21.031931530890397,32.81408205716642,2.4346137995176336,88.4188450496098,1,8,43.405774751951014,55.9,51.842310334137274,0,0.0,100
9,9,AffectEV,15.0,,20.723018156890998,32.12245602516751,2.397682952588483,87.52435702200044,1,11,43.3782148899978,55.9,51.90386174568586,0,0.0,100
9,9,AffectEV,30.0,,20.72544560747594,32.41729999573808,2.4020577463845756,87.81131871289438,1,10,43.44340643552814,55.9,51.89657042269237,0,0.0,100
9,9,AffectEV,50.0,Dengeli,21.031931530890397,32.81408205716642,2.4346137995176336,88.4188450496098,1,8,43.405774751951014,55.9,51.842310334137274,0,0.0,100
9,9,AffectEV,65.0,,26.62434560297034,29.613408460263447,3.550014005943146,92.08231911129315,0,3,35.08840444353427,55.9,49.98330999009475,0,0.0,100
9,9,AffectEV,85.0,Konfor,27.00670480707292,31.225130941926825,3.575670404579574,92.17905162718166,0,3,34.60474186409169,55.9,49.94054932570071,0,0.0,100
10,9,Dijkstra,,,8.80302209354457,20.106454257477093,1.1604939827530854,84.29542013036024,11,3,46.522899348198756,30.8,28.86584336207819,0,0.0,9
10,9,A*,,,9.48975926483522,18.6915355487962,1.1021495484611998,87.57625546207652,4,6,43.11872268961745,30.8,28.963084085898,0,0.0,9
10,9,NSGA-II,,Verimlilik,9.48975926483522,18.6915355487962,1.1021495484611998,87.57625546207652,4,6,43.11872268961745,30.8,28.963084085898,0,0.0,9
10,9,AffectEV,15.0,Verimlilik,9.48975926483522,18.6915355487962,1.1021495484611998,87.57625546207652,4,6,43.11872268961745,30.8,28.963084085898,0,0.0,9
10,9,AffectEV,30.0,Verimlilik,9.48975926483522,18.6915355487962,1.1021495484611998,87.57625546207652,4,6,43.11872268961745,30.8,28.963084085898,0,0.0,9
10,9,AffectEV,50.0,,11.4525814751614,19.95200356216547,1.3212432820325963,89.6649386431953,0,3,47.1753067840235,30.8,28.597927863279008,0,0.0,9
10,9,AffectEV,65.0,,11.46753331191533,19.98044099538413,1.3227509053026587,89.67690762860474,0,3,47.11546185697634,30.8,28.595415157828903,0,0.0,9
10,9,AffectEV,85.0,,11.750751588553817,20.456705842705105,1.3529443546062385,89.74077843879012,0,3,46.796107806049434,30.8,28.545092742322936,0,0.0,9
11,9,Dijkstra,,,9.660212526006283,19.653376492959936,1.243629077491882,82.54374927156658,7,9,56.28125364216713,51.9,49.82728487084686,0,0.0,100
11,9,A*,,,9.700879391433153,17.2121595211798,1.2139515668685623,85.66583945430972,3,6,55.17080272845136,51.9,49.876747388552396,0,0.0,100
11,9,NSGA-II,,Dengeli,11.525363123270228,18.089868459792985,1.3847506853572848,88.73621843887774,2,2,48.31890780561131,51.9,49.59208219107119,0,0.0,100
11,9,AffectEV,15.0,Verimlilik,9.700879391433153,17.2121595211798,1.2139515668685623,85.66583945430972,3,6,55.17080272845136,51.9,49.876747388552396,0,0.0,100
11,9,AffectEV,30.0,,9.898225243761136,17.25020477087533,1.2344704341267045,86.25690502483756,3,5,53.71547487581216,51.9,49.84254927645549,0,0.0,100
11,9,AffectEV,50.0,,11.671882917266531,18.26092130880192,1.3977793638005154,88.86790762653672,2,2,47.660461867316414,51.9,49.57036772699914,0,0.0,100
11,9,AffectEV,65.0,,13.371360008465484,24.56221328363467,1.5558672305716865,89.77010116149097,2,1,44.64949419254511,51.9,49.30688794904719,0,0.0,100
11,9,AffectEV,85.0,Konfor,15.021844379328028,26.642487311599062,1.734728543276249,90.13320361011782,2,1,42.83398194941091,51.9,49.00878576120625,0,0.0,100
12,9,Dijkstra,,,21.66993991746172,45.71370216129514,2.7482509667612414,75.45960949566465,11,23,60.70195252167675,65.7,61.1195817220646,0,0.0,100
12,9,A*,,,22.382239659097117,41.98214457889286,2.7804790972194366,72.54307590760742,5,44,58.784620461962916,65.7,61.06586817130094,0,0.0,100
12,9,NSGA-II,,Verimlilik,21.87932401941193,43.954269637270286,2.718758010160594,78.00244654833634,6,23,60.487767258318314,65.7,61.168736649732345,0,0.0,100
12,9,AffectEV,15.0,,21.811300165010227,43.443144926244166,2.7205622748848097,77.25361912040168,6,25,61.23190439799156,65.7,61.16572954185865,0,0.0,100
12,9,AffectEV,30.0,Verimlilik,21.87932401941193,43.954269637270286,2.718758010160594,78.00244654833634,6,23,60.487767258318314,65.7,61.168736649732345,0,0.0,100
12,9,AffectEV,50.0,Verimlilik,21.87932401941193,43.954269637270286,2.718758010160594,78.00244654833634,6,23,60.487767258318314,65.7,61.168736649732345,0,0.0,100
12,9,AffectEV,65.0,,23.340381068621145,47.15575619114511,2.871301725703483,79.62036493879644,8,17,56.39817530601778,65.7,60.91449712382753,0,0.0,100
12,9,AffectEV,85.0,,23.506591729285088,47.8347449967601,2.8889230847714993,79.71891514064987,8,17,55.905424296750624,65.7,60.8851281920475,0,0.0,100
13,9,Dijkstra,,,23.210046865366078,49.77583099505947,2.9351649089026224,73.99953335688693,18,24,49.00233321556536,42.6,37.7080584851623,0,0.0,100
13,9,A*,,,24.653589322184306,38.1418234951982,2.928888805951789,87.330723346007,0,9,49.84638326996494,42.6,37.71851865674702,0,0.0,100
13,9,NSGA-II,,Dengeli,24.64133287324217,38.5948949718154,2.9108143174779038,87.47471663474458,0,9,49.12641682627709,42.6,37.7486428042035,0,0.0,100
13,9,AffectEV,15.0,,24.04418778023379,39.88828131431644,2.8376871526575385,86.35799721387494,2,9,49.710013930625294,42.6,37.87052141223744,0,0.0,100
13,9,AffectEV,30.0,,24.04418778023379,39.88828131431644,2.8376871526575385,86.35799721387494,2,9,49.710013930625294,42.6,37.87052141223744,0,0.0,100
13,9,AffectEV,50.0,,24.64992154762711,39.22812979169018,2.8980480526415646,87.5522737714109,0,9,48.73863114294549,42.6,37.76991991226406,0,0.0,100
13,9,AffectEV,65.0,,24.96539371368631,40.65969862610767,2.9109055982051686,87.78204843609117,0,9,47.58975781954411,42.6,37.748490669658054,0,0.0,100
13,9,AffectEV,85.0,,26.724299882252794,46.48742290377933,3.0589208377099113,88.77538418128492,0,7,45.62307909357543,42.6,37.501798603816816,0,0.0,100
14,9,Dijkstra,,,17.365727681979003,37.85078411767357,2.1871114515800767,80.70225150487687,11,12,50.98874247561566,77.8,74.15481424736653,0,0.0,100
14,9,A*,,,18.65470347890065,36.48976331818751,2.253929775174872,84.42856119492923,8,7,47.35719402535385,77.8,74.04345037470854,0,0.0,100
14,9,NSGA-II,,Dengeli,18.65470347890065,36.48976331818751,2.253929775174872,84.42856119492923,8,7,47.35719402535385,77.8,74.04345037470854,0,0.0,100
14,9,AffectEV,15.0,Dengeli,18.65470347890065,36.48976331818751,2.253929775174872,84.42856119492923,8,7,47.35719402535385,77.8,74.04345037470854,0,0.0,100
14,9,AffectEV,30.0,Dengeli,18.65470347890065,36.48976331818751,2.253929775174872,84.42856119492923,8,7,47.35719402535385,77.8,74.04345037470854,0,0.0,100
14,9,AffectEV,50.0,,18.686755514295523,36.5187452075913,2.256362823557639,84.45889448757141,8,7,47.20552756214294,77.8,74.0393952940706,0,0.0,100
14,9,AffectEV,65.0,,22.42604934304667,40.10468436235159,2.657564719723409,86.48078898084682,6,5,45.09605509576586,77.8,73.37072546712764,0,0.0,100
14,9,AffectEV,85.0,,25.453419423604295,43.13677977982913,2.98214179950023,86.87138526748112,4,7,45.143073662594425,77.8,72.82976366749962,0,0.0,100
15,9,Dijkstra,,,23.12440075830618,48.04919341616686,3.269871193103918,72.63215735617138,25,10,59.33921321914315,63.8,58.350214678160135,0,0.0,100
15,9,A*,,,24.856751388216505,38.33449337501586,3.1161198457263404,78.92444722206379,6,25,52.87776388968103,63.8,58.60646692378943,0,0.0,100
15,9,NSGA-II,,Dengeli,24.852654541036326,38.38954991146509,3.1191974132076985,79.1729389016958,6,24,53.13530549152103,63.8,58.60133764465383,0,0.0,100
15,9,AffectEV,15.0,Dengeli,24.852654541036326,38.38954991146509,3.1191974132076985,79.1729389016958,6,24,53.13530549152103,63.8,58.60133764465383,0,0.0,100
15,9,AffectEV,30.0,Dengeli,24.852654541036326,38.38954991146509,3.1191974132076985,79.1729389016958,6,24,53.13530549152103,63.8,58.60133764465383,0,0.0,100
15,9,AffectEV,50.0,,25.056312203313865,39.93731138252556,3.108807343620442,79.4831411583101,6,24,51.58429420844946,63.8,58.61865442729926,0,0.0,100
15,9,AffectEV,65.0,,28.307759294293287,48.553028685765604,3.539586873170876,82.48990838202567,6,10,57.55045808987164,63.8,57.9006885447152,0,0.0,100
15,9,AffectEV,85.0,,29.597585059422112,50.00675607459613,3.6766604241167133,82.74892928272038,6,10,56.255353586398044,63.8,57.67223262647214,0,0.0,100
16,9,Dijkstra,,,20.62345860912918,43.44775152877852,2.719289819715969,75.4628599830886,20,16,48.68570008455693,84.0,79.46785030047339,0,0.0,100
16,9,A*,,,37.095179140401015,35.195328567296706,5.342937115432553,88.90610455891783,3,9,34.46947720541088,84.0,75.09510480761242,0,0.0,100
16,9,NSGA-II,,Dengeli,23.932131355516034,43.08923467311941,2.7713064313095233,86.39240518267663,3,10,45.53797408661689,84.0,79.38115594781746,0,0.0,100
16,9,AffectEV,15.0,,23.29973314783391,41.1034079900031,2.718911289387338,83.96614701754007,3,17,47.169264912299646,84.0,79.46848118435443,0,0.0,100
16,9,AffectEV,30.0,,23.50248935192013,41.796054499752444,2.727805420418329,84.77994118510372,3,15,46.10029407448138,84.0,79.45365763263612,0,0.0,100
16,9,AffectEV,50.0,,26.18639458375635,46.84712957024808,2.9882840482049966,88.61375838733615,2,5,44.43120806331925,84.0,79.019526586325,0,0.0,100
16,9,AffectEV,65.0,,32.3940228618403,41.74383440649669,4.1919066803603355,89.41741263413886,1,7,39.91293682930574,84.0,77.01348886606611,0,0.0,100
16,9,AffectEV,85.0,Konfor,39.30154159064597,38.15578282585013,5.569659232132575,89.89963334230387,2,7,35.00183328848063,84.0,74.71723461311237,0,0.0,100
17,9,Dijkstra,,,7.48250904180245,12.138627109201803,0.9440800044097307,86.26893036402494,1,9,52.6553481798753,48.8,47.22653332598378,0,0.0,27
17,9,A*,,,8.096529163197362,11.158742263250174,1.013971388313581,87.37920966930838,1,8,48.603951653458125,48.8,47.11004768614403,0,0.0,27
17,9,NSGA-II,,Dengeli,8.092432316017184,11.213798799699408,1.0170489557949385,87.52145528705097,1,7,49.39272356474515,48.8,47.104918407008434,0,0.0,27
17,9,AffectEV,15.0,,7.874185264569342,11.927279919081963,0.9598423431773329,86.72323675636136,0,7,55.88381621819322,48.8,47.20026276137111,0,0.0,27
17,9,AffectEV,30.0,Dengeli,8.092432316017184,11.213798799699408,1.0170489557949385,87.52145528705097,1,7,49.39272356474515,48.8,47.104918407008434,0,0.0,27
17,9,AffectEV,50.0,Dengeli,8.092432316017184,11.213798799699408,1.0170489557949385,87.52145528705097,1,7,49.39272356474515,48.8,47.104918407008434,0,0.0,27
17,9,AffectEV,65.0,,8.781409367550674,13.280397297821684,1.0924562638209572,87.83752981060644,1,6,49.312350946967804,48.8,46.9792395602984,0,0.0,27
17,9,AffectEV,85.0,Konfor,8.898836028564597,13.600663698164368,1.1045153518083832,87.87634506512842,1,6,49.1182746743579,48.8,46.959141080319355,0,0.0,27
18,9,Dijkstra,,,17.48013166005094,29.484199189261727,2.1742384271660087,81.7611322235408,5,16,54.69433888229602,72.1,68.47626928805664,0,0.0,38
18,9,A*,,,17.48038052525706,28.169519779004375,2.164761331555974,82.53287434642667,4,15,54.835628267866646,72.1,68.4920644474067,0,0.0,38
18,9,NSGA-II,,Dengeli,17.661784663539354,28.602145454121885,2.1826952091446805,82.91796758406505,4,14,54.41016207967472,72.1,68.46217465142553,0,0.0,38
18,9,AffectEV,15.0,,17.48038052525706,28.169519779004375,2.164761331555974,82.53287434642667,4,15,54.835628267866646,72.1,68.4920644474067,0,0.0,38
18,9,AffectEV,30.0,Dengeli,17.661784663539354,28.602145454121885,2.1826952091446805,82.91796758406505,4,14,54.41016207967472,72.1,68.46217465142553,0,0.0,38
18,9,AffectEV,50.0,,24.342930742419842,35.132827876824415,3.141923392555634,86.25333792748442,2,11,47.2333103625779,72.1,66.86346101240727,0,0.0,38
18,9,AffectEV,65.0,,24.342930742419842,35.132827876824415,3.141923392555634,86.25333792748442,2,11,47.2333103625779,72.1,66.86346101240727,0,0.0,38
18,9,AffectEV,85.0,Konfor,24.38465923087001,35.2272550321123,3.1463274092088858,86.25749165712875,2,11,47.21254171435627,72.1,66.85612098465185,0,0.0,38
19,9,Dijkstra,,,17.47460100191027,20.15426184353667,2.5076785471414667,90.56866006628279,4,4,31.15669966858607,59.6,55.420535754764224,0,0.0,33
19,9,A*,,,17.613301131838053,19.663039742399846,2.5074400934861236,91.54359874580562,2,4,31.282006270971902,59.6,55.420933177523125,0,0.0,33
19,9,NSGA-II,,Dengeli,17.613301131838053,19.663039742399846,2.5074400934861236,91.54359874580562,2,4,31.282006270971902,59.6,55.420933177523125,0,0.0,33
19,9,AffectEV,15.0,Verimlilik,19.16735081282384,35.50392691191493,2.40829079157503,84.44917638616376,13,5,37.75411806918124,59.6,55.58618201404162,0,0.0,33
19,9,AffectEV,30.0,Dengeli,17.613301131838053,19.663039742399846,2.5074400934861236,91.54359874580562,2,4,31.282006270971902,59.6,55.420933177523125,0,0.0,33
19,9,AffectEV,50.0,Dengeli,17.613301131838053,19.663039742399846,2.5074400934861236,91.54359874580562,2,4,31.282006270971902,59.6,55.420933177523125,0,0.0,33
19,9,AffectEV,65.0,Dengeli,17.613301131838053,19.663039742399846,2.5074400934861236,91.54359874580562,2,4,31.282006270971902,59.6,55.420933177523125,0,0.0,33
19,9,AffectEV,85.0,Dengeli,17.613301131838053,19.663039742399846,2.5074400934861236,91.54359874580562,2,4,31.282006270971902,59.6,55.420933177523125,0,0.0,33
20,9,Dijkstra,,,17.058035821320935,25.46239377857838,2.1011184266827674,86.53288854194585,1,8,52.83555729027072,41.3,37.79813595552872,0,0.0,33
20,9,A*,,,18.870948473505916,24.983517077230605,2.3334536454425105,85.16070231739144,0,15,51.69648841304278,41.3,37.41091059092915,0,0.0,33
20,9,NSGA-II,,Dengeli,17.06128237476365,25.340384222974407,2.1037831584365643,86.52068097550325,1,8,52.89659512248373,41.3,37.793694735939056,0,0.0,33
20,9,AffectEV,15.0,Dengeli,17.06128237476365,25.340384222974407,2.1037831584365643,86.52068097550325,1,8,52.89659512248373,41.3,37.793694735939056,0,0.0,33
20,9,AffectEV,30.0,Dengeli,17.06128237476365,25.340384222974407,2.1037831584365643,86.52068097550325,1,8,52.89659512248373,41.3,37.793694735939056,0,0.0,33
20,9,AffectEV,50.0,Dengeli,17.06128237476365,25.340384222974407,2.1037831584365643,86.52068097550325,1,8,52.89659512248373,41.3,37.793694735939056,0,0.0,33
20,9,AffectEV,65.0,,18.018329032541047,27.150032607561823,2.200704977756688,87.07783587563503,0,8,52.61082062182484,41.3,37.63215837040552,0,0.0,33
20,9,AffectEV,85.0,,18.018329032541047,27.150032607561823,2.200704977756688,87.07783587563503,0,8,52.61082062182484,41.3,37.63215837040552,0,0.0,33
21,9,Dijkstra,,,12.403662818592329,24.893675401970075,1.619131103302495,83.44962006440491,10,5,50.251899677975416,62.9,60.20144816116251,0,0.0,100
21,9,A*,,,12.405145176890356,24.550133611903902,1.613285031342348,83.82727961527242,10,4,49.86360192363794,62.9,60.21119161442942,0,0.0,100
21,9,NSGA-II,,Dengeli,12.704978352271759,24.850479586571918,1.6066300293287932,84.9865582468724,8,4,49.067208765637986,62.9,60.22228328445201,0,0.0,100
21,9,AffectEV,15.0,Verimlilik,12.696117560645662,24.82276795965682,1.6056907905137447,84.94668690162234,8,4,49.26656549188827,62.9,60.22384868247709,0,0.0,100
21,9,AffectEV,30.0,Verimlilik,12.696117560645662,24.82276795965682,1.6056907905137447,84.94668690162234,8,4,49.26656549188827,62.9,60.22384868247709,0,0.0,100
21,9,AffectEV,50.0,,14.213534211851861,28.128626448639615,1.7267263094761838,87.18907191329336,5,3,47.0546404335332,62.9,60.02212281753969,0,0.0,100
21,9,AffectEV,65.0,,16.23348814950586,30.549003448643816,1.9259251475128758,88.24729278586219,5,2,43.26353607068905,62.9,59.6901247541452,0,0.0,100
21,9,AffectEV,85.0,Konfor,16.9130393582576,31.683761755484444,1.996012407829364,88.42200297375486,5,2,42.38998513122573,62.9,59.57331265361773,0,0.0,100
22,9,Dijkstra,,,6.523072409060071,15.722968465119136,0.888045520067931,81.60976520568477,9,13,49.951173971576125,52.3,50.81992413322011,0,0.0,100
22,9,A*,,,6.827683770057057,13.650369699312282,0.8905626542536352,86.55894573058322,5,2,51.70527134708388,52.3,50.815728909577274,0,0.0,100
22,9,NSGA-II,,Dengeli,6.827683770057057,13.650369699312282,0.8905626542536352,86.55894573058322,5,2,51.70527134708388,52.3,50.815728909577274,0,0.0,100
22,9,AffectEV,15.0,Dengeli,6.827683770057057,13.650369699312282,0.8905626542536352,86.55894573058322,5,2,51.70527134708388,52.3,50.815728909577274,0,0.0,100
22,9,AffectEV,30.0,Dengeli,6.827683770057057,13.650369699312282,0.8905626542536352,86.55894573058322,5,2,51.70527134708388,52.3,50.815728909577274,0,0.0,100
22,9,AffectEV,50.0,,7.799518899055011,16.183726297515292,0.9361616511418245,88.49724184088464,4,1,46.0137907955768,52.3,50.73973058143029,0,0.0,100
22,9,AffectEV,65.0,,8.592965334108193,16.795814053235034,1.0054038733685444,89.088552516315,2,2,46.55723741842496,52.3,50.62432687771909,0,0.0,100
22,9,AffectEV,85.0,,8.600147472331653,16.988187598125187,1.003705507189429,89.1030170827075,2,2,46.48491458646251,52.3,50.627157488017616,0,0.0,100
23,9,Dijkstra,,,10.922201574548646,23.479673003060842,1.3298620463037742,76.04387718876282,6,36,50.78061405618592,59.7,57.48356325616038,0,0.0,100
23,9,A*,,,12.530116613416686,21.247577225690762,1.4700965765440912,84.04093701011385,0,20,49.79531494943073,59.7,57.24983903909318,0,0.0,100
23,9,NSGA-II,,Dengeli,12.468303850130077,21.39389210639405,1.4509689944483706,84.36796199084311,0,20,48.16019004578442,59.7,57.28171834258605,0,0.0,100
23,9,AffectEV,15.0,,11.883768696894483,21.702789758991663,1.340713971447489,81.92096663028519,0,30,45.39516684857399,59.7,57.46547671425419,0,0.0,100
23,9,AffectEV,30.0,Dengeli,12.468303850130077,21.39389210639405,1.4509689944483706,84.36796199084311,0,20,48.16019004578442,59.7,57.28171834258605,0,0.0,100
23,9,AffectEV,50.0,,12.209655102485474,22.327269629159684,1.378396150675299,85.46753445589964,0,18,45.66232772050183,59.7,57.40267308220784,0,0.0,100
23,9,AffectEV,65.0,,13.283429906523464,23.89455043661875,1.5060464227288144,86.20782897113322,0,15,46.4608551443339,59.7,57.18992262878531,0,0.0,100
23,9,AffectEV,85.0,,16.65469380577305,23.150699326529725,2.141430648397285,87.14771786857959,0,12,46.26141065710204,59.7,56.13094891933786,0,0.0,100
24,9,Dijkstra,,,23.542621774622575,38.192310563623195,2.63675368411418,91.43031248741003,1,1,38.84843756294982,70.5,66.10541052647636,0,0.0,100
24,9,A*,,,27.595808419455917,29.68499373724662,3.748559524191096,90.90087448426311,2,3,35.99562757868441,70.5,64.25240079301484,0,0.0,100
24,9,NSGA-II,,Dengeli,24.00386781010106,38.49030317842752,2.672889161415184,91.9439796464262,0,1,38.78010176786897,70.5,66.0451847309747,0,0.0,100
24,9,AffectEV,15.0,,23.54414106379548,38.078962363593114,2.6350579580832503,91.44195763001457,1,1,38.79021184992712,70.5,66.10823673652791,0,0.0,100
24,9,AffectEV,30.0,Dengeli,24.00386781010106,38.49030317842752,2.672889161415184,91.9439796464262,0,1,38.78010176786897,70.5,66.0451847309747,0,0.0,100
24,9,AffectEV,50.0,,24.607184096833972,39.328802705311766,2.728870097573152,92.14905457873422,0,1,37.75472710632889,70.5,65.95188317071141,0,0.0,100
24,9,AffectEV,65.0,,29.891040084172293,45.04416950549636,3.4344151772300187,92.89490999142586,0,0,35.52545004287068,70.5,64.77597470461663,0,0.0,100
24,9,AffectEV,85.0,Konfor,29.983551282983722,46.243983763979536,3.4515690826905234,92.92777496125794,0,0,35.36112519371032,70.5,64.74738486218246,0,0.0,100
25,9,Dijkstra,,,15.927133076834163,33.170319273209174,2.1081347936695733,79.63441724370963,13,11,52.82791378145181,55.0,51.48644201055071,0,0.0,100
25,9,A*,,,16.719735716095112,31.88349640738593,2.1520289773524026,82.09128095131113,10,9,51.04359524344431,55.0,51.41328503774599,0,0.0,100
25,9,NSGA-II,,Dengeli,16.96930685197129,32.04116000097334,2.1616349482771637,83.25260474041379,8,8,51.73697629793107,55.0,51.39727508620473,0,0.0,100
25,9,AffectEV,15.0,,16.719735716095112,31.88349640738593,2.1520289773524026,82.09128095131113,10,9,51.04359524344431,55.0,51.41328503774599,0,0.0,100
25,9,AffectEV,30.0,Dengeli,16.96930685197129,32.04116000097334,2.1616349482771637,83.25260474041379,8,8,51.73697629793107,55.0,51.39727508620473,0,0.0,100
25,9,AffectEV,50.0,,18.605380967758855,34.41897880891241,2.2172768130155194,86.9771808119254,4,6,46.11409594037305,55.0,51.30453864497414,0,0.0,100
25,9,AffectEV,65.0,,19.402915443274292,34.647058174117845,2.2829830820404813,87.31582344325139,3,7,45.42088278374305,55.0,51.195028196599196,0,0.0,100
25,9,AffectEV,85.0,Konfor,21.57610523902768,38.41217480648558,2.480480829841281,88.23248901211866,3,6,42.33755493940669,55.0,50.86586528359786,0,0.0,100
26,9,Dijkstra,,,14.53899591594657,28.65615501156195,1.8471833724146518,83.97159883151406,5,9,54.14200584242975,77.6,74.52136104597558,0,0.0,100
26,9,A*,,,15.548561767311973,25.324362037859157,1.9247701505195671,86.35229285927218,1,7,55.23853570363907,77.6,74.39204974913405,0,0.0,100
26,9,NSGA-II,,Dengeli,15.548561767311973,25.324362037859157,1.9247701505195671,86.35229285927218,1,7,55.23853570363907,77.6,74.39204974913405,0,0.0,100
26,9,AffectEV,15.0,,14.610808720032,27.90582275173129,1.8370269693735315,85.31499879546726,4,7,52.92500602266367,77.6,74.53828838437744,0,0.0,100
26,9,AffectEV,30.0,Dengeli,15.548561767311973,25.324362037859157,1.9247701505195671,86.35229285927218,1,7,55.23853570363907,77.6,74.39204974913405,0,0.0,100
26,9,AffectEV,50.0,,15.600775144517963,28.43954233114332,1.8959348304401675,86.91185435226002,2,6,51.44072823869991,77.6,74.44010861593304,0,0.0,100
26,9,AffectEV,65.0,,15.64914342733841,29.100178143595283,1.9006405261127828,86.98798697850725,2,6,51.06006510746371,77.6,74.43226578981202,0,0.0,100
26,9,AffectEV,85.0,,16.4898723592637,28.602671830548882,2.006271313911747,87.21286811386608,1,6,52.4356594306696,77.6,74.25621447681375,0,0.0,100
27,9,Dijkstra,,,10.86006125920067,23.775026177919937,1.3218022441362929,76.79510230615986,7,33,49.02448846920073,49.6,47.39699625977285,0,0.0,100
27,9,A*,,,11.218572197645566,21.99003676305225,1.2931084799647523,80.24976193339029,2,31,47.25119033304855,49.6,47.444819200058745,0,0.0,100
27,9,NSGA-II,,Dengeli,11.452543212759851,22.82161153288963,1.336001845667827,82.63301589937005,2,22,48.83492050314975,49.6,47.37333025722029,0,0.0,100
27,9,AffectEV,15.0,Verimlilik,11.185279247979521,21.998913397237516,1.2911417715517954,80.20053765819078,2,31,47.49731170904611,49.6,47.448097047413675,0,0.0,100
27,9,AffectEV,30.0,,11.26225908040134,22.129239838675456,1.2992348437665435,80.82898646638643,2,29,47.35506766806783,49.6,47.43460859372243,0,0.0,100
27,9,AffectEV,50.0,,11.951301300940898,24.036429672846126,1.4013366969159275,84.45210252954902,2,15,50.23948735225485,49.6,47.26443883847345,0,0.0,100
27,9,AffectEV,65.0,,13.316873919663653,26.452023356077802,1.54445980195776,85.90037640658633,2,12,47.49811796706834,49.6,47.0259003300704,0,0.0,100
27,9,AffectEV,85.0,,13.316873919663653,26.452023356077802,1.54445980195776,85.90037640658633,2,12,47.49811796706834,49.6,47.0259003300704,0,0.0,100
28,9,Dijkstra,,,22.02802455703555,35.75858459573177,2.778058411773098,80.97330031613414,11,12,49.63349841932929,84.3,79.66990264704484,0,0.0,100
28,9,A*,,,24.211919829352468,33.744547687035464,3.0280453625608814,82.48652739599879,6,16,48.56736302000602,84.3,79.2532577290652,0,0.0,100
28,9,NSGA-II,,Dengeli,23.027739453202216,34.20625573135849,2.8398259021192036,83.9924403995335,8,8,48.03779800233242,84.3,79.56695682980133,0,0.0,100
28,9,AffectEV,15.0,,22.162094562616787,34.398701703736876,2.7714969026249534,82.30956609229719,10,10,48.452169538514084,84.3,79.68083849562507,0,0.0,100
28,9,AffectEV,30.0,,23.02632171865627,34.037727413995256,2.8377294679758633,83.726756333122,8,9,47.86621833439001,84.3,79.5704508867069,0,0.0,100
28,9,AffectEV,50.0,,23.038938896047036,34.70231212855474,2.8243768441497377,84.14717903345944,8,8,47.26410483270283,84.3,79.59270525975043,0,0.0,100
28,9,AffectEV,65.0,,26.17024576922567,37.39083250748175,3.239264026061714,86.74132826380546,3,8,46.79335868097267,84.3,78.90122662323047,0,0.0,100
28,9,AffectEV,85.0,,26.17024576922567,37.39083250748175,3.239264026061714,86.74132826380546,3,8,46.79335868097267,84.3,78.90122662323047,0,0.0,100
29,9,Dijkstra,,,12.699312958695026,24.378265867808402,1.4402282913269335,88.9507774942789,0,6,46.24611252860552,51.5,49.099619514455114,0,0.0,57
29,9,A*,,,12.774258497922235,15.599876808871189,1.7831102804990349,90.92752513685699,0,5,37.86237431571509,51.5,48.52814953250161,0,0.0,57
29,9,NSGA-II,,Dengeli,12.774258497922235,15.599876808871189,1.7831102804990349,90.92752513685699,0,5,37.86237431571509,51.5,48.52814953250161,0,0.0,57
29,9,AffectEV,15.0,Dengeli,12.774258497922235,15.599876808871189,1.7831102804990349,90.92752513685699,0,5,37.86237431571509,51.5,48.52814953250161,0,0.0,57
29,9,AffectEV,30.0,Dengeli,12.774258497922235,15.599876808871189,1.7831102804990349,90.92752513685699,0,5,37.86237431571509,51.5,48.52814953250161,0,0.0,57
29,9,AffectEV,50.0,,12.83482452949295,15.666512082243923,1.788417809221228,90.9682040002418,0,5,37.658979998790976,51.5,48.51930365129795,0,0.0,57
29,9,AffectEV,65.0,,17.644747364102656,18.952842692974293,2.5035321563899506,92.71111458704618,0,0,36.44442706476905,51.5,47.32744640601675,0,0.0,57
29,9,AffectEV,85.0,,17.644747364102656,18.952842692974293,2.5035321563899506,92.71111458704618,0,0,36.44442706476905,51.5,47.32744640601675,0,0.0,57
30,9,Dijkstra,,,21.79446021612964,15.217469761529053,3.398528855930472,94.00706591871804,0,0,29.964670406409823,48.9,43.23578524011588,0,0.0,5
30,9,A*,,,21.79446021612964,15.217469761529053,3.398528855930472,94.00706591871804,0,0,29.964670406409823,48.9,43.23578524011588,0,0.0,5
30,9,NSGA-II,,Dengeli,21.855044947629068,16.59828847803383,3.328810876510584,94.0399852482235,0,0,29.80007375888251,48.9,43.351981872482355,0,0.0,5
30,9,AffectEV,15.0,Dengeli,21.855044947629068,16.59828847803383,3.328810876510584,94.0399852482235,0,0,29.80007375888251,48.9,43.351981872482355,0,0.0,5
30,9,AffectEV,30.0,Dengeli,21.855044947629068,16.59828847803383,3.328810876510584,94.0399852482235,0,0,29.80007375888251,48.9,43.351981872482355,0,0.0,5
30,9,AffectEV,50.0,Dengeli,21.855044947629068,16.59828847803383,3.328810876510584,94.0399852482235,0,0,29.80007375888251,48.9,43.351981872482355,0,0.0,5
30,9,AffectEV,65.0,Dengeli,21.855044947629068,16.59828847803383,3.328810876510584,94.0399852482235,0,0,29.80007375888251,48.9,43.351981872482355,0,0.0,5
30,9,AffectEV,85.0,Dengeli,21.855044947629068,16.59828847803383,3.328810876510584,94.0399852482235,0,0,29.80007375888251,48.9,43.351981872482355,0,0.0,5
31,9,Dijkstra,,,18.460401315711664,43.798691095310694,2.4766498278736226,66.66587965662868,20,36,62.670601716856616,55.0,50.872250286877296,0,0.0,100
31,9,A*,,,19.793590940136596,37.870150192775334,2.4753558972199325,76.96504804628813,5,28,60.67475976855936,55.0,50.87440683796678,0,0.0,100
31,9,NSGA-II,,Dengeli,19.793590940136596,37.870150192775334,2.4753558972199325,76.96504804628813,5,28,60.67475976855936,55.0,50.87440683796678,0,0.0,100
31,9,AffectEV,15.0,Verimlilik,19.213883849346384,38.00463727468085,2.4112877449266907,72.05335924466648,7,41,60.733203776667615,55.0,50.98118709178885,0,0.0,100
31,9,AffectEV,30.0,Dengeli,19.793590940136596,37.870150192775334,2.4753558972199325,76.96504804628813,5,28,60.67475976855936,55.0,50.87440683796678,0,0.0,100
31,9,AffectEV,50.0,,20.70242637907479,40.43362407464269,2.5546805478128785,79.7287955177475,5,22,55.85602241126247,55.0,50.74219908697854,0,0.0,100
31,9,AffectEV,65.0,,21.411848787135046,41.28861617149583,2.699191179619923,80.98218594774548,7,12,59.58907026127256,55.0,50.50134803396679,0,0.0,100
31,9,AffectEV,85.0,,22.554824933525214,42.66775948428562,2.8164044826377106,81.44731729882024,8,11,56.26341350589879,55.0,50.305992528937146,0,0.0,100
32,9,Dijkstra,,,6.315449441209965,12.236703090239901,0.792379955738034,84.9854078477511,4,7,54.572960761244474,87.5,86.1793667404366,0,0.0,100
32,9,A*,,,6.33154563249034,12.071401110078925,0.7925987027030802,85.3386988110623,4,6,54.30650594468847,87.5,86.17900216216154,0,0.0,100
32,9,NSGA-II,,Dengeli,6.481392963221959,12.736847886528805,0.7882517876615418,87.26340122193663,3,4,50.18299389031684,87.5,86.1862470205641,0,0.0,100
32,9,AffectEV,15.0,,6.348308411758257,12.102615712439627,0.7822732584109917,86.50429940433398,3,5,52.47850297833008,87.5,86.19621123598168,0,0.0,100
32,9,AffectEV,30.0,Dengeli,6.481392963221959,12.736847886528805,0.7882517876615418,87.26340122193663,3,4,50.18299389031684,87.5,86.1862470205641,0,0.0,100
32,9,AffectEV,50.0,,7.267183329122979,13.57113005559213,0.8571429970322103,88.4060012718747,1,4,49.4699936406265,87.5,86.07142833827965,0,0.0,100
32,9,AffectEV,65.0,,8.355481044374207,16.10762875301474,0.9691486058159657,89.23150278744387,1,4,45.342486062780665,87.5,85.88475232364006,0,0.0,100
32,9,AffectEV,85.0,Konfor,9.760292194625157,19.202805466423214,1.134465712165253,89.62341938586277,1,2,46.38290307068614,87.5,85.60922381305791,0,0.0,100
33,9,Dijkstra,,,12.932258251440391,19.442390719904676,1.6015390156519487,85.47699129804577,2,13,48.11504350977112,67.3,64.63076830724675,0,0.0,18
33,9,A*,,,13.13129016966535,18.733196461366973,1.6202446210810655,85.44178020549788,2,13,48.29109897251061,67.3,64.59959229819822,0,0.0,18
33,9,NSGA-II,,Dengeli,13.13129016966535,18.733196461366973,1.6202446210810655,85.44178020549788,2,13,48.29109897251061,67.3,64.59959229819822,0,0.0,18
33,9,AffectEV,15.0,Verimlilik,12.942750934726801,18.81178519269402,1.5890655786880175,85.27628787576205,2,14,47.618560621189744,67.3,64.6515573688533,0,0.0,18
33,9,AffectEV,30.0,Verimlilik,12.942750934726801,18.81178519269402,1.5890655786880175,85.27628787576205,2,14,47.618560621189744,67.3,64.6515573688533,0,0.0,18
33,9,AffectEV,50.0,,13.12079748637894,19.363801988577627,1.632718058044997,85.64380290387201,2,12,48.780985480639906,67.3,64.57880323659167,0,0.0,18
33,9,AffectEV,65.0,,13.12079748637894,19.363801988577627,1.632718058044997,85.64380290387201,2,12,48.780985480639906,67.3,64.57880323659167,0,0.0,18
33,9,AffectEV,85.0,,13.267409293722592,19.65387445791404,1.6484188392887298,85.66647943251215,2,12,48.667602837439276,67.3,64.55263526785211,0,0.0,18
34,9,Dijkstra,,,13.181150613222396,26.871439426856607,1.5935940819737704,73.79685795270814,3,46,54.5157102364593,86.8,84.14400986337705,0,0.0,62
34,9,A*,,,17.631544924722906,24.968864614091114,2.299227653401141,84.68019395748993,2,15,49.09903021255034,86.8,82.96795391099809,0,0.0,62
34,9,NSGA-II,,Dengeli,14.464134740556437,27.072060833499172,1.725479255445332,84.49808810202057,2,14,51.50955948989716,86.8,83.92420124092445,0,0.0,62
34,9,AffectEV,15.0,,13.686197755946102,26.144092020795142,1.5954023783251332,81.52957308572404,1,27,49.35213457137981,86.8,84.14099603612478,0,0.0,62
34,9,AffectEV,30.0,,14.220032954748946,26.460626612724983,1.7010898058367854,83.6037444324443,2,16,52.98127783777851,86.8,83.96485032360536,0,0.0,62
34,9,AffectEV,50.0,Dengeli,14.464134740556437,27.072060833499172,1.725479255445332,84.49808810202057,2,14,51.50955948989716,86.8,83.92420124092445,0,0.0,62
34,9,AffectEV,65.0,,14.965911894268944,27.815808760913182,1.7786955484368623,84.98935369899979,2,13,50.55323150500103,86.8,83.83550741927189,0,0.0,62
34,9,AffectEV,85.0,Konfor,18.61511314704396,29.787193188511267,2.3628847935914883,86.07296064580945,3,9,48.63519677095281,86.8,82.86185867734751,0,0.0,62
35,9,Dijkstra,,,20.230388693417584,41.12429708896398,2.6233317859654752,75.4852224481765,12,25,55.07388775911748,47.9,43.52778035672421,0,0.0,100
35,9,A*,,,21.492391558520918,33.63467364093763,2.6774539979238763,81.92427703016938,5,17,52.37861484915313,47.9,43.43757667012687,0,0.0,100
35,9,NSGA-II,,Dengeli,21.492391558520918,33.63467364093763,2.6774539979238763,81.92427703016938,5,17,52.37861484915313,47.9,43.43757667012687,0,0.0,100
35,9,AffectEV,15.0,Dengeli,21.492391558520918,33.63467364093763,2.6774539979238763,81.92427703016938,5,17,52.37861484915313,47.9,43.43757667012687,0,0.0,100
35,9,AffectEV,30.0,Dengeli,21.492391558520918,33.63467364093763,2.6774539979238763,81.92427703016938,5,17,52.37861484915313,47.9,43.43757667012687,0,0.0,100
35,9,AffectEV,50.0,Dengeli,21.492391558520918,33.63467364093763,2.6774539979238763,81.92427703016938,5,17,52.37861484915313,47.9,43.43757667012687,0,0.0,100
35,9,AffectEV,65.0,,22.85030715578001,36.38193642319637,2.806881952360659,82.68269664140936,5,16,50.08651679295318,47.9,43.22186341273223,0,0.0,100
35,9,AffectEV,85.0,,22.85030715578001,36.38193642319637,2.806881952360659,82.68269664140936,5,16,50.08651679295318,47.9,43.22186341273223,0,0.0,100
36,9,Dijkstra,,,24.10993819189053,52.54717276315768,3.3386625152273695,55.3851393410127,28,66,54.0743032949365,59.2,53.635562474621054,0,0.0,100
36,9,A*,,,27.628601220988152,40.537751413727754,3.565639292643431,78.27356615013151,8,24,52.63216924934245,59.2,53.257267845594285,0,0.0,100
36,9,NSGA-II,,Dengeli,27.78522806303865,41.08178527763835,3.5415525798565395,80.02290731169943,7,20,52.38546344150288,59.2,53.29741236690577,0,0.0,100
36,9,AffectEV,15.0,,26.14311574385821,41.366405555906255,3.3820830975861953,74.80541840670975,10,32,52.972907966451224,59.2,53.56319483735634,0,0.0,100
36,9,AffectEV,30.0,,26.14311574385821,41.366405555906255,3.3820830975861953,74.80541840670975,10,32,52.972907966451224,59.2,53.56319483735634,0,0.0,100
36,9,AffectEV,50.0,Dengeli,27.78522806303865,41.08178527763835,3.5415525798565395,80.02290731169943,7,20,52.38546344150288,59.2,53.29741236690577,0,0.0,100
36,9,AffectEV,65.0,,31.488603727454585,43.69922867977424,4.152716314858955,84.54450839012817,5,11,48.27745804935916,59.2,52.27880614190175,0,0.0,100
36,9,AffectEV,85.0,,31.488603727454585,43.69922867977424,4.152716314858955,84.54450839012817,5,11,48.27745804935916,59.2,52.27880614190175,0,0.0,100
37,9,Dijkstra,,,12.058149939745649,22.565834976520975,1.4798561714620768,86.49614910307652,4,6,48.51925448461741,66.3,63.8335730475632,0,0.0,100
37,9,A*,,,13.611547559365317,19.684419215727587,1.6969431279886102,88.40264584879111,0,2,54.98677075604442,66.3,63.471761453352315,0,0.0,100
37,9,NSGA-II,,Dengeli,12.456501690051825,20.15834448694441,1.4585253757095875,89.10969683282994,1,4,45.95151583585028,66.3,63.86912437381735,0,0.0,100
37,9,AffectEV,15.0,,12.350201059234022,19.80911518054108,1.4501210648926515,88.71857658743818,1,5,46.4071170628091,66.3,63.88313155851225,0,0.0,100
37,9,AffectEV,30.0,Dengeli,12.456501690051825,20.15834448694441,1.4585253757095875,89.10969683282994,1,4,45.95151583585028,66.3,63.86912437381735,0,0.0,100
37,9,AffectEV,50.0,,13.690805741241652,21.867972814676342,1.5627344611451588,90.5459804753114,0,3,42.77009762344302,66.3,63.69544256475807,0,0.0,100
37,9,AffectEV,65.0,,13.959283203137147,23.051067807271565,1.5841029506329527,90.80421511427635,0,3,41.47892442861828,66.3,63.65982841561174,0,0.0,100
37,9,AffectEV,85.0,,13.959283203137147,23.051067807271565,1.5841029506329527,90.80421511427635,0,3,41.47892442861828,66.3,63.65982841561174,0,0.0,100
38,9,Dijkstra,,,18.04001709290496,37.474871053328016,2.402003525454157,72.65606799702755,14,31,55.21966001486229,66.1,62.09666079090973,0,0.0,100
38,9,A*,,,19.55570562179163,33.87937718221941,2.462036237727352,80.59825197697334,6,19,53.5087401151333,66.1,61.99660627045441,0,0.0,100
38,9,NSGA-II,,Dengeli,19.713768097596475,34.79285782302915,2.402580211937501,82.2642300463835,4,18,51.6788497680825,66.1,62.095699646770825,0,0.0,100
38,9,AffectEV,15.0,Dengeli,19.713768097596475,34.79285782302915,2.402580211937501,82.2642300463835,4,18,51.6788497680825,66.1,62.095699646770825,0,0.0,100
38,9,AffectEV,30.0,Dengeli,19.713768097596475,34.79285782302915,2.402580211937501,82.2642300463835,4,18,51.6788497680825,66.1,62.095699646770825,0,0.0,100
38,9,AffectEV,50.0,,21.06855742844014,37.192060431407974,2.5050142950568017,86.3176396679211,2,10,48.411801660394474,66.1,61.924976174905325,0,0.0,100
38,9,AffectEV,65.0,,23.36958919830156,35.354693451704286,2.7943881876991368,88.22347163944238,2,5,46.38264180278811,66.1,61.442686353834766,0,0.0,100
38,9,AffectEV,85.0,,23.36958919830156,35.354693451704286,2.7943881876991368,88.22347163944238,2,5,46.38264180278811,66.1,61.442686353834766,0,0.0,100
39,9,Dijkstra,,,27.693169836575326,52.19277206999289,3.9375326779154447,70.90654241131091,24,21,53.96728794344544,83.4,76.83744553680759,0,0.0,100
39,9,A*,,,28.836829395333833,34.310759950316864,3.7726130653048693,86.66848584038013,0,12,48.65757079809938,83.4,77.11231155782522,0,0.0,100
39,9,NSGA-II,,Dengeli,28.857724734493324,35.31225261917105,3.751898866463521,86.79060182583108,0,12,48.04699087084461,83.4,77.14683522256081,0,0.0,100
39,9,AffectEV,15.0,,28.854514921483506,34.84651647928765,3.761150923472875,86.750644842996,0,12,48.24677578502002,83.4,77.13141512754521,0,0.0,100
39,9,AffectEV,30.0,Dengeli,28.857724734493324,35.31225261917105,3.751898866463521,86.79060182583108,0,12,48.04699087084461,83.4,77.14683522256081,0,0.0,100
39,9,AffectEV,50.0,,30.001388011931148,37.5819678336635,3.873033049493307,87.47188273911448,0,10,47.64058630442764,83.4,76.94494491751117,0,0.0,100
39,9,AffectEV,65.0,,31.009584209616534,40.08716428929629,3.9727836686186158,87.79284281374443,0,9,47.53578593127788,83.4,76.77869388563565,0,0.0,100
39,9,AffectEV,85.0,Konfor,31.769884846696552,43.0761417251375,4.045868510036935,87.90307540462895,0,9,46.984622976855235,83.4,76.65688581660511,0,0.0,100
40,9,Dijkstra,,,15.54634367544098,30.229610829681345,2.009424045705235,77.37248653047271,10,22,55.137567347636384,86.5,83.15095992382462,0,0.0,100
40,9,A*,,,16.94379194972621,26.93876919440201,2.097701017425443,82.94123918334064,2,17,54.79380408329679,86.5,83.00383163762426,0,0.0,100
40,9,NSGA-II,,Dengeli,16.817572014086583,27.039182521831506,2.075898842383698,83.56591426168791,2,15,54.670428691560495,86.5,83.04016859602717,0,0.0,100
40,9,AffectEV,15.0,Dengeli,16.817572014086583,27.039182521831506,2.075898842383698,83.56591426168791,2,15,54.670428691560495,86.5,83.04016859602717,0,0.0,100
40,9,AffectEV,30.0,Dengeli,16.817572014086583,27.039182521831506,2.075898842383698,83.56591426168791,2,15,54.670428691560495,86.5,83.04016859602717,0,0.0,100
40,9,AffectEV,50.0,,17.138883679061546,27.295068447106505,2.121542723207601,84.10857195457925,2,13,54.95714022710373,86.5,82.96409546132067,0,0.0,100
40,9,AffectEV,65.0,,25.45317945568152,31.44995475483383,3.4417244107920086,90.28553804513221,1,4,40.07230977433896,86.5,80.76379264867998,0,0.0,100
40,9,AffectEV,85.0,Konfor,25.441608528363385,32.13190401893883,3.4183518908454062,90.44860393950688,1,4,39.25698030246559,86.5,80.80274684859098,0,0.0,100
41,9,Dijkstra,,,23.660635711712654,33.72256926802958,2.993926893178335,84.89826799701562,4,8,53.508660014921865,69.6,64.61012184470277,0,0.0,100
41,9,A*,,,23.906854558075526,32.52628569976373,2.998621461369135,85.96397281719287,2,7,54.68013591403564,69.6,64.60229756438477,0,0.0,100
41,9,NSGA-II,,Dengeli,24.165257947744916,33.44017697087628,3.0098951277513857,86.19172148542705,2,7,53.541392572864765,69.6,64.58350812041435,0,0.0,100
41,9,AffectEV,15.0,,23.90198483737153,32.64079693545486,2.9943032684240922,85.96370566770602,2,7,54.681471661469885,69.6,64.6094945526265,0,0.0,100
41,9,AffectEV,30.0,,23.906854558075526,32.52628569976373,2.998621461369135,85.96397281719287,2,7,54.68013591403564,69.6,64.60229756438477,0,0.0,100
41,9,AffectEV,50.0,,25.025925713839666,34.302949891593315,3.095489937702644,86.48660507223937,2,8,50.56697463880315,69.6,64.44085010382892,0,0.0,100
41,9,AffectEV,65.0,,25.938318974411807,37.04327860131669,3.178683496543876,86.78677500568337,2,8,49.06612497158313,69.6,64.30219417242687,0,0.0,100
41,9,AffectEV,85.0,,26.0414077612758,37.30582791173951,3.1882550700355705,86.79509915930154,2,8,49.02450420349224,69.6,64.28624154994071,0,0.0,100
42,9,Dijkstra,,,21.96282146541537,41.04535913536514,2.9520563014934114,72.93283164674378,20,25,47.83584176628113,85.0,80.07990616417764,0,0.0,100
42,9,A*,,,22.051518719271883,40.45997454037502,2.928541245318617,73.4946607705895,19,25,47.52669614705246,85.0,80.11909792446897,0,0.0,100
42,9,NSGA-II,,Dengeli,22.248108561629195,40.6544315893349,2.945178936698818,75.09380537180918,19,20,47.030973140954096,85.0,80.0913684388353,0,0.0,100
42,9,AffectEV,15.0,,22.31579883934976,40.85056079067916,2.849156879663098,73.04654323076927,15,34,46.26728384615365,85.0,80.2514052005615,0,0.0,100
42,9,AffectEV,30.0,Dengeli,22.248108561629195,40.6544315893349,2.945178936698818,75.09380537180918,19,20,47.030973140954096,85.0,80.0913684388353,0,0.0,100
42,9,AffectEV,50.0,,35.443292826628046,41.860293900233806,4.81096972592829,89.17554263200762,2,11,32.622286839961866,85.0,76.98171712345285,0,0.0,100
42,9,AffectEV,65.0,Konfor,37.583387359196,42.688171910097246,5.030558800432245,89.97123298358126,0,12,32.14383508209368,85.0,76.61573533261293,0,0.0,100
42,9,AffectEV,85.0,Konfor,37.583387359196,42.688171910097246,5.030558800432245,89.97123298358126,0,12,32.14383508209368,85.0,76.61573533261293,0,0.0,100
43,9,Dijkstra,,,17.06329866686855,41.35660846447664,2.2394106791245934,68.49369165802744,17,40,55.03154170986276,66.0,62.267648868125676,0,0.0,49
43,9,A*,,,19.448895047219445,35.3753516840446,2.483034262108657,79.10072480293887,7,19,58.49637598530565,66.0,61.861609563152236,0,0.0,49
43,9,NSGA-II,,Dengeli,20.124193306229255,35.59070238354948,2.503201839807927,79.78816192901837,4,22,58.059190354908175,66.0,61.82799693365345,0,0.0,49
43,9,AffectEV,15.0,,18.866069897375315,35.481660865006155,2.235359503764708,77.10444879340821,2,38,52.47775603295895,66.0,62.27440082705882,0,0.0,49
43,9,AffectEV,30.0,,18.866069897375315,35.481660865006155,2.235359503764708,77.10444879340821,2,38,52.47775603295895,66.0,62.27440082705882,0,0.0,49
43,9,AffectEV,50.0,,26.369692398971733,37.186170316294614,3.716213817571761,85.6827015357022,3,11,47.586492321489004,66.0,59.80631030404707,0,0.0,49
43,9,AffectEV,65.0,,26.369692398971733,37.186170316294614,3.716213817571761,85.6827015357022,3,11,47.586492321489004,66.0,59.80631030404707,0,0.0,49
43,9,AffectEV,85.0,,26.369692398971733,37.186170316294614,3.716213817571761,85.6827015357022,3,11,47.586492321489004,66.0,59.80631030404707,0,0.0,49
44,9,Dijkstra,,,12.180318086105807,19.737193054285846,1.5075646420030202,86.27183423947635,1,7,55.640828802618266,66.9,64.38739226332831,0,0.0,100
44,9,A*,,,12.238215814945256,18.660808748671688,1.4983480810124674,88.10836845920485,0,3,54.95815770397573,66.9,64.40275319831255,0,0.0,100
44,9,NSGA-II,,Dengeli,12.273289897071388,18.684272606134762,1.5008477971208445,88.16573137616459,0,3,54.67134311917704,66.9,64.3985870047986,0,0.0,100
44,9,AffectEV,15.0,,12.238215814945256,18.660808748671688,1.4983480810124674,88.10836845920485,0,3,54.95815770397573,66.9,64.40275319831255,0,0.0,100
44,9,AffectEV,30.0,Dengeli,12.273289897071388,18.684272606134762,1.5008477971208445,88.16573137616459,0,3,54.67134311917704,66.9,64.3985870047986,0,0.0,100
44,9,AffectEV,50.0,,12.633278796569495,19.60438437215045,1.534686669416,88.42878232738758,0,3,53.356088363062085,66.9,64.34218888430667,0,0.0,100
44,9,AffectEV,65.0,Konfor,15.450789415016354,25.644262344595933,1.799391655266398,89.86645067829,1,3,43.66774660855,66.9,63.90101390788934,0,0.0,100
44,9,AffectEV,85.0,Konfor,15.450789415016354,25.644262344595933,1.799391655266398,89.86645067829,1,3,43.66774660855,66.9,63.90101390788934,0,0.0,100
45,9,Dijkstra,,,24.860773582720817,43.82742947429876,3.0740703474486386,83.57112424456008,8,8,50.144378777199606,76.0,70.87654942091893,0,0.0,100
45,9,A*,,,26.883874663067076,31.167652087504088,3.6603765975233,89.7562638403383,0,5,43.71868079830848,76.0,69.89937233746117,0,0.0,100
45,9,NSGA-II,,Dengeli,26.883874663067076,31.167652087504088,3.6603765975233,89.7562638403383,0,5,43.71868079830848,76.0,69.89937233746117,0,0.0,100
45,9,AffectEV,15.0,,25.600484967723496,38.30213118796374,3.137764982450443,86.06019242718702,4,7,49.19903786406493,76.0,70.77039169591593,0,0.0,100
45,9,AffectEV,30.0,,26.282670193077568,35.39188392760779,3.3931113139662816,88.49144557684527,0,9,44.042772115773666,76.0,70.34481447672286,0,0.0,100
45,9,AffectEV,50.0,Dengeli,26.883874663067076,31.167652087504088,3.6603765975233,89.7562638403383,0,5,43.71868079830848,76.0,69.89937233746117,0,0.0,100
45,9,AffectEV,65.0,,27.853477332351517,34.05826904312182,3.7373930599886442,90.33223055750781,0,4,42.33884721246094,76.0,69.77101156668559,0,0.0,100
45,9,AffectEV,85.0,,28.380863405950592,34.61737224951185,3.7998081354559297,90.42501641336372,0,4,41.874917933181365,76.0,69.66698644090678,0,0.0,100
46,9,Dijkstra,,,15.652162516574279,42.29785404364182,2.156060327605707,62.23853916213427,21,50,61.30730418932861,66.4,62.80656612065716,0,0.0,100
46,9,A*,,,16.853269906886915,33.99180551657749,2.1741777738218557,73.64585315473772,8,32,63.7707342263114,66.4,62.77637037696358,0,0.0,100
46,9,NSGA-II,,Dengeli,16.853269906886915,33.99180551657749,2.1741777738218557,73.64585315473772,8,32,63.7707342263114,66.4,62.77637037696358,0,0.0,100
46,9,AffectEV,15.0,,16.565053234858464,34.6638925356026,2.116865429704005,71.7862597857491,7,40,63.56870107125451,66.4,62.87189095049333,0,0.0,100
46,9,AffectEV,30.0,,16.565053234858464,34.6638925356026,2.116865429704005,71.7862597857491,7,40,63.56870107125451,66.4,62.87189095049333,0,0.0,100
46,9,AffectEV,50.0,Dengeli,16.853269906886915,33.99180551657749,2.1741777738218557,73.64585315473772,8,32,63.7707342263114,66.4,62.77637037696358,0,0.0,100
46,9,AffectEV,65.0,,17.36360397269942,36.87518219863148,2.2165947748768406,78.1790577004148,9,16,62.604711497925976,66.4,62.705675375205274,0,0.0,100
46,9,AffectEV,85.0,,17.36360397269942,36.87518219863148,2.2165947748768406,78.1790577004148,9,16,62.604711497925976,66.4,62.705675375205274,0,0.0,100
47,9,Dijkstra,,,23.44933666717482,45.546853312667295,3.3766479641368896,75.3365025756091,23,13,46.317487121954464,67.7,62.072253393105186,0,0.0,100
47,9,A*,,,25.169659715974344,34.30162390808406,3.421832049594482,87.29094088442648,4,7,43.045295577867584,67.7,61.9969465840092,0,0.0,100
47,9,NSGA-II,,Dengeli,25.199861083936987,34.35766126892107,3.0155494998711103,89.1063254530562,0,4,48.46837273471897,67.7,62.674084166881485,0,0.0,100
47,9,AffectEV,15.0,Dengeli,25.199861083936987,34.35766126892107,3.0155494998711103,89.1063254530562,0,4,48.46837273471897,67.7,62.674084166881485,0,0.0,100
47,9,AffectEV,30.0,Dengeli,25.199861083936987,34.35766126892107,3.0155494998711103,89.1063254530562,0,4,48.46837273471897,67.7,62.674084166881485,0,0.0,100
47,9,AffectEV,50.0,Dengeli,25.199861083936987,34.35766126892107,3.0155494998711103,89.1063254530562,0,4,48.46837273471897,67.7,62.674084166881485,0,0.0,100
47,9,AffectEV,65.0,,26.02787961963056,39.409285389682694,3.14392407035945,90.14353474642887,0,4,43.28232626785566,67.7,62.46012654940092,0,0.0,100
47,9,AffectEV,85.0,,26.10301185128544,39.69936061315399,3.1505293746229857,90.16602132361284,0,4,43.169893381935815,67.7,62.449117708961694,0,0.0,100
48,9,Dijkstra,,,15.080656660003548,22.27557443925,1.8395086392105573,89.20941531788031,0,3,49.452923410598395,69.3,66.2341522679824,0,0.0,46
48,9,A*,,,15.105437848101676,21.196684214168204,1.8400719647624044,88.75088889709878,0,5,48.74555551450611,69.3,66.23321339206265,0,0.0,46
48,9,NSGA-II,,Dengeli,15.127585280888738,21.376177192501824,1.8411043840175532,89.3609854110933,0,3,48.6950729445335,69.3,66.23149269330408,0,0.0,46
48,9,AffectEV,15.0,,15.08818064395873,21.34891681920347,1.8383635633515838,89.30345528060066,0,3,48.98272359699671,69.3,66.23606072774736,0,0.0,46
48,9,AffectEV,30.0,,15.08818064395873,21.34891681920347,1.8383635633515838,89.30345528060066,0,3,48.98272359699671,69.3,66.23606072774736,0,0.0,46
48,9,AffectEV,50.0,Dengeli,15.127585280888738,21.376177192501824,1.8411043840175532,89.3609854110933,0,3,48.6950729445335,69.3,66.23149269330408,0,0.0,46
48,9,AffectEV,65.0,Konfor,16.06091129646815,27.070417670750697,1.9281225929269388,89.95862399931687,0,2,47.20688000341568,69.3,66.08646234512176,0,0.0,46
48,9,AffectEV,85.0,Konfor,16.06091129646815,27.070417670750697,1.9281225929269388,89.95862399931687,0,2,47.20688000341568,69.3,66.08646234512176,0,0.0,46
49,9,Dijkstra,,,12.448359452641155,33.63717991264394,1.916764804297179,71.06158413008802,23,16,63.19207934955984,70.1,66.90539199283803,0,0.0,100
49,9,A*,,,15.393972879152834,25.727729039700137,1.9584828868455484,76.0855591330468,3,34,61.072204334765985,70.1,66.83586185525742,0,0.0,100
49,9,NSGA-II,,Verimlilik,12.844605294735647,29.80416950534279,1.7139304938629407,76.55589711212957,12,19,58.720514439352165,70.1,67.2434491768951,0,0.0,100
49,9,AffectEV,15.0,Verimlilik,12.844605294735647,29.80416950534279,1.7139304938629407,76.55589711212957,12,19,58.720514439352165,70.1,67.2434491768951,0,0.0,100
49,9,AffectEV,30.0,Verimlilik,12.844605294735647,29.80416950534279,1.7139304938629407,76.55589711212957,12,19,58.720514439352165,70.1,67.2434491768951,0,0.0,100
49,9,AffectEV,50.0,,16.33245318763804,28.34529937046392,2.0352450563453637,83.47647608389354,1,13,60.617619580532285,70.1,66.70792490609105,0,0.0,100
49,9,AffectEV,65.0,,16.33245318763804,28.34529937046392,2.0352450563453637,83.47647608389354,1,13,60.617619580532285,70.1,66.70792490609105,0,0.0,100
49,9,AffectEV,85.0,,16.33245318763804,28.34529937046392,2.0352450563453637,83.47647608389354,1,13,60.617619580532285,70.1,66.70792490609105,0,0.0,100
50,9,Dijkstra,,,20.447974153171877,41.28239340218419,2.593853429399892,79.40683284787033,22,3,43.46583576064834,32.0,27.67691095100018,0,0.0,100
50,9,A*,,,29.50013168469529,32.484102239965864,3.861339688921605,92.45432420417038,0,2,34.72837897914813,32.0,25.564433851797325,0,0.0,100
50,9,NSGA-II,,Dengeli,22.551108901058623,34.27267337935132,2.569692292777088,88.88279315055328,1,8,41.086034247233556,32.0,27.717179512038186,0,0.0,100
50,9,AffectEV,15.0,,22.5385141598943,33.91348754561696,2.5639442247396858,88.58277607714774,1,9,41.08611961426133,32.0,27.726759625433857,0,0.0,100
50,9,AffectEV,30.0,Dengeli,22.551108901058623,34.27267337935132,2.569692292777088,88.88279315055328,1,8,41.086034247233556,32.0,27.717179512038186,0,0.0,100
50,9,AffectEV,50.0,,29.50013168469529,32.484102239965864,3.861339688921605,92.45432420417038,0,2,34.72837897914813,32.0,25.564433851797325,0,0.0,100
50,9,AffectEV,65.0,,30.155210810236845,34.64780067168234,3.91622979999377,92.57959932696474,0,2,34.10200336517632,32.0,25.472950333343718,0,0.0,100
50,9,AffectEV,85.0,,31.373938680836325,38.404158708419295,4.031656405940955,92.69109679254737,0,2,33.54451603726316,32.0,25.280572656765074,0,0.0,100
