scenario,seed,method,cls,category,distance_km,time_min,energy_kwh,comfort,n_intersection,n_stop,traffic_density,soc_initial,soc_final,charging_stop,charge_min,front_size
1,0,Dijkstra,,,18.180626954473706,47.868256408953165,4.186901764003782,57.5013720288601,49,33.04765998747975,40.42164987447988,68.4,61.421830393327035,0,0.0,19
1,0,A*,,,24.45707858257984,30.963588364883268,4.580016577878503,83.20041203064756,13,12.92882713465218,32.10469914478392,68.4,60.766639036869165,0,0.0,19
1,0,NSGA-II,,Dengeli,24.45707858257984,30.963588364883268,4.580016577878503,83.20041203064756,13,12.92882713465218,32.10469914478392,68.4,60.766639036869165,0,0.0,19
1,0,AffectEV,15.0,Dengeli,24.45707858257984,30.963588364883268,4.580016577878503,83.20041203064756,13,12.92882713465218,32.10469914478392,68.4,60.766639036869165,0,0.0,19
1,0,AffectEV,30.0,Dengeli,24.45707858257984,30.963588364883268,4.580016577878503,83.20041203064756,13,12.92882713465218,32.10469914478392,68.4,60.766639036869165,0,0.0,19
1,0,AffectEV,50.0,Dengeli,24.45707858257984,30.963588364883268,4.580016577878503,83.20041203064756,13,12.92882713465218,32.10469914478392,68.4,60.766639036869165,0,0.0,19
1,0,AffectEV,65.0,Dengeli,24.45707858257984,30.963588364883268,4.580016577878503,83.20041203064756,13,12.92882713465218,32.10469914478392,68.4,60.766639036869165,0,0.0,19
1,0,AffectEV,85.0,Dengeli,24.45707858257984,30.963588364883268,4.580016577878503,83.20041203064756,13,12.92882713465218,32.10469914478392,68.4,60.766639036869165,0,0.0,19
2,0,Dijkstra,,,25.08490021637783,43.41847328893459,5.225305899987825,71.09858904436544,20,27.469062169208865,53.303461524359456,52.2,43.49115683335363,0,0.0,15
2,0,A*,,,25.095392899664237,42.984811638500425,5.208843908264497,71.02298070807633,20,27.585271517542946,53.50718918330391,52.2,43.51859348622584,0,0.0,15
2,0,NSGA-II,,Verimlilik,25.095392899664237,42.984811638500425,5.208843908264497,71.02298070807633,20,27.585271517542946,53.50718918330391,52.2,43.51859348622584,0,0.0,15
2,0,AffectEV,15.0,Verimlilik,25.095392899664237,42.984811638500425,5.208843908264497,71.02298070807633,20,27.585271517542946,53.50718918330391,52.2,43.51859348622584,0,0.0,15
2,0,AffectEV,30.0,Verimlilik,25.095392899664237,42.984811638500425,5.208843908264497,71.02298070807633,20,27.585271517542946,53.50718918330391,52.2,43.51859348622584,0,0.0,15
2,0,AffectEV,50.0,Konfor,28.595127752488725,45.59430695690313,5.843504480652608,78.42622607757087,12,21.269100376982845,45.965219046671386,52.2,42.46082586557899,0,0.0,15
2,0,AffectEV,65.0,Konfor,28.595127752488725,45.59430695690313,5.843504480652608,78.42622607757087,12,21.269100376982845,45.965219046671386,52.2,42.46082586557899,0,0.0,15
2,0,AffectEV,85.0,Konfor,28.595127752488725,45.59430695690313,5.843504480652608,78.42622607757087,12,21.269100376982845,45.965219046671386,52.2,42.46082586557899,0,0.0,15
3,0,Dijkstra,,,10.944476773165217,35.46822323732252,2.630355727900033,63.578773223858164,34,28.316468316159824,54.631431406469446,77.4,73.01607378683329,0,0.0,58
3,0,A*,,,13.67226409726009,31.06062397779623,3.0084186625620095,71.0798848724108,21,22.916088716426117,57.726442563306804,77.4,72.38596889572999,0,0.0,58
3,0,NSGA-II,,Dengeli,13.252739858344919,31.09803042768068,2.9475040362390237,70.4617136239693,22,23.312426642736746,57.72279191604842,77.4,72.48749327293497,0,0.0,58
3,0,AffectEV,15.0,Dengeli,13.252739858344919,31.09803042768068,2.9475040362390237,70.4617136239693,22,23.312426642736746,57.72279191604842,77.4,72.48749327293497,0,0.0,58
3,0,AffectEV,30.0,Dengeli,13.252739858344919,31.09803042768068,2.9475040362390237,70.4617136239693,22,23.312426642736746,57.72279191604842,77.4,72.48749327293497,0,0.0,58
3,0,AffectEV,50.0,Dengeli,13.252739858344919,31.09803042768068,2.9475040362390237,70.4617136239693,22,23.312426642736746,57.72279191604842,77.4,72.48749327293497,0,0.0,58
3,0,AffectEV,65.0,Konfor,14.726674870580963,31.393903500637773,3.168874444047461,71.52234134077145,21,22.623510415446475,55.953027672973086,77.4,72.11854259325423,0,0.0,58
3,0,AffectEV,85.0,Konfor,14.726674870580963,31.393903500637773,3.168874444047461,71.52234134077145,21,22.623510415446475,55.953027672973086,77.4,72.11854259325423,0,0.0,58
4,0,Dijkstra,,,20.388666386118903,37.46587805106549,4.32608149581266,78.29388500619956,15,17.137346342764545,45.324555454855386,40.6,33.38986417364557,0,0.0,19
4,0,A*,,,20.703567244736718,36.50931137138754,4.270706255398064,77.00791229206641,17,18.530888138534507,44.66410633186624,40.6,33.482156241003224,0,0.0,19
4,0,NSGA-II,,Dengeli,20.388666386118903,37.46587805106549,4.32608149581266,78.29388500619956,15,17.137346342764545,45.324555454855386,40.6,33.38986417364557,0,0.0,19
4,0,AffectEV,15.0,Verimlilik,20.70766409191689,36.565226799295694,4.268319519412036,76.94946907555894,17,18.620266835976224,44.822254368241026,40.6,33.486134134313275,0,0.0,19
4,0,AffectEV,30.0,Dengeli,20.388666386118903,37.46587805106549,4.32608149581266,78.29388500619956,15,17.137346342764545,45.324555454855386,40.6,33.38986417364557,0,0.0,19
4,0,AffectEV,50.0,Dengeli,20.388666386118903,37.46587805106549,4.32608149581266,78.29388500619956,15,17.137346342764545,45.324555454855386,40.6,33.38986417364557,0,0.0,19
4,0,AffectEV,65.0,Konfor,33.536003182489935,42.16459750440925,6.233978755470432,81.23927935561741,13,17.116632882544028,35.62865389809688,40.6,30.21003540754928,0,0.0,19
4,0,AffectEV,85.0,Konfor,33.536003182489935,42.16459750440925,6.233978755470432,81.23927935561741,13,17.116632882544028,35.62865389809688,40.6,30.21003540754928,0,0.0,19
5,0,Dijkstra,,,16.803270107900584,63.829288723158896,4.319152627787837,46.61645547356979,50,50.45620289440545,66.23341829054287,47.9,40.70141228702027,0,0.0,34
5,0,A*,,,18.192093990027015,45.6184979769996,4.329292284031605,67.62403503922295,18,31.325031684987252,69.89227727640444,47.9,40.684512859947326,0,0.0,34
5,0,NSGA-II,,Dengeli,18.192093990027015,45.6184979769996,4.329292284031605,67.62403503922295,18,31.325031684987252,69.89227727640444,47.9,40.684512859947326,0,0.0,34
5,0,AffectEV,15.0,Dengeli,18.192093990027015,45.6184979769996,4.329292284031605,67.62403503922295,18,31.325031684987252,69.89227727640444,47.9,40.684512859947326,0,0.0,34
5,0,AffectEV,30.0,Dengeli,18.192093990027015,45.6184979769996,4.329292284031605,67.62403503922295,18,31.325031684987252,69.89227727640444,47.9,40.684512859947326,0,0.0,34
5,0,AffectEV,50.0,Dengeli,18.192093990027015,45.6184979769996,4.329292284031605,67.62403503922295,18,31.325031684987252,69.89227727640444,47.9,40.684512859947326,0,0.0,34
5,0,AffectEV,65.0,Konfor,24.27582923256729,48.65557844499232,5.332733024918117,70.35032450504029,17,29.93924882220153,60.83950424149623,47.9,39.01211162513647,0,0.0,34
5,0,AffectEV,85.0,Konfor,24.27582923256729,48.65557844499232,5.332733024918117,70.35032450504029,17,29.93924882220153,60.83950424149623,47.9,39.01211162513647,0,0.0,34
6,0,Dijkstra,,,15.816035757029267,41.21894807060835,3.626496011523014,61.44684010017054,43,28.857487902037978,41.979567646090345,75.2,69.15583998079498,0,0.0,73
6,0,A*,,,18.252758461533563,35.18514980591456,3.8762333434224967,74.40402674181271,25,18.31655117774076,38.00503952432527,75.2,68.73961109429584,0,0.0,73
6,0,NSGA-II,,Dengeli,18.215126973940517,35.190458053646466,3.8659850250765007,74.73544455006416,24,18.3607777675704,38.7816105983236,75.2,68.7566916248725,0,0.0,73
6,0,AffectEV,15.0,Dengeli,18.215126973940517,35.190458053646466,3.8659850250765007,74.73544455006416,24,18.3607777675704,38.7816105983236,75.2,68.7566916248725,0,0.0,73
6,0,AffectEV,30.0,Dengeli,18.215126973940517,35.190458053646466,3.8659850250765007,74.73544455006416,24,18.3607777675704,38.7816105983236,75.2,68.7566916248725,0,0.0,73
6,0,AffectEV,50.0,Dengeli,18.215126973940517,35.190458053646466,3.8659850250765007,74.73544455006416,24,18.3607777675704,38.7816105983236,75.2,68.7566916248725,0,0.0,73
6,0,AffectEV,65.0,Dengeli,18.215126973940517,35.190458053646466,3.8659850250765007,74.73544455006416,24,18.3607777675704,38.7816105983236,75.2,68.7566916248725,0,0.0,73
6,0,AffectEV,85.0,Dengeli,18.215126973940517,35.190458053646466,3.8659850250765007,74.73544455006416,24,18.3607777675704,38.7816105983236,75.2,68.7566916248725,0,0.0,73
7,0,Dijkstra,,,30.54779619598615,67.39738833812439,6.656560362579701,51.080298464634765,44,50.44285328312697,58.93422775213574,79.6,68.50573272903382,0,0.0,39
7,0,A*,,,51.013162304889725,43.24516249913602,8.419969462069995,85.39197921659353,8,15.0566379368187,30.45514701180432,79.6,65.56671756321667,0,0.0,39
7,0,NSGA-II,,Dengeli,51.013162304889725,43.24516249913602,8.419969462069995,85.39197921659353,8,15.0566379368187,30.45514701180432,79.6,65.56671756321667,0,0.0,39
7,0,AffectEV,15.0,Dengeli,51.013162304889725,43.24516249913602,8.419969462069995,85.39197921659353,8,15.0566379368187,30.45514701180432,79.6,65.56671756321667,0,0.0,39
7,0,AffectEV,30.0,Dengeli,51.013162304889725,43.24516249913602,8.419969462069995,85.39197921659353,8,15.0566379368187,30.45514701180432,79.6,65.56671756321667,0,0.0,39
7,0,AffectEV,50.0,Dengeli,51.013162304889725,43.24516249913602,8.419969462069995,85.39197921659353,8,15.0566379368187,30.45514701180432,79.6,65.56671756321667,0,0.0,39
7,0,AffectEV,65.0,Dengeli,51.013162304889725,43.24516249913602,8.419969462069995,85.39197921659353,8,15.0566379368187,30.45514701180432,79.6,65.56671756321667,0,0.0,39
7,0,AffectEV,85.0,Dengeli,51.013162304889725,43.24516249913602,8.419969462069995,85.39197921659353,8,15.0566379368187,30.45514701180432,79.6,65.56671756321667,0,0.0,39
8,0,Dijkstra,,,25.23747109975654,62.7782403885718,5.885737506190897,59.754343362051706,45,33.98993100232673,37.743386686251384,43.6,33.79043748968184,0,0.0,23
8,0,A*,,,26.034519756300163,58.46548883932985,5.9529223852637685,64.63988531587935,37,29.946997393857945,39.38007732981631,43.6,33.678462691227054,0,0.0,23
8,0,NSGA-II,,Dengeli,26.034519756300163,58.46548883932985,5.9529223852637685,64.63988531587935,37,29.946997393857945,39.38007732981631,43.6,33.678462691227054,0,0.0,23
8,0,AffectEV,15.0,Dengeli,26.034519756300163,58.46548883932985,5.9529223852637685,64.63988531587935,37,29.946997393857945,39.38007732981631,43.6,33.678462691227054,0,0.0,23
8,0,AffectEV,30.0,Dengeli,26.034519756300163,58.46548883932985,5.9529223852637685,64.63988531587935,37,29.946997393857945,39.38007732981631,43.6,33.678462691227054,0,0.0,23
8,0,AffectEV,50.0,Dengeli,26.034519756300163,58.46548883932985,5.9529223852637685,64.63988531587935,37,29.946997393857945,39.38007732981631,43.6,33.678462691227054,0,0.0,23
8,0,AffectEV,65.0,Konfor,28.828221148082406,63.71733588496847,6.643176818959774,68.1180532740813,31,27.987606449482286,39.92832395537003,43.6,32.52803863506705,0,0.0,23
8,0,AffectEV,85.0,Konfor,28.828221148082406,63.71733588496847,6.643176818959774,68.1180532740813,31,27.987606449482286,39.92832395537003,43.6,32.52803863506705,0,0.0,23
9,0,Dijkstra,,,17.935784581718238,41.325466235756736,3.904879716757802,63.0826285870897,38,29.427497760458618,45.445610423863556,55.9,49.391867138737,0,0.0,5
9,0,A*,,,25.90471328614617,28.894548500548407,4.619632834717753,83.70232514193258,12,12.919815344867677,32.10865127303558,55.9,48.20061194213708,0,0.0,5
9,0,NSGA-II,,Dengeli,25.90471328614617,28.894548500548407,4.619632834717753,83.70232514193258,12,12.919815344867677,32.10865127303558,55.9,48.20061194213708,0,0.0,5
9,0,AffectEV,15.0,Verimlilik,19.598539248044244,32.27596608444305,3.875946809586079,75.47143402375441,22,18.685790995180295,39.61414338845751,55.9,49.440088650689866,0,0.0,5
9,0,AffectEV,30.0,Dengeli,25.90471328614617,28.894548500548407,4.619632834717753,83.70232514193258,12,12.919815344867677,32.10865127303558,55.9,48.20061194213708,0,0.0,5
9,0,AffectEV,50.0,Dengeli,25.90471328614617,28.894548500548407,4.619632834717753,83.70232514193258,12,12.919815344867677,32.10865127303558,55.9,48.20061194213708,0,0.0,5
9,0,AffectEV,65.0,Dengeli,25.90471328614617,28.894548500548407,4.619632834717753,83.70232514193258,12,12.919815344867677,32.10865127303558,55.9,48.20061194213708,0,0.0,5
9,0,AffectEV,85.0,Dengeli,25.90471328614617,28.894548500548407,4.619632834717753,83.70232514193258,12,12.919815344867677,32.10865127303558,55.9,48.20061194213708,0,0.0,5
10,0,Dijkstra,,,26.29086706365498,40.57918804953952,5.3476157262119015,80.52002384500886,12,16.474406968159222,42.68827032271688,56.9,47.98730712298016,0,0.0,10
10,0,A*,,,40.03248737154875,34.26264870543696,6.725299046080948,88.07101133931783,5,11.243853874330613,30.27916249191492,56.9,45.69116825653175,0,0.0,10
10,0,NSGA-II,,Dengeli,40.03248737154875,34.26264870543696,6.725299046080948,88.07101133931783,5,11.243853874330613,30.27916249191492,56.9,45.69116825653175,0,0.0,10
10,0,AffectEV,15.0,Verimlilik,26.29523323733128,38.65864244098086,5.243960469972619,80.43490013249114,12,16.548443026633283,43.00283479759439,56.9,48.16006588337896,0,0.0,10
10,0,AffectEV,30.0,Dengeli,40.03248737154875,34.26264870543696,6.725299046080948,88.07101133931783,5,11.243853874330613,30.27916249191492,56.9,45.69116825653175,0,0.0,10
10,0,AffectEV,50.0,Dengeli,40.03248737154875,34.26264870543696,6.725299046080948,88.07101133931783,5,11.243853874330613,30.27916249191492,56.9,45.69116825653175,0,0.0,10
10,0,AffectEV,65.0,Dengeli,40.03248737154875,34.26264870543696,6.725299046080948,88.07101133931783,5,11.243853874330613,30.27916249191492,56.9,45.69116825653175,0,0.0,10
10,0,AffectEV,85.0,Dengeli,40.03248737154875,34.26264870543696,6.725299046080948,88.07101133931783,5,11.243853874330613,30.27916249191492,56.9,45.69116825653175,0,0.0,10
11,0,Dijkstra,,,21.66993991746172,63.72684408306644,5.233993459582477,52.870437631819456,38,48.274548651917286,68.23598886302679,65.7,56.97667756736254,0,0.0,43
11,0,A*,,,22.67278234302799,58.21940417016081,5.4126377870595235,60.94680268412568,26,40.67156397232701,69.2586406208811,65.7,56.678937021567464,0,0.0,43
11,0,NSGA-II,,Dengeli,22.67278234302799,58.21940417016081,5.4126377870595235,60.94680268412568,26,40.67156397232701,69.2586406208811,65.7,56.678937021567464,0,0.0,43
11,0,AffectEV,15.0,Dengeli,22.67278234302799,58.21940417016081,5.4126377870595235,60.94680268412568,26,40.67156397232701,69.2586406208811,65.7,56.678937021567464,0,0.0,43
11,0,AffectEV,30.0,Dengeli,22.67278234302799,58.21940417016081,5.4126377870595235,60.94680268412568,26,40.67156397232701,69.2586406208811,65.7,56.678937021567464,0,0.0,43
11,0,AffectEV,50.0,Dengeli,22.67278234302799,58.21940417016081,5.4126377870595235,60.94680268412568,26,40.67156397232701,69.2586406208811,65.7,56.678937021567464,0,0.0,43
11,0,AffectEV,65.0,Konfor,53.053480239031636,67.4685824675313,9.689952073643816,72.2464269945853,22,30.19617295910147,38.47360558842124,65.7,49.55007987726031,0,0.0,43
11,0,AffectEV,85.0,Konfor,53.053480239031636,67.4685824675313,9.689952073643816,72.2464269945853,22,30.19617295910147,38.47360558842124,65.7,49.55007987726031,0,0.0,43
12,0,Dijkstra,,,23.210046865366078,61.68367252642424,5.395235324923963,53.914131423667286,50,39.790987898968574,45.74286103321073,42.6,33.60794112512673,0,0.0,53
12,0,A*,,,24.653589322184306,50.445243117053856,5.342880984264804,65.34889876129002,32,30.675350560297762,47.242480353103275,42.6,33.69519835955866,0,0.0,53
12,0,NSGA-II,,Dengeli,24.653589322184306,50.445243117053856,5.342880984264804,65.34889876129002,32,30.675350560297762,47.242480353103275,42.6,33.69519835955866,0,0.0,53
12,0,AffectEV,15.0,Dengeli,24.653589322184306,50.445243117053856,5.342880984264804,65.34889876129002,32,30.675350560297762,47.242480353103275,42.6,33.69519835955866,0,0.0,53
12,0,AffectEV,30.0,Dengeli,24.653589322184306,50.445243117053856,5.342880984264804,65.34889876129002,32,30.675350560297762,47.242480353103275,42.6,33.69519835955866,0,0.0,53
12,0,AffectEV,50.0,Dengeli,24.653589322184306,50.445243117053856,5.342880984264804,65.34889876129002,32,30.675350560297762,47.242480353103275,42.6,33.69519835955866,0,0.0,53
12,0,AffectEV,65.0,Konfor,35.55051953548465,56.38029756604472,7.1633090559978605,75.88471773561537,21,21.27945255010143,36.15723249677097,42.6,30.661151573336902,0,0.0,53
12,0,AffectEV,85.0,Konfor,35.55051953548465,56.38029756604472,7.1633090559978605,75.88471773561537,21,21.27945255010143,36.15723249677097,42.6,30.661151573336902,0,0.0,53
13,0,Dijkstra,,,17.365727681979003,45.63396965183393,4.082800947194539,63.33843767106082,37,28.556357928099246,47.97327475254703,77.8,70.99533175467576,0,0.0,49
13,0,A*,,,18.684053779311363,42.54855547449664,4.227752367905874,70.00183499699445,28,23.144218674679088,45.27449700300912,77.8,70.7537460534902,0,0.0,49
13,0,NSGA-II,,Dengeli,18.684053779311363,42.54855547449664,4.227752367905874,70.00183499699445,28,23.144218674679088,45.27449700300912,77.8,70.7537460534902,0,0.0,49
13,0,AffectEV,15.0,Dengeli,18.684053779311363,42.54855547449664,4.227752367905874,70.00183499699445,28,23.144218674679088,45.27449700300912,77.8,70.7537460534902,0,0.0,49
13,0,AffectEV,30.0,Dengeli,18.684053779311363,42.54855547449664,4.227752367905874,70.00183499699445,28,23.144218674679088,45.27449700300912,77.8,70.7537460534902,0,0.0,49
13,0,AffectEV,50.0,Dengeli,18.684053779311363,42.54855547449664,4.227752367905874,70.00183499699445,28,23.144218674679088,45.27449700300912,77.8,70.7537460534902,0,0.0,49
13,0,AffectEV,65.0,Konfor,22.77235560722063,44.55726588629181,4.954346743384447,74.0190221658082,21,21.505024840440143,45.147351910298845,77.8,69.54275542769258,0,0.0,49
13,0,AffectEV,85.0,Konfor,22.77235560722063,44.55726588629181,4.954346743384447,74.0190221658082,21,21.505024840440143,45.147351910298845,77.8,69.54275542769258,0,0.0,49
14,0,Dijkstra,,,23.12440075830618,52.76817883907392,5.096353517991844,60.9320443599786,28,40.48397883116202,64.61380995336397,63.8,55.30607747001359,0,0.0,22
14,0,A*,,,24.073160375945697,47.237217472797006,5.207595053668286,68.46812499278556,15,34.78649644657587,67.97963036620834,63.8,55.12067491055285,0,0.0,22
14,0,NSGA-II,,Dengeli,24.073160375945697,47.237217472797006,5.207595053668286,68.46812499278556,15,34.78649644657587,67.97963036620834,63.8,55.12067491055285,0,0.0,22
14,0,AffectEV,15.0,Dengeli,24.073160375945697,47.237217472797006,5.207595053668286,68.46812499278556,15,34.78649644657587,67.97963036620834,63.8,55.12067491055285,0,0.0,22
14,0,AffectEV,30.0,Dengeli,24.073160375945697,47.237217472797006,5.207595053668286,68.46812499278556,15,34.78649644657587,67.97963036620834,63.8,55.12067491055285,0,0.0,22
14,0,AffectEV,50.0,Dengeli,24.073160375945697,47.237217472797006,5.207595053668286,68.46812499278556,15,34.78649644657587,67.97963036620834,63.8,55.12067491055285,0,0.0,22
14,0,AffectEV,65.0,Dengeli,24.073160375945697,47.237217472797006,5.207595053668286,68.46812499278556,15,34.78649644657587,67.97963036620834,63.8,55.12067491055285,0,0.0,22
14,0,AffectEV,85.0,Konfor,26.527280113813145,53.1919288213331,5.8578257622804175,70.48834676792708,13,33.4189271748963,64.92987539802014,63.8,54.036957062865966,0,0.0,22
15,0,Dijkstra,,,20.62345860912918,49.56793902851992,4.786284332890357,64.91080584159899,31,30.34043780331543,52.43531408703192,84.0,76.02285944518273,0,0.0,31
15,0,A*,,,37.158978029494,43.07009568735313,6.609394584798424,75.74834197590769,21,22.88808376445233,34.426164473783075,84.0,72.9843423586693,0,0.0,31
15,0,NSGA-II,,Dengeli,37.41131862072162,43.0927861213128,6.6841096684415495,77.1483862891643,19,21.612904040560185,34.33871249333822,84.0,72.85981721926409,0,0.0,31
15,0,AffectEV,15.0,Verimlilik,20.62345860912918,49.56793902851992,4.786284332890357,64.91080584159899,31,30.34043780331543,52.43531408703192,84.0,76.02285944518273,0,0.0,31
15,0,AffectEV,30.0,Dengeli,37.41131862072162,43.0927861213128,6.6841096684415495,77.1483862891643,19,21.612904040560185,34.33871249333822,84.0,72.85981721926409,0,0.0,31
15,0,AffectEV,50.0,Dengeli,37.41131862072162,43.0927861213128,6.6841096684415495,77.1483862891643,19,21.612904040560185,34.33871249333822,84.0,72.85981721926409,0,0.0,31
15,0,AffectEV,65.0,Dengeli,37.41131862072162,43.0927861213128,6.6841096684415495,77.1483862891643,19,21.612904040560185,34.33871249333822,84.0,72.85981721926409,0,0.0,31
15,0,AffectEV,85.0,Dengeli,37.41131862072162,43.0927861213128,6.6841096684415495,77.1483862891643,19,21.612904040560185,34.33871249333822,84.0,72.85981721926409,0,0.0,31
16,0,Dijkstra,,,24.536024349497236,44.65644925763157,5.156972016235053,68.86146030620692,27,27.19308889707125,47.40306512335851,71.8,63.20504663960824,0,0.0,11
16,0,A*,,,24.538277237744452,41.779663188309975,5.062218530379236,70.91593117076845,24,25.409459531253624,47.30615484927734,71.8,63.362969116034606,0,0.0,11
16,0,NSGA-II,,Dengeli,24.543931407854426,42.04804596096722,5.072343116532174,71.12706378315599,24,25.035940098739786,46.81077093611032,71.8,63.34609480577971,0,0.0,11
16,0,AffectEV,15.0,Dengeli,24.543931407854426,42.04804596096722,5.072343116532174,71.12706378315599,24,25.035940098739786,46.81077093611032,71.8,63.34609480577971,0,0.0,11
16,0,AffectEV,30.0,Dengeli,24.543931407854426,42.04804596096722,5.072343116532174,71.12706378315599,24,25.035940098739786,46.81077093611032,71.8,63.34609480577971,0,0.0,11
16,0,AffectEV,50.0,Dengeli,24.543931407854426,42.04804596096722,5.072343116532174,71.12706378315599,24,25.035940098739786,46.81077093611032,71.8,63.34609480577971,0,0.0,11
16,0,AffectEV,65.0,Konfor,25.304360538071688,46.57988010301144,5.4100745697170165,71.44409915777993,23,25.27682736441377,47.36426316447972,71.8,62.78320905047163,0,0.0,11
16,0,AffectEV,85.0,Konfor,25.304360538071688,46.57988010301144,5.4100745697170165,71.44409915777993,23,25.27682736441377,47.36426316447972,71.8,62.78320905047163,0,0.0,11
17,0,Dijkstra,,,17.48013166005094,38.80091136326366,3.8593565012814754,69.21753768742634,22,27.162104066101968,58.169155463715306,72.1,65.66773916453087,0,0.0,14
17,0,A*,,,17.48038052525706,37.455230824629,3.820008283599557,69.80540540079417,21,26.59682530227943,58.57773504261005,72.1,65.73331952733406,0,0.0,14
17,0,NSGA-II,,Verimlilik,17.48038052525706,37.455230824629,3.820008283599557,69.80540540079417,21,26.59682530227943,58.57773504261005,72.1,65.73331952733406,0,0.0,14
17,0,AffectEV,15.0,Verimlilik,17.48038052525706,37.455230824629,3.820008283599557,69.80540540079417,21,26.59682530227943,58.57773504261005,72.1,65.73331952733406,0,0.0,14
17,0,AffectEV,30.0,Verimlilik,17.48038052525706,37.455230824629,3.820008283599557,69.80540540079417,21,26.59682530227943,58.57773504261005,72.1,65.73331952733406,0,0.0,14
17,0,AffectEV,50.0,Konfor,24.889293297277487,43.071832214801375,5.173609091047674,76.73246264504895,15,21.873946214233282,46.026767453405284,72.1,63.47731818158721,0,0.0,14
17,0,AffectEV,65.0,Konfor,24.889293297277487,43.071832214801375,5.173609091047674,76.73246264504895,15,21.873946214233282,46.026767453405284,72.1,63.47731818158721,0,0.0,14
17,0,AffectEV,85.0,Konfor,24.889293297277487,43.071832214801375,5.173609091047674,76.73246264504895,15,21.873946214233282,46.026767453405284,72.1,63.47731818158721,0,0.0,14
18,0,Dijkstra,,,17.47460100191027,23.138613036796094,3.2487355805759863,85.00296096922698,12,10.46013518534659,29.29499237584526,59.6,54.18544069904002,0,0.0,3
18,0,A*,,,17.702903599446085,21.874471846119214,3.2900254773074806,88.0659712504076,7,8.007849515522782,30.158369474677826,59.6,54.116624204487536,0,0.0,3
18,0,NSGA-II,,Dengeli,17.702903599446085,21.874471846119214,3.2900254773074806,88.0659712504076,7,8.007849515522782,30.158369474677826,59.6,54.116624204487536,0,0.0,3
18,0,AffectEV,15.0,Verimlilik,17.47460100191027,23.138613036796094,3.2487355805759863,85.00296096922698,12,10.46013518534659,29.29499237584526,59.6,54.18544069904002,0,0.0,3
18,0,AffectEV,30.0,Dengeli,17.702903599446085,21.874471846119214,3.2900254773074806,88.0659712504076,7,8.007849515522782,30.158369474677826,59.6,54.116624204487536,0,0.0,3
18,0,AffectEV,50.0,Dengeli,17.702903599446085,21.874471846119214,3.2900254773074806,88.0659712504076,7,8.007849515522782,30.158369474677826,59.6,54.116624204487536,0,0.0,3
18,0,AffectEV,65.0,Dengeli,17.702903599446085,21.874471846119214,3.2900254773074806,88.0659712504076,7,8.007849515522782,30.158369474677826,59.6,54.116624204487536,0,0.0,3
18,0,AffectEV,85.0,Dengeli,17.702903599446085,21.874471846119214,3.2900254773074806,88.0659712504076,7,8.007849515522782,30.158369474677826,59.6,54.116624204487536,0,0.0,3
19,0,Dijkstra,,,18.10643454076064,52.92617762247484,4.245482476125883,53.221839370040065,47,40.86484903845546,55.09352959211651,73.9,66.82419587312353,0,0.0,41
19,0,A*,,,25.070236376777835,38.5334037463293,4.790302799870912,74.90818505957162,20,21.977242773734893,42.49321054153957,73.9,65.91616200021515,0,0.0,41
19,0,NSGA-II,,Dengeli,25.070236376777835,38.5334037463293,4.790302799870912,74.90818505957162,20,21.977242773734893,42.49321054153957,73.9,65.91616200021515,0,0.0,41
19,0,AffectEV,15.0,Verimlilik,18.48960729358093,40.333302495168724,3.9927685436907403,63.84995921215882,32,30.91184904196522,54.38243037625805,73.9,67.24538576051543,0,0.0,41
19,0,AffectEV,30.0,Dengeli,25.070236376777835,38.5334037463293,4.790302799870912,74.90818505957162,20,21.977242773734893,42.49321054153957,73.9,65.91616200021515,0,0.0,41
19,0,AffectEV,50.0,Dengeli,25.070236376777835,38.5334037463293,4.790302799870912,74.90818505957162,20,21.977242773734893,42.49321054153957,73.9,65.91616200021515,0,0.0,41
19,0,AffectEV,65.0,Konfor,27.83936586649438,40.17289754179648,5.298033229706101,77.5801363936615,15,20.633764125314638,43.64867184372052,73.9,65.06994461715651,0,0.0,41
19,0,AffectEV,85.0,Konfor,27.83936586649438,40.17289754179648,5.298033229706101,77.5801363936615,15,20.633764125314638,43.64867184372052,73.9,65.06994461715651,0,0.0,41
20,0,Dijkstra,,,25.336148811841916,66.4960482991158,5.695749006962549,47.33966350107751,48,54.30150743098361,61.84942134813704,55.2,45.707084988395756,0,0.0,35
20,0,A*,,,31.42474931092275,57.05891049657819,6.458464049869192,59.566688242922496,34,41.411758773211695,55.048920625569984,55.2,44.435893250218015,0,0.0,35
20,0,NSGA-II,,Dengeli,31.42474931092275,57.05891049657819,6.458464049869192,59.566688242922496,34,41.411758773211695,55.048920625569984,55.2,44.435893250218015,0,0.0,35
20,0,AffectEV,15.0,Dengeli,31.42474931092275,57.05891049657819,6.458464049869192,59.566688242922496,34,41.411758773211695,55.048920625569984,55.2,44.435893250218015,0,0.0,35
20,0,AffectEV,30.0,Dengeli,31.42474931092275,57.05891049657819,6.458464049869192,59.566688242922496,34,41.411758773211695,55.048920625569984,55.2,44.435893250218015,0,0.0,35
20,0,AffectEV,50.0,Konfor,61.52001463322159,60.65043688224647,10.462761173150028,79.7919991575054,14,22.182292871626412,32.76656490503337,55.2,37.76206471141662,0,0.0,35
20,0,AffectEV,65.0,Konfor,61.52001463322159,60.65043688224647,10.462761173150028,79.7919991575054,14,22.182292871626412,32.76656490503337,55.2,37.76206471141662,0,0.0,35
20,0,AffectEV,85.0,Konfor,61.52001463322159,60.65043688224647,10.462761173150028,79.7919991575054,14,22.182292871626412,32.76656490503337,55.2,37.76206471141662,0,0.0,35
21,0,Dijkstra,,,23.542621774622575,46.067343093658934,5.13528298663346,74.97503130159524,23,19.949085006484907,37.70121598229646,70.5,61.94119502227757,0,0.0,9
21,0,A*,,,26.186626267309094,35.42633767401523,4.959975352162943,80.9339240606657,13,15.919769076535394,38.950726081868424,70.5,62.23337441306176,0,0.0,9
21,0,NSGA-II,,Dengeli,26.186626267309094,35.42633767401523,4.959975352162943,80.9339240606657,13,15.919769076535394,38.950726081868424,70.5,62.23337441306176,0,0.0,9
21,0,AffectEV,15.0,Dengeli,26.186626267309094,35.42633767401523,4.959975352162943,80.9339240606657,13,15.919769076535394,38.950726081868424,70.5,62.23337441306176,0,0.0,9
21,0,AffectEV,30.0,Dengeli,26.186626267309094,35.42633767401523,4.959975352162943,80.9339240606657,13,15.919769076535394,38.950726081868424,70.5,62.23337441306176,0,0.0,9
21,0,AffectEV,50.0,Dengeli,26.186626267309094,35.42633767401523,4.959975352162943,80.9339240606657,13,15.919769076535394,38.950726081868424,70.5,62.23337441306176,0,0.0,9
21,0,AffectEV,65.0,Dengeli,26.186626267309094,35.42633767401523,4.959975352162943,80.9339240606657,13,15.919769076535394,38.950726081868424,70.5,62.23337441306176,0,0.0,9
21,0,AffectEV,85.0,Konfor,30.157290076891876,39.97103191455495,5.688545305423877,81.35385124648107,13,16.09320180599717,36.590941058598865,70.5,61.019091157626875,0,0.0,9
22,0,Dijkstra,,,15.927133076834163,36.51448932757158,3.6021304511639824,71.92706825869398,23,21.52718148083804,50.57388648527306,55.0,48.99644924806003,0,0.0,42
22,0,A*,,,15.92861543513219,36.174801688454664,3.5867423298093986,72.00819381159086,23,21.4255470008314,50.3207104407986,55.0,49.022096116984336,0,0.0,42
22,0,NSGA-II,,Dengeli,17.021400808943746,36.20255710822589,3.8065995457898705,73.94045417320018,19,20.709873423293022,51.732918999059606,55.0,48.65566742368355,0,0.0,42
22,0,AffectEV,15.0,Verimlilik,15.92861543513219,36.174801688454664,3.5867423298093986,72.00819381159086,23,21.4255470008314,50.3207104407986,55.0,49.022096116984336,0,0.0,42
22,0,AffectEV,30.0,Dengeli,17.021400808943746,36.20255710822589,3.8065995457898705,73.94045417320018,19,20.709873423293022,51.732918999059606,55.0,48.65566742368355,0,0.0,42
22,0,AffectEV,50.0,Dengeli,17.021400808943746,36.20255710822589,3.8065995457898705,73.94045417320018,19,20.709873423293022,51.732918999059606,55.0,48.65566742368355,0,0.0,42
22,0,AffectEV,65.0,Konfor,18.582342448376746,39.63606404536293,4.202438400038547,75.04501001987951,19,19.64708326971561,47.80432499602904,55.0,47.99593599993575,0,0.0,42
22,0,AffectEV,85.0,Konfor,18.582342448376746,39.63606404536293,4.202438400038547,75.04501001987951,19,19.64708326971561,47.80432499602904,55.0,47.99593599993575,0,0.0,42
23,0,Dijkstra,,,14.53899591594657,37.94172895455904,3.3522179942952928,66.62732274053946,30,25.72954428881535,53.269069864079704,77.6,72.01297000950784,0,0.0,48
23,0,A*,,,15.548561767311973,34.1272432145337,3.423431606485995,70.44950945350354,23,23.272963171308646,55.34300797551937,77.6,71.89428065585668,0,0.0,48
23,0,NSGA-II,,Dengeli,15.692481687727254,34.132323934271305,3.462651645019155,71.24996033238115,22,22.535985098179943,54.946220690824354,77.6,71.82891392496806,0,0.0,48
23,0,AffectEV,15.0,Dengeli,15.692481687727254,34.132323934271305,3.462651645019155,71.24996033238115,22,22.535985098179943,54.946220690824354,77.6,71.82891392496806,0,0.0,48
23,0,AffectEV,30.0,Dengeli,15.692481687727254,34.132323934271305,3.462651645019155,71.24996033238115,22,22.535985098179943,54.946220690824354,77.6,71.82891392496806,0,0.0,48
23,0,AffectEV,50.0,Dengeli,15.692481687727254,34.132323934271305,3.462651645019155,71.24996033238115,22,22.535985098179943,54.946220690824354,77.6,71.82891392496806,0,0.0,48
23,0,AffectEV,65.0,Konfor,16.58396303921986,35.75284830293617,3.692254931758594,73.01975624589602,19,21.74485162467713,54.78394133350421,77.6,71.44624178040233,0,0.0,48
23,0,AffectEV,85.0,Konfor,16.58396303921986,35.75284830293617,3.692254931758594,73.01975624589602,19,21.74485162467713,54.78394133350421,77.6,71.44624178040233,0,0.0,48
24,0,Dijkstra,,,28.355075619484303,78.08315528271889,6.746257572580417,44.43083744430511,63,49.18218760941304,46.57253136435484,60.0,48.75623737903264,0,0.0,30
24,0,A*,,,31.39342358371912,54.22312189984117,6.328234835675639,65.97663886763723,31,31.860598738382986,44.825907554239315,60.0,49.4529419405406,0,0.0,30
24,0,NSGA-II,,Dengeli,31.39342358371912,54.22312189984117,6.328234835675639,65.97663886763723,31,31.860598738382986,44.825907554239315,60.0,49.4529419405406,0,0.0,30
24,0,AffectEV,15.0,Dengeli,31.39342358371912,54.22312189984117,6.328234835675639,65.97663886763723,31,31.860598738382986,44.825907554239315,60.0,49.4529419405406,0,0.0,30
24,0,AffectEV,30.0,Dengeli,31.39342358371912,54.22312189984117,6.328234835675639,65.97663886763723,31,31.860598738382986,44.825907554239315,60.0,49.4529419405406,0,0.0,30
24,0,AffectEV,50.0,Dengeli,31.39342358371912,54.22312189984117,6.328234835675639,65.97663886763723,31,31.860598738382986,44.825907554239315,60.0,49.4529419405406,0,0.0,30
24,0,AffectEV,65.0,Dengeli,31.39342358371912,54.22312189984117,6.328234835675639,65.97663886763723,31,31.860598738382986,44.825907554239315,60.0,49.4529419405406,0,0.0,30
24,0,AffectEV,85.0,Konfor,32.94561065156824,57.823761933424386,6.754043652164318,67.04351988659442,30,30.872071047271636,43.47429399612044,60.0,48.74326057972613,0,0.0,30
25,0,Dijkstra,,,22.02802455703555,39.204002480575106,4.561092554528907,72.36686073555155,22,23.247519758217493,48.29441668491598,84.3,76.69817907578515,0,0.0,36
25,0,A*,,,22.03064701851419,38.58707585756131,4.529327982910406,72.22602260967426,22,23.453369490494843,48.68983271588639,84.3,76.75112002848266,0,0.0,36
25,0,NSGA-II,,Verimlilik,22.03064701851419,38.58707585756131,4.529327982910406,72.22602260967426,22,23.453369490494843,48.68983271588639,84.3,76.75112002848266,0,0.0,36
25,0,AffectEV,15.0,Verimlilik,22.03064701851419,38.58707585756131,4.529327982910406,72.22602260967426,22,23.453369490494843,48.68983271588639,84.3,76.75112002848266,0,0.0,36
25,0,AffectEV,30.0,Verimlilik,22.03064701851419,38.58707585756131,4.529327982910406,72.22602260967426,22,23.453369490494843,48.68983271588639,84.3,76.75112002848266,0,0.0,36
25,0,AffectEV,50.0,Verimlilik,22.03064701851419,38.58707585756131,4.529327982910406,72.22602260967426,22,23.453369490494843,48.68983271588639,84.3,76.75112002848266,0,0.0,36
25,0,AffectEV,65.0,Konfor,26.153999443171344,41.6761473861661,5.28420993430566,76.03682752747845,17,21.15795568251156,45.57892883884038,84.3,75.4929834428239,0,0.0,36
25,0,AffectEV,85.0,Konfor,26.153999443171344,41.6761473861661,5.28420993430566,76.03682752747845,17,21.15795568251156,45.57892883884038,84.3,75.4929834428239,0,0.0,36
26,0,Dijkstra,,,12.699312958695026,33.727506590110615,3.0069224060027504,72.59195965657592,26,19.50657907722274,42.78033310128625,51.5,46.48846265666208,0,0.0,4
26,0,A*,,,12.819214236777325,20.047036048371933,2.4756953816048073,84.088136799816,11,10.08915100281066,36.925589496704035,51.5,47.37384103065865,0,0.0,4
26,0,NSGA-II,,Dengeli,12.819214236777325,20.047036048371933,2.4756953816048073,84.088136799816,11,10.08915100281066,36.925589496704035,51.5,47.37384103065865,0,0.0,4
26,0,AffectEV,15.0,Dengeli,12.819214236777325,20.047036048371933,2.4756953816048073,84.088136799816,11,10.08915100281066,36.925589496704035,51.5,47.37384103065865,0,0.0,4
26,0,AffectEV,30.0,Dengeli,12.819214236777325,20.047036048371933,2.4756953816048073,84.088136799816,11,10.08915100281066,36.925589496704035,51.5,47.37384103065865,0,0.0,4
26,0,AffectEV,50.0,Dengeli,12.819214236777325,20.047036048371933,2.4756953816048073,84.088136799816,11,10.08915100281066,36.925589496704035,51.5,47.37384103065865,0,0.0,4
26,0,AffectEV,65.0,Konfor,17.42204640480838,22.37647535210112,3.1614827704997324,84.81261978947632,10,10.358347900833353,35.39937920136841,51.5,46.230862049167115,0,0.0,4
26,0,AffectEV,85.0,Konfor,17.42204640480838,22.37647535210112,3.1614827704997324,84.81261978947632,10,10.358347900833353,35.39937920136841,51.5,46.230862049167115,0,0.0,4
27,0,Dijkstra,,,21.79446021612964,16.1704878654125,3.4407680859770653,90.88050602523089,2,5.850805456764154,31.821261688699348,48.9,43.16538652337156,0,0.0,1
27,0,A*,,,21.79446021612964,16.1704878654125,3.4407680859770653,90.88050602523089,2,5.850805456764154,31.821261688699348,48.9,43.16538652337156,0,0.0,1
27,0,NSGA-II,,Verimlilik,21.79446021612964,16.1704878654125,3.4407680859770653,90.88050602523089,2,5.850805456764154,31.821261688699348,48.9,43.16538652337156,0,0.0,1
27,0,AffectEV,15.0,Verimlilik,21.79446021612964,16.1704878654125,3.4407680859770653,90.88050602523089,2,5.850805456764154,31.821261688699348,48.9,43.16538652337156,0,0.0,1
27,0,AffectEV,30.0,Verimlilik,21.79446021612964,16.1704878654125,3.4407680859770653,90.88050602523089,2,5.850805456764154,31.821261688699348,48.9,43.16538652337156,0,0.0,1
27,0,AffectEV,50.0,Verimlilik,21.79446021612964,16.1704878654125,3.4407680859770653,90.88050602523089,2,5.850805456764154,31.821261688699348,48.9,43.16538652337156,0,0.0,1
27,0,AffectEV,65.0,Verimlilik,21.79446021612964,16.1704878654125,3.4407680859770653,90.88050602523089,2,5.850805456764154,31.821261688699348,48.9,43.16538652337156,0,0.0,1
27,0,AffectEV,85.0,Verimlilik,21.79446021612964,16.1704878654125,3.4407680859770653,90.88050602523089,2,5.850805456764154,31.821261688699348,48.9,43.16538652337156,0,0.0,1
28,0,Dijkstra,,,18.460401315711664,62.57445980736974,4.539529404600444,46.271744307320276,47,53.43050160515406,70.99552605566753,55.0,47.43411765899926,0,0.0,41
28,0,A*,,,20.17783763996889,51.61585648124614,4.706740127628855,62.790743759203195,26,36.57924726766319,66.17741030248924,55.0,47.155433120618575,0,0.0,41
28,0,NSGA-II,,Dengeli,20.17783763996889,51.61585648124614,4.706740127628855,62.790743759203195,26,36.57924726766319,66.17741030248924,55.0,47.155433120618575,0,0.0,41
28,0,AffectEV,15.0,Dengeli,20.17783763996889,51.61585648124614,4.706740127628855,62.790743759203195,26,36.57924726766319,66.17741030248924,55.0,47.155433120618575,0,0.0,41
28,0,AffectEV,30.0,Dengeli,20.17783763996889,51.61585648124614,4.706740127628855,62.790743759203195,26,36.57924726766319,66.17741030248924,55.0,47.155433120618575,0,0.0,41
28,0,AffectEV,50.0,Dengeli,20.17783763996889,51.61585648124614,4.706740127628855,62.790743759203195,26,36.57924726766319,66.17741030248924,55.0,47.155433120618575,0,0.0,41
28,0,AffectEV,65.0,Konfor,22.522733512345717,52.58371436748101,5.154418013980139,65.30359411535042,21,36.00263066061856,66.97808343232008,55.0,46.4093033100331,0,0.0,41
28,0,AffectEV,85.0,Konfor,22.522733512345717,52.58371436748101,5.154418013980139,65.30359411535042,21,36.00263066061856,66.97808343232008,55.0,46.4093033100331,0,0.0,41
29,0,Dijkstra,,,27.808952954184285,62.51686281676851,6.302601792326128,61.490387691841605,41,32.33283461952163,41.54880961150956,83.3,72.79566367945645,0,0.0,17
29,0,A*,,,30.849575369324292,40.5217419052637,5.686711469265723,76.03874643708122,19,21.255890903783847,40.422431458918126,83.3,73.8221475512238,0,0.0,17
29,0,NSGA-II,,Dengeli,30.849575369324292,40.5217419052637,5.686711469265723,76.03874643708122,19,21.255890903783847,40.422431458918126,83.3,73.8221475512238,0,0.0,17
29,0,AffectEV,15.0,Dengeli,30.849575369324292,40.5217419052637,5.686711469265723,76.03874643708122,19,21.255890903783847,40.422431458918126,83.3,73.8221475512238,0,0.0,17
29,0,AffectEV,30.0,Dengeli,30.849575369324292,40.5217419052637,5.686711469265723,76.03874643708122,19,21.255890903783847,40.422431458918126,83.3,73.8221475512238,0,0.0,17
29,0,AffectEV,50.0,Dengeli,30.849575369324292,40.5217419052637,5.686711469265723,76.03874643708122,19,21.255890903783847,40.422431458918126,83.3,73.8221475512238,0,0.0,17
29,0,AffectEV,65.0,Dengeli,30.849575369324292,40.5217419052637,5.686711469265723,76.03874643708122,19,21.255890903783847,40.422431458918126,83.3,73.8221475512238,0,0.0,17
29,0,AffectEV,85.0,Dengeli,30.849575369324292,40.5217419052637,5.686711469265723,76.03874643708122,19,21.255890903783847,40.422431458918126,83.3,73.8221475512238,0,0.0,17
30,0,Dijkstra,,,12.229927210030283,39.22234347166947,2.950644686845798,61.09621408104877,40,30.090792950507904,49.38274016899427,39.6,34.682258855257004,0,0.0,18
30,0,A*,,,13.47065700463713,26.86075953191268,2.842909511341355,73.54408445140491,21,19.58407001246508,50.40347272427778,39.6,34.861817481097745,0,0.0,18
30,0,NSGA-II,,Dengeli,13.408207455844503,26.896539887626023,2.825513783711564,72.97275395700558,22,19.973131354796728,50.17653318277702,39.6,34.89081036048073,0,0.0,18
30,0,AffectEV,15.0,Dengeli,13.408207455844503,26.896539887626023,2.825513783711564,72.97275395700558,22,19.973131354796728,50.17653318277702,39.6,34.89081036048073,0,0.0,18
30,0,AffectEV,30.0,Dengeli,13.408207455844503,26.896539887626023,2.825513783711564,72.97275395700558,22,19.973131354796728,50.17653318277702,39.6,34.89081036048073,0,0.0,18
30,0,AffectEV,50.0,Dengeli,13.408207455844503,26.896539887626023,2.825513783711564,72.97275395700558,22,19.973131354796728,50.17653318277702,39.6,34.89081036048073,0,0.0,18
30,0,AffectEV,65.0,Konfor,13.54390926979797,27.764227321721105,2.9062225610463615,73.95196079358308,21,19.03130970872953,49.193231468990234,39.6,34.7562957315894,0,0.0,18
30,0,AffectEV,85.0,Konfor,13.54390926979797,27.764227321721105,2.9062225610463615,73.95196079358308,21,19.03130970872953,49.193231468990234,39.6,34.7562957315894,0,0.0,18
31,0,Dijkstra,,,14.323717146044785,33.96614910196596,3.256970758126301,72.56077163203337,23,20.341719715099114,49.18356226718449,31.4,25.97171540312283,0,0.0,58
31,0,A*,,,14.468925935228981,33.42113878296803,3.271710447057772,73.34082782296379,22,19.682683052836744,48.77183630592594,31.4,25.947149254903714,0,0.0,58
31,0,NSGA-II,,Dengeli,14.468925935228981,33.42113878296803,3.271710447057772,73.34082782296379,22,19.682683052836744,48.77183630592594,31.4,25.947149254903714,0,0.0,58
31,0,AffectEV,15.0,Dengeli,14.468925935228981,33.42113878296803,3.271710447057772,73.34082782296379,22,19.682683052836744,48.77183630592594,31.4,25.947149254903714,0,0.0,58
31,0,AffectEV,30.0,Dengeli,14.468925935228981,33.42113878296803,3.271710447057772,73.34082782296379,22,19.682683052836744,48.77183630592594,31.4,25.947149254903714,0,0.0,58
31,0,AffectEV,50.0,Dengeli,14.468925935228981,33.42113878296803,3.271710447057772,73.34082782296379,22,19.682683052836744,48.77183630592594,31.4,25.947149254903714,0,0.0,58
31,0,AffectEV,65.0,Konfor,22.93692303135564,39.32382285705876,4.799810186614055,77.23753685686182,11,20.753007702922606,55.182804161306954,31.4,23.40031635564324,0,0.0,58
31,0,AffectEV,85.0,Konfor,22.93692303135564,39.32382285705876,4.799810186614055,77.23753685686182,11,20.753007702922606,55.182804161306954,31.4,23.40031635564324,0,0.0,58
32,0,Dijkstra,,,19.825906595588897,22.44929232668201,3.564639660807383,85.18937236211127,11,10.482375765217999,30.829574541616676,46.9,40.95893389865436,0,0.0,4
32,0,A*,,,21.17826428118149,20.874503936698368,3.721569527644449,89.3279022869944,5,7.402442434099686,29.75682491387843,46.9,40.69738412059258,0,0.0,4
32,0,NSGA-II,,Dengeli,21.17826428118149,20.874503936698368,3.721569527644449,89.3279022869944,5,7.402442434099686,29.75682491387843,46.9,40.69738412059258,0,0.0,4
32,0,AffectEV,15.0,Dengeli,21.17826428118149,20.874503936698368,3.721569527644449,89.3279022869944,5,7.402442434099686,29.75682491387843,46.9,40.69738412059258,0,0.0,4
32,0,AffectEV,30.0,Dengeli,21.17826428118149,20.874503936698368,3.721569527644449,89.3279022869944,5,7.402442434099686,29.75682491387843,46.9,40.69738412059258,0,0.0,4
32,0,AffectEV,50.0,Dengeli,21.17826428118149,20.874503936698368,3.721569527644449,89.3279022869944,5,7.402442434099686,29.75682491387843,46.9,40.69738412059258,0,0.0,4
32,0,AffectEV,65.0,Dengeli,21.17826428118149,20.874503936698368,3.721569527644449,89.3279022869944,5,7.402442434099686,29.75682491387843,46.9,40.69738412059258,0,0.0,4
32,0,AffectEV,85.0,Dengeli,21.17826428118149,20.874503936698368,3.721569527644449,89.3279022869944,5,7.402442434099686,29.75682491387843,46.9,40.69738412059258,0,0.0,4
33,0,Dijkstra,,,24.10993819189053,68.801463394153,5.629433318917863,47.859511385571096,46,54.84963801357746,63.42798605177832,59.2,49.8176111351369,0,0.0,23
33,0,A*,,,27.628601220988152,50.88894806035037,5.752115210501738,64.32481885066017,25,37.51687408237933,59.60059462313017,59.2,49.61314131583044,0,0.0,23
33,0,NSGA-II,,Dengeli,27.628601220988152,50.88894806035037,5.752115210501738,64.32481885066017,25,37.51687408237933,59.60059462313017,59.2,49.61314131583044,0,0.0,23
33,0,AffectEV,15.0,Dengeli,27.628601220988152,50.88894806035037,5.752115210501738,64.32481885066017,25,37.51687408237933,59.60059462313017,59.2,49.61314131583044,0,0.0,23
33,0,AffectEV,30.0,Dengeli,27.628601220988152,50.88894806035037,5.752115210501738,64.32481885066017,25,37.51687408237933,59.60059462313017,59.2,49.61314131583044,0,0.0,23
33,0,AffectEV,50.0,Dengeli,27.628601220988152,50.88894806035037,5.752115210501738,64.32481885066017,25,37.51687408237933,59.60059462313017,59.2,49.61314131583044,0,0.0,23
33,0,AffectEV,65.0,Konfor,31.93220533564059,54.535360963312215,6.537691844561429,69.72839772969314,20,32.96965666854788,51.90352634871247,59.2,48.30384692573095,0,0.0,23
33,0,AffectEV,85.0,Konfor,31.93220533564059,54.535360963312215,6.537691844561429,69.72839772969314,20,32.96965666854788,51.90352634871247,59.2,48.30384692573095,0,0.0,23
34,0,Dijkstra,,,22.930481410336732,50.870758716467485,5.1488142011943525,67.18158027158407,31,27.38798496484354,45.51012119481432,59.5,50.91864299800941,0,0.0,20
34,0,A*,,,33.55943817895904,40.43503000685998,6.124360400426312,80.12098786325987,15,18.046542763199138,34.825246538901915,59.5,49.292732665956144,0,0.0,20
34,0,NSGA-II,,Dengeli,33.55943817895904,40.43503000685998,6.124360400426312,80.12098786325987,15,18.046542763199138,34.825246538901915,59.5,49.292732665956144,0,0.0,20
34,0,AffectEV,15.0,Verimlilik,23.22641566193761,42.52466294143185,4.870908824326761,73.28193638525383,22,22.51294532461338,44.82090008681081,59.5,51.38181862612207,0,0.0,20
34,0,AffectEV,30.0,Verimlilik,23.22641566193761,42.52466294143185,4.870908824326761,73.28193638525383,22,22.51294532461338,44.82090008681081,59.5,51.38181862612207,0,0.0,20
34,0,AffectEV,50.0,Dengeli,33.55943817895904,40.43503000685998,6.124360400426312,80.12098786325987,15,18.046542763199138,34.825246538901915,59.5,49.292732665956144,0,0.0,20
34,0,AffectEV,65.0,Dengeli,33.55943817895904,40.43503000685998,6.124360400426312,80.12098786325987,15,18.046542763199138,34.825246538901915,59.5,49.292732665956144,0,0.0,20
34,0,AffectEV,85.0,Dengeli,33.55943817895904,40.43503000685998,6.124360400426312,80.12098786325987,15,18.046542763199138,34.825246538901915,59.5,49.292732665956144,0,0.0,20
35,0,Dijkstra,,,32.290262346665294,87.67511211974666,7.286491026257789,35.488524003463496,64,69.54945214268587,58.23320176865373,63.8,51.65584828957035,0,0.0,70
35,0,A*,,,57.101675885853766,53.86506860722289,9.559690999856388,81.20202661390022,7,24.957151604388713,39.05413952391583,63.8,47.86718166690602,0,0.0,70
35,0,NSGA-II,,Dengeli,57.101675885853766,53.86506860722289,9.559690999856388,81.20202661390022,7,24.957151604388713,39.05413952391583,63.8,47.86718166690602,0,0.0,70
35,0,AffectEV,15.0,Dengeli,57.101675885853766,53.86506860722289,9.559690999856388,81.20202661390022,7,24.957151604388713,39.05413952391583,63.8,47.86718166690602,0,0.0,70
35,0,AffectEV,30.0,Dengeli,57.101675885853766,53.86506860722289,9.559690999856388,81.20202661390022,7,24.957151604388713,39.05413952391583,63.8,47.86718166690602,0,0.0,70
35,0,AffectEV,50.0,Dengeli,57.101675885853766,53.86506860722289,9.559690999856388,81.20202661390022,7,24.957151604388713,39.05413952391583,63.8,47.86718166690602,0,0.0,70
35,0,AffectEV,65.0,Konfor,60.03523148885936,57.06528553056173,10.235840013371911,83.42140076182771,7,21.1118392799015,33.72523727100919,63.8,46.74026664438014,0,0.0,70
35,0,AffectEV,85.0,Konfor,60.03523148885936,57.06528553056173,10.235840013371911,83.42140076182771,7,21.1118392799015,33.72523727100919,63.8,46.74026664438014,0,0.0,70
36,0,Dijkstra,,,15.54634367544098,46.10404761363338,3.6045073536358627,55.07248799410331,44,38.37923325436535,57.0687101479354,86.5,80.49248774394023,0,0.0,46
36,0,A*,,,25.089351632177014,39.662302772040945,4.797640536288087,74.63735952379434,21,21.896410350542002,41.4685868552153,86.5,78.50393243951986,0,0.0,46
36,0,NSGA-II,,Dengeli,16.66223566171182,39.71877507726476,3.706253804751912,64.78820698732446,29,30.37493880931807,57.996556849400555,86.5,80.32291032541347,0,0.0,46
36,0,AffectEV,15.0,Dengeli,16.66223566171182,39.71877507726476,3.706253804751912,64.78820698732446,29,30.37493880931807,57.996556849400555,86.5,80.32291032541347,0,0.0,46
36,0,AffectEV,30.0,Dengeli,16.66223566171182,39.71877507726476,3.706253804751912,64.78820698732446,29,30.37493880931807,57.996556849400555,86.5,80.32291032541347,0,0.0,46
36,0,AffectEV,50.0,Dengeli,16.66223566171182,39.71877507726476,3.706253804751912,64.78820698732446,29,30.37493880931807,57.996556849400555,86.5,80.32291032541347,0,0.0,46
36,0,AffectEV,65.0,Konfor,25.08962350137457,40.5247113083,4.844983775269363,74.6683755859938,21,21.856836961312155,41.372866628062816,86.5,78.42502704121773,0,0.0,46
36,0,AffectEV,85.0,Konfor,25.08962350137457,40.5247113083,4.844983775269363,74.6683755859938,21,21.856836961312155,41.372866628062816,86.5,78.42502704121773,0,0.0,46
37,0,Dijkstra,,,35.885842352077866,67.82237674821167,8.0068266101785,77.77506721453253,16,20.523598708562304,40.339265864493946,68.3,54.95528898303583,0,0.0,12
37,0,A*,,,43.02924166665217,60.82379005901604,8.344609706286224,74.97809549851351,23,23.162540261543167,32.865712115117674,68.3,54.39231715618962,0,0.0,12
37,0,NSGA-II,,Verimlilik,35.885842352077866,67.82237674821167,8.0068266101785,77.77506721453253,16,20.523598708562304,40.339265864493946,68.3,54.95528898303583,0,0.0,12
37,0,AffectEV,15.0,Verimlilik,35.885842352077866,67.82237674821167,8.0068266101785,77.77506721453253,16,20.523598708562304,40.339265864493946,68.3,54.95528898303583,0,0.0,12
37,0,AffectEV,30.0,Verimlilik,35.885842352077866,67.82237674821167,8.0068266101785,77.77506721453253,16,20.523598708562304,40.339265864493946,68.3,54.95528898303583,0,0.0,12
37,0,AffectEV,50.0,Verimlilik,35.885842352077866,67.82237674821167,8.0068266101785,77.77506721453253,16,20.523598708562304,40.339265864493946,68.3,54.95528898303583,0,0.0,12
37,0,AffectEV,65.0,Konfor,42.89268197645878,74.45481406200958,9.219925071041018,78.61238805702662,15,20.907274893331653,38.0771473748694,68.3,52.93345821493163,0,0.0,12
37,0,AffectEV,85.0,Konfor,42.89268197645878,74.45481406200958,9.219925071041018,78.61238805702662,15,20.907274893331653,38.0771473748694,68.3,52.93345821493163,0,0.0,12
38,0,Dijkstra,,,21.96282146541537,46.41376623368637,4.774195143150563,63.93420070511658,34,30.73768467012718,49.22246946922634,85.0,77.04300809474906,0,0.0,61
38,0,A*,,,22.6362657970985,44.546664473860396,4.8497122544868825,67.05833049896064,29,28.428461266518944,49.56565560541838,85.0,76.91714624252187,0,0.0,61
38,0,NSGA-II,,Dengeli,22.6362657970985,44.546664473860396,4.8497122544868825,67.05833049896064,29,28.428461266518944,49.56565560541838,85.0,76.91714624252187,0,0.0,61
38,0,AffectEV,15.0,Dengeli,22.6362657970985,44.546664473860396,4.8497122544868825,67.05833049896064,29,28.428461266518944,49.56565560541838,85.0,76.91714624252187,0,0.0,61
38,0,AffectEV,30.0,Dengeli,22.6362657970985,44.546664473860396,4.8497122544868825,67.05833049896064,29,28.428461266518944,49.56565560541838,85.0,76.91714624252187,0,0.0,61
38,0,AffectEV,50.0,Dengeli,22.6362657970985,44.546664473860396,4.8497122544868825,67.05833049896064,29,28.428461266518944,49.56565560541838,85.0,76.91714624252187,0,0.0,61
38,0,AffectEV,65.0,Konfor,38.7436974789556,52.83261009723615,7.4036028804754315,77.22398187795443,21,19.574649234357715,32.01811675869133,85.0,72.66066186587429,0,0.0,61
38,0,AffectEV,85.0,Konfor,38.7436974789556,52.83261009723615,7.4036028804754315,77.22398187795443,21,19.574649234357715,32.01811675869133,85.0,72.66066186587429,0,0.0,61
39,0,Dijkstra,,,17.06329866686855,61.96524230168486,4.341688857798219,47.0359407907966,50,49.80885914060156,65.10700733511464,66.0,58.76385190366963,0,0.0,44
39,0,A*,,,25.78908207796405,42.742670765248214,5.144674186636441,75.4382276431542,13,25.196669937704534,52.51385687767216,66.0,57.4255430222726,0,0.0,44
39,0,NSGA-II,,Dengeli,19.867266288963755,46.358821756256965,4.470318425388668,63.526318405251416,28,34.14342599157736,61.15326898637687,66.0,58.54946929101889,0,0.0,44
39,0,AffectEV,15.0,Dengeli,19.867266288963755,46.358821756256965,4.470318425388668,63.526318405251416,28,34.14342599157736,61.15326898637687,66.0,58.54946929101889,0,0.0,44
39,0,AffectEV,30.0,Dengeli,19.867266288963755,46.358821756256965,4.470318425388668,63.526318405251416,28,34.14342599157736,61.15326898637687,66.0,58.54946929101889,0,0.0,44
39,0,AffectEV,50.0,Konfor,25.78908207796405,42.742670765248214,5.144674186636441,75.4382276431542,13,25.196669937704534,52.51385687767216,66.0,57.4255430222726,0,0.0,44
39,0,AffectEV,65.0,Konfor,25.78908207796405,42.742670765248214,5.144674186636441,75.4382276431542,13,25.196669937704534,52.51385687767216,66.0,57.4255430222726,0,0.0,44
39,0,AffectEV,85.0,Konfor,25.78908207796405,42.742670765248214,5.144674186636441,75.4382276431542,13,25.196669937704534,52.51385687767216,66.0,57.4255430222726,0,0.0,44
40,0,Dijkstra,,,24.860773582720817,56.81261408721426,5.510658068188061,59.04208359480163,39,37.07081980175005,51.683352323366776,76.0,66.81556988635323,0,0.0,49
40,0,A*,,,40.39949093428006,42.93154790422981,7.036473974209759,80.23993685077393,15,18.156260454038847,34.06592506507205,76.0,64.27254337631706,0,0.0,49
40,0,NSGA-II,,Dengeli,40.39949093428006,42.93154790422981,7.036473974209759,80.23993685077393,15,18.156260454038847,34.06592506507205,76.0,64.27254337631706,0,0.0,49
40,0,AffectEV,15.0,Verimlilik,26.861827569681413,43.56078420832469,5.173730738358334,68.22084103855939,29,28.84315661817818,43.13105987993578,76.0,67.37711543606945,0,0.0,49
40,0,AffectEV,30.0,Verimlilik,26.861827569681413,43.56078420832469,5.173730738358334,68.22084103855939,29,28.84315661817818,43.13105987993578,76.0,67.37711543606945,0,0.0,49
40,0,AffectEV,50.0,Dengeli,40.39949093428006,42.93154790422981,7.036473974209759,80.23993685077393,15,18.156260454038847,34.06592506507205,76.0,64.27254337631706,0,0.0,49
40,0,AffectEV,65.0,Dengeli,40.39949093428006,42.93154790422981,7.036473974209759,80.23993685077393,15,18.156260454038847,34.06592506507205,76.0,64.27254337631706,0,0.0,49
40,0,AffectEV,85.0,Dengeli,40.39949093428006,42.93154790422981,7.036473974209759,80.23993685077393,15,18.156260454038847,34.06592506507205,76.0,64.27254337631706,0,0.0,49
41,0,Dijkstra,,,15.652162516574279,58.103041026299685,4.022970904284386,50.44791293872634,42,47.36319586143775,71.71564151421168,66.4,59.695048492859364,0,0.0,62
41,0,A*,,,16.232949851386447,48.46707550340672,3.9342954318744625,59.04698248890067,28,39.893411918648084,74.92496967752453,66.4,59.8428409468759,0,0.0,62
41,0,NSGA-II,,Dengeli,16.931460060438585,48.79005972987015,4.102906406017594,59.827917043668776,26,39.71617797721565,76.28614781583263,66.4,59.56182265663735,0,0.0,62
41,0,AffectEV,15.0,Verimlilik,16.232949851386447,48.46707550340672,3.9342954318744625,59.04698248890067,28,39.893411918648084,74.92496967752453,66.4,59.8428409468759,0,0.0,62
41,0,AffectEV,30.0,Dengeli,16.931460060438585,48.79005972987015,4.102906406017594,59.827917043668776,26,39.71617797721565,76.28614781583263,66.4,59.56182265663735,0,0.0,62
41,0,AffectEV,50.0,Dengeli,16.931460060438585,48.79005972987015,4.102906406017594,59.827917043668776,26,39.71617797721565,76.28614781583263,66.4,59.56182265663735,0,0.0,62
41,0,AffectEV,65.0,Konfor,19.20149687514223,57.60416030166161,4.856673782042372,60.88126411009381,26,39.183037853871724,71.81912266872338,66.4,58.305543696596054,0,0.0,62
41,0,AffectEV,85.0,Konfor,19.20149687514223,57.60416030166161,4.856673782042372,60.88126411009381,26,39.183037853871724,71.81912266872338,66.4,58.305543696596054,0,0.0,62
42,0,Dijkstra,,,23.44933666717482,47.77599567963649,4.986930719751467,66.93515657633698,35,27.022068139019588,37.29111490978572,67.7,59.388448800414224,0,0.0,25
42,0,A*,,,25.2473721497051,37.99189311899638,4.966975219204738,78.94843638662974,17,16.553949533489938,37.92689376661642,67.7,59.421707967992106,0,0.0,25
42,0,NSGA-II,,Dengeli,25.2473721497051,37.99189311899638,4.966975219204738,78.94843638662974,17,16.553949533489938,37.92689376661642,67.7,59.421707967992106,0,0.0,25
42,0,AffectEV,15.0,Dengeli,25.2473721497051,37.99189311899638,4.966975219204738,78.94843638662974,17,16.553949533489938,37.92689376661642,67.7,59.421707967992106,0,0.0,25
42,0,AffectEV,30.0,Dengeli,25.2473721497051,37.99189311899638,4.966975219204738,78.94843638662974,17,16.553949533489938,37.92689376661642,67.7,59.421707967992106,0,0.0,25
42,0,AffectEV,50.0,Dengeli,25.2473721497051,37.99189311899638,4.966975219204738,78.94843638662974,17,16.553949533489938,37.92689376661642,67.7,59.421707967992106,0,0.0,25
42,0,AffectEV,65.0,Konfor,28.51223464573747,42.398675022586715,5.633652074958356,80.68909330545824,16,15.313758771823663,33.583895314973276,67.7,58.31057987506941,0,0.0,25
42,0,AffectEV,85.0,Konfor,28.51223464573747,42.398675022586715,5.633652074958356,80.68909330545824,16,15.313758771823663,33.583895314973276,67.7,58.31057987506941,0,0.0,25
43,0,Dijkstra,,,15.080656660003548,31.050520165449292,3.218213174146154,73.64132503466297,20,20.356627983916564,51.25843285081027,69.3,63.93631137642308,0,0.0,4
43,0,A*,,,15.104669148911901,30.15302030001549,3.1752940655007977,73.53484043223935,20,20.48350644958087,51.60053816443196,69.3,64.00784322416533,0,0.0,4
43,0,NSGA-II,,Verimlilik,15.087481534729015,30.1622922122999,3.1735005982131748,73.52979235018131,20,20.482732958082888,51.62693881196915,69.3,64.01083233631137,0,0.0,4
43,0,AffectEV,15.0,Verimlilik,15.087481534729015,30.1622922122999,3.1735005982131748,73.52979235018131,20,20.482732958082888,51.62693881196915,69.3,64.01083233631137,0,0.0,4
43,0,AffectEV,30.0,Verimlilik,15.087481534729015,30.1622922122999,3.1735005982131748,73.52979235018131,20,20.482732958082888,51.62693881196915,69.3,64.01083233631137,0,0.0,4
43,0,AffectEV,50.0,Konfor,15.102046687433257,30.769946923029284,3.207058637119298,73.71184596672549,20,20.277656717303522,51.024285090417244,69.3,63.95490227146783,0,0.0,4
43,0,AffectEV,65.0,Konfor,15.102046687433257,30.769946923029284,3.207058637119298,73.71184596672549,20,20.277656717303522,51.024285090417244,69.3,63.95490227146783,0,0.0,4
43,0,AffectEV,85.0,Konfor,15.102046687433257,30.769946923029284,3.207058637119298,73.71184596672549,20,20.277656717303522,51.024285090417244,69.3,63.95490227146783,0,0.0,4
44,0,Dijkstra,,,12.448359452641155,48.931581121790096,3.1470007081264373,49.81080046894552,41,46.85240494583738,78.16739023651631,70.1,64.85499881978926,0,0.0,8
44,0,A*,,,12.636568951763449,40.46836005267178,3.0912833439643808,58.44376091011082,29,37.77961474730416,78.61177332848966,70.1,64.94786109339269,0,0.0,8
44,0,NSGA-II,,Dengeli,12.636568951763449,40.46836005267178,3.0912833439643808,58.44376091011082,29,37.77961474730416,78.61177332848966,70.1,64.94786109339269,0,0.0,8
44,0,AffectEV,15.0,Dengeli,12.636568951763449,40.46836005267178,3.0912833439643808,58.44376091011082,29,37.77961474730416,78.61177332848966,70.1,64.94786109339269,0,0.0,8
44,0,AffectEV,30.0,Dengeli,12.636568951763449,40.46836005267178,3.0912833439643808,58.44376091011082,29,37.77961474730416,78.61177332848966,70.1,64.94786109339269,0,0.0,8
44,0,AffectEV,50.0,Konfor,15.36654648195313,40.569896156385795,3.5865483588323777,61.950521413280086,26,35.07905949019161,72.62880369831214,70.1,64.12241940194603,0,0.0,8
44,0,AffectEV,65.0,Konfor,15.36654648195313,40.569896156385795,3.5865483588323777,61.950521413280086,26,35.07905949019161,72.62880369831214,70.1,64.12241940194603,0,0.0,8
44,0,AffectEV,85.0,Konfor,15.36654648195313,40.569896156385795,3.5865483588323777,61.950521413280086,26,35.07905949019161,72.62880369831214,70.1,64.12241940194603,0,0.0,8
45,0,Dijkstra,,,25.56201805383672,68.04552622593881,5.886059117702951,46.938826717046766,49,54.14318825298514,61.59108403528847,46.8,36.98990147049508,0,0.0,34
45,0,A*,,,44.27868376405925,45.41075367894561,7.5374068463509385,80.69629440132687,11,20.559410009575508,38.17941297900237,46.8,34.237655256081766,0,0.0,34
45,0,NSGA-II,,Dengeli,44.27868376405925,45.41075367894561,7.5374068463509385,80.69629440132687,11,20.559410009575508,38.17941297900237,46.8,34.237655256081766,0,0.0,34
45,0,AffectEV,15.0,Dengeli,44.27868376405925,45.41075367894561,7.5374068463509385,80.69629440132687,11,20.559410009575508,38.17941297900237,46.8,34.237655256081766,0,0.0,34
45,0,AffectEV,30.0,Dengeli,44.27868376405925,45.41075367894561,7.5374068463509385,80.69629440132687,11,20.559410009575508,38.17941297900237,46.8,34.237655256081766,0,0.0,34
45,0,AffectEV,50.0,Dengeli,44.27868376405925,45.41075367894561,7.5374068463509385,80.69629440132687,11,20.559410009575508,38.17941297900237,46.8,34.237655256081766,0,0.0,34
45,0,AffectEV,65.0,Dengeli,44.27868376405925,45.41075367894561,7.5374068463509385,80.69629440132687,11,20.559410009575508,38.17941297900237,46.8,34.237655256081766,0,0.0,34
45,0,AffectEV,85.0,Dengeli,44.27868376405925,45.41075367894561,7.5374068463509385,80.69629440132687,11,20.559410009575508,38.17941297900237,46.8,34.237655256081766,0,0.0,34
46,0,Dijkstra,,,14.765837459808974,43.56809140872852,3.4979917379782557,59.145914861151574,34,35.62529875901972,65.83247755571254,63.3,57.47001377003624,0,0.0,8
46,0,A*,,,15.348897599347689,31.305223685579154,3.2175422573031964,69.76587844893822,20,25.763565603308468,62.52525935034619,63.3,57.93742957116134,0,0.0,8
46,0,NSGA-II,,Verimlilik,15.348897599347689,31.305223685579154,3.2175422573031964,69.76587844893822,20,25.763565603308468,62.52525935034619,63.3,57.93742957116134,0,0.0,8
46,0,AffectEV,15.0,Verimlilik,15.348897599347689,31.305223685579154,3.2175422573031964,69.76587844893822,20,25.763565603308468,62.52525935034619,63.3,57.93742957116134,0,0.0,8
46,0,AffectEV,30.0,Verimlilik,15.348897599347689,31.305223685579154,3.2175422573031964,69.76587844893822,20,25.763565603308468,62.52525935034619,63.3,57.93742957116134,0,0.0,8
46,0,AffectEV,50.0,Verimlilik,15.348897599347689,31.305223685579154,3.2175422573031964,69.76587844893822,20,25.763565603308468,62.52525935034619,63.3,57.93742957116134,0,0.0,8
46,0,AffectEV,65.0,Konfor,15.283572804393039,31.6196395770556,3.264094154985061,70.66978898525394,19,24.834785645522132,61.898876605447086,63.3,57.8598430750249,0,0.0,8
46,0,AffectEV,85.0,Konfor,15.283572804393039,31.6196395770556,3.264094154985061,70.66978898525394,19,24.834785645522132,61.898876605447086,63.3,57.8598430750249,0,0.0,8
47,0,Dijkstra,,,19.20224016298778,53.68313716448884,4.508155119246695,57.334122433659125,39,38.95930200220311,57.39043482839972,61.0,53.48640813458884,0,0.0,44
47,0,A*,,,22.137055975696455,42.16558174204882,4.547177308891616,67.47691493399691,27,29.48676123577802,50.88528347634842,61.0,53.42137115184731,0,0.0,44
47,0,NSGA-II,,Dengeli,21.579416236557293,42.981370094141376,4.4673184550477405,66.81839551260217,29,29.452741208747334,49.228910623868124,61.0,53.5544692415871,0,0.0,44
47,0,AffectEV,15.0,Dengeli,21.579416236557293,42.981370094141376,4.4673184550477405,66.81839551260217,29,29.452741208747334,49.228910623868124,61.0,53.5544692415871,0,0.0,44
47,0,AffectEV,30.0,Dengeli,21.579416236557293,42.981370094141376,4.4673184550477405,66.81839551260217,29,29.452741208747334,49.228910623868124,61.0,53.5544692415871,0,0.0,44
47,0,AffectEV,50.0,Dengeli,21.579416236557293,42.981370094141376,4.4673184550477405,66.81839551260217,29,29.452741208747334,49.228910623868124,61.0,53.5544692415871,0,0.0,44
47,0,AffectEV,65.0,Konfor,22.82447254434859,43.87783184392775,4.787842699359239,68.87983205441138,25,28.128332764651457,50.9083405809659,61.0,53.0202621677346,0,0.0,44
47,0,AffectEV,85.0,Konfor,22.82447254434859,43.87783184392775,4.787842699359239,68.87983205441138,25,28.128332764651457,50.9083405809659,61.0,53.0202621677346,0,0.0,44
48,0,Dijkstra,,,18.664831703964754,46.26340146410813,4.317434291812533,66.80042228026682,35,25.827564375144128,39.75654203594969,49.1,41.90427618031244,0,0.0,11
48,0,A*,,,19.479137754372786,41.4124236716415,4.328806908714826,73.59402669875574,26,20.134784619646414,36.82768957675165,49.1,41.88532181880863,0,0.0,11
48,0,NSGA-II,,Dengeli,19.479137754372786,41.4124236716415,4.328806908714826,73.59402669875574,26,20.134784619646414,36.82768957675165,49.1,41.88532181880863,0,0.0,11
48,0,AffectEV,15.0,Dengeli,19.479137754372786,41.4124236716415,4.328806908714826,73.59402669875574,26,20.134784619646414,36.82768957675165,49.1,41.88532181880863,0,0.0,11
48,0,AffectEV,30.0,Dengeli,19.479137754372786,41.4124236716415,4.328806908714826,73.59402669875574,26,20.134784619646414,36.82768957675165,49.1,41.88532181880863,0,0.0,11
48,0,AffectEV,50.0,Dengeli,19.479137754372786,41.4124236716415,4.328806908714826,73.59402669875574,26,20.134784619646414,36.82768957675165,49.1,41.88532181880863,0,0.0,11
48,0,AffectEV,65.0,Dengeli,19.479137754372786,41.4124236716415,4.328806908714826,73.59402669875574,26,20.134784619646414,36.82768957675165,49.1,41.88532181880863,0,0.0,11
48,0,AffectEV,85.0,Dengeli,19.479137754372786,41.4124236716415,4.328806908714826,73.59402669875574,26,20.134784619646414,36.82768957675165,49.1,41.88532181880863,0,0.0,11
49,0,Dijkstra,,,22.65431248481913,68.53198072232837,5.306036546826867,38.40081951191769,74,52.114776942179205,44.82373702714276,58.4,49.55660575528855,0,0.0,6
49,0,A*,,,29.71921623353516,27.510340833576414,4.977139528082452,86.8940590537994,7,10.708269970222757,31.967299775668895,58.4,50.10476745319591,0,0.0,6
49,0,NSGA-II,,Dengeli,29.71921623353516,27.510340833576414,4.977139528082452,86.8940590537994,7,10.708269970222757,31.967299775668895,58.4,50.10476745319591,0,0.0,6
49,0,AffectEV,15.0,Dengeli,29.71921623353516,27.510340833576414,4.977139528082452,86.8940590537994,7,10.708269970222757,31.967299775668895,58.4,50.10476745319591,0,0.0,6
49,0,AffectEV,30.0,Dengeli,29.71921623353516,27.510340833576414,4.977139528082452,86.8940590537994,7,10.708269970222757,31.967299775668895,58.4,50.10476745319591,0,0.0,6
49,0,AffectEV,50.0,Dengeli,29.71921623353516,27.510340833576414,4.977139528082452,86.8940590537994,7,10.708269970222757,31.967299775668895,58.4,50.10476745319591,0,0.0,6
49,0,AffectEV,65.0,Dengeli,29.71921623353516,27.510340833576414,4.977139528082452,86.8940590537994,7,10.708269970222757,31.967299775668895,58.4,50.10476745319591,0,0.0,6
49,0,AffectEV,85.0,Dengeli,29.71921623353516,27.510340833576414,4.977139528082452,86.8940590537994,7,10.708269970222757,31.967299775668895,58.4,50.10476745319591,0,0.0,6
50,0,Dijkstra,,,24.358114248074624,61.197319158830716,5.478981021074834,53.21233021941694,40,47.67985579573697,62.41856520930982,87.5,78.36836496487527,0,0.0,14
50,0,A*,,,25.898012751719484,46.72459162260542,5.327764264765822,66.55831644639622,26,31.936251660606658,54.304040277108875,87.5,78.62039289205697,0,0.0,14
50,0,NSGA-II,,Dengeli,25.900614369087126,46.95509186398681,5.347141462038922,67.24018643584355,25,31.342799103702237,54.28486916522888,87.5,78.58809756326846,0,0.0,14
50,0,AffectEV,15.0,Dengeli,25.900614369087126,46.95509186398681,5.347141462038922,67.24018643584355,25,31.342799103702237,54.28486916522888,87.5,78.58809756326846,0,0.0,14
50,0,AffectEV,30.0,Dengeli,25.900614369087126,46.95509186398681,5.347141462038922,67.24018643584355,25,31.342799103702237,54.28486916522888,87.5,78.58809756326846,0,0.0,14
50,0,AffectEV,50.0,Dengeli,25.900614369087126,46.95509186398681,5.347141462038922,67.24018643584355,25,31.342799103702237,54.28486916522888,87.5,78.58809756326846,0,0.0,14
50,0,AffectEV,65.0,Konfor,28.059539178646332,51.127777509317,5.910887678313403,68.9968889195508,22,30.57968932555636,54.146021413911434,87.5,77.64852053614433,0,0.0,14
50,0,AffectEV,85.0,Konfor,28.059539178646332,51.127777509317,5.910887678313403,68.9968889195508,22,30.57968932555636,54.146021413911434,87.5,77.64852053614433,0,0.0,14
1,1,Dijkstra,,,18.180626954473706,48.028100722521124,4.190008415089218,57.374214622490555,49,33.274354621923905,40.717394954661344,68.4,61.41665264151798,0,0.0,19
1,1,A*,,,24.45707858257984,31.166879934751623,4.52964460811523,82.51617854768223,13,13.222464027936544,35.085411219684055,68.4,60.85059231980796,0,0.0,19
1,1,NSGA-II,,Dengeli,24.45707858257984,31.166879934751623,4.52964460811523,82.51617854768223,13,13.222464027936544,35.085411219684055,68.4,60.85059231980796,0,0.0,19
1,1,AffectEV,15.0,Dengeli,24.45707858257984,31.166879934751623,4.52964460811523,82.51617854768223,13,13.222464027936544,35.085411219684055,68.4,60.85059231980796,0,0.0,19
1,1,AffectEV,30.0,Dengeli,24.45707858257984,31.166879934751623,4.52964460811523,82.51617854768223,13,13.222464027936544,35.085411219684055,68.4,60.85059231980796,0,0.0,19
1,1,AffectEV,50.0,Dengeli,24.45707858257984,31.166879934751623,4.52964460811523,82.51617854768223,13,13.222464027936544,35.085411219684055,68.4,60.85059231980796,0,0.0,19
1,1,AffectEV,65.0,Dengeli,24.45707858257984,31.166879934751623,4.52964460811523,82.51617854768223,13,13.222464027936544,35.085411219684055,68.4,60.85059231980796,0,0.0,19
1,1,AffectEV,85.0,Dengeli,24.45707858257984,31.166879934751623,4.52964460811523,82.51617854768223,13,13.222464027936544,35.085411219684055,68.4,60.85059231980796,0,0.0,19
2,1,Dijkstra,,,25.08490021637783,40.99024349736886,5.112180786138143,73.59718402154411,20,23.136767143261565,47.30892917738715,52.2,43.679698689769765,0,0.0,14
2,1,A*,,,25.123592790695103,40.08403227872497,5.077942115230036,73.64787165969001,20,23.079523227711572,47.14135685998258,52.2,43.73676314128328,0,0.0,14
2,1,NSGA-II,,Verimlilik,25.123592790695103,40.08403227872497,5.077942115230036,73.64787165969001,20,23.079523227711572,47.14135685998258,52.2,43.73676314128328,0,0.0,14
2,1,AffectEV,15.0,Verimlilik,25.123592790695103,40.08403227872497,5.077942115230036,73.64787165969001,20,23.079523227711572,47.14135685998258,52.2,43.73676314128328,0,0.0,14
2,1,AffectEV,30.0,Verimlilik,25.123592790695103,40.08403227872497,5.077942115230036,73.64787165969001,20,23.079523227711572,47.14135685998258,52.2,43.73676314128328,0,0.0,14
2,1,AffectEV,50.0,Konfor,28.605620435775133,42.815917808282364,5.7240969884393325,80.7143387508332,12,17.26676078812269,40.52816506364993,52.2,42.65983835260111,0,0.0,14
2,1,AffectEV,65.0,Konfor,28.605620435775133,42.815917808282364,5.7240969884393325,80.7143387508332,12,17.26676078812269,40.52816506364993,52.2,42.65983835260111,0,0.0,14
2,1,AffectEV,85.0,Konfor,28.605620435775133,42.815917808282364,5.7240969884393325,80.7143387508332,12,17.26676078812269,40.52816506364993,52.2,42.65983835260111,0,0.0,14
3,1,Dijkstra,,,10.944476773165217,34.64380530413892,2.6244560549060734,64.16246158960291,34,27.208585026547713,53.37481451216383,77.4,73.02590657515655,0,0.0,34
3,1,A*,,,13.65413549306303,30.211144980259284,2.989063112336016,71.88424025302137,21,21.714495271855817,55.50705582710937,77.4,72.41822814610664,0,0.0,34
3,1,NSGA-II,,Dengeli,13.65413549306303,30.211144980259284,2.989063112336016,71.88424025302137,21,21.714495271855817,55.50705582710937,77.4,72.41822814610664,0,0.0,34
3,1,AffectEV,15.0,Verimlilik,10.944476773165217,34.64380530413892,2.6244560549060734,64.16246158960291,34,27.208585026547713,53.37481451216383,77.4,73.02590657515655,0,0.0,34
3,1,AffectEV,30.0,Dengeli,13.65413549306303,30.211144980259284,2.989063112336016,71.88424025302137,21,21.714495271855817,55.50705582710937,77.4,72.41822814610664,0,0.0,34
3,1,AffectEV,50.0,Dengeli,13.65413549306303,30.211144980259284,2.989063112336016,71.88424025302137,21,21.714495271855817,55.50705582710937,77.4,72.41822814610664,0,0.0,34
3,1,AffectEV,65.0,Dengeli,13.65413549306303,30.211144980259284,2.989063112336016,71.88424025302137,21,21.714495271855817,55.50705582710937,77.4,72.41822814610664,0,0.0,34
3,1,AffectEV,85.0,Dengeli,13.65413549306303,30.211144980259284,2.989063112336016,71.88424025302137,21,21.714495271855817,55.50705582710937,77.4,72.41822814610664,0,0.0,34
4,1,Dijkstra,,,20.388666386118903,38.25627285412728,4.3528378162872325,77.45475237514307,15,18.333663841931287,47.72574236138773,40.6,33.34527030618795,0,0.0,26
4,1,A*,,,20.703567244736718,36.677178794762895,4.2964326436173454,76.39094716624261,17,19.027142818981588,47.004549940314554,40.6,33.43927892730443,0,0.0,26
4,1,NSGA-II,,Dengeli,20.388666386118903,38.25627285412728,4.3528378162872325,77.45475237514307,15,18.333663841931287,47.72574236138773,40.6,33.34527030618795,0,0.0,26
4,1,AffectEV,15.0,Verimlilik,20.70766409191689,36.7779385416381,4.296327411908288,76.26857728823592,17,19.19309858544883,47.36746568064721,40.6,33.43945431348619,0,0.0,26
4,1,AffectEV,30.0,Dengeli,20.388666386118903,38.25627285412728,4.3528378162872325,77.45475237514307,15,18.333663841931287,47.72574236138773,40.6,33.34527030618795,0,0.0,26
4,1,AffectEV,50.0,Dengeli,20.388666386118903,38.25627285412728,4.3528378162872325,77.45475237514307,15,18.333663841931287,47.72574236138773,40.6,33.34527030618795,0,0.0,26
4,1,AffectEV,65.0,Konfor,33.85744133831482,41.49271339543195,6.1654709506636785,78.70876314864321,16,19.343738206262486,37.4405769473902,40.6,30.324215082227205,0,0.0,26
4,1,AffectEV,85.0,Konfor,33.85744133831482,41.49271339543195,6.1654709506636785,78.70876314864321,16,19.343738206262486,37.4405769473902,40.6,30.324215082227205,0,0.0,26
5,1,Dijkstra,,,16.803270107900584,56.615339289816376,4.118238661573292,51.617110613833155,50,41.915585044137515,54.04106936462795,47.9,41.036268897377845,0,0.0,10
5,1,A*,,,18.36304520658593,39.10227323615161,4.095914519392629,73.23744212875435,17,22.85910436244784,57.02413281255647,47.9,41.073475801012286,0,0.0,10
5,1,NSGA-II,,Dengeli,18.192093990027015,39.261896847153736,4.074274113904905,72.8500106323194,18,23.00735298791403,56.23891735653201,47.9,41.10954314349183,0,0.0,10
5,1,AffectEV,15.0,Dengeli,18.192093990027015,39.261896847153736,4.074274113904905,72.8500106323194,18,23.00735298791403,56.23891735653201,47.9,41.10954314349183,0,0.0,10
5,1,AffectEV,30.0,Dengeli,18.192093990027015,39.261896847153736,4.074274113904905,72.8500106323194,18,23.00735298791403,56.23891735653201,47.9,41.10954314349183,0,0.0,10
5,1,AffectEV,50.0,Dengeli,18.192093990027015,39.261896847153736,4.074274113904905,72.8500106323194,18,23.00735298791403,56.23891735653201,47.9,41.10954314349183,0,0.0,10
5,1,AffectEV,65.0,Dengeli,18.192093990027015,39.261896847153736,4.074274113904905,72.8500106323194,18,23.00735298791403,56.23891735653201,47.9,41.10954314349183,0,0.0,10
5,1,AffectEV,85.0,Dengeli,18.192093990027015,39.261896847153736,4.074274113904905,72.8500106323194,18,23.00735298791403,56.23891735653201,47.9,41.10954314349183,0,0.0,10
6,1,Dijkstra,,,15.816035757029267,40.910089381717526,3.620900390969652,61.63992183240708,43,28.68473339677244,41.2732907428059,75.2,69.16516601505059,0,0.0,70
6,1,A*,,,17.833690055170337,35.417159786474265,3.8254338744322856,72.43118233949352,28,19.929443066994658,37.94992370204038,75.2,68.8242768759462,0,0.0,70
6,1,NSGA-II,,Dengeli,17.833690055170337,35.417159786474265,3.8254338744322856,72.43118233949352,28,19.929443066994658,37.94992370204038,75.2,68.8242768759462,0,0.0,70
6,1,AffectEV,15.0,Dengeli,17.833690055170337,35.417159786474265,3.8254338744322856,72.43118233949352,28,19.929443066994658,37.94992370204038,75.2,68.8242768759462,0,0.0,70
6,1,AffectEV,30.0,Dengeli,17.833690055170337,35.417159786474265,3.8254338744322856,72.43118233949352,28,19.929443066994658,37.94992370204038,75.2,68.8242768759462,0,0.0,70
6,1,AffectEV,50.0,Dengeli,17.833690055170337,35.417159786474265,3.8254338744322856,72.43118233949352,28,19.929443066994658,37.94992370204038,75.2,68.8242768759462,0,0.0,70
6,1,AffectEV,65.0,Konfor,18.400463412567778,36.12264305279412,3.9573889429402778,74.47622661356105,24,19.026067688303854,39.07976539973895,75.2,68.60435176176621,0,0.0,70
6,1,AffectEV,85.0,Konfor,18.400463412567778,36.12264305279412,3.9573889429402778,74.47622661356105,24,19.026067688303854,39.07976539973895,75.2,68.60435176176621,0,0.0,70
7,1,Dijkstra,,,30.54779619598615,65.66119527297451,6.580808086457572,52.52339247357398,44,47.515164253600446,56.110291251729436,79.6,68.63198652257071,0,0.0,39
7,1,A*,,,51.013162304889725,43.872481528213626,8.35313620841496,84.45998116963128,8,16.317748525926564,33.2234713629538,79.6,65.6781063193084,0,0.0,39
7,1,NSGA-II,,Dengeli,51.013162304889725,43.872481528213626,8.35313620841496,84.45998116963128,8,16.317748525926564,33.2234713629538,79.6,65.6781063193084,0,0.0,39
7,1,AffectEV,15.0,Dengeli,51.013162304889725,43.872481528213626,8.35313620841496,84.45998116963128,8,16.317748525926564,33.2234713629538,79.6,65.6781063193084,0,0.0,39
7,1,AffectEV,30.0,Dengeli,51.013162304889725,43.872481528213626,8.35313620841496,84.45998116963128,8,16.317748525926564,33.2234713629538,79.6,65.6781063193084,0,0.0,39
7,1,AffectEV,50.0,Dengeli,51.013162304889725,43.872481528213626,8.35313620841496,84.45998116963128,8,16.317748525926564,33.2234713629538,79.6,65.6781063193084,0,0.0,39
7,1,AffectEV,65.0,Dengeli,51.013162304889725,43.872481528213626,8.35313620841496,84.45998116963128,8,16.317748525926564,33.2234713629538,79.6,65.6781063193084,0,0.0,39
7,1,AffectEV,85.0,Konfor,51.853933218136504,46.098994261485316,8.595557988006062,85.0797018660859,7,15.965754900003606,33.15285831956512,79.6,65.27407001998989,0,0.0,39
8,1,Dijkstra,,,25.23747109975654,64.24935021457361,5.948077116649487,58.72121149920086,45,34.927286225142204,41.503013166282386,43.6,33.68653813891753,0,0.0,28
8,1,A*,,,26.08784880234304,60.51209318273559,6.025271644130282,62.92061338412635,38,31.686509396956488,42.86716898393354,43.6,33.557880593116195,0,0.0,28
8,1,NSGA-II,,Dengeli,26.1778856043904,60.59111943211585,6.0516091222636295,63.39743346633725,37,31.51231556478802,43.244359321131725,43.6,33.513984796227284,0,0.0,28
8,1,AffectEV,15.0,Dengeli,26.1778856043904,60.59111943211585,6.0516091222636295,63.39743346633725,37,31.51231556478802,43.244359321131725,43.6,33.513984796227284,0,0.0,28
8,1,AffectEV,30.0,Dengeli,26.1778856043904,60.59111943211585,6.0516091222636295,63.39743346633725,37,31.51231556478802,43.244359321131725,43.6,33.513984796227284,0,0.0,28
8,1,AffectEV,50.0,Dengeli,26.1778856043904,60.59111943211585,6.0516091222636295,63.39743346633725,37,31.51231556478802,43.244359321131725,43.6,33.513984796227284,0,0.0,28
8,1,AffectEV,65.0,Konfor,28.466761869562035,64.23854222366269,6.609488104872973,67.11802440548942,31,29.068875024211682,43.30656543623539,43.6,32.58418649187838,0,0.0,28
8,1,AffectEV,85.0,Konfor,28.466761869562035,64.23854222366269,6.609488104872973,67.11802440548942,31,29.068875024211682,43.30656543623539,43.6,32.58418649187838,0,0.0,28
9,1,Dijkstra,,,17.935784581718238,41.46843446535959,3.9208780012698177,62.707201029204974,38,29.783358929015797,46.78895646045143,55.9,49.36520333121697,0,0.0,8
9,1,A*,,,25.90471328614617,29.095068653687616,4.593934569146892,83.05514858723195,12,13.4450160504996,34.55673298809083,55.9,48.24344238475518,0,0.0,8
9,1,NSGA-II,,Dengeli,19.598539248044244,32.85250553657536,3.952934005544627,75.14962602612088,22,19.502164791617847,39.998622681968804,55.9,49.31177665742562,0,0.0,8
9,1,AffectEV,15.0,Dengeli,19.598539248044244,32.85250553657536,3.952934005544627,75.14962602612088,22,19.502164791617847,39.998622681968804,55.9,49.31177665742562,0,0.0,8
9,1,AffectEV,30.0,Dengeli,19.598539248044244,32.85250553657536,3.952934005544627,75.14962602612088,22,19.502164791617847,39.998622681968804,55.9,49.31177665742562,0,0.0,8
9,1,AffectEV,50.0,Dengeli,19.598539248044244,32.85250553657536,3.952934005544627,75.14962602612088,22,19.502164791617847,39.998622681968804,55.9,49.31177665742562,0,0.0,8
9,1,AffectEV,65.0,Konfor,25.907103746964026,30.070098754925844,4.649646631162524,83.13794172947992,12,13.331741594576355,34.312678960735845,55.9,48.150588948062456,0,0.0,8
9,1,AffectEV,85.0,Konfor,25.907103746964026,30.070098754925844,4.649646631162524,83.13794172947992,12,13.331741594576355,34.312678960735845,55.9,48.150588948062456,0,0.0,8
10,1,Dijkstra,,,26.29086706365498,41.92987224706769,5.395142007686199,79.39639525529677,12,18.299787794327468,45.568342032025,56.9,47.90809665385633,0,0.0,19
10,1,A*,,,40.03248737154875,34.90543070584729,6.633888592008838,86.95441466716548,5,12.6697675559583,33.72327533023512,56.9,45.8435190133186,0,0.0,19
10,1,NSGA-II,,Dengeli,40.03248737154875,34.90543070584729,6.633888592008838,86.95441466716548,5,12.6697675559583,33.72327533023512,56.9,45.8435190133186,0,0.0,19
10,1,AffectEV,15.0,Verimlilik,26.29523323733128,40.00424348869365,5.29216714036641,79.28466113276971,12,18.473909409407945,45.865830222039534,56.9,48.07972143272265,0,0.0,19
10,1,AffectEV,30.0,Dengeli,40.03248737154875,34.90543070584729,6.633888592008838,86.95441466716548,5,12.6697675559583,33.72327533023512,56.9,45.8435190133186,0,0.0,19
10,1,AffectEV,50.0,Dengeli,40.03248737154875,34.90543070584729,6.633888592008838,86.95441466716548,5,12.6697675559583,33.72327533023512,56.9,45.8435190133186,0,0.0,19
10,1,AffectEV,65.0,Dengeli,40.03248737154875,34.90543070584729,6.633888592008838,86.95441466716548,5,12.6697675559583,33.72327533023512,56.9,45.8435190133186,0,0.0,19
10,1,AffectEV,85.0,Dengeli,40.03248737154875,34.90543070584729,6.633888592008838,86.95441466716548,5,12.6697675559583,33.72327533023512,56.9,45.8435190133186,0,0.0,19
11,1,Dijkstra,,,21.66993991746172,59.378723052126226,5.099304754860935,55.64086249614901,38,43.08127371107074,62.17377695264882,65.7,57.201158741898446,0,0.0,42
11,1,A*,,,22.67278234302799,53.51224186520866,5.252890828740941,64.2550072971614,26,34.61586389308118,61.80116767457119,65.7,56.94518195209844,0,0.0,42
11,1,NSGA-II,,Dengeli,22.64210897724389,53.52551282887882,5.243396944421364,64.21815250926188,26,34.686476790839016,61.87952226743205,65.7,56.96100509263106,0,0.0,42
11,1,AffectEV,15.0,Dengeli,22.64210897724389,53.52551282887882,5.243396944421364,64.21815250926188,26,34.686476790839016,61.87952226743205,65.7,56.96100509263106,0,0.0,42
11,1,AffectEV,30.0,Dengeli,22.64210897724389,53.52551282887882,5.243396944421364,64.21815250926188,26,34.686476790839016,61.87952226743205,65.7,56.96100509263106,0,0.0,42
11,1,AffectEV,50.0,Dengeli,22.64210897724389,53.52551282887882,5.243396944421364,64.21815250926188,26,34.686476790839016,61.87952226743205,65.7,56.96100509263106,0,0.0,42
11,1,AffectEV,65.0,Dengeli,22.64210897724389,53.52551282887882,5.243396944421364,64.21815250926188,26,34.686476790839016,61.87952226743205,65.7,56.96100509263106,0,0.0,42
11,1,AffectEV,85.0,Konfor,23.324120405546722,54.480800610290515,5.396833588275111,64.71525599521098,26,34.12161096265003,60.24130357997001,65.7,56.705277352874816,0,0.0,42
12,1,Dijkstra,,,23.210046865366078,62.34734566214028,5.416415855771533,53.5425120952555,50,40.40921301359558,46.67362000332909,42.6,33.57264024038078,0,0.0,17
12,1,A*,,,24.668947687576093,50.40580414389538,5.345890911830304,65.62425531482728,32,30.27491368338521,46.46635290078577,42.6,33.690181813616164,0,0.0,17
12,1,NSGA-II,,Dengeli,24.668947687576093,50.40580414389538,5.345890911830304,65.62425531482728,32,30.27491368338521,46.46635290078577,42.6,33.690181813616164,0,0.0,17
12,1,AffectEV,15.0,Dengeli,24.668947687576093,50.40580414389538,5.345890911830304,65.62425531482728,32,30.27491368338521,46.46635290078577,42.6,33.690181813616164,0,0.0,17
12,1,AffectEV,30.0,Dengeli,24.668947687576093,50.40580414389538,5.345890911830304,65.62425531482728,32,30.27491368338521,46.46635290078577,42.6,33.690181813616164,0,0.0,17
12,1,AffectEV,50.0,Dengeli,24.668947687576093,50.40580414389538,5.345890911830304,65.62425531482728,32,30.27491368338521,46.46635290078577,42.6,33.690181813616164,0,0.0,17
12,1,AffectEV,65.0,Dengeli,24.668947687576093,50.40580414389538,5.345890911830304,65.62425531482728,32,30.27491368338521,46.46635290078577,42.6,33.690181813616164,0,0.0,17
12,1,AffectEV,85.0,Konfor,26.425665337313106,53.87188071405991,5.7896192385909915,66.8768877758158,31,29.1609344988319,44.374159372673134,42.6,32.95063460234835,0,0.0,17
13,1,Dijkstra,,,17.365727681979003,46.996751639824154,4.118443651259272,62.32382823735314,37,30.119025649955415,50.70232033830116,77.8,70.9359272479012,0,0.0,100
13,1,A*,,,18.7250715512095,44.05022296857312,4.266768230491582,69.07503609030577,28,24.77291136995101,47.46545249354463,77.8,70.68871961584736,0,0.0,100
13,1,NSGA-II,,Dengeli,18.7250715512095,44.05022296857312,4.266768230491582,69.07503609030577,28,24.77291136995101,47.46545249354463,77.8,70.68871961584736,0,0.0,100
13,1,AffectEV,15.0,Dengeli,18.7250715512095,44.05022296857312,4.266768230491582,69.07503609030577,28,24.77291136995101,47.46545249354463,77.8,70.68871961584736,0,0.0,100
13,1,AffectEV,30.0,Dengeli,18.7250715512095,44.05022296857312,4.266768230491582,69.07503609030577,28,24.77291136995101,47.46545249354463,77.8,70.68871961584736,0,0.0,100
13,1,AffectEV,50.0,Dengeli,18.7250715512095,44.05022296857312,4.266768230491582,69.07503609030577,28,24.77291136995101,47.46545249354463,77.8,70.68871961584736,0,0.0,100
13,1,AffectEV,65.0,Konfor,22.7708732489226,45.51442222677382,4.983456586003015,73.55519928873731,21,22.22776608544425,46.382354428147046,77.8,69.4942390233283,0,0.0,100
13,1,AffectEV,85.0,Konfor,22.7708732489226,45.51442222677382,4.983456586003015,73.55519928873731,21,22.22776608544425,46.382354428147046,77.8,69.4942390233283,0,0.0,100
14,1,Dijkstra,,,23.12440075830618,49.20346666211628,4.976176927565073,63.4482072761558,28,35.4384005005431,59.60136286840636,63.8,55.506371787391544,0,0.0,27
14,1,A*,,,24.073160375945697,42.64402296423599,5.050139771879712,71.81781117954046,15,28.29380674211461,60.97023398912581,63.8,55.383100380200474,0,0.0,27
14,1,NSGA-II,,Dengeli,24.073160375945697,42.64402296423599,5.050139771879712,71.81781117954046,15,28.29380674211461,60.97023398912581,63.8,55.383100380200474,0,0.0,27
14,1,AffectEV,15.0,Dengeli,24.073160375945697,42.64402296423599,5.050139771879712,71.81781117954046,15,28.29380674211461,60.97023398912581,63.8,55.383100380200474,0,0.0,27
14,1,AffectEV,30.0,Dengeli,24.073160375945697,42.64402296423599,5.050139771879712,71.81781117954046,15,28.29380674211461,60.97023398912581,63.8,55.383100380200474,0,0.0,27
14,1,AffectEV,50.0,Dengeli,24.073160375945697,42.64402296423599,5.050139771879712,71.81781117954046,15,28.29380674211461,60.97023398912581,63.8,55.383100380200474,0,0.0,27
14,1,AffectEV,65.0,Dengeli,24.073160375945697,42.64402296423599,5.050139771879712,71.81781117954046,15,28.29380674211461,60.97023398912581,63.8,55.383100380200474,0,0.0,27
14,1,AffectEV,85.0,Konfor,28.584252997911907,51.772722603018785,6.158828108978016,74.10228903924133,11,28.254005343546503,59.6075467884736,63.8,53.535286485036636,0,0.0,27
15,1,Dijkstra,,,20.62345860912918,48.900031932705176,4.758287310809677,65.48947324682743,31,29.52446078022583,50.76594259552416,84.0,76.06952114865054,0,0.0,39
15,1,A*,,,37.41131862072162,42.85833238849535,6.616825954038929,76.99755249394526,19,21.221217006986226,35.68041201979436,84.0,72.97195674326845,0,0.0,39
15,1,NSGA-II,,Dengeli,31.03485570083658,45.70866089945223,6.014853160727319,76.59200620593626,18,21.440463887892786,39.879273138479526,84.0,73.97524473212114,0,0.0,39
15,1,AffectEV,15.0,Verimlilik,20.62345860912918,48.900031932705176,4.758287310809677,65.48947324682743,31,29.52446078022583,50.76594259552416,84.0,76.06952114865054,0,0.0,39
15,1,AffectEV,30.0,Dengeli,31.03485570083658,45.70866089945223,6.014853160727319,76.59200620593626,18,21.440463887892786,39.879273138479526,84.0,73.97524473212114,0,0.0,39
15,1,AffectEV,50.0,Dengeli,31.03485570083658,45.70866089945223,6.014853160727319,76.59200620593626,18,21.440463887892786,39.879273138479526,84.0,73.97524473212114,0,0.0,39
15,1,AffectEV,65.0,Konfor,37.417482873375704,42.987627669919824,6.624537745929777,77.00554227993419,19,21.209573707585367,35.65792803895102,84.0,72.9591037567837,0,0.0,39
15,1,AffectEV,85.0,Konfor,37.417482873375704,42.987627669919824,6.624537745929777,77.00554227993419,19,21.209573707585367,35.65792803895102,84.0,72.9591037567837,0,0.0,39
16,1,Dijkstra,,,24.536024349497236,44.13303594818381,5.135992925202507,69.367675346525,27,26.34623591585812,46.14226939358779,71.8,63.24001179132915,0,0.0,34
16,1,A*,,,24.538277237744452,41.42750543361731,5.044016309596119,71.37558070940537,24,24.66821894693752,46.11976803256691,71.8,63.39330615067313,0,0.0,34
16,1,NSGA-II,,Dengeli,24.55030859378415,41.46303860490139,5.048370289494512,71.45209385541824,24,24.505028395258588,45.98198813002092,71.8,63.38604951750914,0,0.0,34
16,1,AffectEV,15.0,Verimlilik,24.538277237744452,41.42750543361731,5.044016309596119,71.37558070940537,24,24.66821894693752,46.11976803256691,71.8,63.39330615067313,0,0.0,34
16,1,AffectEV,30.0,Dengeli,24.55030859378415,41.46303860490139,5.048370289494512,71.45209385541824,24,24.505028395258588,45.98198813002092,71.8,63.38604951750914,0,0.0,34
16,1,AffectEV,50.0,Konfor,29.907623618919253,52.80937179313328,6.4100554390926865,75.32360515393343,13,25.228358274781364,53.039436818160794,71.8,61.11657426817885,0,0.0,34
16,1,AffectEV,65.0,Konfor,29.907623618919253,52.80937179313328,6.4100554390926865,75.32360515393343,13,25.228358274781364,53.039436818160794,71.8,61.11657426817885,0,0.0,34
16,1,AffectEV,85.0,Konfor,29.907623618919253,52.80937179313328,6.4100554390926865,75.32360515393343,13,25.228358274781364,53.039436818160794,71.8,61.11657426817885,0,0.0,34
17,1,Dijkstra,,,17.48013166005094,36.83566727010623,3.8002555483929354,70.97924382439302,22,24.22589767582257,53.76493436430106,72.1,65.76624075267844,0,0.0,16
17,1,A*,,,17.48038052525706,35.4087865315012,3.751346953922665,71.75332073843651,21,23.475306890629607,53.520435971873006,72.1,65.84775507679555,0,0.0,16
17,1,NSGA-II,,Verimlilik,17.48038052525706,35.4087865315012,3.751346953922665,71.75332073843651,21,23.475306890629607,53.520435971873006,72.1,65.84775507679555,0,0.0,16
17,1,AffectEV,15.0,Verimlilik,17.48038052525706,35.4087865315012,3.751346953922665,71.75332073843651,21,23.475306890629607,53.520435971873006,72.1,65.84775507679555,0,0.0,16
17,1,AffectEV,30.0,Verimlilik,17.48038052525706,35.4087865315012,3.751346953922665,71.75332073843651,21,23.475306890629607,53.520435971873006,72.1,65.84775507679555,0,0.0,16
17,1,AffectEV,50.0,Verimlilik,17.48038052525706,35.4087865315012,3.751346953922665,71.75332073843651,21,23.475306890629607,53.520435971873006,72.1,65.84775507679555,0,0.0,16
17,1,AffectEV,65.0,Konfor,24.931021785727655,41.796515136905455,5.086647702580704,77.32861404212056,15,20.259429413665018,45.467785668899616,72.1,63.622253829032154,0,0.0,16
17,1,AffectEV,85.0,Konfor,24.931021785727655,41.796515136905455,5.086647702580704,77.32861404212056,15,20.259429413665018,45.467785668899616,72.1,63.622253829032154,0,0.0,16
18,1,Dijkstra,,,17.47460100191027,23.397463447195538,3.200070159080595,84.07536799473911,12,10.745804943563934,33.504452610958545,59.6,54.26654973486568,0,0.0,5
18,1,A*,,,17.702903599446085,22.422205219705166,3.2450579459232243,86.97669908082435,7,8.637628521940314,34.66006181296781,59.6,54.19157009012796,0,0.0,5
18,1,NSGA-II,,Dengeli,17.702903599446085,22.422205219705166,3.2450579459232243,86.97669908082435,7,8.637628521940314,34.66006181296781,59.6,54.19157009012796,0,0.0,5
18,1,AffectEV,15.0,Dengeli,17.702903599446085,22.422205219705166,3.2450579459232243,86.97669908082435,7,8.637628521940314,34.66006181296781,59.6,54.19157009012796,0,0.0,5
18,1,AffectEV,30.0,Dengeli,17.702903599446085,22.422205219705166,3.2450579459232243,86.97669908082435,7,8.637628521940314,34.66006181296781,59.6,54.19157009012796,0,0.0,5
18,1,AffectEV,50.0,Dengeli,17.702903599446085,22.422205219705166,3.2450579459232243,86.97669908082435,7,8.637628521940314,34.66006181296781,59.6,54.19157009012796,0,0.0,5
18,1,AffectEV,65.0,Dengeli,17.702903599446085,22.422205219705166,3.2450579459232243,86.97669908082435,7,8.637628521940314,34.66006181296781,59.6,54.19157009012796,0,0.0,5
18,1,AffectEV,85.0,Dengeli,17.702903599446085,22.422205219705166,3.2450579459232243,86.97669908082435,7,8.637628521940314,34.66006181296781,59.6,54.19157009012796,0,0.0,5
19,1,Dijkstra,,,18.10643454076064,52.44632337896394,4.2381286293827785,53.57607972350266,47,40.16176110257173,54.376959728629124,73.9,66.83645228436204,0,0.0,38
19,1,A*,,,25.070236376777835,38.32779521619055,4.780079992896111,74.63590200983202,20,22.087589677424923,43.68910543470253,73.9,65.93320001183982,0,0.0,38
19,1,NSGA-II,,Dengeli,25.070236376777835,38.32779521619055,4.780079992896111,74.63590200983202,20,22.087589677424923,43.68910543470253,73.9,65.93320001183982,0,0.0,38
19,1,AffectEV,15.0,Verimlilik,18.492573383163077,39.71445872756757,3.999064346689366,64.08892653312421,32,30.162637467002032,54.3114111338759,73.9,67.23489275551773,0,0.0,38
19,1,AffectEV,30.0,Dengeli,25.070236376777835,38.32779521619055,4.780079992896111,74.63590200983202,20,22.087589677424923,43.68910543470253,73.9,65.93320001183982,0,0.0,38
19,1,AffectEV,50.0,Dengeli,25.070236376777835,38.32779521619055,4.780079992896111,74.63590200983202,20,22.087589677424923,43.68910543470253,73.9,65.93320001183982,0,0.0,38
19,1,AffectEV,65.0,Konfor,27.83936586649438,39.96432596941686,5.2999997491905635,77.12865462387221,15,20.990939980436053,45.37031690998488,73.9,65.0666670846824,0,0.0,38
19,1,AffectEV,85.0,Konfor,27.83936586649438,39.96432596941686,5.2999997491905635,77.12865462387221,15,20.990939980436053,45.37031690998488,73.9,65.0666670846824,0,0.0,38
20,1,Dijkstra,,,25.336148811841916,60.74860208023286,5.557888108892012,50.860378265943176,48,46.760228451420566,55.55776599315326,55.2,45.93685315184665,0,0.0,29
20,1,A*,,,26.259149665903642,54.049286551460575,5.570222620014723,58.58432723334589,36,40.51194905182565,56.31044025553209,55.2,45.9162956333088,0,0.0,29
20,1,NSGA-II,,Dengeli,26.261751283271288,54.29482886616941,5.590322457285512,59.236472622697775,35,39.973254615770074,56.35775496285599,55.2,45.88279590452415,0,0.0,29
20,1,AffectEV,15.0,Dengeli,26.261751283271288,54.29482886616941,5.590322457285512,59.236472622697775,35,39.973254615770074,56.35775496285599,55.2,45.88279590452415,0,0.0,29
20,1,AffectEV,30.0,Dengeli,26.261751283271288,54.29482886616941,5.590322457285512,59.236472622697775,35,39.973254615770074,56.35775496285599,55.2,45.88279590452415,0,0.0,29
20,1,AffectEV,50.0,Dengeli,26.261751283271288,54.29482886616941,5.590322457285512,59.236472622697775,35,39.973254615770074,56.35775496285599,55.2,45.88279590452415,0,0.0,29
20,1,AffectEV,65.0,Konfor,33.00476800827304,64.43532139252272,7.102273640806484,64.30516375242932,28,36.92874533559572,53.08106323445979,55.2,43.36287726532253,0,0.0,29
20,1,AffectEV,85.0,Konfor,33.00476800827304,64.43532139252272,7.102273640806484,64.30516375242932,28,36.92874533559572,53.08106323445979,55.2,43.36287726532253,0,0.0,29
21,1,Dijkstra,,,23.542621774622575,45.990568857220595,5.125098723314616,75.318770291151,23,19.35323695840645,36.87629310663532,70.5,61.95816879447564,0,0.0,22
21,1,A*,,,26.20732862551718,34.142072621637155,4.9048450471443426,82.16966496073144,13,14.237202526320498,35.2958714068621,70.5,62.32525825475943,0,0.0,22
21,1,NSGA-II,,Dengeli,26.186626267309094,34.14503771268739,4.902151698451862,82.17445838477234,13,14.2284559691797,35.28502412236877,70.5,62.3297471692469,0,0.0,22
21,1,AffectEV,15.0,Dengeli,26.186626267309094,34.14503771268739,4.902151698451862,82.17445838477234,13,14.2284559691797,35.28502412236877,70.5,62.3297471692469,0,0.0,22
21,1,AffectEV,30.0,Dengeli,26.186626267309094,34.14503771268739,4.902151698451862,82.17445838477234,13,14.2284559691797,35.28502412236877,70.5,62.3297471692469,0,0.0,22
21,1,AffectEV,50.0,Dengeli,26.186626267309094,34.14503771268739,4.902151698451862,82.17445838477234,13,14.2284559691797,35.28502412236877,70.5,62.3297471692469,0,0.0,22
21,1,AffectEV,65.0,Dengeli,26.186626267309094,34.14503771268739,4.902151698451862,82.17445838477234,13,14.2284559691797,35.28502412236877,70.5,62.3297471692469,0,0.0,22
21,1,AffectEV,85.0,Dengeli,26.186626267309094,34.14503771268739,4.902151698451862,82.17445838477234,13,14.2284559691797,35.28502412236877,70.5,62.3297471692469,0,0.0,22
22,1,Dijkstra,,,15.927133076834163,36.24102759892928,3.605232359728182,72.0567808499589,23,21.22800730153289,50.37408479790621,55.0,48.99127940045303,0,0.0,56
22,1,A*,,,16.930991514301503,35.6650002671251,3.7845369233786594,73.76726503545343,20,20.264631863225844,50.76672702789405,55.0,48.692438461035565,0,0.0,56
22,1,NSGA-II,,Dengeli,17.021400808943746,35.72450527764447,3.8113359467186965,74.2094510975987,19,20.07793160398614,51.33584710602731,55.0,48.64777342213551,0,0.0,56
22,1,AffectEV,15.0,Verimlilik,15.92861543513219,36.096943553227966,3.598864420450118,71.95671073167671,23,21.34632094024684,50.69696493124623,55.0,49.001892632583136,0,0.0,56
22,1,AffectEV,30.0,Verimlilik,15.92861543513219,36.096943553227966,3.598864420450118,71.95671073167671,23,21.34632094024684,50.69696493124623,55.0,49.001892632583136,0,0.0,56
22,1,AffectEV,50.0,Dengeli,17.021400808943746,35.72450527764447,3.8113359467186965,74.2094510975987,19,20.07793160398614,51.33584710602731,55.0,48.64777342213551,0,0.0,56
22,1,AffectEV,65.0,Dengeli,17.021400808943746,35.72450527764447,3.8113359467186965,74.2094510975987,19,20.07793160398614,51.33584710602731,55.0,48.64777342213551,0,0.0,56
22,1,AffectEV,85.0,Dengeli,17.021400808943746,35.72450527764447,3.8113359467186965,74.2094510975987,19,20.07793160398614,51.33584710602731,55.0,48.64777342213551,0,0.0,56
23,1,Dijkstra,,,14.53899591594657,37.06039528346313,3.3244473892214073,67.35470077622804,30,24.62350011062252,51.29124595292598,77.6,72.05925435129765,0,0.0,39
23,1,A*,,,15.548561767311973,33.02367448399006,3.372432931996897,71.69442523032612,23,21.797926906934254,51.33098348796802,77.6,71.97927844667183,0,0.0,39
23,1,NSGA-II,,Dengeli,15.548561767311973,33.02367448399006,3.372432931996897,71.69442523032612,23,21.797926906934254,51.33098348796802,77.6,71.97927844667183,0,0.0,39
23,1,AffectEV,15.0,Dengeli,15.548561767311973,33.02367448399006,3.372432931996897,71.69442523032612,23,21.797926906934254,51.33098348796802,77.6,71.97927844667183,0,0.0,39
23,1,AffectEV,30.0,Dengeli,15.548561767311973,33.02367448399006,3.372432931996897,71.69442523032612,23,21.797926906934254,51.33098348796802,77.6,71.97927844667183,0,0.0,39
23,1,AffectEV,50.0,Dengeli,15.548561767311973,33.02367448399006,3.372432931996897,71.69442523032612,23,21.797926906934254,51.33098348796802,77.6,71.97927844667183,0,0.0,39
23,1,AffectEV,65.0,Konfor,16.476330629300843,35.230863100983484,3.6391039175675814,73.13250593275805,19,21.52029190299969,54.557032481710166,77.6,71.53482680405402,0,0.0,39
23,1,AffectEV,85.0,Konfor,16.476330629300843,35.230863100983484,3.6391039175675814,73.13250593275805,19,21.52029190299969,54.557032481710166,77.6,71.53482680405402,0,0.0,39
24,1,Dijkstra,,,28.355075619484303,73.95103939601522,6.62614693634498,47.02243489689497,63,44.55557600096803,40.55446151407308,60.0,48.95642177275837,0,0.0,38
24,1,A*,,,31.39342358371912,52.72148618396725,6.285177034486833,66.80166242967883,31,30.14526567326171,43.27378934171323,60.0,49.52470494252194,0,0.0,38
24,1,NSGA-II,,Dengeli,31.410791147232974,52.73166070185305,6.289887428322446,66.86197250552195,31,29.999171569867173,43.19138011758949,60.0,49.51685428612926,0,0.0,38
24,1,AffectEV,15.0,Dengeli,31.410791147232974,52.73166070185305,6.289887428322446,66.86197250552195,31,29.999171569867173,43.19138011758949,60.0,49.51685428612926,0,0.0,38
24,1,AffectEV,30.0,Dengeli,31.410791147232974,52.73166070185305,6.289887428322446,66.86197250552195,31,29.999171569867173,43.19138011758949,60.0,49.51685428612926,0,0.0,38
24,1,AffectEV,50.0,Dengeli,31.410791147232974,52.73166070185305,6.289887428322446,66.86197250552195,31,29.999171569867173,43.19138011758949,60.0,49.51685428612926,0,0.0,38
24,1,AffectEV,65.0,Dengeli,31.410791147232974,52.73166070185305,6.289887428322446,66.86197250552195,31,29.999171569867173,43.19138011758949,60.0,49.51685428612926,0,0.0,38
24,1,AffectEV,85.0,Konfor,32.94911944899947,57.261276202271496,6.762102596346344,67.93891671057901,30,29.124751448193916,41.6182892748141,60.0,48.729829006089425,0,0.0,38
25,1,Dijkstra,,,22.02802455703555,38.485566418682666,4.5298522356705355,72.9886148434249,22,22.294105511917426,46.615767514999376,84.3,76.75024627388244,0,0.0,18
25,1,A*,,,22.07635719799187,37.82471140388206,4.505894097555778,72.95443683695045,22,22.321961094908684,46.744874172884735,84.3,76.7901765040737,0,0.0,18
25,1,NSGA-II,,Dengeli,22.07635719799187,37.82471140388206,4.505894097555778,72.95443683695045,22,22.321961094908684,46.744874172884735,84.3,76.7901765040737,0,0.0,18
25,1,AffectEV,15.0,Dengeli,22.07635719799187,37.82471140388206,4.505894097555778,72.95443683695045,22,22.321961094908684,46.744874172884735,84.3,76.7901765040737,0,0.0,18
25,1,AffectEV,30.0,Dengeli,22.07635719799187,37.82471140388206,4.505894097555778,72.95443683695045,22,22.321961094908684,46.744874172884735,84.3,76.7901765040737,0,0.0,18
25,1,AffectEV,50.0,Konfor,26.152581708625398,40.880325708607096,5.273701905025279,76.71335369341054,17,20.147672988569614,43.71172205009291,84.3,75.51049682495787,0,0.0,18
25,1,AffectEV,65.0,Konfor,26.152581708625398,40.880325708607096,5.273701905025279,76.71335369341054,17,20.147672988569614,43.71172205009291,84.3,75.51049682495787,0,0.0,18
25,1,AffectEV,85.0,Konfor,26.152581708625398,40.880325708607096,5.273701905025279,76.71335369341054,17,20.147672988569614,43.71172205009291,84.3,75.51049682495787,0,0.0,18
26,1,Dijkstra,,,12.699312958695026,32.86807259815092,2.9788188410018996,73.4837572877625,26,18.57391246469632,39.720344864143,51.5,46.5353019316635,0,0.0,4
26,1,A*,,,12.839023999209624,19.694771564864297,2.4727487318496393,84.58797178988489,11,9.398248755668503,35.46276791707279,51.5,47.378752113583936,0,0.0,4
26,1,NSGA-II,,Dengeli,12.839023999209624,19.694771564864297,2.4727487318496393,84.58797178988489,11,9.398248755668503,35.46276791707279,51.5,47.378752113583936,0,0.0,4
26,1,AffectEV,15.0,Dengeli,12.839023999209624,19.694771564864297,2.4727487318496393,84.58797178988489,11,9.398248755668503,35.46276791707279,51.5,47.378752113583936,0,0.0,4
26,1,AffectEV,30.0,Dengeli,12.839023999209624,19.694771564864297,2.4727487318496393,84.58797178988489,11,9.398248755668503,35.46276791707279,51.5,47.378752113583936,0,0.0,4
26,1,AffectEV,50.0,Dengeli,12.839023999209624,19.694771564864297,2.4727487318496393,84.58797178988489,11,9.398248755668503,35.46276791707279,51.5,47.378752113583936,0,0.0,4
26,1,AffectEV,65.0,Konfor,16.219430639199203,25.084403967946823,3.214987201702883,85.00357371554023,11,9.500203024576289,33.23182688543443,51.5,46.14168799716186,0,0.0,4
26,1,AffectEV,85.0,Konfor,16.219430639199203,25.084403967946823,3.214987201702883,85.00357371554023,11,9.500203024576289,33.23182688543443,51.5,46.14168799716186,0,0.0,4
27,1,Dijkstra,,,21.79446021612964,16.24815055748431,3.4359276171347752,90.7246673674244,2,5.931831946368518,32.47891524332521,48.9,43.173453971442044,0,0.0,1
27,1,A*,,,21.79446021612964,16.24815055748431,3.4359276171347752,90.7246673674244,2,5.931831946368518,32.47891524332521,48.9,43.173453971442044,0,0.0,1
27,1,NSGA-II,,Verimlilik,21.79446021612964,16.24815055748431,3.4359276171347752,90.7246673674244,2,5.931831946368518,32.47891524332521,48.9,43.173453971442044,0,0.0,1
27,1,AffectEV,15.0,Verimlilik,21.79446021612964,16.24815055748431,3.4359276171347752,90.7246673674244,2,5.931831946368518,32.47891524332521,48.9,43.173453971442044,0,0.0,1
27,1,AffectEV,30.0,Verimlilik,21.79446021612964,16.24815055748431,3.4359276171347752,90.7246673674244,2,5.931831946368518,32.47891524332521,48.9,43.173453971442044,0,0.0,1
27,1,AffectEV,50.0,Verimlilik,21.79446021612964,16.24815055748431,3.4359276171347752,90.7246673674244,2,5.931831946368518,32.47891524332521,48.9,43.173453971442044,0,0.0,1
27,1,AffectEV,65.0,Verimlilik,21.79446021612964,16.24815055748431,3.4359276171347752,90.7246673674244,2,5.931831946368518,32.47891524332521,48.9,43.173453971442044,0,0.0,1
27,1,AffectEV,85.0,Verimlilik,21.79446021612964,16.24815055748431,3.4359276171347752,90.7246673674244,2,5.931831946368518,32.47891524332521,48.9,43.173453971442044,0,0.0,1
28,1,Dijkstra,,,18.460401315711664,55.90946060813154,4.355684585159173,50.74892911522274,47,45.29919828748576,60.80655699265769,55.0,47.74052569140138,0,0.0,49
28,1,A*,,,19.950294651019057,46.21507971893501,4.532663086338961,66.71666731526875,24,30.70747097980029,60.355456953955816,55.0,47.4455615227684,0,0.0,49
28,1,NSGA-II,,Dengeli,19.950294651019057,46.21507971893501,4.532663086338961,66.71666731526875,24,30.70747097980029,60.355456953955816,55.0,47.4455615227684,0,0.0,49
28,1,AffectEV,15.0,Dengeli,19.950294651019057,46.21507971893501,4.532663086338961,66.71666731526875,24,30.70747097980029,60.355456953955816,55.0,47.4455615227684,0,0.0,49
28,1,AffectEV,30.0,Dengeli,19.950294651019057,46.21507971893501,4.532663086338961,66.71666731526875,24,30.70747097980029,60.355456953955816,55.0,47.4455615227684,0,0.0,49
28,1,AffectEV,50.0,Dengeli,19.950294651019057,46.21507971893501,4.532663086338961,66.71666731526875,24,30.70747097980029,60.355456953955816,55.0,47.4455615227684,0,0.0,49
28,1,AffectEV,65.0,Konfor,22.496674614411848,48.420962983693386,5.012698614328805,68.82504597159709,21,29.70469391617362,58.8177292677541,55.0,46.64550230945199,0,0.0,49
28,1,AffectEV,85.0,Konfor,22.496674614411848,48.420962983693386,5.012698614328805,68.82504597159709,21,29.70469391617362,58.8177292677541,55.0,46.64550230945199,0,0.0,49
29,1,Dijkstra,,,27.808952954184285,62.10483088110335,6.27808086248816,61.96380658367893,41,31.512466479503747,40.41226736234972,83.3,72.83653189585306,0,0.0,21
29,1,A*,,,30.864933734716075,40.75651610392841,5.668482340874826,75.81868676143341,19,21.725383017707603,40.81849166627157,83.3,73.85252943187528,0,0.0,21
29,1,NSGA-II,,Dengeli,30.864933734716075,40.75651610392841,5.668482340874826,75.81868676143341,19,21.725383017707603,40.81849166627157,83.3,73.85252943187528,0,0.0,21
29,1,AffectEV,15.0,Dengeli,30.864933734716075,40.75651610392841,5.668482340874826,75.81868676143341,19,21.725383017707603,40.81849166627157,83.3,73.85252943187528,0,0.0,21
29,1,AffectEV,30.0,Dengeli,30.864933734716075,40.75651610392841,5.668482340874826,75.81868676143341,19,21.725383017707603,40.81849166627157,83.3,73.85252943187528,0,0.0,21
29,1,AffectEV,50.0,Dengeli,30.864933734716075,40.75651610392841,5.668482340874826,75.81868676143341,19,21.725383017707603,40.81849166627157,83.3,73.85252943187528,0,0.0,21
29,1,AffectEV,65.0,Dengeli,30.864933734716075,40.75651610392841,5.668482340874826,75.81868676143341,19,21.725383017707603,40.81849166627157,83.3,73.85252943187528,0,0.0,21
29,1,AffectEV,85.0,Dengeli,30.864933734716075,40.75651610392841,5.668482340874826,75.81868676143341,19,21.725383017707603,40.81849166627157,83.3,73.85252943187528,0,0.0,21
30,1,Dijkstra,,,12.229927210030283,39.47911054293128,2.956985212955423,60.91376698930575,40,30.3241074386394,49.945003895512166,39.6,34.671691311740965,0,0.0,12
30,1,A*,,,13.47065700463713,26.595405986751178,2.8284715112667436,74.04229310408135,21,19.158377693832684,48.55096793884416,39.6,34.88588081455543,0,0.0,12
30,1,NSGA-II,,Dengeli,13.47065700463713,26.595405986751178,2.8284715112667436,74.04229310408135,21,19.158377693832684,48.55096793884416,39.6,34.88588081455543,0,0.0,12
30,1,AffectEV,15.0,Dengeli,13.47065700463713,26.595405986751178,2.8284715112667436,74.04229310408135,21,19.158377693832684,48.55096793884416,39.6,34.88588081455543,0,0.0,12
30,1,AffectEV,30.0,Dengeli,13.47065700463713,26.595405986751178,2.8284715112667436,74.04229310408135,21,19.158377693832684,48.55096793884416,39.6,34.88588081455543,0,0.0,12
30,1,AffectEV,50.0,Dengeli,13.47065700463713,26.595405986751178,2.8284715112667436,74.04229310408135,21,19.158377693832684,48.55096793884416,39.6,34.88588081455543,0,0.0,12
30,1,AffectEV,65.0,Dengeli,13.47065700463713,26.595405986751178,2.8284715112667436,74.04229310408135,21,19.158377693832684,48.55096793884416,39.6,34.88588081455543,0,0.0,12
30,1,AffectEV,85.0,Dengeli,13.47065700463713,26.595405986751178,2.8284715112667436,74.04229310408135,21,19.158377693832684,48.55096793884416,39.6,34.88588081455543,0,0.0,12
31,1,Dijkstra,,,14.323717146044785,34.922054185591016,3.287402615527457,71.56794862728759,23,21.585192997443503,52.282467367396805,31.4,25.92099564078757,0,0.0,46
31,1,A*,,,19.535363531083416,34.006872720946724,4.029194663764403,75.40429588232381,15,20.432404922444803,54.82991320471376,31.4,24.68467556039266,0,0.0,46
31,1,NSGA-II,,Dengeli,19.535363531083416,34.006872720946724,4.029194663764403,75.40429588232381,15,20.432404922444803,54.82991320471376,31.4,24.68467556039266,0,0.0,46
31,1,AffectEV,15.0,Verimlilik,14.32519950434281,34.777970139889696,3.281034676249394,71.460690026323,23,21.703506636157456,52.641289914148885,31.4,25.931608872917675,0,0.0,46
31,1,AffectEV,30.0,Verimlilik,14.32519950434281,34.777970139889696,3.281034676249394,71.460690026323,23,21.703506636157456,52.641289914148885,31.4,25.931608872917675,0,0.0,46
31,1,AffectEV,50.0,Konfor,21.520772440930056,35.24892919024851,4.40580895890054,77.72810331193102,11,19.386500676775224,54.779732425182054,31.4,24.0569850684991,0,0.0,46
31,1,AffectEV,65.0,Konfor,21.520772440930056,35.24892919024851,4.40580895890054,77.72810331193102,11,19.386500676775224,54.779732425182054,31.4,24.0569850684991,0,0.0,46
31,1,AffectEV,85.0,Konfor,21.520772440930056,35.24892919024851,4.40580895890054,77.72810331193102,11,19.386500676775224,54.779732425182054,31.4,24.0569850684991,0,0.0,46
32,1,Dijkstra,,,19.825906595588897,22.69461589473976,3.4669633751573046,84.396792887036,11,10.83345142960399,34.26585842041401,46.9,41.121727708071155,0,0.0,3
32,1,A*,,,21.17826428118149,21.081811826301703,3.6614368771032795,88.62550562106607,5,7.668945876000269,32.86905308066927,46.9,40.79760520482787,0,0.0,3
32,1,NSGA-II,,Dengeli,21.17826428118149,21.081811826301703,3.6614368771032795,88.62550562106607,5,7.668945876000269,32.86905308066927,46.9,40.79760520482787,0,0.0,3
32,1,AffectEV,15.0,Dengeli,21.17826428118149,21.081811826301703,3.6614368771032795,88.62550562106607,5,7.668945876000269,32.86905308066927,46.9,40.79760520482787,0,0.0,3
32,1,AffectEV,30.0,Dengeli,21.17826428118149,21.081811826301703,3.6614368771032795,88.62550562106607,5,7.668945876000269,32.86905308066927,46.9,40.79760520482787,0,0.0,3
32,1,AffectEV,50.0,Dengeli,21.17826428118149,21.081811826301703,3.6614368771032795,88.62550562106607,5,7.668945876000269,32.86905308066927,46.9,40.79760520482787,0,0.0,3
32,1,AffectEV,65.0,Dengeli,21.17826428118149,21.081811826301703,3.6614368771032795,88.62550562106607,5,7.668945876000269,32.86905308066927,46.9,40.79760520482787,0,0.0,3
32,1,AffectEV,85.0,Dengeli,21.17826428118149,21.081811826301703,3.6614368771032795,88.62550562106607,5,7.668945876000269,32.86905308066927,46.9,40.79760520482787,0,0.0,3
33,1,Dijkstra,,,24.10993819189053,60.88278731039312,5.4085286189185195,52.76086641127835,46,45.00862633995406,53.68272843367715,59.2,50.1857856351358,0,0.0,42
33,1,A*,,,27.628601220988152,46.361511128399755,5.541825336755779,68.62312812980957,25,29.75052236233309,49.75857580745247,59.2,49.96362443874037,0,0.0,42
33,1,NSGA-II,,Dengeli,27.862038801941175,46.43415036282144,5.604412257365892,69.34101696391784,24,29.012895584198613,49.77557180411286,59.2,49.85931290439018,0,0.0,42
33,1,AffectEV,15.0,Dengeli,27.862038801941175,46.43415036282144,5.604412257365892,69.34101696391784,24,29.012895584198613,49.77557180411286,59.2,49.85931290439018,0,0.0,42
33,1,AffectEV,30.0,Dengeli,27.862038801941175,46.43415036282144,5.604412257365892,69.34101696391784,24,29.012895584198613,49.77557180411286,59.2,49.85931290439018,0,0.0,42
33,1,AffectEV,50.0,Dengeli,27.862038801941175,46.43415036282144,5.604412257365892,69.34101696391784,24,29.012895584198613,49.77557180411286,59.2,49.85931290439018,0,0.0,42
33,1,AffectEV,65.0,Konfor,31.93552497977966,50.121194255115945,6.28246309480196,72.93542805863484,20,26.374802607884572,45.76065579499889,59.2,48.72922817533007,0,0.0,42
33,1,AffectEV,85.0,Konfor,31.93552497977966,50.121194255115945,6.28246309480196,72.93542805863484,20,26.374802607884572,45.76065579499889,59.2,48.72922817533007,0,0.0,42
34,1,Dijkstra,,,22.930481410336732,51.269620564760125,5.173611779759344,66.74419122202572,31,27.885248911315216,46.95117052289861,59.5,50.87731370040109,0,0.0,23
34,1,A*,,,33.55943817895904,41.05953142402054,6.129527031238172,79.07958405233487,15,19.29807779974906,38.1549630387021,59.5,49.284121614603045,0,0.0,23
34,1,NSGA-II,,Dengeli,33.55943817895904,41.05953142402054,6.129527031238172,79.07958405233487,15,19.29807779974906,38.1549630387021,59.5,49.284121614603045,0,0.0,23
34,1,AffectEV,15.0,Verimlilik,23.22641566193761,43.17682291470383,4.914720806989163,72.35295267904263,22,23.61529884583514,47.81228833603416,59.5,51.308798655018066,0,0.0,23
34,1,AffectEV,30.0,Dengeli,33.55943817895904,41.05953142402054,6.129527031238172,79.07958405233487,15,19.29807779974906,38.1549630387021,59.5,49.284121614603045,0,0.0,23
34,1,AffectEV,50.0,Dengeli,33.55943817895904,41.05953142402054,6.129527031238172,79.07958405233487,15,19.29807779974906,38.1549630387021,59.5,49.284121614603045,0,0.0,23
34,1,AffectEV,65.0,Dengeli,33.55943817895904,41.05953142402054,6.129527031238172,79.07958405233487,15,19.29807779974906,38.1549630387021,59.5,49.284121614603045,0,0.0,23
34,1,AffectEV,85.0,Dengeli,33.55943817895904,41.05953142402054,6.129527031238172,79.07958405233487,15,19.29807779974906,38.1549630387021,59.5,49.284121614603045,0,0.0,23
35,1,Dijkstra,,,32.290262346665294,77.57684695640744,7.042030509589191,40.75417475945456,64,57.53323453245471,49.929274404045124,63.8,52.06328248401801,0,0.0,100
35,1,A*,,,57.101675885853766,52.99876140503359,9.515518937657525,81.78756513330987,7,23.42356544623113,38.42682616410394,63.8,47.940801770570786,0,0.0,100
35,1,NSGA-II,,Dengeli,57.101675885853766,52.99876140503359,9.515518937657525,81.78756513330987,7,23.42356544623113,38.42682616410394,63.8,47.940801770570786,0,0.0,100
35,1,AffectEV,15.0,Dengeli,57.101675885853766,52.99876140503359,9.515518937657525,81.78756513330987,7,23.42356544623113,38.42682616410394,63.8,47.940801770570786,0,0.0,100
35,1,AffectEV,30.0,Dengeli,57.101675885853766,52.99876140503359,9.515518937657525,81.78756513330987,7,23.42356544623113,38.42682616410394,63.8,47.940801770570786,0,0.0,100
35,1,AffectEV,50.0,Dengeli,57.101675885853766,52.99876140503359,9.515518937657525,81.78756513330987,7,23.42356544623113,38.42682616410394,63.8,47.940801770570786,0,0.0,100
35,1,AffectEV,65.0,Dengeli,57.101675885853766,52.99876140503359,9.515518937657525,81.78756513330987,7,23.42356544623113,38.42682616410394,63.8,47.940801770570786,0,0.0,100
35,1,AffectEV,85.0,Konfor,60.21951946454414,57.45426322233607,10.312798995678882,84.16316930060677,7,19.14051797532302,32.97337653398162,63.8,46.61200167386853,0,0.0,100
36,1,Dijkstra,,,15.54634367544098,45.59738524918943,3.5818518562970905,55.73971795259646,44,37.583924868564544,54.92552293417087,86.5,80.53024690617151,0,0.0,26
36,1,A*,,,17.062116891480496,38.540856350623244,3.7367522022050257,66.49784415388899,28,28.385449572982388,54.932604871081416,86.5,80.27207966299163,0,0.0,26
36,1,NSGA-II,,Dengeli,17.062116891480496,38.540856350623244,3.7367522022050257,66.49784415388899,28,28.385449572982388,54.932604871081416,86.5,80.27207966299163,0,0.0,26
36,1,AffectEV,15.0,Dengeli,17.062116891480496,38.540856350623244,3.7367522022050257,66.49784415388899,28,28.385449572982388,54.932604871081416,86.5,80.27207966299163,0,0.0,26
36,1,AffectEV,30.0,Dengeli,17.062116891480496,38.540856350623244,3.7367522022050257,66.49784415388899,28,28.385449572982388,54.932604871081416,86.5,80.27207966299163,0,0.0,26
36,1,AffectEV,50.0,Dengeli,17.062116891480496,38.540856350623244,3.7367522022050257,66.49784415388899,28,28.385449572982388,54.932604871081416,86.5,80.27207966299163,0,0.0,26
36,1,AffectEV,65.0,Konfor,25.10807888820318,39.81792965325297,4.821683749496789,73.84152343584167,21,22.680692687205756,44.27134378998302,86.5,78.46386041750534,0,0.0,26
36,1,AffectEV,85.0,Konfor,25.10807888820318,39.81792965325297,4.821683749496789,73.84152343584167,21,22.680692687205756,44.27134378998302,86.5,78.46386041750534,0,0.0,26
37,1,Dijkstra,,,35.885842352077866,65.69988724908198,7.894705790269009,79.31604603701786,16,18.217306078456676,36.093810697225734,68.3,55.14215701621831,0,0.0,10
37,1,A*,,,43.02924166665217,60.2211523917288,8.223976102026452,74.9597773400373,23,22.670971977362164,33.694655333770264,68.3,54.59337316328924,0,0.0,10
37,1,NSGA-II,,Verimlilik,35.885842352077866,65.69988724908198,7.894705790269009,79.31604603701786,16,18.217306078456676,36.093810697225734,68.3,55.14215701621831,0,0.0,10
37,1,AffectEV,15.0,Verimlilik,35.885842352077866,65.69988724908198,7.894705790269009,79.31604603701786,16,18.217306078456676,36.093810697225734,68.3,55.14215701621831,0,0.0,10
37,1,AffectEV,30.0,Verimlilik,35.885842352077866,65.69988724908198,7.894705790269009,79.31604603701786,16,18.217306078456676,36.093810697225734,68.3,55.14215701621831,0,0.0,10
37,1,AffectEV,50.0,Verimlilik,35.885842352077866,65.69988724908198,7.894705790269009,79.31604603701786,16,18.217306078456676,36.093810697225734,68.3,55.14215701621831,0,0.0,10
37,1,AffectEV,65.0,Verimlilik,35.885842352077866,65.69988724908198,7.894705790269009,79.31604603701786,16,18.217306078456676,36.093810697225734,68.3,55.14215701621831,0,0.0,10
37,1,AffectEV,85.0,Verimlilik,35.885842352077866,65.69988724908198,7.894705790269009,79.31604603701786,16,18.217306078456676,36.093810697225734,68.3,55.14215701621831,0,0.0,10
38,1,Dijkstra,,,21.96282146541537,45.950175908879295,4.728389695911052,64.84981041533185,34,29.650174225909783,46.27568658447612,85.0,77.11935050681491,0,0.0,54
38,1,A*,,,22.00215444869335,43.87175160252962,4.705254220986247,67.7093810654466,30,27.036139054770235,45.89888609061162,85.0,77.15790963168959,0,0.0,54
38,1,NSGA-II,,Dengeli,22.00215444869335,43.87175160252962,4.705254220986247,67.7093810654466,30,27.036139054770235,45.89888609061162,85.0,77.15790963168959,0,0.0,54
38,1,AffectEV,15.0,Dengeli,22.00215444869335,43.87175160252962,4.705254220986247,67.7093810654466,30,27.036139054770235,45.89888609061162,85.0,77.15790963168959,0,0.0,54
38,1,AffectEV,30.0,Dengeli,22.00215444869335,43.87175160252962,4.705254220986247,67.7093810654466,30,27.036139054770235,45.89888609061162,85.0,77.15790963168959,0,0.0,54
38,1,AffectEV,50.0,Dengeli,22.00215444869335,43.87175160252962,4.705254220986247,67.7093810654466,30,27.036139054770235,45.89888609061162,85.0,77.15790963168959,0,0.0,54
38,1,AffectEV,65.0,Konfor,38.693465380121374,53.127880506751644,7.374881614802625,76.88702712010166,21,20.2116113482494,32.74744737711756,85.0,72.70853064199562,0,0.0,54
38,1,AffectEV,85.0,Konfor,38.693465380121374,53.127880506751644,7.374881614802625,76.88702712010166,21,20.2116113482494,32.74744737711756,85.0,72.70853064199562,0,0.0,54
39,1,Dijkstra,,,17.06329866686855,57.42973128711876,4.208000205522046,50.30839408831821,50,44.440050483804065,56.79795383270285,66.0,58.98666632412993,0,0.0,29
39,1,A*,,,25.78908207796405,40.072794129968194,5.067524355198437,77.76944868673468,13,21.091503052826983,47.01550198708612,66.0,57.55412607466927,0,0.0,29
39,1,NSGA-II,,Dengeli,19.867266288963755,43.083928467348,4.376112986767747,66.07925494870643,28,29.57640226075968,55.23912186532832,66.0,58.70647835538709,0,0.0,29
39,1,AffectEV,15.0,Dengeli,19.867266288963755,43.083928467348,4.376112986767747,66.07925494870643,28,29.57640226075968,55.23912186532832,66.0,58.70647835538709,0,0.0,29
39,1,AffectEV,30.0,Dengeli,19.867266288963755,43.083928467348,4.376112986767747,66.07925494870643,28,29.57640226075968,55.23912186532832,66.0,58.70647835538709,0,0.0,29
39,1,AffectEV,50.0,Konfor,25.78908207796405,40.072794129968194,5.067524355198437,77.76944868673468,13,21.091503052826983,47.01550198708612,66.0,57.55412607466927,0,0.0,29
39,1,AffectEV,65.0,Konfor,25.78908207796405,40.072794129968194,5.067524355198437,77.76944868673468,13,21.091503052826983,47.01550198708612,66.0,57.55412607466927,0,0.0,29
39,1,AffectEV,85.0,Konfor,25.78908207796405,40.072794129968194,5.067524355198437,77.76944868673468,13,21.091503052826983,47.01550198708612,66.0,57.55412607466927,0,0.0,29
40,1,Dijkstra,,,24.860773582720817,56.10145109195027,5.482832675898095,59.569909600390055,39,36.26385743942638,50.25466583891014,76.0,66.86194554016984,0,0.0,80
40,1,A*,,,26.883874663067076,43.06259630781944,5.161625668272809,68.44419580921738,29,28.070162360348558,43.1737774133903,76.0,67.39729055287864,0,0.0,80
40,1,NSGA-II,,Dengeli,26.883874663067076,43.06259630781944,5.161625668272809,68.44419580921738,29,28.070162360348558,43.1737774133903,76.0,67.39729055287864,0,0.0,80
40,1,AffectEV,15.0,Dengeli,26.883874663067076,43.06259630781944,5.161625668272809,68.44419580921738,29,28.070162360348558,43.1737774133903,76.0,67.39729055287864,0,0.0,80
40,1,AffectEV,30.0,Dengeli,26.883874663067076,43.06259630781944,5.161625668272809,68.44419580921738,29,28.070162360348558,43.1737774133903,76.0,67.39729055287864,0,0.0,80
40,1,AffectEV,50.0,Konfor,40.9852704881631,45.250430098805325,7.200502104840562,79.52053427836833,15,19.063345281662702,36.30231068566429,76.0,63.99916315859906,0,0.0,80
40,1,AffectEV,65.0,Konfor,40.9852704881631,45.250430098805325,7.200502104840562,79.52053427836833,15,19.063345281662702,36.30231068566429,76.0,63.99916315859906,0,0.0,80
40,1,AffectEV,85.0,Konfor,40.9852704881631,45.250430098805325,7.200502104840562,79.52053427836833,15,19.063345281662702,36.30231068566429,76.0,63.99916315859906,0,0.0,80
41,1,Dijkstra,,,15.652162516574279,51.76332857558467,3.8698571334116307,54.608904400213575,42,39.9479572865921,62.033542069043975,66.4,59.95023811098062,0,0.0,20
41,1,A*,,,17.08078712502626,41.95945188244399,3.923949014790022,65.35849217180873,26,30.471529204804128,62.50024533375018,66.4,59.86008497534997,0,0.0,20
41,1,NSGA-II,,Dengeli,17.08078712502626,41.95945188244399,3.923949014790022,65.35849217180873,26,30.471529204804128,62.50024533375018,66.4,59.86008497534997,0,0.0,20
41,1,AffectEV,15.0,Verimlilik,16.232949851386447,42.652372193927945,3.763354387881095,63.319932163273705,28,32.63325208355619,64.4504610582972,66.4,60.12774268686485,0,0.0,20
41,1,AffectEV,30.0,Dengeli,17.08078712502626,41.95945188244399,3.923949014790022,65.35849217180873,26,30.471529204804128,62.50024533375018,66.4,59.86008497534997,0,0.0,20
41,1,AffectEV,50.0,Dengeli,17.08078712502626,41.95945188244399,3.923949014790022,65.35849217180873,26,30.471529204804128,62.50024533375018,66.4,59.86008497534997,0,0.0,20
41,1,AffectEV,65.0,Dengeli,17.08078712502626,41.95945188244399,3.923949014790022,65.35849217180873,26,30.471529204804128,62.50024533375018,66.4,59.86008497534997,0,0.0,20
41,1,AffectEV,85.0,Konfor,17.727858933144145,45.11442173429595,4.176502856966302,65.81587860635742,26,30.110437236374782,60.754951113650705,66.4,59.43916190505617,0,0.0,20
42,1,Dijkstra,,,23.44933666717482,49.028719608555214,5.0175993128384,65.75539705869926,35,28.73839878927466,40.61541652259169,67.7,59.33733447860267,0,0.0,43
42,1,A*,,,28.170456623690193,40.12056187269821,5.392052185915397,76.18040915046907,22,19.897788667956164,34.25127124572036,67.7,58.71324635680767,0,0.0,43
42,1,NSGA-II,,Dengeli,25.2473721497051,40.30840078428849,5.068301916856007,76.5882173902167,17,20.03047999259219,44.513193060028264,67.7,59.25283013857332,0,0.0,43
42,1,AffectEV,15.0,Dengeli,25.2473721497051,40.30840078428849,5.068301916856007,76.5882173902167,17,20.03047999259219,44.513193060028264,67.7,59.25283013857332,0,0.0,43
42,1,AffectEV,30.0,Dengeli,25.2473721497051,40.30840078428849,5.068301916856007,76.5882173902167,17,20.03047999259219,44.513193060028264,67.7,59.25283013857332,0,0.0,43
42,1,AffectEV,50.0,Dengeli,25.2473721497051,40.30840078428849,5.068301916856007,76.5882173902167,17,20.03047999259219,44.513193060028264,67.7,59.25283013857332,0,0.0,43
42,1,AffectEV,65.0,Konfor,28.50943102683094,44.38168321424659,5.693381976456172,78.85881154896455,16,18.177038336172416,38.440384750918646,67.7,58.211030039239716,0,0.0,43
42,1,AffectEV,85.0,Konfor,28.50943102683094,44.38168321424659,5.693381976456172,78.85881154896455,16,18.177038336172416,38.440384750918646,67.7,58.211030039239716,0,0.0,43
43,1,Dijkstra,,,15.080656660003548,30.031835078117094,3.1927117988907785,74.54963904998124,20,18.952065457703164,48.823706563539105,69.3,63.978813668515365,0,0.0,4
43,1,A*,,,15.126886171659022,29.186733200284856,3.155038688635082,74.5537211874359,20,18.971185377071745,48.77461599721289,69.3,64.0416021856082,0,0.0,4
43,1,NSGA-II,,Dengeli,15.126886171659022,29.186733200284856,3.155038688635082,74.5537211874359,20,18.971185377071745,48.77461599721289,69.3,64.0416021856082,0,0.0,4
43,1,AffectEV,15.0,Verimlilik,15.087481534729015,29.18829228149347,3.1482673366442753,74.4783599442471,20,19.04490775270601,49.040838649705485,69.3,64.05288777225954,0,0.0,4
43,1,AffectEV,30.0,Dengeli,15.126886171659022,29.186733200284856,3.155038688635082,74.5537211874359,20,18.971185377071745,48.77461599721289,69.3,64.0416021856082,0,0.0,4
43,1,AffectEV,50.0,Dengeli,15.126886171659022,29.186733200284856,3.155038688635082,74.5537211874359,20,18.971185377071745,48.77461599721289,69.3,64.0416021856082,0,0.0,4
43,1,AffectEV,65.0,Konfor,15.124263710180378,29.811686991908953,3.1877896053640917,74.6934952537813,20,18.802321962050918,48.32904078801716,69.3,63.98701732439318,0,0.0,4
43,1,AffectEV,85.0,Konfor,15.124263710180378,29.811686991908953,3.1877896053640917,74.6934952537813,20,18.802321962050918,48.32904078801716,69.3,63.98701732439318,0,0.0,4
44,1,Dijkstra,,,12.448359452641155,41.09910303268907,2.974186638062352,55.96808845553392,41,36.90434984634107,62.303032952818775,70.1,65.14302226989608,0,0.0,10
44,1,A*,,,12.636568951763449,34.88526195517022,2.931109006207011,63.6317386730601,29,30.04953763695826,64.26700017926213,70.1,65.21481832298831,0,0.0,10
44,1,NSGA-II,,Dengeli,12.636568951763449,34.88526195517022,2.931109006207011,63.6317386730601,29,30.04953763695826,64.26700017926213,70.1,65.21481832298831,0,0.0,10
44,1,AffectEV,15.0,Dengeli,12.636568951763449,34.88526195517022,2.931109006207011,63.6317386730601,29,30.04953763695826,64.26700017926213,70.1,65.21481832298831,0,0.0,10
44,1,AffectEV,30.0,Dengeli,12.636568951763449,34.88526195517022,2.931109006207011,63.6317386730601,29,30.04953763695826,64.26700017926213,70.1,65.21481832298831,0,0.0,10
44,1,AffectEV,50.0,Dengeli,12.636568951763449,34.88526195517022,2.931109006207011,63.6317386730601,29,30.04953763695826,64.26700017926213,70.1,65.21481832298831,0,0.0,10
44,1,AffectEV,65.0,Konfor,15.36748642406191,36.807755481251306,3.477659987772306,65.67966620320185,26,29.046203730448383,63.032363388318174,70.1,64.30390002037949,0,0.0,10
44,1,AffectEV,85.0,Konfor,15.36748642406191,36.807755481251306,3.477659987772306,65.67966620320185,26,29.046203730448383,63.032363388318174,70.1,64.30390002037949,0,0.0,10
45,1,Dijkstra,,,25.56201805383672,65.37608826799136,5.813071223877692,48.69441658267177,49,50.659942056987425,58.03800400116,46.8,37.11154796020384,0,0.0,32
45,1,A*,,,44.27868376405925,45.19348090126707,7.495452748165151,80.7435140992329,11,20.278571747136155,38.364571883131276,46.8,34.30757875305808,0,0.0,32
45,1,NSGA-II,,Dengeli,44.27868376405925,45.19348090126707,7.495452748165151,80.7435140992329,11,20.278571747136155,38.364571883131276,46.8,34.30757875305808,0,0.0,32
45,1,AffectEV,15.0,Dengeli,44.27868376405925,45.19348090126707,7.495452748165151,80.7435140992329,11,20.278571747136155,38.364571883131276,46.8,34.30757875305808,0,0.0,32
45,1,AffectEV,30.0,Dengeli,44.27868376405925,45.19348090126707,7.495452748165151,80.7435140992329,11,20.278571747136155,38.364571883131276,46.8,34.30757875305808,0,0.0,32
45,1,AffectEV,50.0,Dengeli,44.27868376405925,45.19348090126707,7.495452748165151,80.7435140992329,11,20.278571747136155,38.364571883131276,46.8,34.30757875305808,0,0.0,32
45,1,AffectEV,65.0,Dengeli,44.27868376405925,45.19348090126707,7.495452748165151,80.7435140992329,11,20.278571747136155,38.364571883131276,46.8,34.30757875305808,0,0.0,32
45,1,AffectEV,85.0,Dengeli,44.27868376405925,45.19348090126707,7.495452748165151,80.7435140992329,11,20.278571747136155,38.364571883131276,46.8,34.30757875305808,0,0.0,32
46,1,Dijkstra,,,14.765837459808974,40.749659816575594,3.3888646730935905,62.03683332809659,34,31.622580799819836,57.381962159787264,63.3,57.65189221151068,0,0.0,20
46,1,A*,,,15.348897599347689,30.195315407821443,3.183781462717272,70.71017196177635,20,24.203727108347493,60.14354952859695,63.3,57.993697562137875,0,0.0,20
46,1,NSGA-II,,Dengeli,15.24322381918536,30.59900789446753,3.223336448516508,71.4758002177017,19,23.41203133077569,60.00295191532793,63.3,57.92777258580582,0,0.0,20
46,1,AffectEV,15.0,Verimlilik,15.348897599347689,30.195315407821443,3.183781462717272,70.71017196177635,20,24.203727108347493,60.14354952859695,63.3,57.993697562137875,0,0.0,20
46,1,AffectEV,30.0,Dengeli,15.24322381918536,30.59900789446753,3.223336448516508,71.4758002177017,19,23.41203133077569,60.00295191532793,63.3,57.92777258580582,0,0.0,20
46,1,AffectEV,50.0,Dengeli,15.24322381918536,30.59900789446753,3.223336448516508,71.4758002177017,19,23.41203133077569,60.00295191532793,63.3,57.92777258580582,0,0.0,20
46,1,AffectEV,65.0,Konfor,19.246019540082752,37.25252647134953,4.1061984691939495,73.85392871796435,16,22.777601906129004,56.56395355098476,63.3,56.45633588467675,0,0.0,20
46,1,AffectEV,85.0,Konfor,19.246019540082752,37.25252647134953,4.1061984691939495,73.85392871796435,16,22.777601906129004,56.56395355098476,63.3,56.45633588467675,0,0.0,20
47,1,Dijkstra,,,19.20224016298778,51.163390624720215,4.426138394636466,59.51476623414257,39,35.40119813614879,51.824371625063975,61.0,53.62310267560589,0,0.0,26
47,1,A*,,,22.141964128089864,40.25151167147213,4.495795375526669,69.00730431577927,27,26.6093435732186,47.54946306127575,61.0,53.50700770745555,0,0.0,26
47,1,NSGA-II,,Dengeli,22.141964128089864,40.25151167147213,4.495795375526669,69.00730431577927,27,26.6093435732186,47.54946306127575,61.0,53.50700770745555,0,0.0,26
47,1,AffectEV,15.0,Dengeli,22.141964128089864,40.25151167147213,4.495795375526669,69.00730431577927,27,26.6093435732186,47.54946306127575,61.0,53.50700770745555,0,0.0,26
47,1,AffectEV,30.0,Dengeli,22.141964128089864,40.25151167147213,4.495795375526669,69.00730431577927,27,26.6093435732186,47.54946306127575,61.0,53.50700770745555,0,0.0,26
47,1,AffectEV,50.0,Dengeli,22.141964128089864,40.25151167147213,4.495795375526669,69.00730431577927,27,26.6093435732186,47.54946306127575,61.0,53.50700770745555,0,0.0,26
47,1,AffectEV,65.0,Konfor,36.626241206798014,46.56275182789372,6.743795855320571,78.70726646961498,17,19.3764804773017,34.89894693597251,61.0,49.76034024113238,0,0.0,26
47,1,AffectEV,85.0,Konfor,36.626241206798014,46.56275182789372,6.743795855320571,78.70726646961498,17,19.3764804773017,34.89894693597251,61.0,49.76034024113238,0,0.0,26
48,1,Dijkstra,,,18.664831703964754,46.63404460330631,4.335631358993233,66.4833607646668,35,26.203966829083075,40.77724593304143,49.1,41.87394773501128,0,0.0,35
48,1,A*,,,18.725096894536364,43.891652947571494,4.30547837373038,70.04374788616124,29,23.451716005236857,42.10368656133851,49.1,41.92420271044937,0,0.0,35
48,1,NSGA-II,,Dengeli,19.479137754372786,44.04117039149118,4.4372232731987005,71.1683781224977,26,23.11406523401973,44.48701153648186,49.1,41.70462787800217,0,0.0,35
48,1,AffectEV,15.0,Verimlilik,18.725096894536364,43.891652947571494,4.30547837373038,70.04374788616124,29,23.451716005236857,42.10368656133851,49.1,41.92420271044937,0,0.0,35
48,1,AffectEV,30.0,Dengeli,19.479137754372786,44.04117039149118,4.4372232731987005,71.1683781224977,26,23.11406523401973,44.48701153648186,49.1,41.70462787800217,0,0.0,35
48,1,AffectEV,50.0,Dengeli,19.479137754372786,44.04117039149118,4.4372232731987005,71.1683781224977,26,23.11406523401973,44.48701153648186,49.1,41.70462787800217,0,0.0,35
48,1,AffectEV,65.0,Konfor,30.07185291285307,54.33428357004477,6.455720099353064,77.56727244855958,17,19.642568511525308,40.19978498991419,49.1,38.340466501078225,0,0.0,35
48,1,AffectEV,85.0,Konfor,30.07185291285307,54.33428357004477,6.455720099353064,77.56727244855958,17,19.642568511525308,40.19978498991419,49.1,38.340466501078225,0,0.0,35
49,1,Dijkstra,,,22.65431248481913,67.41578874659324,5.291335531782003,39.001653727892446,74,50.656987420449205,44.006250229863944,58.4,49.58110744702999,0,0.0,5
49,1,A*,,,29.71921623353516,27.347115296266544,4.9475602704216675,86.65735129762743,7,10.882920616259366,32.88886258747381,58.4,50.15406621596389,0,0.0,5
49,1,NSGA-II,,Dengeli,29.71921623353516,27.347115296266544,4.9475602704216675,86.65735129762743,7,10.882920616259366,32.88886258747381,58.4,50.15406621596389,0,0.0,5
49,1,AffectEV,15.0,Dengeli,29.71921623353516,27.347115296266544,4.9475602704216675,86.65735129762743,7,10.882920616259366,32.88886258747381,58.4,50.15406621596389,0,0.0,5
49,1,AffectEV,30.0,Dengeli,29.71921623353516,27.347115296266544,4.9475602704216675,86.65735129762743,7,10.882920616259366,32.88886258747381,58.4,50.15406621596389,0,0.0,5
49,1,AffectEV,50.0,Dengeli,29.71921623353516,27.347115296266544,4.9475602704216675,86.65735129762743,7,10.882920616259366,32.88886258747381,58.4,50.15406621596389,0,0.0,5
49,1,AffectEV,65.0,Dengeli,29.71921623353516,27.347115296266544,4.9475602704216675,86.65735129762743,7,10.882920616259366,32.88886258747381,58.4,50.15406621596389,0,0.0,5
49,1,AffectEV,85.0,Dengeli,29.71921623353516,27.347115296266544,4.9475602704216675,86.65735129762743,7,10.882920616259366,32.88886258747381,58.4,50.15406621596389,0,0.0,5
50,1,Dijkstra,,,24.358114248074624,57.561017353658755,5.373822781568677,55.61740921796296,40,42.93943269899248,57.503804861696445,87.5,78.54362869738554,0,0.0,28
50,1,A*,,,25.987363111073186,44.497759789655944,5.250487658205252,67.71712004923182,27,29.27018738478515,50.009118676663185,87.5,78.74918723632459,0,0.0,28
50,1,NSGA-II,,Dengeli,25.96405678223682,44.78774911589336,5.280493389808704,69.08064341908918,25,28.061795462421244,50.00408971092221,87.5,78.69917768365215,0,0.0,28
50,1,AffectEV,15.0,Dengeli,25.96405678223682,44.78774911589336,5.280493389808704,69.08064341908918,25,28.061795462421244,50.00408971092221,87.5,78.69917768365215,0,0.0,28
50,1,AffectEV,30.0,Dengeli,25.96405678223682,44.78774911589336,5.280493389808704,69.08064341908918,25,28.061795462421244,50.00408971092221,87.5,78.69917768365215,0,0.0,28
50,1,AffectEV,50.0,Dengeli,25.96405678223682,44.78774911589336,5.280493389808704,69.08064341908918,25,28.061795462421244,50.00408971092221,87.5,78.69917768365215,0,0.0,28
50,1,AffectEV,65.0,Konfor,28.916044295984317,49.764344657882226,5.962380719911453,70.80393377557377,22,27.70370972602022,49.42476653310085,87.5,77.56269880014759,0,0.0,28
50,1,AffectEV,85.0,Konfor,28.916044295984317,49.764344657882226,5.962380719911453,70.80393377557377,22,27.70370972602022,49.42476653310085,87.5,77.56269880014759,0,0.0,28
1,2,Dijkstra,,,18.180626954473706,49.17150011381118,4.235965155592605,56.22276743434426,49,34.66119339778229,44.39437273160524,68.4,61.34005807401233,0,0.0,33
1,2,A*,,,24.477356109751526,31.485052713533474,4.547026098127729,82.49354582288208,13,13.519978394732735,34.75230329349049,68.4,60.821623169787124,0,0.0,33
1,2,NSGA-II,,Dengeli,24.477356109751526,31.485052713533474,4.547026098127729,82.49354582288208,13,13.519978394732735,34.75230329349049,68.4,60.821623169787124,0,0.0,33
1,2,AffectEV,15.0,Dengeli,24.477356109751526,31.485052713533474,4.547026098127729,82.49354582288208,13,13.519978394732735,34.75230329349049,68.4,60.821623169787124,0,0.0,33
1,2,AffectEV,30.0,Dengeli,24.477356109751526,31.485052713533474,4.547026098127729,82.49354582288208,13,13.519978394732735,34.75230329349049,68.4,60.821623169787124,0,0.0,33
1,2,AffectEV,50.0,Dengeli,24.477356109751526,31.485052713533474,4.547026098127729,82.49354582288208,13,13.519978394732735,34.75230329349049,68.4,60.821623169787124,0,0.0,33
1,2,AffectEV,65.0,Dengeli,24.477356109751526,31.485052713533474,4.547026098127729,82.49354582288208,13,13.519978394732735,34.75230329349049,68.4,60.821623169787124,0,0.0,33
1,2,AffectEV,85.0,Dengeli,24.477356109751526,31.485052713533474,4.547026098127729,82.49354582288208,13,13.519978394732735,34.75230329349049,68.4,60.821623169787124,0,0.0,33
2,2,Dijkstra,,,25.08490021637783,40.27515381929166,5.1000089388437475,73.88341012999808,20,22.451867330026033,46.905148354970564,52.2,43.69998510192709,0,0.0,13
2,2,A*,,,25.095392899664237,39.73764546502756,5.078735497781519,73.88344492163431,20,22.452739614757682,46.90366596969193,52.2,43.73544083703081,0,0.0,13
2,2,NSGA-II,,Verimlilik,25.095392899664237,39.73764546502756,5.078735497781519,73.88344492163431,20,22.452739614757682,46.90366596969193,52.2,43.73544083703081,0,0.0,13
2,2,AffectEV,15.0,Verimlilik,25.095392899664237,39.73764546502756,5.078735497781519,73.88344492163431,20,22.452739614757682,46.90366596969193,52.2,43.73544083703081,0,0.0,13
2,2,AffectEV,30.0,Verimlilik,25.095392899664237,39.73764546502756,5.078735497781519,73.88344492163431,20,22.452739614757682,46.90366596969193,52.2,43.73544083703081,0,0.0,13
2,2,AffectEV,50.0,Verimlilik,25.095392899664237,39.73764546502756,5.078735497781519,73.88344492163431,20,22.452739614757682,46.90366596969193,52.2,43.73544083703081,0,0.0,13
2,2,AffectEV,65.0,Konfor,28.595127752488725,43.533216094916185,5.7347832440977715,80.25057902862761,12,17.758125843874787,42.10991609104971,52.2,42.642027926503715,0,0.0,13
2,2,AffectEV,85.0,Konfor,28.595127752488725,43.533216094916185,5.7347832440977715,80.25057902862761,12,17.758125843874787,42.10991609104971,52.2,42.642027926503715,0,0.0,13
3,2,Dijkstra,,,10.944476773165217,34.910033028926115,2.625274186440024,63.93393955771749,34,27.62867549496821,53.88728896896026,77.4,73.02454302259997,0,0.0,35
3,2,A*,,,13.252739858344919,30.723651579654252,2.9483512369836684,70.57535526079599,22,22.934079409150026,57.72210458229505,77.4,72.48608127169389,0,0.0,35
3,2,NSGA-II,,Dengeli,13.65413549306303,30.77920928310991,3.0014461279262634,71.28290528270563,21,22.52861557336593,57.29255022642297,77.4,72.39758978678957,0,0.0,35
3,2,AffectEV,15.0,Dengeli,13.65413549306303,30.77920928310991,3.0014461279262634,71.28290528270563,21,22.52861557336593,57.29255022642297,77.4,72.39758978678957,0,0.0,35
3,2,AffectEV,30.0,Dengeli,13.65413549306303,30.77920928310991,3.0014461279262634,71.28290528270563,21,22.52861557336593,57.29255022642297,77.4,72.39758978678957,0,0.0,35
3,2,AffectEV,50.0,Dengeli,13.65413549306303,30.77920928310991,3.0014461279262634,71.28290528270563,21,22.52861557336593,57.29255022642297,77.4,72.39758978678957,0,0.0,35
3,2,AffectEV,65.0,Dengeli,13.65413549306303,30.77920928310991,3.0014461279262634,71.28290528270563,21,22.52861557336593,57.29255022642297,77.4,72.39758978678957,0,0.0,35
3,2,AffectEV,85.0,Dengeli,13.65413549306303,30.77920928310991,3.0014461279262634,71.28290528270563,21,22.52861557336593,57.29255022642297,77.4,72.39758978678957,0,0.0,35
4,2,Dijkstra,,,20.388666386118903,40.17124796247661,4.43575206319307,75.55475065213705,15,20.984155882462765,53.250012915620665,40.6,33.207079894678216,0,0.0,43
4,2,A*,,,20.703567244736718,38.94498622938847,4.374053573858898,74.36000929097393,17,22.184423486990376,52.42331831464474,40.6,33.30991071023517,0,0.0,43
4,2,NSGA-II,,Dengeli,20.388666386118903,40.17124796247661,4.43575206319307,75.55475065213705,15,20.984155882462765,53.250012915620665,40.6,33.207079894678216,0,0.0,43
4,2,AffectEV,15.0,Verimlilik,20.70766409191689,38.95431086364611,4.369948407042723,74.3605706413971,17,22.190646465616588,52.411177094589576,40.6,33.3167526549288,0,0.0,43
4,2,AffectEV,30.0,Verimlilik,20.70766409191689,38.95431086364611,4.369948407042723,74.3605706413971,17,22.190646465616588,52.411177094589576,40.6,33.3167526549288,0,0.0,43
4,2,AffectEV,50.0,Dengeli,20.388666386118903,40.17124796247661,4.43575206319307,75.55475065213705,15,20.984155882462765,53.250012915620665,40.6,33.207079894678216,0,0.0,43
4,2,AffectEV,65.0,Konfor,38.27935488651465,47.91684780341825,7.06082738149364,80.81600276441822,13,18.346568380565053,35.900133607061356,40.6,28.831954364177268,0,0.0,43
4,2,AffectEV,85.0,Konfor,38.27935488651465,47.91684780341825,7.06082738149364,80.81600276441822,13,18.346568380565053,35.900133607061356,40.6,28.831954364177268,0,0.0,43
5,2,Dijkstra,,,16.803270107900584,55.717942550578556,4.115386149842928,51.95286422370208,50,40.859419169431895,53.94655012734178,47.9,41.04102308359512,0,0.0,23
5,2,A*,,,18.36304520658593,40.469635035753036,4.136001031275339,72.26121594848149,17,24.370872982159426,59.637610784353434,47.9,41.006664947874434,0,0.0,23
5,2,NSGA-II,,Dengeli,18.192093990027015,40.736245871038186,4.117578793424197,71.82110666844476,18,24.56630647155793,59.04500695043933,47.9,41.03736867762633,0,0.0,23
5,2,AffectEV,15.0,Dengeli,18.192093990027015,40.736245871038186,4.117578793424197,71.82110666844476,18,24.56630647155793,59.04500695043933,47.9,41.03736867762633,0,0.0,23
5,2,AffectEV,30.0,Dengeli,18.192093990027015,40.736245871038186,4.117578793424197,71.82110666844476,18,24.56630647155793,59.04500695043933,47.9,41.03736867762633,0,0.0,23
5,2,AffectEV,50.0,Dengeli,18.192093990027015,40.736245871038186,4.117578793424197,71.82110666844476,18,24.56630647155793,59.04500695043933,47.9,41.03736867762633,0,0.0,23
5,2,AffectEV,65.0,Dengeli,18.192093990027015,40.736245871038186,4.117578793424197,71.82110666844476,18,24.56630647155793,59.04500695043933,47.9,41.03736867762633,0,0.0,23
5,2,AffectEV,85.0,Dengeli,18.192093990027015,40.736245871038186,4.117578793424197,71.82110666844476,18,24.56630647155793,59.04500695043933,47.9,41.03736867762633,0,0.0,23
6,2,Dijkstra,,,15.816035757029267,41.518136299400524,3.624698959161309,61.427458389744864,43,29.110520854819494,41.69692676904644,75.2,69.15883506806449,0,0.0,23
6,2,A*,,,18.215126973940517,34.96978373166243,3.8389597010565146,75.15372400616523,24,18.09026581537532,37.09598124611085,75.2,68.80173383157248,0,0.0,23
6,2,NSGA-II,,Dengeli,18.215126973940517,34.96978373166243,3.8389597010565146,75.15372400616523,24,18.09026581537532,37.09598124611085,75.2,68.80173383157248,0,0.0,23
6,2,AffectEV,15.0,Dengeli,18.215126973940517,34.96978373166243,3.8389597010565146,75.15372400616523,24,18.09026581537532,37.09598124611085,75.2,68.80173383157248,0,0.0,23
6,2,AffectEV,30.0,Dengeli,18.215126973940517,34.96978373166243,3.8389597010565146,75.15372400616523,24,18.09026581537532,37.09598124611085,75.2,68.80173383157248,0,0.0,23
6,2,AffectEV,50.0,Dengeli,18.215126973940517,34.96978373166243,3.8389597010565146,75.15372400616523,24,18.09026581537532,37.09598124611085,75.2,68.80173383157248,0,0.0,23
6,2,AffectEV,65.0,Dengeli,18.215126973940517,34.96978373166243,3.8389597010565146,75.15372400616523,24,18.09026581537532,37.09598124611085,75.2,68.80173383157248,0,0.0,23
6,2,AffectEV,85.0,Dengeli,18.215126973940517,34.96978373166243,3.8389597010565146,75.15372400616523,24,18.09026581537532,37.09598124611085,75.2,68.80173383157248,0,0.0,23
7,2,Dijkstra,,,30.54779619598615,66.01396553568607,6.59683727863422,52.195112981131786,44,48.247746778189644,56.6528149270566,79.6,68.6052712022763,0,0.0,33
7,2,A*,,,51.013162304889725,43.460756228634686,8.338486890231326,84.70126070217026,8,15.763973123768107,32.84773680349656,79.6,65.70252184961444,0,0.0,33
7,2,NSGA-II,,Dengeli,51.013162304889725,43.460756228634686,8.338486890231326,84.70126070217026,8,15.763973123768107,32.84773680349656,79.6,65.70252184961444,0,0.0,33
7,2,AffectEV,15.0,Dengeli,51.013162304889725,43.460756228634686,8.338486890231326,84.70126070217026,8,15.763973123768107,32.84773680349656,79.6,65.70252184961444,0,0.0,33
7,2,AffectEV,30.0,Dengeli,51.013162304889725,43.460756228634686,8.338486890231326,84.70126070217026,8,15.763973123768107,32.84773680349656,79.6,65.70252184961444,0,0.0,33
7,2,AffectEV,50.0,Dengeli,51.013162304889725,43.460756228634686,8.338486890231326,84.70126070217026,8,15.763973123768107,32.84773680349656,79.6,65.70252184961444,0,0.0,33
7,2,AffectEV,65.0,Dengeli,51.013162304889725,43.460756228634686,8.338486890231326,84.70126070217026,8,15.763973123768107,32.84773680349656,79.6,65.70252184961444,0,0.0,33
7,2,AffectEV,85.0,Dengeli,51.013162304889725,43.460756228634686,8.338486890231326,84.70126070217026,8,15.763973123768107,32.84773680349656,79.6,65.70252184961444,0,0.0,33
8,2,Dijkstra,,,25.23747109975654,62.06602634079266,5.871868669219655,60.18494074324334,45,32.90086622767683,37.22399694226806,43.6,33.81355221796724,0,0.0,15
8,2,A*,,,25.940147452243348,58.55136276247722,5.925820738018686,64.13857361906,38,30.027020948726943,39.26660048160959,43.6,33.723632103302194,0,0.0,15
8,2,NSGA-II,,Dengeli,26.030184254290702,58.63666370324501,5.948738024472204,64.64609871782045,37,29.856871444512343,39.484199244129215,43.6,33.68543662587966,0,0.0,15
8,2,AffectEV,15.0,Dengeli,26.030184254290702,58.63666370324501,5.948738024472204,64.64609871782045,37,29.856871444512343,39.484199244129215,43.6,33.68543662587966,0,0.0,15
8,2,AffectEV,30.0,Dengeli,26.030184254290702,58.63666370324501,5.948738024472204,64.64609871782045,37,29.856871444512343,39.484199244129215,43.6,33.68543662587966,0,0.0,15
8,2,AffectEV,50.0,Dengeli,26.030184254290702,58.63666370324501,5.948738024472204,64.64609871782045,37,29.856871444512343,39.484199244129215,43.6,33.68543662587966,0,0.0,15
8,2,AffectEV,65.0,Konfor,28.466761869562035,63.782266302811436,6.5828315700083415,67.33591847223303,31,29.194217364624528,42.029081591898056,43.6,32.6286140499861,0,0.0,15
8,2,AffectEV,85.0,Konfor,28.466761869562035,63.782266302811436,6.5828315700083415,67.33591847223303,31,29.194217364624528,42.029081591898056,43.6,32.6286140499861,0,0.0,15
9,2,Dijkstra,,,17.935784581718238,43.23889756625756,3.9698307274700877,61.13190829011644,38,32.19436044936189,51.048917875374954,55.9,49.283615454216516,0,0.0,5
9,2,A*,,,26.11055217719768,29.09624874757937,4.589740301247665,82.91602821373488,13,13.141841401501397,33.20709682907354,55.9,48.25043283125389,0,0.0,5
9,2,NSGA-II,,Dengeli,25.90471328614617,29.120508686568982,4.5602979368185474,83.21515133165235,12,13.310259340417142,33.95885433111255,55.9,48.29950343863575,0,0.0,5
9,2,AffectEV,15.0,Dengeli,25.90471328614617,29.120508686568982,4.5602979368185474,83.21515133165235,12,13.310259340417142,33.95885433111255,55.9,48.29950343863575,0,0.0,5
9,2,AffectEV,30.0,Dengeli,25.90471328614617,29.120508686568982,4.5602979368185474,83.21515133165235,12,13.310259340417142,33.95885433111255,55.9,48.29950343863575,0,0.0,5
9,2,AffectEV,50.0,Dengeli,25.90471328614617,29.120508686568982,4.5602979368185474,83.21515133165235,12,13.310259340417142,33.95885433111255,55.9,48.29950343863575,0,0.0,5
9,2,AffectEV,65.0,Dengeli,25.90471328614617,29.120508686568982,4.5602979368185474,83.21515133165235,12,13.310259340417142,33.95885433111255,55.9,48.29950343863575,0,0.0,5
9,2,AffectEV,85.0,Dengeli,25.90471328614617,29.120508686568982,4.5602979368185474,83.21515133165235,12,13.310259340417142,33.95885433111255,55.9,48.29950343863575,0,0.0,5
10,2,Dijkstra,,,26.29086706365498,43.97821207200116,5.481340169928689,77.82148938487074,12,20.979480154933636,49.4233328432458,56.9,47.76443305011885,0,0.0,16
10,2,A*,,,40.03248737154875,34.596568607671614,6.716425426575101,87.8873903744038,5,11.688758945702567,30.529909709427198,56.9,45.70595762237483,0,0.0,16
10,2,NSGA-II,,Dengeli,40.03248737154875,34.596568607671614,6.716425426575101,87.8873903744038,5,11.688758945702567,30.529909709427198,56.9,45.70595762237483,0,0.0,16
10,2,AffectEV,15.0,Verimlilik,26.29523323733128,41.93061531402178,5.3722707387020066,77.81156598519838,12,21.026129282202824,49.40297615070382,56.9,47.946215435496654,0,0.0,16
10,2,AffectEV,30.0,Dengeli,40.03248737154875,34.596568607671614,6.716425426575101,87.8873903744038,5,11.688758945702567,30.529909709427198,56.9,45.70595762237483,0,0.0,16
10,2,AffectEV,50.0,Dengeli,40.03248737154875,34.596568607671614,6.716425426575101,87.8873903744038,5,11.688758945702567,30.529909709427198,56.9,45.70595762237483,0,0.0,16
10,2,AffectEV,65.0,Dengeli,40.03248737154875,34.596568607671614,6.716425426575101,87.8873903744038,5,11.688758945702567,30.529909709427198,56.9,45.70595762237483,0,0.0,16
10,2,AffectEV,85.0,Dengeli,40.03248737154875,34.596568607671614,6.716425426575101,87.8873903744038,5,11.688758945702567,30.529909709427198,56.9,45.70595762237483,0,0.0,16
11,2,Dijkstra,,,21.66993991746172,58.99597916325649,5.092193614020976,55.814129602678655,38,42.69155508101395,61.89201936508579,65.7,57.213010643298375,0,0.0,17
11,2,A*,,,22.67278234302799,53.087153826978984,5.223150750175321,64.60977770055038,26,34.17453190129004,60.68931364531302,65.7,56.9947487497078,0,0.0,17
11,2,NSGA-II,,Dengeli,22.67278234302799,53.087153826978984,5.223150750175321,64.60977770055038,26,34.17453190129004,60.68931364531302,65.7,56.9947487497078,0,0.0,17
11,2,AffectEV,15.0,Dengeli,22.67278234302799,53.087153826978984,5.223150750175321,64.60977770055038,26,34.17453190129004,60.68931364531302,65.7,56.9947487497078,0,0.0,17
11,2,AffectEV,30.0,Dengeli,22.67278234302799,53.087153826978984,5.223150750175321,64.60977770055038,26,34.17453190129004,60.68931364531302,65.7,56.9947487497078,0,0.0,17
11,2,AffectEV,50.0,Dengeli,22.67278234302799,53.087153826978984,5.223150750175321,64.60977770055038,26,34.17453190129004,60.68931364531302,65.7,56.9947487497078,0,0.0,17
11,2,AffectEV,65.0,Dengeli,22.67278234302799,53.087153826978984,5.223150750175321,64.60977770055038,26,34.17453190129004,60.68931364531302,65.7,56.9947487497078,0,0.0,17
11,2,AffectEV,85.0,Dengeli,22.67278234302799,53.087153826978984,5.223150750175321,64.60977770055038,26,34.17453190129004,60.68931364531302,65.7,56.9947487497078,0,0.0,17
12,2,Dijkstra,,,23.210046865366078,67.14374473628168,5.532220725009164,50.36601023036196,50,46.574130081127635,53.30875372649874,42.6,33.379632124984724,0,0.0,100
12,2,A*,,,39.42218246509518,51.36312934978043,7.247585635986606,73.87981983502627,23,23.9670886481451,37.15026785265101,42.6,30.52069060668899,0,0.0,100
12,2,NSGA-II,,Dengeli,39.51221926714254,51.44843029054823,7.270502922440125,74.40122988565196,22,23.7969391439305,37.29844185584449,42.6,30.48249512926646,0,0.0,100
12,2,AffectEV,15.0,Verimlilik,24.056444229175934,56.44699018014772,5.421423973159863,59.625508622001874,36,38.447892291265404,54.20061845309251,42.6,33.56429337806689,0,0.0,100
12,2,AffectEV,30.0,Dengeli,39.51221926714254,51.44843029054823,7.270502922440125,74.40122988565196,22,23.7969391439305,37.29844185584449,42.6,30.48249512926646,0,0.0,100
12,2,AffectEV,50.0,Dengeli,39.51221926714254,51.44843029054823,7.270502922440125,74.40122988565196,22,23.7969391439305,37.29844185584449,42.6,30.48249512926646,0,0.0,100
12,2,AffectEV,65.0,Dengeli,39.51221926714254,51.44843029054823,7.270502922440125,74.40122988565196,22,23.7969391439305,37.29844185584449,42.6,30.48249512926646,0,0.0,100
12,2,AffectEV,85.0,Dengeli,39.51221926714254,51.44843029054823,7.270502922440125,74.40122988565196,22,23.7969391439305,37.29844185584449,42.6,30.48249512926646,0,0.0,100
13,2,Dijkstra,,,17.365727681979003,49.53523780274358,4.211162323928597,60.12595592078536,37,33.29445649069379,56.92853566003252,77.8,70.78139612678567,0,0.0,100
13,2,A*,,,18.684053779311363,46.22947289750079,4.371867813838991,66.58210883316721,28,27.93911469128357,55.18078379723856,77.8,70.51355364360168,0,0.0,100
13,2,NSGA-II,,Dengeli,18.724517177275636,46.24198599027976,4.377969396197835,66.66276903376567,28,27.8595609465016,54.89681341141922,77.8,70.50338433967028,0,0.0,100
13,2,AffectEV,15.0,Dengeli,18.724517177275636,46.24198599027976,4.377969396197835,66.66276903376567,28,27.8595609465016,54.89681341141922,77.8,70.50338433967028,0,0.0,100
13,2,AffectEV,30.0,Dengeli,18.724517177275636,46.24198599027976,4.377969396197835,66.66276903376567,28,27.8595609465016,54.89681341141922,77.8,70.50338433967028,0,0.0,100
13,2,AffectEV,50.0,Dengeli,18.724517177275636,46.24198599027976,4.377969396197835,66.66276903376567,28,27.8595609465016,54.89681341141922,77.8,70.50338433967028,0,0.0,100
13,2,AffectEV,65.0,Konfor,42.43838956155559,50.46508943591354,7.7221667979498125,79.8527971828436,16,18.672128343753762,32.72782157015134,77.8,64.92972200341697,0,0.0,100
13,2,AffectEV,85.0,Konfor,42.43838956155559,50.46508943591354,7.7221667979498125,79.8527971828436,16,18.672128343753762,32.72782157015134,77.8,64.92972200341697,0,0.0,100
14,2,Dijkstra,,,23.12440075830618,50.030281414138784,5.005311120995482,62.63622161401748,28,36.841360434929285,61.556851277518675,63.8,55.45781479834086,0,0.0,7
14,2,A*,,,24.073160375945697,43.05439091983735,5.064713535070357,71.40630170544961,15,29.081506544149928,61.84623165652707,63.8,55.358810774882734,0,0.0,7
14,2,NSGA-II,,Dengeli,24.073160375945697,43.05439091983735,5.064713535070357,71.40630170544961,15,29.081506544149928,61.84623165652707,63.8,55.358810774882734,0,0.0,7
14,2,AffectEV,15.0,Dengeli,24.073160375945697,43.05439091983735,5.064713535070357,71.40630170544961,15,29.081506544149928,61.84623165652707,63.8,55.358810774882734,0,0.0,7
14,2,AffectEV,30.0,Dengeli,24.073160375945697,43.05439091983735,5.064713535070357,71.40630170544961,15,29.081506544149928,61.84623165652707,63.8,55.358810774882734,0,0.0,7
14,2,AffectEV,50.0,Dengeli,24.073160375945697,43.05439091983735,5.064713535070357,71.40630170544961,15,29.081506544149928,61.84623165652707,63.8,55.358810774882734,0,0.0,7
14,2,AffectEV,65.0,Dengeli,24.073160375945697,43.05439091983735,5.064713535070357,71.40630170544961,15,29.081506544149928,61.84623165652707,63.8,55.358810774882734,0,0.0,7
14,2,AffectEV,85.0,Konfor,25.141127940417427,45.67980409671053,5.343478159506359,72.7299092431277,13,28.389283347129272,61.26652876366764,63.8,54.8942030674894,0,0.0,7
15,2,Dijkstra,,,20.62345860912918,50.127839225227824,4.80971299224034,64.48910705761297,31,31.074419015457146,53.44283618874943,84.0,75.98381167959943,0,0.0,15
15,2,A*,,,37.095179140401015,44.7919758658562,6.6150721891449775,73.92350055271493,23,24.97931990623296,35.41351737707594,84.0,72.97487968475838,0,0.0,15
15,2,NSGA-II,,Dengeli,37.41131862072162,45.18962053772577,6.730552541742544,76.14947880289459,19,23.648540623984342,36.27979504955055,84.0,72.78241243042909,0,0.0,15
15,2,AffectEV,15.0,Verimlilik,20.62345860912918,50.127839225227824,4.80971299224034,64.48910705761297,31,31.074419015457146,53.44283618874943,84.0,75.98381167959943,0,0.0,15
15,2,AffectEV,30.0,Dengeli,37.41131862072162,45.18962053772577,6.730552541742544,76.14947880289459,19,23.648540623984342,36.27979504955055,84.0,72.78241243042909,0,0.0,15
15,2,AffectEV,50.0,Dengeli,37.41131862072162,45.18962053772577,6.730552541742544,76.14947880289459,19,23.648540623984342,36.27979504955055,84.0,72.78241243042909,0,0.0,15
15,2,AffectEV,65.0,Dengeli,37.41131862072162,45.18962053772577,6.730552541742544,76.14947880289459,19,23.648540623984342,36.27979504955055,84.0,72.78241243042909,0,0.0,15
15,2,AffectEV,85.0,Dengeli,37.41131862072162,45.18962053772577,6.730552541742544,76.14947880289459,19,23.648540623984342,36.27979504955055,84.0,72.78241243042909,0,0.0,15
16,2,Dijkstra,,,24.536024349497236,47.174883168124346,5.237942412869202,66.61705449711316,27,30.97845626412917,52.94704311824046,71.8,63.07009597855133,0,0.0,15
16,2,A*,,,24.538277237744452,44.0659767186672,5.1369527223845175,68.7816932915589,24,28.977927449619337,52.62464236777653,71.8,63.23841212935913,0,0.0,15
16,2,NSGA-II,,Dengeli,24.551871341446528,44.322475175612944,5.148507975923713,69.05745210273088,24,28.455610501768994,52.0293237336921,71.8,63.21915337346048,0,0.0,15
16,2,AffectEV,15.0,Verimlilik,24.538277237744452,44.0659767186672,5.1369527223845175,68.7816932915589,24,28.977927449619337,52.62464236777653,71.8,63.23841212935913,0,0.0,15
16,2,AffectEV,30.0,Dengeli,24.551871341446528,44.322475175612944,5.148507975923713,69.05745210273088,24,28.455610501768994,52.0293237336921,71.8,63.21915337346048,0,0.0,15
16,2,AffectEV,50.0,Dengeli,24.551871341446528,44.322475175612944,5.148507975923713,69.05745210273088,24,28.455610501768994,52.0293237336921,71.8,63.21915337346048,0,0.0,15
16,2,AffectEV,65.0,Konfor,24.576510505709575,46.87688036978003,5.273020749693856,69.19835945494663,24,28.26078208553263,51.61702959696788,71.8,63.01163208384357,0,0.0,15
16,2,AffectEV,85.0,Konfor,24.576510505709575,46.87688036978003,5.273020749693856,69.19835945494663,24,28.26078208553263,51.61702959696788,71.8,63.01163208384357,0,0.0,15
17,2,Dijkstra,,,17.48013166005094,36.587760590299304,3.7912727177699783,71.15150982006645,22,23.98906200462694,53.25885789272733,72.1,65.78121213705003,0,0.0,28
17,2,A*,,,17.48038052525706,35.37184115720451,3.7512884875411663,71.73552688526107,21,23.500607755783797,53.57145394001896,72.1,65.84785252076472,0,0.0,28
17,2,NSGA-II,,Verimlilik,17.48038052525706,35.37184115720451,3.7512884875411663,71.73552688526107,21,23.500607755783797,53.57145394001896,72.1,65.84785252076472,0,0.0,28
17,2,AffectEV,15.0,Verimlilik,17.48038052525706,35.37184115720451,3.7512884875411663,71.73552688526107,21,23.500607755783797,53.57145394001896,72.1,65.84785252076472,0,0.0,28
17,2,AffectEV,30.0,Verimlilik,17.48038052525706,35.37184115720451,3.7512884875411663,71.73552688526107,21,23.500607755783797,53.57145394001896,72.1,65.84785252076472,0,0.0,28
17,2,AffectEV,50.0,Konfor,24.931021785727655,41.49472809156099,5.077030746082629,77.7973130236721,15,19.538228640689372,44.20609192060544,72.1,63.63828208986228,0,0.0,28
17,2,AffectEV,65.0,Konfor,24.931021785727655,41.49472809156099,5.077030746082629,77.7973130236721,15,19.538228640689372,44.20609192060544,72.1,63.63828208986228,0,0.0,28
17,2,AffectEV,85.0,Konfor,24.931021785727655,41.49472809156099,5.077030746082629,77.7973130236721,15,19.538228640689372,44.20609192060544,72.1,63.63828208986228,0,0.0,28
18,2,Dijkstra,,,17.47460100191027,23.260172403859634,3.1965649110558507,84.50194735037917,12,10.512322463927367,31.72177955221307,59.6,54.27239181490692,0,0.0,6
18,2,A*,,,17.702903599446085,21.827047564771064,3.2354692911463006,87.66203851056491,7,7.846589836892523,32.41992269183664,59.6,54.207551181422836,0,0.0,6
18,2,NSGA-II,,Dengeli,17.702903599446085,21.827047564771064,3.2354692911463006,87.66203851056491,7,7.846589836892523,32.41992269183664,59.6,54.207551181422836,0,0.0,6
18,2,AffectEV,15.0,Dengeli,17.702903599446085,21.827047564771064,3.2354692911463006,87.66203851056491,7,7.846589836892523,32.41992269183664,59.6,54.207551181422836,0,0.0,6
18,2,AffectEV,30.0,Dengeli,17.702903599446085,21.827047564771064,3.2354692911463006,87.66203851056491,7,7.846589836892523,32.41992269183664,59.6,54.207551181422836,0,0.0,6
18,2,AffectEV,50.0,Dengeli,17.702903599446085,21.827047564771064,3.2354692911463006,87.66203851056491,7,7.846589836892523,32.41992269183664,59.6,54.207551181422836,0,0.0,6
18,2,AffectEV,65.0,Dengeli,17.702903599446085,21.827047564771064,3.2354692911463006,87.66203851056491,7,7.846589836892523,32.41992269183664,59.6,54.207551181422836,0,0.0,6
18,2,AffectEV,85.0,Dengeli,17.702903599446085,21.827047564771064,3.2354692911463006,87.66203851056491,7,7.846589836892523,32.41992269183664,59.6,54.207551181422836,0,0.0,6
19,2,Dijkstra,,,18.10643454076064,53.9292509005993,4.2588205879148315,52.81306905126172,47,41.77917831845046,55.7658872660157,73.9,66.80196568680861,0,0.0,32
19,2,A*,,,25.263487683094915,40.18735256399834,4.867630060136206,73.39128734708271,20,24.670673305183264,46.03755330681155,73.9,65.78728323310634,0,0.0,32
19,2,NSGA-II,,Dengeli,25.646394389505836,40.23680345580264,4.909778668136839,74.05919467069972,19,24.03067808770178,46.158009514948695,73.9,65.71703555310528,0,0.0,32
19,2,AffectEV,15.0,Verimlilik,18.488683648086347,40.74596235484288,4.016306112098562,63.46321654315948,32,31.36078946115571,55.642733092469015,73.9,67.20615647983574,0,0.0,32
19,2,AffectEV,30.0,Verimlilik,18.488683648086347,40.74596235484288,4.016306112098562,63.46321654315948,32,31.36078946115571,55.642733092469015,73.9,67.20615647983574,0,0.0,32
19,2,AffectEV,50.0,Dengeli,25.646394389505836,40.23680345580264,4.909778668136839,74.05919467069972,19,24.03067808770178,46.158009514948695,73.9,65.71703555310528,0,0.0,32
19,2,AffectEV,65.0,Konfor,27.83936586649438,41.640151357333494,5.3575740292089264,75.96874931164541,15,23.34236712906593,47.642702748174045,73.9,64.97070995131847,0,0.0,32
19,2,AffectEV,85.0,Konfor,27.83936586649438,41.640151357333494,5.3575740292089264,75.96874931164541,15,23.34236712906593,47.642702748174045,73.9,64.97070995131847,0,0.0,32
20,2,Dijkstra,,,25.336148811841916,62.08798539802056,5.55927897892006,50.22284257412723,48,48.43300717903734,56.23627636080783,55.2,45.93453503513324,0,0.0,52
20,2,A*,,,31.42474931092275,54.68739216760481,6.399833756131292,61.171645030962196,34,37.844916625364924,52.37439990714164,55.2,44.53361040644785,0,0.0,52
20,2,NSGA-II,,Dengeli,26.259149665903642,54.99630056924317,5.579734389424075,57.98680161672316,36,41.788468407841506,57.38328930462191,55.2,45.90044268429321,0,0.0,52
20,2,AffectEV,15.0,Dengeli,26.259149665903642,54.99630056924317,5.579734389424075,57.98680161672316,36,41.788468407841506,57.38328930462191,55.2,45.90044268429321,0,0.0,52
20,2,AffectEV,30.0,Dengeli,26.259149665903642,54.99630056924317,5.579734389424075,57.98680161672316,36,41.788468407841506,57.38328930462191,55.2,45.90044268429321,0,0.0,52
20,2,AffectEV,50.0,Konfor,61.39471885155368,56.04166934702693,10.249164519817251,80.29775931568415,14,21.17671734175169,31.746127408951768,55.2,38.11805913363792,0,0.0,52
20,2,AffectEV,65.0,Konfor,61.39471885155368,56.04166934702693,10.249164519817251,80.29775931568415,14,21.17671734175169,31.746127408951768,55.2,38.11805913363792,0,0.0,52
20,2,AffectEV,85.0,Konfor,61.39471885155368,56.04166934702693,10.249164519817251,80.29775931568415,14,21.17671734175169,31.746127408951768,55.2,38.11805913363792,0,0.0,52
21,2,Dijkstra,,,23.542621774622575,45.899834546746696,5.133685249295816,75.35261456005864,23,19.1012990275654,37.0849786583587,70.5,61.943857917840305,0,0.0,7
21,2,A*,,,26.186626267309094,33.767443462232215,4.908007196825494,82.85948689226271,13,13.300048887549643,33.25249220736197,70.5,62.319988005290845,0,0.0,7
21,2,NSGA-II,,Dengeli,26.186626267309094,33.767443462232215,4.908007196825494,82.85948689226271,13,13.300048887549643,33.25249220736197,70.5,62.319988005290845,0,0.0,7
21,2,AffectEV,15.0,Dengeli,26.186626267309094,33.767443462232215,4.908007196825494,82.85948689226271,13,13.300048887549643,33.25249220736197,70.5,62.319988005290845,0,0.0,7
21,2,AffectEV,30.0,Dengeli,26.186626267309094,33.767443462232215,4.908007196825494,82.85948689226271,13,13.300048887549643,33.25249220736197,70.5,62.319988005290845,0,0.0,7
21,2,AffectEV,50.0,Dengeli,26.186626267309094,33.767443462232215,4.908007196825494,82.85948689226271,13,13.300048887549643,33.25249220736197,70.5,62.319988005290845,0,0.0,7
21,2,AffectEV,65.0,Dengeli,26.186626267309094,33.767443462232215,4.908007196825494,82.85948689226271,13,13.300048887549643,33.25249220736197,70.5,62.319988005290845,0,0.0,7
21,2,AffectEV,85.0,Dengeli,26.186626267309094,33.767443462232215,4.908007196825494,82.85948689226271,13,13.300048887549643,33.25249220736197,70.5,62.319988005290845,0,0.0,7
22,2,Dijkstra,,,15.927133076834163,40.19988044431152,3.7235299385133653,68.71588200639445,23,26.19240812002148,59.631977787995474,55.0,48.794116769144395,0,0.0,50
22,2,A*,,,17.021400808943746,39.74236476606306,3.9430817980060286,70.5378068749636,19,25.524350623851426,61.52443968940487,55.0,48.428197003323284,0,0.0,50
22,2,NSGA-II,,Dengeli,17.021400808943746,39.74236476606306,3.9430817980060286,70.5378068749636,19,25.524350623851426,61.52443968940487,55.0,48.428197003323284,0,0.0,50
22,2,AffectEV,15.0,Dengeli,17.021400808943746,39.74236476606306,3.9430817980060286,70.5378068749636,19,25.524350623851426,61.52443968940487,55.0,48.428197003323284,0,0.0,50
22,2,AffectEV,30.0,Dengeli,17.021400808943746,39.74236476606306,3.9430817980060286,70.5378068749636,19,25.524350623851426,61.52443968940487,55.0,48.428197003323284,0,0.0,50
22,2,AffectEV,50.0,Dengeli,17.021400808943746,39.74236476606306,3.9430817980060286,70.5378068749636,19,25.524350623851426,61.52443968940487,55.0,48.428197003323284,0,0.0,50
22,2,AffectEV,65.0,Konfor,35.525430567704355,43.87814820258096,6.506089009645567,80.79556701422229,14,17.633051751119766,34.57258730220895,55.0,44.15651831725739,0,0.0,50
22,2,AffectEV,85.0,Konfor,35.525430567704355,43.87814820258096,6.506089009645567,80.79556701422229,14,17.633051751119766,34.57258730220895,55.0,44.15651831725739,0,0.0,50
23,2,Dijkstra,,,14.53899591594657,39.621134698933886,3.3876245540921803,65.34708819076889,30,27.651342281728642,56.78754562356263,77.6,71.95395907651303,0,0.0,51
23,2,A*,,,15.829427929129327,35.32483930800002,3.5268921874867956,71.52719999224226,20,23.06508049091608,57.766379302414556,77.6,71.72184635418867,0,0.0,51
23,2,NSGA-II,,Dengeli,15.829427929129327,35.32483930800002,3.5268921874867956,71.52719999224226,20,23.06508049091608,57.766379302414556,77.6,71.72184635418867,0,0.0,51
23,2,AffectEV,15.0,Dengeli,15.829427929129327,35.32483930800002,3.5268921874867956,71.52719999224226,20,23.06508049091608,57.766379302414556,77.6,71.72184635418867,0,0.0,51
23,2,AffectEV,30.0,Dengeli,15.829427929129327,35.32483930800002,3.5268921874867956,71.52719999224226,20,23.06508049091608,57.766379302414556,77.6,71.72184635418867,0,0.0,51
23,2,AffectEV,50.0,Dengeli,15.829427929129327,35.32483930800002,3.5268921874867956,71.52719999224226,20,23.06508049091608,57.766379302414556,77.6,71.72184635418867,0,0.0,51
23,2,AffectEV,65.0,Dengeli,15.829427929129327,35.32483930800002,3.5268921874867956,71.52719999224226,20,23.06508049091608,57.766379302414556,77.6,71.72184635418867,0,0.0,51
23,2,AffectEV,85.0,Dengeli,15.829427929129327,35.32483930800002,3.5268921874867956,71.52719999224226,20,23.06508049091608,57.766379302414556,77.6,71.72184635418867,0,0.0,51
24,2,Dijkstra,,,28.355075619484303,73.84745185516618,6.633998194464048,46.98152774821247,63,44.487398543294674,40.86126344399564,60.0,48.94333634255992,0,0.0,22
24,2,A*,,,31.39342358371912,52.76538274972029,6.30303792437931,67.13400539601861,31,29.61838119142864,42.402401232763985,60.0,49.494936792701154,0,0.0,22
24,2,NSGA-II,,Dengeli,31.39342358371912,52.76538274972029,6.30303792437931,67.13400539601861,31,29.61838119142864,42.402401232763985,60.0,49.494936792701154,0,0.0,22
24,2,AffectEV,15.0,Dengeli,31.39342358371912,52.76538274972029,6.30303792437931,67.13400539601861,31,29.61838119142864,42.402401232763985,60.0,49.494936792701154,0,0.0,22
24,2,AffectEV,30.0,Dengeli,31.39342358371912,52.76538274972029,6.30303792437931,67.13400539601861,31,29.61838119142864,42.402401232763985,60.0,49.494936792701154,0,0.0,22
24,2,AffectEV,50.0,Dengeli,31.39342358371912,52.76538274972029,6.30303792437931,67.13400539601861,31,29.61838119142864,42.402401232763985,60.0,49.494936792701154,0,0.0,22
24,2,AffectEV,65.0,Dengeli,31.39342358371912,52.76538274972029,6.30303792437931,67.13400539601861,31,29.61838119142864,42.402401232763985,60.0,49.494936792701154,0,0.0,22
24,2,AffectEV,85.0,Konfor,32.87903036093978,57.171057687340635,6.761276462109056,68.33464660832995,30,28.450519800260626,40.65098725795932,60.0,48.73120589648491,0,0.0,22
25,2,Dijkstra,,,22.02802455703555,41.582225145092806,4.645023249017762,69.79234965716095,22,27.307284371128816,55.077325157502,84.3,76.5582945849704,0,0.0,22
25,2,A*,,,22.03064701851419,40.668358883596646,4.5975128812699175,69.94907233535793,22,27.087576238718267,54.623273965132995,84.3,76.6374785312168,0,0.0,22
25,2,NSGA-II,,Verimlilik,22.03064701851419,40.668358883596646,4.5975128812699175,69.94907233535793,22,27.087576238718267,54.623273965132995,84.3,76.6374785312168,0,0.0,22
25,2,AffectEV,15.0,Verimlilik,22.03064701851419,40.668358883596646,4.5975128812699175,69.94907233535793,22,27.087576238718267,54.623273965132995,84.3,76.6374785312168,0,0.0,22
25,2,AffectEV,30.0,Verimlilik,22.03064701851419,40.668358883596646,4.5975128812699175,69.94907233535793,22,27.087576238718267,54.623273965132995,84.3,76.6374785312168,0,0.0,22
25,2,AffectEV,50.0,Verimlilik,22.03064701851419,40.668358883596646,4.5975128812699175,69.94907233535793,22,27.087576238718267,54.623273965132995,84.3,76.6374785312168,0,0.0,22
25,2,AffectEV,65.0,Konfor,26.174992287333808,43.40019487715174,5.382721099595072,75.00704435747541,17,23.071785687943553,47.85709968070764,84.3,75.32879816734155,0,0.0,22
25,2,AffectEV,85.0,Konfor,26.174992287333808,43.40019487715174,5.382721099595072,75.00704435747541,17,23.071785687943553,47.85709968070764,84.3,75.32879816734155,0,0.0,22
26,2,Dijkstra,,,12.699312958695026,33.260956696184856,2.999456099231351,72.97200877659651,26,19.006874673398087,41.62964410692031,51.5,46.50090650128108,0,0.0,5
26,2,A*,,,12.839023999209624,19.598789790673887,2.456485521327963,84.55738737272107,11,9.491364049201994,35.47601706259169,51.5,47.4058574644534,0,0.0,5
26,2,NSGA-II,,Dengeli,12.839023999209624,19.598789790673887,2.456485521327963,84.55738737272107,11,9.491364049201994,35.47601706259169,51.5,47.4058574644534,0,0.0,5
26,2,AffectEV,15.0,Dengeli,12.839023999209624,19.598789790673887,2.456485521327963,84.55738737272107,11,9.491364049201994,35.47601706259169,51.5,47.4058574644534,0,0.0,5
26,2,AffectEV,30.0,Dengeli,12.839023999209624,19.598789790673887,2.456485521327963,84.55738737272107,11,9.491364049201994,35.47601706259169,51.5,47.4058574644534,0,0.0,5
26,2,AffectEV,50.0,Dengeli,12.839023999209624,19.598789790673887,2.456485521327963,84.55738737272107,11,9.491364049201994,35.47601706259169,51.5,47.4058574644534,0,0.0,5
26,2,AffectEV,65.0,Konfor,17.706361601736823,22.703473462077323,3.234620529200257,85.09427909188814,10,9.971105302675706,34.57194658654575,51.5,46.10896578466624,0,0.0,5
26,2,AffectEV,85.0,Konfor,17.706361601736823,22.703473462077323,3.234620529200257,85.09427909188814,10,9.971105302675706,34.57194658654575,51.5,46.10896578466624,0,0.0,5
27,2,Dijkstra,,,21.79446021612964,15.530272001606244,3.47778872921959,92.37060203283673,2,4.294406657563893,26.705379849470503,48.9,43.103685451300684,0,0.0,1
27,2,A*,,,21.79446021612964,15.530272001606244,3.47778872921959,92.37060203283673,2,4.294406657563893,26.705379849470503,48.9,43.103685451300684,0,0.0,1
27,2,NSGA-II,,Verimlilik,21.79446021612964,15.530272001606244,3.47778872921959,92.37060203283673,2,4.294406657563893,26.705379849470503,48.9,43.103685451300684,0,0.0,1
27,2,AffectEV,15.0,Verimlilik,21.79446021612964,15.530272001606244,3.47778872921959,92.37060203283673,2,4.294406657563893,26.705379849470503,48.9,43.103685451300684,0,0.0,1
27,2,AffectEV,30.0,Verimlilik,21.79446021612964,15.530272001606244,3.47778872921959,92.37060203283673,2,4.294406657563893,26.705379849470503,48.9,43.103685451300684,0,0.0,1
27,2,AffectEV,50.0,Verimlilik,21.79446021612964,15.530272001606244,3.47778872921959,92.37060203283673,2,4.294406657563893,26.705379849470503,48.9,43.103685451300684,0,0.0,1
27,2,AffectEV,65.0,Verimlilik,21.79446021612964,15.530272001606244,3.47778872921959,92.37060203283673,2,4.294406657563893,26.705379849470503,48.9,43.103685451300684,0,0.0,1
27,2,AffectEV,85.0,Verimlilik,21.79446021612964,15.530272001606244,3.47778872921959,92.37060203283673,2,4.294406657563893,26.705379849470503,48.9,43.103685451300684,0,0.0,1
28,2,Dijkstra,,,18.460401315711664,55.69238520162323,4.367441186788896,50.66719504467605,47,45.16418618039334,61.41774550602974,55.0,47.72093135535184,0,0.0,35
28,2,A*,,,19.950294651019057,46.336739005780835,4.543705259491765,66.42116355946476,24,31.111754625149302,61.22655026495224,55.0,47.42715790084706,0,0.0,35
28,2,NSGA-II,,Dengeli,19.950294651019057,46.336739005780835,4.543705259491765,66.42116355946476,24,31.111754625149302,61.22655026495224,55.0,47.42715790084706,0,0.0,35
28,2,AffectEV,15.0,Dengeli,19.950294651019057,46.336739005780835,4.543705259491765,66.42116355946476,24,31.111754625149302,61.22655026495224,55.0,47.42715790084706,0,0.0,35
28,2,AffectEV,30.0,Dengeli,19.950294651019057,46.336739005780835,4.543705259491765,66.42116355946476,24,31.111754625149302,61.22655026495224,55.0,47.42715790084706,0,0.0,35
28,2,AffectEV,50.0,Dengeli,19.950294651019057,46.336739005780835,4.543705259491765,66.42116355946476,24,31.111754625149302,61.22655026495224,55.0,47.42715790084706,0,0.0,35
28,2,AffectEV,65.0,Konfor,22.427077016366923,47.6349816771264,4.960618367841305,68.68571783286222,21,29.971665595022472,59.11391244315516,55.0,46.73230272026449,0,0.0,35
28,2,AffectEV,85.0,Konfor,22.427077016366923,47.6349816771264,4.960618367841305,68.68571783286222,21,29.971665595022472,59.11391244315516,55.0,46.73230272026449,0,0.0,35
29,2,Dijkstra,,,27.808952954184285,60.65802009840181,6.227372218596664,63.0036277656482,41,29.876488202560544,37.66712886791817,83.3,72.9210463023389,0,0.0,19
29,2,A*,,,30.849575369324292,40.61883510280395,5.669680884537906,76.11774234829815,19,21.261113301045057,40.019618306941666,83.3,73.85053185910348,0,0.0,19
29,2,NSGA-II,,Dengeli,30.849575369324292,40.61883510280395,5.669680884537906,76.11774234829815,19,21.261113301045057,40.019618306941666,83.3,73.85053185910348,0,0.0,19
29,2,AffectEV,15.0,Dengeli,30.849575369324292,40.61883510280395,5.669680884537906,76.11774234829815,19,21.261113301045057,40.019618306941666,83.3,73.85053185910348,0,0.0,19
29,2,AffectEV,30.0,Dengeli,30.849575369324292,40.61883510280395,5.669680884537906,76.11774234829815,19,21.261113301045057,40.019618306941666,83.3,73.85053185910348,0,0.0,19
29,2,AffectEV,50.0,Dengeli,30.849575369324292,40.61883510280395,5.669680884537906,76.11774234829815,19,21.261113301045057,40.019618306941666,83.3,73.85053185910348,0,0.0,19
29,2,AffectEV,65.0,Dengeli,30.849575369324292,40.61883510280395,5.669680884537906,76.11774234829815,19,21.261113301045057,40.019618306941666,83.3,73.85053185910348,0,0.0,19
29,2,AffectEV,85.0,Dengeli,30.849575369324292,40.61883510280395,5.669680884537906,76.11774234829815,19,21.261113301045057,40.019618306941666,83.3,73.85053185910348,0,0.0,19
30,2,Dijkstra,,,12.229927210030283,44.002632119232686,3.062746454561717,56.99234989849046,40,35.90952549526894,61.17396226464427,39.6,34.49542257573047,0,0.0,28
30,2,A*,,,13.449779132859682,29.143241495329395,2.900695872102998,70.70042997293189,21,23.381762288331924,58.92520670284269,39.6,34.76550687982834,0,0.0,28
30,2,NSGA-II,,Dengeli,13.449779132859682,29.143241495329395,2.900695872102998,70.70042997293189,21,23.381762288331924,58.92520670284269,39.6,34.76550687982834,0,0.0,28
30,2,AffectEV,15.0,Dengeli,13.449779132859682,29.143241495329395,2.900695872102998,70.70042997293189,21,23.381762288331924,58.92520670284269,39.6,34.76550687982834,0,0.0,28
30,2,AffectEV,30.0,Dengeli,13.449779132859682,29.143241495329395,2.900695872102998,70.70042997293189,21,23.381762288331924,58.92520670284269,39.6,34.76550687982834,0,0.0,28
30,2,AffectEV,50.0,Dengeli,13.449779132859682,29.143241495329395,2.900695872102998,70.70042997293189,21,23.381762288331924,58.92520670284269,39.6,34.76550687982834,0,0.0,28
30,2,AffectEV,65.0,Dengeli,13.449779132859682,29.143241495329395,2.900695872102998,70.70042997293189,21,23.381762288331924,58.92520670284269,39.6,34.76550687982834,0,0.0,28
30,2,AffectEV,85.0,Konfor,13.560322087351842,32.16818101661266,3.0724351285835545,71.73807650585132,21,21.937647074530013,55.90314685894838,39.6,34.479274785694074,0,0.0,28
31,2,Dijkstra,,,14.323717146044785,38.676926697514745,3.4111243535939733,68.0865647878434,23,26.36251555881415,62.52340272256173,31.4,25.714792744010044,0,0.0,50
31,2,A*,,,19.535363531083416,35.422270961843985,4.091278781340675,73.92425572890247,15,22.65302093343663,58.89918995533272,31.4,24.581202031098876,0,0.0,50
31,2,NSGA-II,,Dengeli,19.535363531083416,35.422270961843985,4.091278781340675,73.92425572890247,15,22.65302093343663,58.89918995533272,31.4,24.581202031098876,0,0.0,50
31,2,AffectEV,15.0,Verimlilik,14.32519950434281,38.51290461405018,3.404288488230059,67.98458497380119,23,26.49402182126692,62.836042399093664,31.4,25.7261858529499,0,0.0,50
31,2,AffectEV,30.0,Dengeli,19.535363531083416,35.422270961843985,4.091278781340675,73.92425572890247,15,22.65302093343663,58.89918995533272,31.4,24.581202031098876,0,0.0,50
31,2,AffectEV,50.0,Konfor,21.532967338459482,35.935599428558554,4.434808267974979,76.38470860935423,11,21.472454221530512,58.36777562093307,31.4,24.00865288670837,0,0.0,50
31,2,AffectEV,65.0,Konfor,21.532967338459482,35.935599428558554,4.434808267974979,76.38470860935423,11,21.472454221530512,58.36777562093307,31.4,24.00865288670837,0,0.0,50
31,2,AffectEV,85.0,Konfor,21.532967338459482,35.935599428558554,4.434808267974979,76.38470860935423,11,21.472454221530512,58.36777562093307,31.4,24.00865288670837,0,0.0,50
32,2,Dijkstra,,,19.825906595588897,23.71103175838058,3.549545224695933,83.56344066416065,11,12.257185433382837,36.2970185291225,46.9,40.984091292173446,0,0.0,5
32,2,A*,,,21.17826428118149,21.545494287578475,3.6959074618535612,88.37253552434096,5,8.176097469549257,33.37317617397133,46.9,40.740154230244066,0,0.0,5
32,2,NSGA-II,,Dengeli,21.17826428118149,21.545494287578475,3.6959074618535612,88.37253552434096,5,8.176097469549257,33.37317617397133,46.9,40.740154230244066,0,0.0,5
32,2,AffectEV,15.0,Verimlilik,19.825906595588897,23.71103175838058,3.549545224695933,83.56344066416065,11,12.257185433382837,36.2970185291225,46.9,40.984091292173446,0,0.0,5
32,2,AffectEV,30.0,Dengeli,21.17826428118149,21.545494287578475,3.6959074618535612,88.37253552434096,5,8.176097469549257,33.37317617397133,46.9,40.740154230244066,0,0.0,5
32,2,AffectEV,50.0,Dengeli,21.17826428118149,21.545494287578475,3.6959074618535612,88.37253552434096,5,8.176097469549257,33.37317617397133,46.9,40.740154230244066,0,0.0,5
32,2,AffectEV,65.0,Dengeli,21.17826428118149,21.545494287578475,3.6959074618535612,88.37253552434096,5,8.176097469549257,33.37317617397133,46.9,40.740154230244066,0,0.0,5
32,2,AffectEV,85.0,Dengeli,21.17826428118149,21.545494287578475,3.6959074618535612,88.37253552434096,5,8.176097469549257,33.37317617397133,46.9,40.740154230244066,0,0.0,5
33,2,Dijkstra,,,24.10993819189053,60.77994547691206,5.418177237841712,52.53880164730564,46,45.12014853286349,54.62576896417654,59.2,50.16970460359715,0,0.0,48
33,2,A*,,,27.628601220988152,47.29386392907862,5.569440626216213,67.93435275945663,25,31.141797442437504,51.11554003906056,59.2,49.917598956306314,0,0.0,48
33,2,NSGA-II,,Dengeli,27.630824541514226,47.29412416826267,5.573409977405614,68.07606136942522,25,30.83969126324451,50.86015625800712,59.2,49.91098337099065,0,0.0,48
33,2,AffectEV,15.0,Dengeli,27.630824541514226,47.29412416826267,5.573409977405614,68.07606136942522,25,30.83969126324451,50.86015625800712,59.2,49.91098337099065,0,0.0,48
33,2,AffectEV,30.0,Dengeli,27.630824541514226,47.29412416826267,5.573409977405614,68.07606136942522,25,30.83969126324451,50.86015625800712,59.2,49.91098337099065,0,0.0,48
33,2,AffectEV,50.0,Dengeli,27.630824541514226,47.29412416826267,5.573409977405614,68.07606136942522,25,30.83969126324451,50.86015625800712,59.2,49.91098337099065,0,0.0,48
33,2,AffectEV,65.0,Konfor,31.93838340879786,52.01439242084587,6.368809590925057,72.90196763553081,20,26.701941674449333,45.43724931067193,59.2,48.58531734845824,0,0.0,48
33,2,AffectEV,85.0,Konfor,31.93838340879786,52.01439242084587,6.368809590925057,72.90196763553081,20,26.701941674449333,45.43724931067193,59.2,48.58531734845824,0,0.0,48
34,2,Dijkstra,,,22.930481410336732,54.37087509355205,5.262501810328358,64.41511532607241,31,31.921644752644358,52.541956240671404,59.5,50.72916364945274,0,0.0,18
34,2,A*,,,33.55943817895904,41.34238424294299,6.090175302380986,79.10475538944105,15,19.52956925805778,37.68186916570808,59.5,49.34970782936502,0,0.0,18
34,2,NSGA-II,,Dengeli,33.56353502613921,41.35170887720062,6.086070135564811,79.10402677191405,15,19.53579223668399,37.67617778540376,59.5,49.35654977405865,0,0.0,18
34,2,AffectEV,15.0,Verimlilik,23.22641566193761,45.88230836920824,4.986380076777026,70.2483824059539,22,27.385203717718717,52.68028239365241,59.5,51.18936653870496,0,0.0,18
34,2,AffectEV,30.0,Dengeli,33.56353502613921,41.35170887720062,6.086070135564811,79.10402677191405,15,19.53579223668399,37.67617778540376,59.5,49.35654977405865,0,0.0,18
34,2,AffectEV,50.0,Dengeli,33.56353502613921,41.35170887720062,6.086070135564811,79.10402677191405,15,19.53579223668399,37.67617778540376,59.5,49.35654977405865,0,0.0,18
34,2,AffectEV,65.0,Dengeli,33.56353502613921,41.35170887720062,6.086070135564811,79.10402677191405,15,19.53579223668399,37.67617778540376,59.5,49.35654977405865,0,0.0,18
34,2,AffectEV,85.0,Dengeli,33.56353502613921,41.35170887720062,6.086070135564811,79.10402677191405,15,19.53579223668399,37.67617778540376,59.5,49.35654977405865,0,0.0,18
35,2,Dijkstra,,,32.290262346665294,80.25366740237772,7.154016691412639,38.27462328053258,64,62.08482098480361,55.499652120131685,63.8,51.8766388476456,0,0.0,100
35,2,A*,,,57.101675885853766,52.24684045236755,9.505688320886282,81.87852631634198,7,23.074151242919232,38.496141553911315,63.8,47.95718613185619,0,0.0,100
35,2,NSGA-II,,Dengeli,57.101675885853766,52.24684045236755,9.505688320886282,81.87852631634198,7,23.074151242919232,38.496141553911315,63.8,47.95718613185619,0,0.0,100
35,2,AffectEV,15.0,Dengeli,57.101675885853766,52.24684045236755,9.505688320886282,81.87852631634198,7,23.074151242919232,38.496141553911315,63.8,47.95718613185619,0,0.0,100
35,2,AffectEV,30.0,Dengeli,57.101675885853766,52.24684045236755,9.505688320886282,81.87852631634198,7,23.074151242919232,38.496141553911315,63.8,47.95718613185619,0,0.0,100
35,2,AffectEV,50.0,Dengeli,57.101675885853766,52.24684045236755,9.505688320886282,81.87852631634198,7,23.074151242919232,38.496141553911315,63.8,47.95718613185619,0,0.0,100
35,2,AffectEV,65.0,Konfor,60.042470571483626,55.661969170262566,10.229266913917732,84.5064774546204,7,18.647709002807836,31.996049222686274,63.8,46.75122181013711,0,0.0,100
35,2,AffectEV,85.0,Konfor,60.042470571483626,55.661969170262566,10.229266913917732,84.5064774546204,7,18.647709002807836,31.996049222686274,63.8,46.75122181013711,0,0.0,100
36,2,Dijkstra,,,15.54634367544098,45.99509589900438,3.592214106912576,55.420657065623374,44,38.01258567311802,55.87783616220614,86.5,80.51297648847904,0,0.0,30
36,2,A*,,,16.660721256762383,39.22007995186542,3.712299961038995,65.05197447347847,29,29.76453650733183,57.5933228716099,86.5,80.31283339826834,0,0.0,30
36,2,NSGA-II,,Dengeli,16.660721256762383,39.22007995186542,3.712299961038995,65.05197447347847,29,29.76453650733183,57.5933228716099,86.5,80.31283339826834,0,0.0,30
36,2,AffectEV,15.0,Dengeli,16.660721256762383,39.22007995186542,3.712299961038995,65.05197447347847,29,29.76453650733183,57.5933228716099,86.5,80.31283339826834,0,0.0,30
36,2,AffectEV,30.0,Dengeli,16.660721256762383,39.22007995186542,3.712299961038995,65.05197447347847,29,29.76453650733183,57.5933228716099,86.5,80.31283339826834,0,0.0,30
36,2,AffectEV,50.0,Dengeli,16.660721256762383,39.22007995186542,3.712299961038995,65.05197447347847,29,29.76453650733183,57.5933228716099,86.5,80.31283339826834,0,0.0,30
36,2,AffectEV,65.0,Konfor,25.152761905990715,41.23936256324716,4.869404571911397,73.02378827920239,21,24.46005721864005,45.69097277602795,86.5,78.384325713481,0,0.0,30
36,2,AffectEV,85.0,Konfor,25.152761905990715,41.23936256324716,4.869404571911397,73.02378827920239,21,24.46005721864005,45.69097277602795,86.5,78.384325713481,0,0.0,30
37,2,Dijkstra,,,35.885842352077866,68.53400563674896,8.029992281899633,77.4759025034282,16,21.272692159484087,40.71144924363285,68.3,54.91667953016728,0,0.0,9
37,2,A*,,,43.02924166665217,61.7114360953035,8.337608985714535,74.45391850023515,23,23.891786978160457,34.39272703158361,68.3,54.403985023809106,0,0.0,9
37,2,NSGA-II,,Verimlilik,35.885842352077866,68.53400563674896,8.029992281899633,77.4759025034282,16,21.272692159484087,40.71144924363285,68.3,54.91667953016728,0,0.0,9
37,2,AffectEV,15.0,Verimlilik,35.885842352077866,68.53400563674896,8.029992281899633,77.4759025034282,16,21.272692159484087,40.71144924363285,68.3,54.91667953016728,0,0.0,9
37,2,AffectEV,30.0,Verimlilik,35.885842352077866,68.53400563674896,8.029992281899633,77.4759025034282,16,21.272692159484087,40.71144924363285,68.3,54.91667953016728,0,0.0,9
37,2,AffectEV,50.0,Verimlilik,35.885842352077866,68.53400563674896,8.029992281899633,77.4759025034282,16,21.272692159484087,40.71144924363285,68.3,54.91667953016728,0,0.0,9
37,2,AffectEV,65.0,Konfor,46.20315509841495,70.32551383399098,9.398623987178414,78.98208410593016,17,19.700625589823503,33.038641085613975,68.3,52.63562668803597,0,0.0,9
37,2,AffectEV,85.0,Konfor,46.20315509841495,70.32551383399098,9.398623987178414,78.98208410593016,17,19.700625589823503,33.038641085613975,68.3,52.63562668803597,0,0.0,9
38,2,Dijkstra,,,21.96282146541537,45.13476023176289,4.695540769257498,65.59890014374926,34,28.552449805686933,44.1768245727233,85.0,77.17409871790417,0,0.0,33
38,2,A*,,,22.6362657970985,42.91396891894339,4.7661832333521845,68.87661959212502,29,25.836952239842258,44.361473679611464,85.0,77.05636127774636,0,0.0,33
38,2,NSGA-II,,Dengeli,22.6362657970985,42.91396891894339,4.7661832333521845,68.87661959212502,29,25.836952239842258,44.361473679611464,85.0,77.05636127774636,0,0.0,33
38,2,AffectEV,15.0,Dengeli,22.6362657970985,42.91396891894339,4.7661832333521845,68.87661959212502,29,25.836952239842258,44.361473679611464,85.0,77.05636127774636,0,0.0,33
38,2,AffectEV,30.0,Dengeli,22.6362657970985,42.91396891894339,4.7661832333521845,68.87661959212502,29,25.836952239842258,44.361473679611464,85.0,77.05636127774636,0,0.0,33
38,2,AffectEV,50.0,Dengeli,22.6362657970985,42.91396891894339,4.7661832333521845,68.87661959212502,29,25.836952239842258,44.361473679611464,85.0,77.05636127774636,0,0.0,33
38,2,AffectEV,65.0,Konfor,38.55375114730526,50.370077011507526,7.207754291872508,77.47411186282712,21,18.95937939944808,31.690371586692322,85.0,72.98707618021248,0,0.0,33
38,2,AffectEV,85.0,Konfor,38.55375114730526,50.370077011507526,7.207754291872508,77.47411186282712,21,18.95937939944808,31.690371586692322,85.0,72.98707618021248,0,0.0,33
39,2,Dijkstra,,,17.06329866686855,55.7719183698867,4.182527901925136,51.34409195170501,50,42.39964739958893,54.68006914209154,66.0,59.0291201634581,0,0.0,48
39,2,A*,,,25.78908207796405,39.16406105985458,5.035715397415856,78.3025288804549,13,20.062648344809325,45.893383080511484,66.0,57.607141004306904,0,0.0,48
39,2,NSGA-II,,Dengeli,19.86399117943281,42.245907766637146,4.3460873220759915,66.86758236901584,28,28.30826150503009,53.1996958973757,66.0,58.75652112987335,0,0.0,48
39,2,AffectEV,15.0,Dengeli,19.86399117943281,42.245907766637146,4.3460873220759915,66.86758236901584,28,28.30826150503009,53.1996958973757,66.0,58.75652112987335,0,0.0,48
39,2,AffectEV,30.0,Dengeli,19.86399117943281,42.245907766637146,4.3460873220759915,66.86758236901584,28,28.30826150503009,53.1996958973757,66.0,58.75652112987335,0,0.0,48
39,2,AffectEV,50.0,Konfor,25.78908207796405,39.16406105985458,5.035715397415856,78.3025288804549,13,20.062648344809325,45.893383080511484,66.0,57.607141004306904,0,0.0,48
39,2,AffectEV,65.0,Konfor,25.78908207796405,39.16406105985458,5.035715397415856,78.3025288804549,13,20.062648344809325,45.893383080511484,66.0,57.607141004306904,0,0.0,48
39,2,AffectEV,85.0,Konfor,25.78908207796405,39.16406105985458,5.035715397415856,78.3025288804549,13,20.062648344809325,45.893383080511484,66.0,57.607141004306904,0,0.0,48
40,2,Dijkstra,,,24.860773582720817,57.00649722397738,5.49864341582747,59.03648245050894,39,37.34997492266942,51.292625363451165,76.0,66.83559430695422,0,0.0,82
40,2,A*,,,26.902213847243196,44.86510785230039,5.216957111031961,67.3915893675053,29,30.59001097451059,44.657036700707565,76.0,67.3050714816134,0,0.0,82
40,2,NSGA-II,,Dengeli,40.39949093428006,45.15469430201032,7.091627625364661,78.19450107150502,15,21.97593865209047,38.563586664339226,76.0,64.18062062439223,0,0.0,82
40,2,AffectEV,15.0,Verimlilik,26.861827569681413,44.87004451555152,5.21168280213848,67.435689078151,29,30.51270020336885,44.55250430419169,76.0,67.31386199643586,0,0.0,82
40,2,AffectEV,30.0,Verimlilik,26.861827569681413,44.87004451555152,5.21168280213848,67.435689078151,29,30.51270020336885,44.55250430419169,76.0,67.31386199643586,0,0.0,82
40,2,AffectEV,50.0,Dengeli,40.39949093428006,45.15469430201032,7.091627625364661,78.19450107150502,15,21.97593865209047,38.563586664339226,76.0,64.18062062439223,0,0.0,82
40,2,AffectEV,65.0,Dengeli,40.39949093428006,45.15469430201032,7.091627625364661,78.19450107150502,15,21.97593865209047,38.563586664339226,76.0,64.18062062439223,0,0.0,82
40,2,AffectEV,85.0,Dengeli,40.39949093428006,45.15469430201032,7.091627625364661,78.19450107150502,15,21.97593865209047,38.563586664339226,76.0,64.18062062439223,0,0.0,82
41,2,Dijkstra,,,15.652162516574279,51.15638691660341,3.842330737560047,55.234757440385074,42,39.175868049111266,60.06241072440771,66.4,59.99611543739993,0,0.0,10
41,2,A*,,,16.99189854487929,41.78875871516777,3.8667272149892566,64.86150304805172,26,31.403310634384095,63.58751880816528,66.4,59.955454641684575,0,0.0,10
41,2,NSGA-II,,Dengeli,16.99189854487929,41.78875871516777,3.8667272149892566,64.86150304805172,26,31.403310634384095,63.58751880816528,66.4,59.955454641684575,0,0.0,10
41,2,AffectEV,15.0,Dengeli,16.99189854487929,41.78875871516777,3.8667272149892566,64.86150304805172,26,31.403310634384095,63.58751880816528,66.4,59.955454641684575,0,0.0,10
41,2,AffectEV,30.0,Dengeli,16.99189854487929,41.78875871516777,3.8667272149892566,64.86150304805172,26,31.403310634384095,63.58751880816528,66.4,59.955454641684575,0,0.0,10
41,2,AffectEV,50.0,Dengeli,16.99189854487929,41.78875871516777,3.8667272149892566,64.86150304805172,26,31.403310634384095,63.58751880816528,66.4,59.955454641684575,0,0.0,10
41,2,AffectEV,65.0,Konfor,17.72354595169209,43.14194815426448,4.056224893792791,65.52012605508722,24,31.62525269329417,64.9614906846227,66.4,59.63962517701202,0,0.0,10
41,2,AffectEV,85.0,Konfor,17.72354595169209,43.14194815426448,4.056224893792791,65.52012605508722,24,31.62525269329417,64.9614906846227,66.4,59.63962517701202,0,0.0,10
42,2,Dijkstra,,,23.44933666717482,49.929682436638274,5.021165712700773,65.50824802311212,35,29.76849591882331,40.3060160062045,67.7,59.33139047883205,0,0.0,56
42,2,A*,,,25.2473721497051,40.47514401109296,5.059528606567864,76.702271709113,17,20.196004195501864,43.69463516118216,67.7,59.267452322386895,0,0.0,56
42,2,NSGA-II,,Dengeli,24.44110934493306,40.69695398909721,4.938557692852748,76.27913019761071,18,20.371747510810746,43.04672774573033,67.7,59.46907051191209,0,0.0,56
42,2,AffectEV,15.0,Dengeli,24.44110934493306,40.69695398909721,4.938557692852748,76.27913019761071,18,20.371747510810746,43.04672774573033,67.7,59.46907051191209,0,0.0,56
42,2,AffectEV,30.0,Dengeli,24.44110934493306,40.69695398909721,4.938557692852748,76.27913019761071,18,20.371747510810746,43.04672774573033,67.7,59.46907051191209,0,0.0,56
42,2,AffectEV,50.0,Dengeli,24.44110934493306,40.69695398909721,4.938557692852748,76.27913019761071,18,20.371747510810746,43.04672774573033,67.7,59.46907051191209,0,0.0,56
42,2,AffectEV,65.0,Konfor,28.524018764695388,45.191785094698986,5.743129113050983,78.84420610430686,16,18.653732040833766,37.798371417215,67.7,58.12811814491503,0,0.0,56
42,2,AffectEV,85.0,Konfor,28.524018764695388,45.191785094698986,5.743129113050983,78.84420610430686,16,18.653732040833766,37.798371417215,67.7,58.12811814491503,0,0.0,56
43,2,Dijkstra,,,15.080656660003548,31.910834755905693,3.250373188297439,72.90155897891051,20,21.139510227442045,53.78293976428435,69.3,63.882711352837596,0,0.0,2
43,2,A*,,,15.087481534729015,30.743963738269695,3.189611282590295,73.20159722042595,20,20.808815838423207,52.77879014023539,69.3,63.98398119568284,0,0.0,2
43,2,NSGA-II,,Verimlilik,15.087481534729015,30.743963738269695,3.189611282590295,73.20159722042595,20,20.808815838423207,52.77879014023539,69.3,63.98398119568284,0,0.0,2
43,2,AffectEV,15.0,Verimlilik,15.087481534729015,30.743963738269695,3.189611282590295,73.20159722042595,20,20.808815838423207,52.77879014023539,69.3,63.98398119568284,0,0.0,2
43,2,AffectEV,30.0,Verimlilik,15.087481534729015,30.743963738269695,3.189611282590295,73.20159722042595,20,20.808815838423207,52.77879014023539,69.3,63.98398119568284,0,0.0,2
43,2,AffectEV,50.0,Verimlilik,15.087481534729015,30.743963738269695,3.189611282590295,73.20159722042595,20,20.808815838423207,52.77879014023539,69.3,63.98398119568284,0,0.0,2
43,2,AffectEV,65.0,Konfor,15.126886171659022,30.817908430582545,3.1986908051126375,73.21431308119506,20,20.808626044289852,52.71549552758995,69.3,63.9688486581456,0,0.0,2
43,2,AffectEV,85.0,Konfor,15.126886171659022,30.817908430582545,3.1986908051126375,73.21431308119506,20,20.808626044289852,52.71549552758995,69.3,63.9688486581456,0,0.0,2
44,2,Dijkstra,,,12.448359452641155,41.61802115381115,2.9602138793624153,55.915540853134516,41,37.48442908119685,61.695652112532144,70.1,65.16631020106263,0,0.0,12
44,2,A*,,,12.636568951763449,35.261235731142364,2.9218135534272527,63.584574585778846,29,30.439558170731413,63.917789815008646,70.1,65.2303107442879,0,0.0,12
44,2,NSGA-II,,Dengeli,12.636568951763449,35.261235731142364,2.9218135534272527,63.584574585778846,29,30.439558170731413,63.917789815008646,70.1,65.2303107442879,0,0.0,12
44,2,AffectEV,15.0,Dengeli,12.636568951763449,35.261235731142364,2.9218135534272527,63.584574585778846,29,30.439558170731413,63.917789815008646,70.1,65.2303107442879,0,0.0,12
44,2,AffectEV,30.0,Dengeli,12.636568951763449,35.261235731142364,2.9218135534272527,63.584574585778846,29,30.439558170731413,63.917789815008646,70.1,65.2303107442879,0,0.0,12
44,2,AffectEV,50.0,Dengeli,12.636568951763449,35.261235731142364,2.9218135534272527,63.584574585778846,29,30.439558170731413,63.917789815008646,70.1,65.2303107442879,0,0.0,12
44,2,AffectEV,65.0,Konfor,15.36654648195313,36.49325201695282,3.445058801950439,65.68884814536575,26,29.272784775656326,62.64658210968675,70.1,64.3582353300826,0,0.0,12
44,2,AffectEV,85.0,Konfor,15.36654648195313,36.49325201695282,3.445058801950439,65.68884814536575,26,29.272784775656326,62.64658210968675,70.1,64.3582353300826,0,0.0,12
45,2,Dijkstra,,,25.56201805383672,66.7407177805426,5.874998836914909,47.41808831163484,49,52.650960988359046,61.43311695928723,46.8,37.008335271808484,0,0.0,40
45,2,A*,,,44.27868376405925,45.748926875066864,7.533055533548281,80.575633924106,11,20.489930840350006,38.88693411894499,46.8,34.244907444086195,0,0.0,40
45,2,NSGA-II,,Dengeli,44.27868376405925,45.748926875066864,7.533055533548281,80.575633924106,11,20.489930840350006,38.88693411894499,46.8,34.244907444086195,0,0.0,40
45,2,AffectEV,15.0,Dengeli,44.27868376405925,45.748926875066864,7.533055533548281,80.575633924106,11,20.489930840350006,38.88693411894499,46.8,34.244907444086195,0,0.0,40
45,2,AffectEV,30.0,Dengeli,44.27868376405925,45.748926875066864,7.533055533548281,80.575633924106,11,20.489930840350006,38.88693411894499,46.8,34.244907444086195,0,0.0,40
45,2,AffectEV,50.0,Dengeli,44.27868376405925,45.748926875066864,7.533055533548281,80.575633924106,11,20.489930840350006,38.88693411894499,46.8,34.244907444086195,0,0.0,40
45,2,AffectEV,65.0,Dengeli,44.27868376405925,45.748926875066864,7.533055533548281,80.575633924106,11,20.489930840350006,38.88693411894499,46.8,34.244907444086195,0,0.0,40
45,2,AffectEV,85.0,Dengeli,44.27868376405925,45.748926875066864,7.533055533548281,80.575633924106,11,20.489930840350006,38.88693411894499,46.8,34.244907444086195,0,0.0,40
46,2,Dijkstra,,,14.765837459808974,42.13255631874837,3.413313189591004,61.10648117555619,34,33.25963657773243,59.57813925562039,63.3,57.61114468401499,0,0.0,47
46,2,A*,,,15.348897599347689,32.00090454855797,3.2509611314182782,68.61686041050325,20,27.207036778273096,66.10514278007415,63.3,57.8817314476362,0,0.0,47
46,2,NSGA-II,,Dengeli,15.24322381918536,32.32706207435887,3.2922672442843925,69.36597931513303,19,26.348997134141133,66.14660772312314,63.3,57.81288792619267,0,0.0,47
46,2,AffectEV,15.0,Verimlilik,15.348897599347689,32.00090454855797,3.2509611314182782,68.61686041050325,20,27.207036778273096,66.10514278007415,63.3,57.8817314476362,0,0.0,47
46,2,AffectEV,30.0,Dengeli,15.24322381918536,32.32706207435887,3.2922672442843925,69.36597931513303,19,26.348997134141133,66.14660772312314,63.3,57.81288792619267,0,0.0,47
46,2,AffectEV,50.0,Dengeli,15.24322381918536,32.32706207435887,3.2922672442843925,69.36597931513303,19,26.348997134141133,66.14660772312314,63.3,57.81288792619267,0,0.0,47
46,2,AffectEV,65.0,Konfor,20.166339245771447,40.31601035863185,4.349366554528715,72.74134342615018,16,24.973539025193876,58.83297433145827,63.3,56.051055742452135,0,0.0,47
46,2,AffectEV,85.0,Konfor,20.166339245771447,40.31601035863185,4.349366554528715,72.74134342615018,16,24.973539025193876,58.83297433145827,63.3,56.051055742452135,0,0.0,47
47,2,Dijkstra,,,19.20224016298778,49.64512187064435,4.4091006792076675,60.38448206017716,39,33.608431143101015,50.16494298446267,61.0,53.65149886798722,0,0.0,64
47,2,A*,,,22.114399662248495,40.47526977886939,4.501084767457893,68.60856786743699,27,27.239659893034716,48.59767082326298,61.0,53.498192054236846,0,0.0,64
47,2,NSGA-II,,Dengeli,22.114399662248495,40.47526977886939,4.501084767457893,68.60856786743699,27,27.239659893034716,48.59767082326298,61.0,53.498192054236846,0,0.0,64
47,2,AffectEV,15.0,Dengeli,22.114399662248495,40.47526977886939,4.501084767457893,68.60856786743699,27,27.239659893034716,48.59767082326298,61.0,53.498192054236846,0,0.0,64
47,2,AffectEV,30.0,Dengeli,22.114399662248495,40.47526977886939,4.501084767457893,68.60856786743699,27,27.239659893034716,48.59767082326298,61.0,53.498192054236846,0,0.0,64
47,2,AffectEV,50.0,Dengeli,22.114399662248495,40.47526977886939,4.501084767457893,68.60856786743699,27,27.239659893034716,48.59767082326298,61.0,53.498192054236846,0,0.0,64
47,2,AffectEV,65.0,Konfor,36.628018389421996,47.027773452173705,6.78318079919621,78.6991346328195,17,19.37024578754138,34.94895815459043,61.0,49.69469866800632,0,0.0,64
47,2,AffectEV,85.0,Konfor,36.628018389421996,47.027773452173705,6.78318079919621,78.6991346328195,17,19.37024578754138,34.94895815459043,61.0,49.69469866800632,0,0.0,64
48,2,Dijkstra,,,18.664831703964754,48.44025447261069,4.3703628934437475,65.21451313410671,35,28.56911804694404,43.57375725905041,49.1,41.816061844260425,0,0.0,9
48,2,A*,,,19.479137754372786,43.674408308586685,4.433411777023782,71.29977078767958,26,22.882684038415565,44.17712000397877,49.1,41.71098037162703,0,0.0,9
48,2,NSGA-II,,Dengeli,19.479137754372786,43.674408308586685,4.433411777023782,71.29977078767958,26,22.882684038415565,44.17712000397877,49.1,41.71098037162703,0,0.0,9
48,2,AffectEV,15.0,Dengeli,19.479137754372786,43.674408308586685,4.433411777023782,71.29977078767958,26,22.882684038415565,44.17712000397877,49.1,41.71098037162703,0,0.0,9
48,2,AffectEV,30.0,Dengeli,19.479137754372786,43.674408308586685,4.433411777023782,71.29977078767958,26,22.882684038415565,44.17712000397877,49.1,41.71098037162703,0,0.0,9
48,2,AffectEV,50.0,Dengeli,19.479137754372786,43.674408308586685,4.433411777023782,71.29977078767958,26,22.882684038415565,44.17712000397877,49.1,41.71098037162703,0,0.0,9
48,2,AffectEV,65.0,Dengeli,19.479137754372786,43.674408308586685,4.433411777023782,71.29977078767958,26,22.882684038415565,44.17712000397877,49.1,41.71098037162703,0,0.0,9
48,2,AffectEV,85.0,Konfor,21.087086499197653,46.69362449788816,4.823242961029628,71.92909984419897,24,23.179236327045558,45.58564628843679,49.1,41.06126173161729,0,0.0,9
49,2,Dijkstra,,,22.65431248481913,74.77930434906999,5.457196996526118,34.23620574484865,74,59.759860281261055,54.17918085386517,58.4,49.304671672456465,0,0.0,7
49,2,A*,,,29.71921623353516,28.447347324552027,4.947561939802458,85.2713682285684,7,12.932314773247633,36.74468669728652,58.4,50.15406343366257,0,0.0,7
49,2,NSGA-II,,Dengeli,31.00505849985082,29.009150824152016,5.151810030418333,85.58357196491465,7,12.48256221528536,35.858296852498725,58.4,49.81364994930278,0,0.0,7
49,2,AffectEV,15.0,Verimlilik,29.71921623353516,28.447347324552027,4.947561939802458,85.2713682285684,7,12.932314773247633,36.74468669728652,58.4,50.15406343366257,0,0.0,7
49,2,AffectEV,30.0,Dengeli,31.00505849985082,29.009150824152016,5.151810030418333,85.58357196491465,7,12.48256221528536,35.858296852498725,58.4,49.81364994930278,0,0.0,7
49,2,AffectEV,50.0,Dengeli,31.00505849985082,29.009150824152016,5.151810030418333,85.58357196491465,7,12.48256221528536,35.858296852498725,58.4,49.81364994930278,0,0.0,7
49,2,AffectEV,65.0,Konfor,31.00655119710192,34.50726461200076,5.485172389278524,85.68126894501944,7,12.357195115559925,35.55786260156292,58.4,49.25804601786913,0,0.0,7
49,2,AffectEV,85.0,Konfor,31.00655119710192,34.50726461200076,5.485172389278524,85.68126894501944,7,12.357195115559925,35.55786260156292,58.4,49.25804601786913,0,0.0,7
50,2,Dijkstra,,,24.358114248074624,58.68568145614533,5.428306933151914,54.46934647971512,40,44.97621995723128,60.1889376655775,87.5,78.45282177808014,0,0.0,8
50,2,A*,,,25.898012751719484,45.32624316615467,5.2721483355660155,67.59829962176264,26,30.07288017340065,51.89918163108581,87.5,78.71308610738997,0,0.0,8
50,2,NSGA-II,,Dengeli,25.898012751719484,45.32624316615467,5.2721483355660155,67.59829962176264,26,30.07288017340065,51.89918163108581,87.5,78.71308610738997,0,0.0,8
50,2,AffectEV,15.0,Verimlilik,24.61971180303254,46.680948194190265,5.167167513542131,64.78991700484616,27,33.97627819255469,57.585997686937134,87.5,78.88805414409644,0,0.0,8
50,2,AffectEV,30.0,Dengeli,25.898012751719484,45.32624316615467,5.2721483355660155,67.59829962176264,26,30.07288017340065,51.89918163108581,87.5,78.71308610738997,0,0.0,8
50,2,AffectEV,50.0,Dengeli,25.898012751719484,45.32624316615467,5.2721483355660155,67.59829962176264,26,30.07288017340065,51.89918163108581,87.5,78.71308610738997,0,0.0,8
50,2,AffectEV,65.0,Konfor,25.900614369087126,45.71752988763801,5.299402500948392,68.17519691959234,25,29.643277393150445,52.15909931231266,87.5,78.66766249841935,0,0.0,8
50,2,AffectEV,85.0,Konfor,25.900614369087126,45.71752988763801,5.299402500948392,68.17519691959234,25,29.643277393150445,52.15909931231266,87.5,78.66766249841935,0,0.0,8
1,3,Dijkstra,,,18.180626954473706,47.83488599046169,4.1863885874407485,57.50999532604934,49,33.011151265918805,40.43329647087508,68.4,61.42268568759876,0,0.0,41
1,3,A*,,,24.45707858257984,30.533947759424542,4.5362469109307835,83.42820735673952,13,12.132838859190745,32.15970492751627,68.4,60.83958848178203,0,0.0,41
1,3,NSGA-II,,Dengeli,24.45707858257984,30.533947759424542,4.5362469109307835,83.42820735673952,13,12.132838859190745,32.15970492751627,68.4,60.83958848178203,0,0.0,41
1,3,AffectEV,15.0,Dengeli,24.45707858257984,30.533947759424542,4.5362469109307835,83.42820735673952,13,12.132838859190745,32.15970492751627,68.4,60.83958848178203,0,0.0,41
1,3,AffectEV,30.0,Dengeli,24.45707858257984,30.533947759424542,4.5362469109307835,83.42820735673952,13,12.132838859190745,32.15970492751627,68.4,60.83958848178203,0,0.0,41
1,3,AffectEV,50.0,Dengeli,24.45707858257984,30.533947759424542,4.5362469109307835,83.42820735673952,13,12.132838859190745,32.15970492751627,68.4,60.83958848178203,0,0.0,41
1,3,AffectEV,65.0,Dengeli,24.45707858257984,30.533947759424542,4.5362469109307835,83.42820735673952,13,12.132838859190745,32.15970492751627,68.4,60.83958848178203,0,0.0,41
1,3,AffectEV,85.0,Dengeli,24.45707858257984,30.533947759424542,4.5362469109307835,83.42820735673952,13,12.132838859190745,32.15970492751627,68.4,60.83958848178203,0,0.0,41
2,3,Dijkstra,,,25.08490021637783,40.09645550825704,5.06364655773708,74.57153881213543,20,21.89021190540916,44.30698808120915,52.2,43.7605890704382,0,0.0,9
2,3,A*,,,25.095392899664237,39.620863114318,5.044317636878613,74.55943905522177,20,21.91012319685457,44.33761992860928,52.2,43.79280393853565,0,0.0,9
2,3,NSGA-II,,Verimlilik,25.095392899664237,39.620863114318,5.044317636878613,74.55943905522177,20,21.91012319685457,44.33761992860928,52.2,43.79280393853565,0,0.0,9
2,3,AffectEV,15.0,Verimlilik,25.095392899664237,39.620863114318,5.044317636878613,74.55943905522177,20,21.91012319685457,44.33761992860928,52.2,43.79280393853565,0,0.0,9
2,3,AffectEV,30.0,Verimlilik,25.095392899664237,39.620863114318,5.044317636878613,74.55943905522177,20,21.91012319685457,44.33761992860928,52.2,43.79280393853565,0,0.0,9
2,3,AffectEV,50.0,Verimlilik,25.095392899664237,39.620863114318,5.044317636878613,74.55943905522177,20,21.91012319685457,44.33761992860928,52.2,43.79280393853565,0,0.0,9
2,3,AffectEV,65.0,Konfor,28.593350569864736,42.45233395991032,5.6904820814033465,80.85949403222142,12,17.078592842805,40.08464057468543,52.2,42.71586319766109,0,0.0,9
2,3,AffectEV,85.0,Konfor,28.593350569864736,42.45233395991032,5.6904820814033465,80.85949403222142,12,17.078592842805,40.08464057468543,52.2,42.71586319766109,0,0.0,9
3,3,Dijkstra,,,10.944476773165217,37.517654569915926,2.679543563311346,61.587456871649366,34,30.906017648132348,60.70368916955466,77.4,72.93409406114776,0,0.0,43
3,3,A*,,,13.252739858344919,33.77963802580003,3.031215027116103,67.691322325611,22,27.169515295764487,65.78911542829833,77.4,72.3479749548065,0,0.0,43
3,3,NSGA-II,,Dengeli,13.252739858344919,33.77963802580003,3.031215027116103,67.691322325611,22,27.169515295764487,65.78911542829833,77.4,72.3479749548065,0,0.0,43
3,3,AffectEV,15.0,Dengeli,13.252739858344919,33.77963802580003,3.031215027116103,67.691322325611,22,27.169515295764487,65.78911542829833,77.4,72.3479749548065,0,0.0,43
3,3,AffectEV,30.0,Dengeli,13.252739858344919,33.77963802580003,3.031215027116103,67.691322325611,22,27.169515295764487,65.78911542829833,77.4,72.3479749548065,0,0.0,43
3,3,AffectEV,50.0,Dengeli,13.252739858344919,33.77963802580003,3.031215027116103,67.691322325611,22,27.169515295764487,65.78911542829833,77.4,72.3479749548065,0,0.0,43
3,3,AffectEV,65.0,Konfor,14.523122541509567,35.0916796271071,3.283597571494348,68.71788370987066,20,27.162408580782575,65.66696857947282,77.4,71.92733738084276,0,0.0,43
3,3,AffectEV,85.0,Konfor,14.523122541509567,35.0916796271071,3.283597571494348,68.71788370987066,20,27.162408580782575,65.66696857947282,77.4,71.92733738084276,0,0.0,43
4,3,Dijkstra,,,20.388666386118903,38.90030437796359,4.3826141902750715,76.79603118370545,15,19.16362898558028,49.77440060310231,40.6,33.29564301620822,0,0.0,22
4,3,A*,,,20.70766409191689,38.09184895199055,4.333415704864605,75.23748113479068,17,20.905243965088566,49.95472837841371,40.6,33.37764049189233,0,0.0,22
4,3,NSGA-II,,Dengeli,20.388666386118903,38.90030437796359,4.3826141902750715,76.79603118370545,15,19.16362898558028,49.77440060310231,40.6,33.29564301620822,0,0.0,22
4,3,AffectEV,15.0,Verimlilik,20.70766409191689,38.09184895199055,4.333415704864605,75.23748113479068,17,20.905243965088566,49.95472837841371,40.6,33.37764049189233,0,0.0,22
4,3,AffectEV,30.0,Verimlilik,20.70766409191689,38.09184895199055,4.333415704864605,75.23748113479068,17,20.905243965088566,49.95472837841371,40.6,33.37764049189233,0,0.0,22
4,3,AffectEV,50.0,Dengeli,20.388666386118903,38.90030437796359,4.3826141902750715,76.79603118370545,15,19.16362898558028,49.77440060310231,40.6,33.29564301620822,0,0.0,22
4,3,AffectEV,65.0,Konfor,33.536003182489935,42.27640621207659,6.205368303181075,81.03545661085198,13,17.214782750943076,36.500542819325524,40.6,30.257719494698208,0,0.0,22
4,3,AffectEV,85.0,Konfor,33.536003182489935,42.27640621207659,6.205368303181075,81.03545661085198,13,17.214782750943076,36.500542819325524,40.6,30.257719494698208,0,0.0,22
5,3,Dijkstra,,,16.803270107900584,55.0811822543409,4.095733696106886,52.40810812035436,50,40.3497012780206,52.434907481197286,47.9,41.073777173155186,0,0.0,12
5,3,A*,,,18.192093990027015,39.43884455817006,4.080251148056075,72.5885982015842,18,23.428567628561822,56.9141575492362,47.9,41.09958141990654,0,0.0,12
5,3,NSGA-II,,Dengeli,18.192093990027015,39.43884455817006,4.080251148056075,72.5885982015842,18,23.428567628561822,56.9141575492362,47.9,41.09958141990654,0,0.0,12
5,3,AffectEV,15.0,Dengeli,18.192093990027015,39.43884455817006,4.080251148056075,72.5885982015842,18,23.428567628561822,56.9141575492362,47.9,41.09958141990654,0,0.0,12
5,3,AffectEV,30.0,Dengeli,18.192093990027015,39.43884455817006,4.080251148056075,72.5885982015842,18,23.428567628561822,56.9141575492362,47.9,41.09958141990654,0,0.0,12
5,3,AffectEV,50.0,Dengeli,18.192093990027015,39.43884455817006,4.080251148056075,72.5885982015842,18,23.428567628561822,56.9141575492362,47.9,41.09958141990654,0,0.0,12
5,3,AffectEV,65.0,Dengeli,18.192093990027015,39.43884455817006,4.080251148056075,72.5885982015842,18,23.428567628561822,56.9141575492362,47.9,41.09958141990654,0,0.0,12
5,3,AffectEV,85.0,Dengeli,18.192093990027015,39.43884455817006,4.080251148056075,72.5885982015842,18,23.428567628561822,56.9141575492362,47.9,41.09958141990654,0,0.0,12
6,3,Dijkstra,,,15.816035757029267,41.82077634724453,3.640026450252846,60.9232938405624,43,29.707937959630545,43.32162385774219,75.2,69.1332892495786,0,0.0,23
6,3,A*,,,18.215126973940517,34.9924124408991,3.8494990107136466,75.0417952841596,24,18.320179914446552,37.31075370753212,75.2,68.78416831547726,0,0.0,23
6,3,NSGA-II,,Dengeli,17.833690055170337,35.2885956653635,3.778239469218335,72.58283169179602,28,19.795791241575532,37.39215467865662,75.2,68.90293421796945,0,0.0,23
6,3,AffectEV,15.0,Dengeli,17.833690055170337,35.2885956653635,3.778239469218335,72.58283169179602,28,19.795791241575532,37.39215467865662,75.2,68.90293421796945,0,0.0,23
6,3,AffectEV,30.0,Dengeli,17.833690055170337,35.2885956653635,3.778239469218335,72.58283169179602,28,19.795791241575532,37.39215467865662,75.2,68.90293421796945,0,0.0,23
6,3,AffectEV,50.0,Dengeli,17.833690055170337,35.2885956653635,3.778239469218335,72.58283169179602,28,19.795791241575532,37.39215467865662,75.2,68.90293421796945,0,0.0,23
6,3,AffectEV,65.0,Konfor,18.37761177778467,35.19541130699995,3.8866939424796185,75.14325635201442,24,18.154056892566768,37.052632901077786,75.2,68.72217676253398,0,0.0,23
6,3,AffectEV,85.0,Konfor,18.37761177778467,35.19541130699995,3.8866939424796185,75.14325635201442,24,18.154056892566768,37.052632901077786,75.2,68.72217676253398,0,0.0,23
7,3,Dijkstra,,,30.54779619598615,65.580501929765,6.583385714048307,52.473641638003556,44,47.66285391863073,56.13751093203612,79.6,68.62769047658615,0,0.0,20
7,3,A*,,,51.013162304889725,44.00004682730011,8.375100260432722,84.38385667833153,8,16.531381097069282,33.28364496273844,79.6,65.64149956594545,0,0.0,20
7,3,NSGA-II,,Dengeli,51.013162304889725,44.00004682730011,8.375100260432722,84.38385667833153,8,16.531381097069282,33.28364496273844,79.6,65.64149956594545,0,0.0,20
7,3,AffectEV,15.0,Dengeli,51.013162304889725,44.00004682730011,8.375100260432722,84.38385667833153,8,16.531381097069282,33.28364496273844,79.6,65.64149956594545,0,0.0,20
7,3,AffectEV,30.0,Dengeli,51.013162304889725,44.00004682730011,8.375100260432722,84.38385667833153,8,16.531381097069282,33.28364496273844,79.6,65.64149956594545,0,0.0,20
7,3,AffectEV,50.0,Dengeli,51.013162304889725,44.00004682730011,8.375100260432722,84.38385667833153,8,16.531381097069282,33.28364496273844,79.6,65.64149956594545,0,0.0,20
7,3,AffectEV,65.0,Dengeli,51.013162304889725,44.00004682730011,8.375100260432722,84.38385667833153,8,16.531381097069282,33.28364496273844,79.6,65.64149956594545,0,0.0,20
7,3,AffectEV,85.0,Dengeli,51.013162304889725,44.00004682730011,8.375100260432722,84.38385667833153,8,16.531381097069282,33.28364496273844,79.6,65.64149956594545,0,0.0,20
8,3,Dijkstra,,,25.23747109975654,63.51965604374665,5.919185705607017,59.23434010869287,45,34.23886558305112,39.97000108195898,43.6,33.73469049065497,0,0.0,25
8,3,A*,,,26.034519756300163,60.48858543737033,6.012671743945164,63.33285917866428,37,31.90765929154572,42.97421516936003,43.6,33.57888042675806,0,0.0,25
8,3,NSGA-II,,Dengeli,26.27040689398152,60.636244420117876,6.068285486023359,64.17323339926739,36,31.268467202104652,42.231132200506075,43.6,33.486190856627736,0,0.0,25
8,3,AffectEV,15.0,Dengeli,26.27040689398152,60.636244420117876,6.068285486023359,64.17323339926739,36,31.268467202104652,42.231132200506075,43.6,33.486190856627736,0,0.0,25
8,3,AffectEV,30.0,Dengeli,26.27040689398152,60.636244420117876,6.068285486023359,64.17323339926739,36,31.268467202104652,42.231132200506075,43.6,33.486190856627736,0,0.0,25
8,3,AffectEV,50.0,Dengeli,26.27040689398152,60.636244420117876,6.068285486023359,64.17323339926739,36,31.268467202104652,42.231132200506075,43.6,33.486190856627736,0,0.0,25
8,3,AffectEV,65.0,Konfor,28.540355343818636,65.84357909872786,6.654069127415377,66.26492351182348,31,31.186615882740547,44.39545861677175,43.6,32.50988478764104,0,0.0,25
8,3,AffectEV,85.0,Konfor,28.540355343818636,65.84357909872786,6.654069127415377,66.26492351182348,31,31.186615882740547,44.39545861677175,43.6,32.50988478764104,0,0.0,25
9,3,Dijkstra,,,17.935784581718238,41.54779570012751,3.916309599476574,62.69347177510744,38,29.893437631730837,46.69248467686654,55.9,49.372817334205706,0,0.0,6
9,3,A*,,,25.90471328614617,29.29519651768419,4.607340421200643,83.16277056194701,12,13.446132781774264,34.01694801760354,55.9,48.221099297998926,0,0.0,6
9,3,NSGA-II,,Dengeli,25.90471328614617,29.29519651768419,4.607340421200643,83.16277056194701,12,13.446132781774264,34.01694801760354,55.9,48.221099297998926,0,0.0,6
9,3,AffectEV,15.0,Verimlilik,19.598539248044244,32.5566562989948,3.8966798994215024,75.12660446925935,22,19.290133057494582,40.431778067461394,55.9,49.40553350096416,0,0.0,6
9,3,AffectEV,30.0,Dengeli,25.90471328614617,29.29519651768419,4.607340421200643,83.16277056194701,12,13.446132781774264,34.01694801760354,55.9,48.221099297998926,0,0.0,6
9,3,AffectEV,50.0,Dengeli,25.90471328614617,29.29519651768419,4.607340421200643,83.16277056194701,12,13.446132781774264,34.01694801760354,55.9,48.221099297998926,0,0.0,6
9,3,AffectEV,65.0,Dengeli,25.90471328614617,29.29519651768419,4.607340421200643,83.16277056194701,12,13.446132781774264,34.01694801760354,55.9,48.221099297998926,0,0.0,6
9,3,AffectEV,85.0,Dengeli,25.90471328614617,29.29519651768419,4.607340421200643,83.16277056194701,12,13.446132781774264,34.01694801760354,55.9,48.221099297998926,0,0.0,6
10,3,Dijkstra,,,26.29086706365498,41.81268387050779,5.405946383300463,79.38012073058053,12,18.191886014183044,45.81156732582278,56.9,47.89008936116589,0,0.0,11
10,3,A*,,,40.03735853397256,35.07682313490078,6.663948570572296,87.18976561009701,5,12.213000361354238,33.2316714074836,56.9,45.79341904904617,0,0.0,11
10,3,NSGA-II,,Dengeli,40.03735853397256,35.07682313490078,6.663948570572296,87.18976561009701,5,12.213000361354238,33.2316714074836,56.9,45.79341904904617,0,0.0,11
10,3,AffectEV,15.0,Verimlilik,26.29523323733128,39.600785005803615,5.285930078733371,79.59162618030719,12,17.900235986698142,45.19151511841684,56.9,48.09011653544438,0,0.0,11
10,3,AffectEV,30.0,Dengeli,40.03735853397256,35.07682313490078,6.663948570572296,87.18976561009701,5,12.213000361354238,33.2316714074836,56.9,45.79341904904617,0,0.0,11
10,3,AffectEV,50.0,Dengeli,40.03735853397256,35.07682313490078,6.663948570572296,87.18976561009701,5,12.213000361354238,33.2316714074836,56.9,45.79341904904617,0,0.0,11
10,3,AffectEV,65.0,Dengeli,40.03735853397256,35.07682313490078,6.663948570572296,87.18976561009701,5,12.213000361354238,33.2316714074836,56.9,45.79341904904617,0,0.0,11
10,3,AffectEV,85.0,Dengeli,40.03735853397256,35.07682313490078,6.663948570572296,87.18976561009701,5,12.213000361354238,33.2316714074836,56.9,45.79341904904617,0,0.0,11
11,3,Dijkstra,,,21.66993991746172,61.8055414480351,5.189494553043011,53.61121214661497,38,46.54596050813245,67.1249985047265,65.7,57.050842411594985,0,0.0,26
11,3,A*,,,22.64210897724389,56.57845513059602,5.33164016347522,61.98446848791777,26,38.9086490438462,66.71468399464186,65.7,56.81393306087464,0,0.0,26
11,3,NSGA-II,,Dengeli,22.64210897724389,56.57845513059602,5.33164016347522,61.98446848791777,26,38.9086490438462,66.71468399464186,65.7,56.81393306087464,0,0.0,26
11,3,AffectEV,15.0,Dengeli,22.64210897724389,56.57845513059602,5.33164016347522,61.98446848791777,26,38.9086490438462,66.71468399464186,65.7,56.81393306087464,0,0.0,26
11,3,AffectEV,30.0,Dengeli,22.64210897724389,56.57845513059602,5.33164016347522,61.98446848791777,26,38.9086490438462,66.71468399464186,65.7,56.81393306087464,0,0.0,26
11,3,AffectEV,50.0,Dengeli,22.64210897724389,56.57845513059602,5.33164016347522,61.98446848791777,26,38.9086490438462,66.71468399464186,65.7,56.81393306087464,0,0.0,26
11,3,AffectEV,65.0,Dengeli,22.64210897724389,56.57845513059602,5.33164016347522,61.98446848791777,26,38.9086490438462,66.71468399464186,65.7,56.81393306087464,0,0.0,26
11,3,AffectEV,85.0,Dengeli,22.64210897724389,56.57845513059602,5.33164016347522,61.98446848791777,26,38.9086490438462,66.71468399464186,65.7,56.81393306087464,0,0.0,26
12,3,Dijkstra,,,23.210046865366078,69.89426324245666,5.579780337285122,48.8876280236446,50,49.96657610749432,55.61199572053549,42.6,33.3003661045248,0,0.0,95
12,3,A*,,,39.51221926714254,51.87681670862306,7.279515356634861,73.9184812503172,22,24.4886813912016,38.67457166161158,42.6,30.467474405608566,0,0.0,95
12,3,NSGA-II,,Dengeli,39.51221926714254,51.87681670862306,7.279515356634861,73.9184812503172,22,24.4886813912016,38.67457166161158,42.6,30.467474405608566,0,0.0,95
12,3,AffectEV,15.0,Verimlilik,24.056444229175934,57.86207429259989,5.458938677554598,58.549280949913,36,40.74778752419061,56.1319139641491,42.6,33.50176887074234,0,0.0,95
12,3,AffectEV,30.0,Dengeli,39.51221926714254,51.87681670862306,7.279515356634861,73.9184812503172,22,24.4886813912016,38.67457166161158,42.6,30.467474405608566,0,0.0,95
12,3,AffectEV,50.0,Dengeli,39.51221926714254,51.87681670862306,7.279515356634861,73.9184812503172,22,24.4886813912016,38.67457166161158,42.6,30.467474405608566,0,0.0,95
12,3,AffectEV,65.0,Dengeli,39.51221926714254,51.87681670862306,7.279515356634861,73.9184812503172,22,24.4886813912016,38.67457166161158,42.6,30.467474405608566,0,0.0,95
12,3,AffectEV,85.0,Dengeli,39.51221926714254,51.87681670862306,7.279515356634861,73.9184812503172,22,24.4886813912016,38.67457166161158,42.6,30.467474405608566,0,0.0,95
13,3,Dijkstra,,,17.365727681979003,48.226564652490055,4.1528484620196675,61.40150034080248,37,31.592592617148675,53.1036093702646,77.8,70.87858589663388,0,0.0,99
13,3,A*,,,21.671227070265935,44.15188688077383,4.725677587678116,70.93407854176291,25,23.824824530733384,47.09237049508534,77.8,69.92387068720313,0,0.0,99
13,3,NSGA-II,,Dengeli,18.7250715512095,44.267627886765275,4.285413187224183,68.63203983713139,28,25.249989701325426,48.96481626235493,77.8,70.65764468795969,0,0.0,99
13,3,AffectEV,15.0,Dengeli,18.7250715512095,44.267627886765275,4.285413187224183,68.63203983713139,28,25.249989701325426,48.96481626235493,77.8,70.65764468795969,0,0.0,99
13,3,AffectEV,30.0,Dengeli,18.7250715512095,44.267627886765275,4.285413187224183,68.63203983713139,28,25.249989701325426,48.96481626235493,77.8,70.65764468795969,0,0.0,99
13,3,AffectEV,50.0,Dengeli,18.7250715512095,44.267627886765275,4.285413187224183,68.63203983713139,28,25.249989701325426,48.96481626235493,77.8,70.65764468795969,0,0.0,99
13,3,AffectEV,65.0,Konfor,22.795901005092826,46.09643935614858,5.041618940714741,73.72788378568384,21,21.769534792182743,46.2062788833067,77.8,69.39730176547543,0,0.0,99
13,3,AffectEV,85.0,Konfor,22.795901005092826,46.09643935614858,5.041618940714741,73.72788378568384,21,21.769534792182743,46.2062788833067,77.8,69.39730176547543,0,0.0,99
14,3,Dijkstra,,,23.12440075830618,48.914327564588554,4.981372796306255,63.462330869860374,28,35.347130753665795,59.66764952019943,63.8,55.497712006156235,0,0.0,12
14,3,A*,,,24.073160375945697,42.75138871817065,5.05513141292697,71.71824916042738,15,28.546894930724463,61.088411801776374,63.8,55.37478097845505,0,0.0,12
14,3,NSGA-II,,Dengeli,24.073160375945697,42.75138871817065,5.05513141292697,71.71824916042738,15,28.546894930724463,61.088411801776374,63.8,55.37478097845505,0,0.0,12
14,3,AffectEV,15.0,Dengeli,24.073160375945697,42.75138871817065,5.05513141292697,71.71824916042738,15,28.546894930724463,61.088411801776374,63.8,55.37478097845505,0,0.0,12
14,3,AffectEV,30.0,Dengeli,24.073160375945697,42.75138871817065,5.05513141292697,71.71824916042738,15,28.546894930724463,61.088411801776374,63.8,55.37478097845505,0,0.0,12
14,3,AffectEV,50.0,Dengeli,24.073160375945697,42.75138871817065,5.05513141292697,71.71824916042738,15,28.546894930724463,61.088411801776374,63.8,55.37478097845505,0,0.0,12
14,3,AffectEV,65.0,Konfor,25.200068541424937,44.62420071776095,5.310311050608978,73.58537683521854,13,26.84614193103673,59.30390292735217,63.8,54.94948158231837,0,0.0,12
14,3,AffectEV,85.0,Konfor,25.200068541424937,44.62420071776095,5.310311050608978,73.58537683521854,13,26.84614193103673,59.30390292735217,63.8,54.94948158231837,0,0.0,12
15,3,Dijkstra,,,20.62345860912918,50.65316544185259,4.809616384269767,64.12714787000036,31,31.776183493611462,54.19998540958098,84.0,75.98397269288373,0,0.0,14
15,3,A*,,,37.095179140401015,43.926500117919964,6.551651639277633,74.12343093684012,23,24.071327621851268,35.77585388302252,84.0,73.08058060120395,0,0.0,14
15,3,NSGA-II,,Dengeli,37.41131862072162,44.20930004022666,6.660524860497527,76.42707648847579,19,22.63168511809406,36.41708988047997,84.0,72.89912523250412,0,0.0,14
15,3,AffectEV,15.0,Verimlilik,20.62345860912918,50.65316544185259,4.809616384269767,64.12714787000036,31,31.776183493611462,54.19998540958098,84.0,75.98397269288373,0,0.0,14
15,3,AffectEV,30.0,Dengeli,37.41131862072162,44.20930004022666,6.660524860497527,76.42707648847579,19,22.63168511809406,36.41708988047997,84.0,72.89912523250412,0,0.0,14
15,3,AffectEV,50.0,Dengeli,37.41131862072162,44.20930004022666,6.660524860497527,76.42707648847579,19,22.63168511809406,36.41708988047997,84.0,72.89912523250412,0,0.0,14
15,3,AffectEV,65.0,Dengeli,37.41131862072162,44.20930004022666,6.660524860497527,76.42707648847579,19,22.63168511809406,36.41708988047997,84.0,72.89912523250412,0,0.0,14
15,3,AffectEV,85.0,Dengeli,37.41131862072162,44.20930004022666,6.660524860497527,76.42707648847579,19,22.63168511809406,36.41708988047997,84.0,72.89912523250412,0,0.0,14
16,3,Dijkstra,,,24.536024349497236,46.1500227449364,5.2048920375073715,67.44199140908911,27,29.62554268650535,50.85172892479642,71.8,63.125179937487715,0,0.0,51
16,3,A*,,,24.950497076656042,43.27992734390679,5.151956034755146,69.49259584492191,24,28.097110773507104,50.391354615129806,71.8,63.21340660874142,0,0.0,51
16,3,NSGA-II,,Dengeli,24.950497076656042,43.27992734390679,5.151956034755146,69.49259584492191,24,28.097110773507104,50.391354615129806,71.8,63.21340660874142,0,0.0,51
16,3,AffectEV,15.0,Dengeli,24.950497076656042,43.27992734390679,5.151956034755146,69.49259584492191,24,28.097110773507104,50.391354615129806,71.8,63.21340660874142,0,0.0,51
16,3,AffectEV,30.0,Dengeli,24.950497076656042,43.27992734390679,5.151956034755146,69.49259584492191,24,28.097110773507104,50.391354615129806,71.8,63.21340660874142,0,0.0,51
16,3,AffectEV,50.0,Konfor,31.632476085085962,49.954854244593484,6.453489966568726,75.16714542042908,15,24.812677621671906,49.44525646534673,71.8,61.04418338905212,0,0.0,51
16,3,AffectEV,65.0,Konfor,31.632476085085962,49.954854244593484,6.453489966568726,75.16714542042908,15,24.812677621671906,49.44525646534673,71.8,61.04418338905212,0,0.0,51
16,3,AffectEV,85.0,Konfor,31.632476085085962,49.954854244593484,6.453489966568726,75.16714542042908,15,24.812677621671906,49.44525646534673,71.8,61.04418338905212,0,0.0,51
17,3,Dijkstra,,,17.48013166005094,35.96443408569082,3.7737697561635524,71.77208076858962,22,23.04981829671617,51.56486871197764,72.1,65.81038373972741,0,0.0,24
17,3,A*,,,17.48038052525706,34.81082491511988,3.7366139818711983,72.32011578506369,21,22.581513255016024,52.0271511921575,72.1,65.87231003021466,0,0.0,24
17,3,NSGA-II,,Verimlilik,17.48038052525706,34.81082491511988,3.7366139818711983,72.32011578506369,21,22.581513255016024,52.0271511921575,72.1,65.87231003021466,0,0.0,24
17,3,AffectEV,15.0,Verimlilik,17.48038052525706,34.81082491511988,3.7366139818711983,72.32011578506369,21,22.581513255016024,52.0271511921575,72.1,65.87231003021466,0,0.0,24
17,3,AffectEV,30.0,Verimlilik,17.48038052525706,34.81082491511988,3.7366139818711983,72.32011578506369,21,22.581513255016024,52.0271511921575,72.1,65.87231003021466,0,0.0,24
17,3,AffectEV,50.0,Verimlilik,17.48038052525706,34.81082491511988,3.7366139818711983,72.32011578506369,21,22.581513255016024,52.0271511921575,72.1,65.87231003021466,0,0.0,24
17,3,AffectEV,65.0,Konfor,26.112641120044973,43.317845512460345,5.3080213282695246,76.88115242045828,15,20.978214801918845,46.62691569483032,72.1,63.25329778621745,0,0.0,24
17,3,AffectEV,85.0,Konfor,26.112641120044973,43.317845512460345,5.3080213282695246,76.88115242045828,15,20.978214801918845,46.62691569483032,72.1,63.25329778621745,0,0.0,24
18,3,Dijkstra,,,17.47460100191027,23.179350283809566,3.2223300048734833,84.76916358418275,12,10.195678721526551,30.860663996796436,59.6,54.22944999187753,0,0.0,2
18,3,A*,,,17.702903599446085,21.491354639448026,3.2431591214361646,88.30226683803878,7,7.245043202923798,30.121101005420428,59.6,54.194734797606394,0,0.0,2
18,3,NSGA-II,,Dengeli,17.702903599446085,21.491354639448026,3.2431591214361646,88.30226683803878,7,7.245043202923798,30.121101005420428,59.6,54.194734797606394,0,0.0,2
18,3,AffectEV,15.0,Verimlilik,17.5642034695183,21.89968919454591,3.2141078623504846,87.04783468093837,9,8.185132981560148,29.98312712296793,59.6,54.24315356274919,0,0.0,2
18,3,AffectEV,30.0,Dengeli,17.702903599446085,21.491354639448026,3.2431591214361646,88.30226683803878,7,7.245043202923798,30.121101005420428,59.6,54.194734797606394,0,0.0,2
18,3,AffectEV,50.0,Dengeli,17.702903599446085,21.491354639448026,3.2431591214361646,88.30226683803878,7,7.245043202923798,30.121101005420428,59.6,54.194734797606394,0,0.0,2
18,3,AffectEV,65.0,Dengeli,17.702903599446085,21.491354639448026,3.2431591214361646,88.30226683803878,7,7.245043202923798,30.121101005420428,59.6,54.194734797606394,0,0.0,2
18,3,AffectEV,85.0,Dengeli,17.702903599446085,21.491354639448026,3.2431591214361646,88.30226683803878,7,7.245043202923798,30.121101005420428,59.6,54.194734797606394,0,0.0,2
19,3,Dijkstra,,,18.10643454076064,57.473460363866806,4.331429751004997,50.530964686168076,47,46.153822879470944,60.6144422499532,73.9,66.68095041499167,0,0.0,29
19,3,A*,,,24.832871545725485,42.10647199200701,4.79466207671303,71.60173974447667,23,26.767386458902415,44.340221589262995,73.9,65.90889653881162,0,0.0,29
19,3,NSGA-II,,Dengeli,24.832871545725485,42.10647199200701,4.79466207671303,71.60173974447667,23,26.767386458902415,44.340221589262995,73.9,65.90889653881162,0,0.0,29
19,3,AffectEV,15.0,Verimlilik,18.488683648086347,43.18788196992501,4.082907839172231,61.692733939679414,32,34.47705815399469,59.82074307061091,73.9,67.09515360137962,0,0.0,29
19,3,AffectEV,30.0,Dengeli,24.832871545725485,42.10647199200701,4.79466207671303,71.60173974447667,23,26.767386458902415,44.340221589262995,73.9,65.90889653881162,0,0.0,29
19,3,AffectEV,50.0,Dengeli,24.832871545725485,42.10647199200701,4.79466207671303,71.60173974447667,23,26.767386458902415,44.340221589262995,73.9,65.90889653881162,0,0.0,29
19,3,AffectEV,65.0,Konfor,27.838890894507582,45.416586619539,5.522606708748296,74.68164634797412,15,26.45165381503174,49.41428753758173,73.9,64.69565548541951,0,0.0,29
19,3,AffectEV,85.0,Konfor,27.838890894507582,45.416586619539,5.522606708748296,74.68164634797412,15,26.45165381503174,49.41428753758173,73.9,64.69565548541951,0,0.0,29
20,3,Dijkstra,,,25.336148811841916,60.999305261404714,5.542648203150136,50.96251455701693,48,46.87164783065082,54.87995546893911,55.2,45.962252994749775,0,0.0,26
20,3,A*,,,26.257427221010474,53.447976885839275,5.532249770935548,59.30234963442438,36,39.4401604978156,54.328011081154685,55.2,45.979583715107424,0,0.0,26
20,3,NSGA-II,,Dengeli,26.261751283271288,53.69339746629009,5.549170283150676,59.94442494563805,35,38.9230637486659,54.393279648810896,55.2,45.95138286141554,0,0.0,26
20,3,AffectEV,15.0,Dengeli,26.261751283271288,53.69339746629009,5.549170283150676,59.94442494563805,35,38.9230637486659,54.393279648810896,55.2,45.95138286141554,0,0.0,26
20,3,AffectEV,30.0,Dengeli,26.261751283271288,53.69339746629009,5.549170283150676,59.94442494563805,35,38.9230637486659,54.393279648810896,55.2,45.95138286141554,0,0.0,26
20,3,AffectEV,50.0,Dengeli,26.261751283271288,53.69339746629009,5.549170283150676,59.94442494563805,35,38.9230637486659,54.393279648810896,55.2,45.95138286141554,0,0.0,26
20,3,AffectEV,65.0,Konfor,30.05540295600419,58.34332285835341,6.352631043729298,63.00917129177893,31,36.54048163304938,52.643421091531316,55.2,44.61228159378451,0,0.0,26
20,3,AffectEV,85.0,Konfor,30.05540295600419,58.34332285835341,6.352631043729298,63.00917129177893,31,36.54048163304938,52.643421091531316,55.2,44.61228159378451,0,0.0,26
21,3,Dijkstra,,,23.542621774622575,46.577074685419355,5.136093083493688,74.80665190197934,23,20.47584401117875,37.75297447333522,70.5,61.939844860843856,0,0.0,7
21,3,A*,,,26.186626267309094,34.847711090866795,4.9323297565860145,81.79469759748174,13,14.93440302018852,36.124907482308494,70.5,62.27945040568998,0,0.0,7
21,3,NSGA-II,,Dengeli,26.186626267309094,34.847711090866795,4.9323297565860145,81.79469759748174,13,14.93440302018852,36.124907482308494,70.5,62.27945040568998,0,0.0,7
21,3,AffectEV,15.0,Dengeli,26.186626267309094,34.847711090866795,4.9323297565860145,81.79469759748174,13,14.93440302018852,36.124907482308494,70.5,62.27945040568998,0,0.0,7
21,3,AffectEV,30.0,Dengeli,26.186626267309094,34.847711090866795,4.9323297565860145,81.79469759748174,13,14.93440302018852,36.124907482308494,70.5,62.27945040568998,0,0.0,7
21,3,AffectEV,50.0,Dengeli,26.186626267309094,34.847711090866795,4.9323297565860145,81.79469759748174,13,14.93440302018852,36.124907482308494,70.5,62.27945040568998,0,0.0,7
21,3,AffectEV,65.0,Dengeli,26.186626267309094,34.847711090866795,4.9323297565860145,81.79469759748174,13,14.93440302018852,36.124907482308494,70.5,62.27945040568998,0,0.0,7
21,3,AffectEV,85.0,Dengeli,26.186626267309094,34.847711090866795,4.9323297565860145,81.79469759748174,13,14.93440302018852,36.124907482308494,70.5,62.27945040568998,0,0.0,7
22,3,Dijkstra,,,15.927133076834163,39.48120488992016,3.66169838538661,69.89015498447657,23,25.054270819227607,55.46781884877575,55.0,48.89716935768898,0,0.0,29
22,3,A*,,,16.02788552140053,38.80621432642762,3.662623089215889,70.79221457457207,22,24.21797396636333,54.71196617759465,55.0,48.89562818464019,0,0.0,29
22,3,NSGA-II,,Dengeli,17.030261600569844,38.84757075630639,3.874360275691188,71.88707941576743,19,24.11235743796605,56.89606676421375,55.0,48.542732873848024,0,0.0,29
22,3,AffectEV,15.0,Verimlilik,15.937476226758289,39.0296847199126,3.642967636249188,70.13277881560882,23,24.74804783831608,54.71403416448179,55.0,48.928387272918016,0,0.0,29
22,3,AffectEV,30.0,Dengeli,17.030261600569844,38.84757075630639,3.874360275691188,71.88707941576743,19,24.11235743796605,56.89606676421375,55.0,48.542732873848024,0,0.0,29
22,3,AffectEV,50.0,Dengeli,17.030261600569844,38.84757075630639,3.874360275691188,71.88707941576743,19,24.11235743796605,56.89606676421375,55.0,48.542732873848024,0,0.0,29
22,3,AffectEV,65.0,Konfor,36.079537387904196,45.70997330433658,6.679469541344369,80.70675332066597,13,18.760593689033264,35.82534286312023,55.0,43.86755076442605,0,0.0,29
22,3,AffectEV,85.0,Konfor,36.079537387904196,45.70997330433658,6.679469541344369,80.70675332066597,13,18.760593689033264,35.82534286312023,55.0,43.86755076442605,0,0.0,29
23,3,Dijkstra,,,14.53899591594657,43.09387620992634,3.492889906886724,62.50255568012727,30,31.858901272618837,64.69886969043537,77.6,71.77851682185546,0,0.0,19
23,3,A*,,,15.548561767311973,37.9931036183934,3.523433509651171,67.02397086619939,23,28.610044965640633,64.46507822054207,77.6,71.72761081724805,0,0.0,19
23,3,NSGA-II,,Dengeli,15.844111421333722,38.51794682036594,3.6511050530304634,69.16284052772363,19,27.024168340550826,66.14954485055564,77.6,71.51482491161589,0,0.0,19
23,3,AffectEV,15.0,Dengeli,15.844111421333722,38.51794682036594,3.6511050530304634,69.16284052772363,19,27.024168340550826,66.14954485055564,77.6,71.51482491161589,0,0.0,19
23,3,AffectEV,30.0,Dengeli,15.844111421333722,38.51794682036594,3.6511050530304634,69.16284052772363,19,27.024168340550826,66.14954485055564,77.6,71.51482491161589,0,0.0,19
23,3,AffectEV,50.0,Dengeli,15.844111421333722,38.51794682036594,3.6511050530304634,69.16284052772363,19,27.024168340550826,66.14954485055564,77.6,71.51482491161589,0,0.0,19
23,3,AffectEV,65.0,Konfor,19.639823292458004,43.81174329625171,4.440986553037757,72.09762129573734,19,24.776931675129376,54.846496008619205,77.6,70.19835574493706,0,0.0,19
23,3,AffectEV,85.0,Konfor,19.639823292458004,43.81174329625171,4.440986553037757,72.09762129573734,19,24.776931675129376,54.846496008619205,77.6,70.19835574493706,0,0.0,19
24,3,Dijkstra,,,28.355075619484303,75.01003068280676,6.639630912963765,46.43905681525829,63,46.140566584297375,41.0938660472625,60.0,48.933948478393724,0,0.0,10
24,3,A*,,,31.39342358371912,52.38403889371646,6.277231545026205,67.32493670571078,31,29.549880757217444,41.550495335619935,60.0,49.53794742495632,0,0.0,10
24,3,NSGA-II,,Dengeli,31.39342358371912,52.38403889371646,6.277231545026205,67.32493670571078,31,29.549880757217444,41.550495335619935,60.0,49.53794742495632,0,0.0,10
24,3,AffectEV,15.0,Dengeli,31.39342358371912,52.38403889371646,6.277231545026205,67.32493670571078,31,29.549880757217444,41.550495335619935,60.0,49.53794742495632,0,0.0,10
24,3,AffectEV,30.0,Dengeli,31.39342358371912,52.38403889371646,6.277231545026205,67.32493670571078,31,29.549880757217444,41.550495335619935,60.0,49.53794742495632,0,0.0,10
24,3,AffectEV,50.0,Dengeli,31.39342358371912,52.38403889371646,6.277231545026205,67.32493670571078,31,29.549880757217444,41.550495335619935,60.0,49.53794742495632,0,0.0,10
24,3,AffectEV,65.0,Dengeli,31.39342358371912,52.38403889371646,6.277231545026205,67.32493670571078,31,29.549880757217444,41.550495335619935,60.0,49.53794742495632,0,0.0,10
24,3,AffectEV,85.0,Konfor,32.40334049103687,56.01395565496523,6.621363727081688,68.11419276689591,30,29.101550013913034,40.776711144650896,60.0,48.964393788197185,0,0.0,10
25,3,Dijkstra,,,22.02802455703555,40.237795275348255,4.605398259555985,70.9850590438425,22,25.262953212937546,52.180274961381194,84.3,76.62433623407335,0,0.0,34
25,3,A*,,,22.03064701851419,39.57321741123448,4.570813570957683,70.90018655063419,22,25.37562273014811,52.43563315160689,84.3,76.6819773817372,0,0.0,34
25,3,NSGA-II,,Verimlilik,22.03064701851419,39.57321741123448,4.570813570957683,70.90018655063419,22,25.37562273014811,52.43563315160689,84.3,76.6819773817372,0,0.0,34
25,3,AffectEV,15.0,Verimlilik,22.03064701851419,39.57321741123448,4.570813570957683,70.90018655063419,22,25.37562273014811,52.43563315160689,84.3,76.6819773817372,0,0.0,34
25,3,AffectEV,30.0,Verimlilik,22.03064701851419,39.57321741123448,4.570813570957683,70.90018655063419,22,25.37562273014811,52.43563315160689,84.3,76.6819773817372,0,0.0,34
25,3,AffectEV,50.0,Verimlilik,22.03064701851419,39.57321741123448,4.570813570957683,70.90018655063419,22,25.37562273014811,52.43563315160689,84.3,76.6819773817372,0,0.0,34
25,3,AffectEV,65.0,Konfor,26.298753700336672,45.53616752400904,5.503892053732407,74.9339461184728,17,23.109075447637586,48.166656236179605,84.3,75.12684657711264,0,0.0,34
25,3,AffectEV,85.0,Konfor,26.298753700336672,45.53616752400904,5.503892053732407,74.9339461184728,17,23.109075447637586,48.166656236179605,84.3,75.12684657711264,0,0.0,34
26,3,Dijkstra,,,12.699312958695026,33.99711288295705,3.0186833508519157,72.24676798692792,26,19.90012679751888,43.9159698690821,51.5,46.468861081913474,0,0.0,6
26,3,A*,,,12.839023999209624,20.26737028575667,2.473310644905509,83.73565814246618,11,10.188134487960099,38.53950755572895,51.5,47.37781559182415,0,0.0,6
26,3,NSGA-II,,Dengeli,12.839023999209624,20.26737028575667,2.473310644905509,83.73565814246618,11,10.188134487960099,38.53950755572895,51.5,47.37781559182415,0,0.0,6
26,3,AffectEV,15.0,Dengeli,12.839023999209624,20.26737028575667,2.473310644905509,83.73565814246618,11,10.188134487960099,38.53950755572895,51.5,47.37781559182415,0,0.0,6
26,3,AffectEV,30.0,Dengeli,12.839023999209624,20.26737028575667,2.473310644905509,83.73565814246618,11,10.188134487960099,38.53950755572895,51.5,47.37781559182415,0,0.0,6
26,3,AffectEV,50.0,Dengeli,12.839023999209624,20.26737028575667,2.473310644905509,83.73565814246618,11,10.188134487960099,38.53950755572895,51.5,47.37781559182415,0,0.0,6
26,3,AffectEV,65.0,Konfor,17.89292852739989,23.237899607330384,3.2607056378884494,84.48015320139795,10,10.450377956796167,36.92366705781596,51.5,46.06549060351925,0,0.0,6
26,3,AffectEV,85.0,Konfor,17.89292852739989,23.237899607330384,3.2607056378884494,84.48015320139795,10,10.450377956796167,36.92366705781596,51.5,46.06549060351925,0,0.0,6
27,3,Dijkstra,,,21.79446021612964,16.497033301674573,3.4311249911310013,90.3981430901237,2,6.33821257106934,33.5019656927775,48.9,43.181458348114994,0,0.0,1
27,3,A*,,,21.79446021612964,16.497033301674573,3.4311249911310013,90.3981430901237,2,6.33821257106934,33.5019656927775,48.9,43.181458348114994,0,0.0,1
27,3,NSGA-II,,Verimlilik,21.79446021612964,16.497033301674573,3.4311249911310013,90.3981430901237,2,6.33821257106934,33.5019656927775,48.9,43.181458348114994,0,0.0,1
27,3,AffectEV,15.0,Verimlilik,21.79446021612964,16.497033301674573,3.4311249911310013,90.3981430901237,2,6.33821257106934,33.5019656927775,48.9,43.181458348114994,0,0.0,1
27,3,AffectEV,30.0,Verimlilik,21.79446021612964,16.497033301674573,3.4311249911310013,90.3981430901237,2,6.33821257106934,33.5019656927775,48.9,43.181458348114994,0,0.0,1
27,3,AffectEV,50.0,Verimlilik,21.79446021612964,16.497033301674573,3.4311249911310013,90.3981430901237,2,6.33821257106934,33.5019656927775,48.9,43.181458348114994,0,0.0,1
27,3,AffectEV,65.0,Verimlilik,21.79446021612964,16.497033301674573,3.4311249911310013,90.3981430901237,2,6.33821257106934,33.5019656927775,48.9,43.181458348114994,0,0.0,1
27,3,AffectEV,85.0,Verimlilik,21.79446021612964,16.497033301674573,3.4311249911310013,90.3981430901237,2,6.33821257106934,33.5019656927775,48.9,43.181458348114994,0,0.0,1
28,3,Dijkstra,,,18.460401315711664,58.08489765491923,4.4363045617491546,48.76520903404971,47,48.446480046965156,66.00423475930373,55.0,47.606159063751406,0,0.0,55
28,3,A*,,,21.02615178452642,49.08224383327671,4.8005707093255205,65.76914801055842,23,33.34173066726248,63.64166394631416,55.0,46.9990488177908,0,0.0,55
28,3,NSGA-II,,Dengeli,20.147164274184785,49.29604333190994,4.61715171337746,64.21101873222665,26,34.180773604701585,62.67374593181439,55.0,47.3047471443709,0,0.0,55
28,3,AffectEV,15.0,Dengeli,20.147164274184785,49.29604333190994,4.61715171337746,64.21101873222665,26,34.180773604701585,62.67374593181439,55.0,47.3047471443709,0,0.0,55
28,3,AffectEV,30.0,Dengeli,20.147164274184785,49.29604333190994,4.61715171337746,64.21101873222665,26,34.180773604701585,62.67374593181439,55.0,47.3047471443709,0,0.0,55
28,3,AffectEV,50.0,Dengeli,20.147164274184785,49.29604333190994,4.61715171337746,64.21101873222665,26,34.180773604701585,62.67374593181439,55.0,47.3047471443709,0,0.0,55
28,3,AffectEV,65.0,Konfor,22.782016814419656,50.384899800042525,5.143751340029456,67.49472671359929,21,32.00576036933708,62.01772587799792,55.0,46.427081099950904,0,0.0,55
28,3,AffectEV,85.0,Konfor,22.782016814419656,50.384899800042525,5.143751340029456,67.49472671359929,21,32.00576036933708,62.01772587799792,55.0,46.427081099950904,0,0.0,55
29,3,Dijkstra,,,27.808952954184285,62.79533069562636,6.30698083208696,61.41075431982343,41,32.59205411606377,41.558147226787185,83.3,72.78836527985507,0,0.0,15
29,3,A*,,,30.864933734716075,40.282369451092954,5.69365412027008,76.83566584037048,19,20.182570929826422,38.047814403407955,83.3,73.81057646621653,0,0.0,15
29,3,NSGA-II,,Dengeli,30.864933734716075,40.282369451092954,5.69365412027008,76.83566584037048,19,20.182570929826422,38.047814403407955,83.3,73.81057646621653,0,0.0,15
29,3,AffectEV,15.0,Dengeli,30.864933734716075,40.282369451092954,5.69365412027008,76.83566584037048,19,20.182570929826422,38.047814403407955,83.3,73.81057646621653,0,0.0,15
29,3,AffectEV,30.0,Dengeli,30.864933734716075,40.282369451092954,5.69365412027008,76.83566584037048,19,20.182570929826422,38.047814403407955,83.3,73.81057646621653,0,0.0,15
29,3,AffectEV,50.0,Dengeli,30.864933734716075,40.282369451092954,5.69365412027008,76.83566584037048,19,20.182570929826422,38.047814403407955,83.3,73.81057646621653,0,0.0,15
29,3,AffectEV,65.0,Dengeli,30.864933734716075,40.282369451092954,5.69365412027008,76.83566584037048,19,20.182570929826422,38.047814403407955,83.3,73.81057646621653,0,0.0,15
29,3,AffectEV,85.0,Dengeli,30.864933734716075,40.282369451092954,5.69365412027008,76.83566584037048,19,20.182570929826422,38.047814403407955,83.3,73.81057646621653,0,0.0,15
30,3,Dijkstra,,,12.229927210030283,45.70592572698419,3.0794860650194016,56.05847351566515,40,38.02143480158013,62.67548021930405,39.6,34.467523224967664,0,0.0,17
30,3,A*,,,13.47065700463713,30.33197435376818,2.9545257759529555,69.48615984873828,21,25.00379523149471,62.56350790906647,39.6,34.67579037341174,0,0.0,17
30,3,NSGA-II,,Dengeli,13.47065700463713,30.33197435376818,2.9545257759529555,69.48615984873828,21,25.00379523149471,62.56350790906647,39.6,34.67579037341174,0,0.0,17
30,3,AffectEV,15.0,Dengeli,13.47065700463713,30.33197435376818,2.9545257759529555,69.48615984873828,21,25.00379523149471,62.56350790906647,39.6,34.67579037341174,0,0.0,17
30,3,AffectEV,30.0,Dengeli,13.47065700463713,30.33197435376818,2.9545257759529555,69.48615984873828,21,25.00379523149471,62.56350790906647,39.6,34.67579037341174,0,0.0,17
30,3,AffectEV,50.0,Dengeli,13.47065700463713,30.33197435376818,2.9545257759529555,69.48615984873828,21,25.00379523149471,62.56350790906647,39.6,34.67579037341174,0,0.0,17
30,3,AffectEV,65.0,Dengeli,13.47065700463713,30.33197435376818,2.9545257759529555,69.48615984873828,21,25.00379523149471,62.56350790906647,39.6,34.67579037341174,0,0.0,17
30,3,AffectEV,85.0,Konfor,13.53528201395505,31.864213877477717,3.0449746773132884,70.12030618901552,21,24.072731750822253,60.78937142868901,39.6,34.525042204477856,0,0.0,17
31,3,Dijkstra,,,14.323717146044785,37.22391547283866,3.3363014005986065,69.78802187941204,23,24.50313537950241,56.80518753368617,31.4,25.839497665668986,0,0.0,11
31,3,A*,,,19.537721627838256,36.34457612425307,4.126266866994635,73.26658125761946,15,23.825537659640162,60.42878722244242,31.4,24.52288855500894,0,0.0,11
31,3,NSGA-II,,Dengeli,14.47778672685508,36.52944277831638,3.347108806782923,70.78030083139365,22,23.59086584156385,55.71219708068597,31.4,25.821485322028458,0,0.0,11
31,3,AffectEV,15.0,Dengeli,14.47778672685508,36.52944277831638,3.347108806782923,70.78030083139365,22,23.59086584156385,55.71219708068597,31.4,25.821485322028458,0,0.0,11
31,3,AffectEV,30.0,Dengeli,14.47778672685508,36.52944277831638,3.347108806782923,70.78030083139365,22,23.59086584156385,55.71219708068597,31.4,25.821485322028458,0,0.0,11
31,3,AffectEV,50.0,Konfor,21.53532543521432,37.345916866771546,4.480827115178661,75.45429459622392,11,23.199296935414292,60.42958161575897,31.4,23.931954808035563,0,0.0,11
31,3,AffectEV,65.0,Konfor,21.53532543521432,37.345916866771546,4.480827115178661,75.45429459622392,11,23.199296935414292,60.42958161575897,31.4,23.931954808035563,0,0.0,11
31,3,AffectEV,85.0,Konfor,21.53532543521432,37.345916866771546,4.480827115178661,75.45429459622392,11,23.199296935414292,60.42958161575897,31.4,23.931954808035563,0,0.0,11
32,3,Dijkstra,,,19.825906595588897,22.58516542580858,3.530829479093548,84.80998154322555,11,10.543010393403481,32.635576693767085,46.9,41.01528420151075,0,0.0,7
32,3,A*,,,21.17826428118149,20.796285246181515,3.6769680663223383,89.20243990233858,5,7.0540839782644715,30.906674520910386,46.9,40.771719889462766,0,0.0,7
32,3,NSGA-II,,Dengeli,21.17826428118149,20.796285246181515,3.6769680663223383,89.20243990233858,5,7.0540839782644715,30.906674520910386,46.9,40.771719889462766,0,0.0,7
32,3,AffectEV,15.0,Verimlilik,19.825906595588897,22.58516542580858,3.530829479093548,84.80998154322555,11,10.543010393403481,32.635576693767085,46.9,41.01528420151075,0,0.0,7
32,3,AffectEV,30.0,Dengeli,21.17826428118149,20.796285246181515,3.6769680663223383,89.20243990233858,5,7.0540839782644715,30.906674520910386,46.9,40.771719889462766,0,0.0,7
32,3,AffectEV,50.0,Dengeli,21.17826428118149,20.796285246181515,3.6769680663223383,89.20243990233858,5,7.0540839782644715,30.906674520910386,46.9,40.771719889462766,0,0.0,7
32,3,AffectEV,65.0,Dengeli,21.17826428118149,20.796285246181515,3.6769680663223383,89.20243990233858,5,7.0540839782644715,30.906674520910386,46.9,40.771719889462766,0,0.0,7
32,3,AffectEV,85.0,Dengeli,21.17826428118149,20.796285246181515,3.6769680663223383,89.20243990233858,5,7.0540839782644715,30.906674520910386,46.9,40.771719889462766,0,0.0,7
33,3,Dijkstra,,,24.10993819189053,59.58065050344337,5.387960405975201,53.29573382717108,46,43.726191552291766,52.93204353570696,59.2,50.220065990041334,0,0.0,55
33,3,A*,,,27.628601220988152,46.867431352117755,5.5901987351104685,67.87940310253236,25,30.88315053899826,51.77825867884075,59.2,49.88300210814922,0,0.0,55
33,3,NSGA-II,,Dengeli,26.14311574385821,47.72248498731579,5.396245650631289,66.33532427828325,28,31.497787178963083,51.076697840139154,59.2,50.20625724894786,0,0.0,55
33,3,AffectEV,15.0,Dengeli,26.14311574385821,47.72248498731579,5.396245650631289,66.33532427828325,28,31.497787178963083,51.076697840139154,59.2,50.20625724894786,0,0.0,55
33,3,AffectEV,30.0,Dengeli,26.14311574385821,47.72248498731579,5.396245650631289,66.33532427828325,28,31.497787178963083,51.076697840139154,59.2,50.20625724894786,0,0.0,55
33,3,AffectEV,50.0,Dengeli,26.14311574385821,47.72248498731579,5.396245650631289,66.33532427828325,28,31.497787178963083,51.076697840139154,59.2,50.20625724894786,0,0.0,55
33,3,AffectEV,65.0,Konfor,31.99227121676087,51.47642714347591,6.3523101276924585,72.05748476492896,20,27.93120707719185,47.81576555956743,59.2,48.61281645384591,0,0.0,55
33,3,AffectEV,85.0,Konfor,31.99227121676087,51.47642714347591,6.3523101276924585,72.05748476492896,20,27.93120707719185,47.81576555956743,59.2,48.61281645384591,0,0.0,55
34,3,Dijkstra,,,22.930481410336732,52.74376699768085,5.211366391137554,65.71635561545682,31,29.694486538074926,49.37649211560351,59.5,50.81438934810407,0,0.0,17
34,3,A*,,,33.56353502613921,41.11922069047584,6.117924819454978,79.42701199650746,15,19.000199386642265,36.86464093749931,59.5,49.30345863424171,0,0.0,17
34,3,NSGA-II,,Dengeli,33.56353502613921,41.11922069047584,6.117924819454978,79.42701199650746,15,19.000199386642265,36.86464093749931,59.5,49.30345863424171,0,0.0,17
34,3,AffectEV,15.0,Verimlilik,23.22641566193761,44.47955039205818,4.947164371528088,71.37771695869063,22,25.36330930030316,50.066451256092144,59.5,51.25472604745319,0,0.0,17
34,3,AffectEV,30.0,Dengeli,33.56353502613921,41.11922069047584,6.117924819454978,79.42701199650746,15,19.000199386642265,36.86464093749931,59.5,49.30345863424171,0,0.0,17
34,3,AffectEV,50.0,Dengeli,33.56353502613921,41.11922069047584,6.117924819454978,79.42701199650746,15,19.000199386642265,36.86464093749931,59.5,49.30345863424171,0,0.0,17
34,3,AffectEV,65.0,Dengeli,33.56353502613921,41.11922069047584,6.117924819454978,79.42701199650746,15,19.000199386642265,36.86464093749931,59.5,49.30345863424171,0,0.0,17
34,3,AffectEV,85.0,Dengeli,33.56353502613921,41.11922069047584,6.117924819454978,79.42701199650746,15,19.000199386642265,36.86464093749931,59.5,49.30345863424171,0,0.0,17
35,3,Dijkstra,,,32.290262346665294,80.10639371128154,7.149908887682072,38.582839082059714,64,61.36986380341911,55.0310088845728,63.8,51.88348518719654,0,0.0,92
35,3,A*,,,57.101675885853766,52.84188849602825,9.474123546772493,81.22748019585507,7,24.30680137704849,39.90239695515195,63.8,48.00979408871251,0,0.0,92
35,3,NSGA-II,,Dengeli,57.101675885853766,52.84188849602825,9.474123546772493,81.22748019585507,7,24.30680137704849,39.90239695515195,63.8,48.00979408871251,0,0.0,92
35,3,AffectEV,15.0,Dengeli,57.101675885853766,52.84188849602825,9.474123546772493,81.22748019585507,7,24.30680137704849,39.90239695515195,63.8,48.00979408871251,0,0.0,92
35,3,AffectEV,30.0,Dengeli,57.101675885853766,52.84188849602825,9.474123546772493,81.22748019585507,7,24.30680137704849,39.90239695515195,63.8,48.00979408871251,0,0.0,92
35,3,AffectEV,50.0,Dengeli,57.101675885853766,52.84188849602825,9.474123546772493,81.22748019585507,7,24.30680137704849,39.90239695515195,63.8,48.00979408871251,0,0.0,92
35,3,AffectEV,65.0,Dengeli,57.101675885853766,52.84188849602825,9.474123546772493,81.22748019585507,7,24.30680137704849,39.90239695515195,63.8,48.00979408871251,0,0.0,92
35,3,AffectEV,85.0,Konfor,60.18218480429972,58.42543875349489,10.303552665182067,83.48643626947148,7,20.424299462357375,34.43136945910655,63.8,46.627412224696556,0,0.0,92
36,3,Dijkstra,,,15.54634367544098,49.51074295953385,3.6645689690986103,52.97702117009822,44,42.33656164043896,61.61005168885046,86.5,80.39238505150232,0,0.0,45
36,3,A*,,,25.12810284566913,42.15759160381844,4.903213946872625,73.25475601852285,21,24.816421543332215,44.0015875923874,86.5,78.32797675521229,0,0.0,45
36,3,NSGA-II,,Dengeli,16.66223566171182,42.58683560424479,3.8100911906179,62.316498132798884,29,34.08654709521637,64.78768869318104,86.5,80.14984801563683,0,0.0,45
36,3,AffectEV,15.0,Dengeli,16.66223566171182,42.58683560424479,3.8100911906179,62.316498132798884,29,34.08654709521637,64.78768869318104,86.5,80.14984801563683,0,0.0,45
36,3,AffectEV,30.0,Dengeli,16.66223566171182,42.58683560424479,3.8100911906179,62.316498132798884,29,34.08654709521637,64.78768869318104,86.5,80.14984801563683,0,0.0,45
36,3,AffectEV,50.0,Konfor,25.12837471486669,43.140951490055286,4.951939888121048,73.33373658850672,21,24.686040113358263,43.802256887429,86.5,78.24676685313159,0,0.0,45
36,3,AffectEV,65.0,Konfor,25.12837471486669,43.140951490055286,4.951939888121048,73.33373658850672,21,24.686040113358263,43.802256887429,86.5,78.24676685313159,0,0.0,45
36,3,AffectEV,85.0,Konfor,25.12837471486669,43.140951490055286,4.951939888121048,73.33373658850672,21,24.686040113358263,43.802256887429,86.5,78.24676685313159,0,0.0,45
37,3,Dijkstra,,,35.885842352077866,67.88959656985163,8.004856051104449,77.75512047439906,16,20.728079166298993,40.13227887855622,68.3,54.95857324815925,0,0.0,12
37,3,A*,,,43.02924166665217,60.78820841880476,8.28327537758448,74.65298153984563,23,23.144504605780707,34.518335392100795,68.3,54.4945410373592,0,0.0,12
37,3,NSGA-II,,Verimlilik,35.885842352077866,67.88959656985163,8.004856051104449,77.75512047439906,16,20.728079166298993,40.13227887855622,68.3,54.95857324815925,0,0.0,12
37,3,AffectEV,15.0,Verimlilik,35.885842352077866,67.88959656985163,8.004856051104449,77.75512047439906,16,20.728079166298993,40.13227887855622,68.3,54.95857324815925,0,0.0,12
37,3,AffectEV,30.0,Verimlilik,35.885842352077866,67.88959656985163,8.004856051104449,77.75512047439906,16,20.728079166298993,40.13227887855622,68.3,54.95857324815925,0,0.0,12
37,3,AffectEV,50.0,Verimlilik,35.885842352077866,67.88959656985163,8.004856051104449,77.75512047439906,16,20.728079166298993,40.13227887855622,68.3,54.95857324815925,0,0.0,12
37,3,AffectEV,65.0,Konfor,46.20315509841495,69.81997158506496,9.308979382070499,78.72430572147479,17,19.75606120013077,34.244379592429844,68.3,52.785034363215836,0,0.0,12
37,3,AffectEV,85.0,Konfor,46.20315509841495,69.81997158506496,9.308979382070499,78.72430572147479,17,19.75606120013077,34.244379592429844,68.3,52.785034363215836,0,0.0,12
38,3,Dijkstra,,,21.96282146541537,45.34024888655102,4.714100923770458,65.14057669682252,34,29.103981073665054,45.6411449053898,85.0,77.14316512704924,0,0.0,57
38,3,A*,,,22.6362657970985,43.13782261644168,4.77821893968518,68.56863428880993,29,26.308238900305536,45.19447020549205,85.0,77.03630176719136,0,0.0,57
38,3,NSGA-II,,Dengeli,22.6362657970985,43.13782261644168,4.77821893968518,68.56863428880993,29,26.308238900305536,45.19447020549205,85.0,77.03630176719136,0,0.0,57
38,3,AffectEV,15.0,Dengeli,22.6362657970985,43.13782261644168,4.77821893968518,68.56863428880993,29,26.308238900305536,45.19447020549205,85.0,77.03630176719136,0,0.0,57
38,3,AffectEV,30.0,Dengeli,22.6362657970985,43.13782261644168,4.77821893968518,68.56863428880993,29,26.308238900305536,45.19447020549205,85.0,77.03630176719136,0,0.0,57
38,3,AffectEV,50.0,Dengeli,22.6362657970985,43.13782261644168,4.77821893968518,68.56863428880993,29,26.308238900305536,45.19447020549205,85.0,77.03630176719136,0,0.0,57
38,3,AffectEV,65.0,Konfor,38.693465380121374,53.664319880756,7.361900646692945,76.293971100314,21,21.12334421454067,34.345128176618985,85.0,72.7301655888451,0,0.0,57
38,3,AffectEV,85.0,Konfor,38.693465380121374,53.664319880756,7.361900646692945,76.293971100314,21,21.12334421454067,34.345128176618985,85.0,72.7301655888451,0,0.0,57
39,3,Dijkstra,,,17.06329866686855,55.958137772745076,4.179252770527489,51.30940566931416,50,42.64590957900058,54.48410728492832,66.0,59.03457871578752,0,0.0,61
39,3,A*,,,25.78908207796405,39.857546910393914,5.049336641732802,77.6968588163426,13,21.05729097463104,47.42976945634045,66.0,57.58443893044533,0,0.0,61
39,3,NSGA-II,,Dengeli,19.86399117943281,43.373698382017466,4.383589041879401,65.79564706187898,28,30.041827181273867,55.95902391869429,66.0,58.69401826353433,0,0.0,61
39,3,AffectEV,15.0,Dengeli,19.86399117943281,43.373698382017466,4.383589041879401,65.79564706187898,28,30.041827181273867,55.95902391869429,66.0,58.69401826353433,0,0.0,61
39,3,AffectEV,30.0,Dengeli,19.86399117943281,43.373698382017466,4.383589041879401,65.79564706187898,28,30.041827181273867,55.95902391869429,66.0,58.69401826353433,0,0.0,61
39,3,AffectEV,50.0,Konfor,25.78908207796405,39.857546910393914,5.049336641732802,77.6968588163426,13,21.05729097463104,47.42976945634045,66.0,57.58443893044533,0,0.0,61
39,3,AffectEV,65.0,Konfor,25.78908207796405,39.857546910393914,5.049336641732802,77.6968588163426,13,21.05729097463104,47.42976945634045,66.0,57.58443893044533,0,0.0,61
39,3,AffectEV,85.0,Konfor,25.78908207796405,39.857546910393914,5.049336641732802,77.6968588163426,13,21.05729097463104,47.42976945634045,66.0,57.58443893044533,0,0.0,61
40,3,Dijkstra,,,24.860773582720817,56.93493178470397,5.506527937566005,58.925108824889364,39,37.40146500889683,51.772258362207914,76.0,66.82245343739,0,0.0,48
40,3,A*,,,40.39949093428006,44.48754822575578,7.051250084784289,78.23759911548083,15,21.34824454160472,39.28963761018872,76.0,64.24791652535951,0,0.0,48
40,3,NSGA-II,,Dengeli,40.39949093428006,44.48754822575578,7.051250084784289,78.23759911548083,15,21.34824454160472,39.28963761018872,76.0,64.24791652535951,0,0.0,48
40,3,AffectEV,15.0,Verimlilik,26.861827569681413,47.060284695225235,5.265592590934675,65.38692473772413,29,34.05944213296073,49.47621311193826,76.0,67.22401234844222,0,0.0,48
40,3,AffectEV,30.0,Dengeli,40.39949093428006,44.48754822575578,7.051250084784289,78.23759911548083,15,21.34824454160472,39.28963761018872,76.0,64.24791652535951,0,0.0,48
40,3,AffectEV,50.0,Dengeli,40.39949093428006,44.48754822575578,7.051250084784289,78.23759911548083,15,21.34824454160472,39.28963761018872,76.0,64.24791652535951,0,0.0,48
40,3,AffectEV,65.0,Dengeli,40.39949093428006,44.48754822575578,7.051250084784289,78.23759911548083,15,21.34824454160472,39.28963761018872,76.0,64.24791652535951,0,0.0,48
40,3,AffectEV,85.0,Dengeli,40.39949093428006,44.48754822575578,7.051250084784289,78.23759911548083,15,21.34824454160472,39.28963761018872,76.0,64.24791652535951,0,0.0,48
41,3,Dijkstra,,,15.652162516574279,50.84597233716945,3.8332879234653543,55.51150017974258,42,38.78555095617831,59.26417266701962,66.4,60.011186794224415,0,0.0,16
41,3,A*,,,16.99189854487929,41.60118790183558,3.865804989891609,65.04116205000724,26,31.099570603822283,63.144833844230334,66.4,59.95699168351399,0,0.0,16
41,3,NSGA-II,,Dengeli,16.99189854487929,41.60118790183558,3.865804989891609,65.04116205000724,26,31.099570603822283,63.144833844230334,66.4,59.95699168351399,0,0.0,16
41,3,AffectEV,15.0,Dengeli,16.99189854487929,41.60118790183558,3.865804989891609,65.04116205000724,26,31.099570603822283,63.144833844230334,66.4,59.95699168351399,0,0.0,16
41,3,AffectEV,30.0,Dengeli,16.99189854487929,41.60118790183558,3.865804989891609,65.04116205000724,26,31.099570603822283,63.144833844230334,66.4,59.95699168351399,0,0.0,16
41,3,AffectEV,50.0,Dengeli,16.99189854487929,41.60118790183558,3.865804989891609,65.04116205000724,26,31.099570603822283,63.144833844230334,66.4,59.95699168351399,0,0.0,16
41,3,AffectEV,65.0,Konfor,17.786234396557102,42.329460910248486,4.047908590216899,66.15030475656097,24,30.60468429484532,63.34144977492715,66.4,59.65348568297184,0,0.0,16
41,3,AffectEV,85.0,Konfor,17.786234396557102,42.329460910248486,4.047908590216899,66.15030475656097,24,30.60468429484532,63.34144977492715,66.4,59.65348568297184,0,0.0,16
42,3,Dijkstra,,,23.44933666717482,50.74701091765563,5.012703097445908,64.35274284285433,35,31.183491533241767,43.96104848586573,67.7,59.34549483759015,0,0.0,62
42,3,A*,,,25.2473721497051,40.79067503976567,5.072316229196495,76.46967005350118,17,20.426093023912742,44.51251019662497,67.7,59.24613961800584,0,0.0,62
42,3,NSGA-II,,Dengeli,25.2473721497051,40.79067503976567,5.072316229196495,76.46967005350118,17,20.426093023912742,44.51251019662497,67.7,59.24613961800584,0,0.0,62
42,3,AffectEV,15.0,Dengeli,25.2473721497051,40.79067503976567,5.072316229196495,76.46967005350118,17,20.426093023912742,44.51251019662497,67.7,59.24613961800584,0,0.0,62
42,3,AffectEV,30.0,Dengeli,25.2473721497051,40.79067503976567,5.072316229196495,76.46967005350118,17,20.426093023912742,44.51251019662497,67.7,59.24613961800584,0,0.0,62
42,3,AffectEV,50.0,Dengeli,25.2473721497051,40.79067503976567,5.072316229196495,76.46967005350118,17,20.426093023912742,44.51251019662497,67.7,59.24613961800584,0,0.0,62
42,3,AffectEV,65.0,Dengeli,25.2473721497051,40.79067503976567,5.072316229196495,76.46967005350118,17,20.426093023912742,44.51251019662497,67.7,59.24613961800584,0,0.0,62
42,3,AffectEV,85.0,Konfor,26.00399611222941,46.27755778529274,5.460789219549186,77.36932604081294,17,19.383063761409396,41.57877415382124,67.7,58.59868463408469,0,0.0,62
43,3,Dijkstra,,,15.080656660003548,31.7236412044959,3.2390382529807447,72.97998043405481,20,21.089937594282688,53.46519143830192,69.3,63.90160291169876,0,0.0,17
43,3,A*,,,15.144073785841908,30.82497417397482,3.2022745586536745,72.99891993600372,20,21.0791809313749,53.386628922919044,69.3,63.96287573557721,0,0.0,17
43,3,NSGA-II,,Dengeli,15.142150433592976,31.568305145968445,3.2410395706370885,73.12958864381929,20,20.94166687001185,52.93955647588575,69.3,63.89826738227151,0,0.0,17
43,3,AffectEV,15.0,Verimlilik,15.087481534729015,30.856313294334072,3.194101403354418,72.89840563830631,20,21.173756278972466,53.74733739000968,69.3,63.97649766107597,0,0.0,17
43,3,AffectEV,30.0,Dengeli,15.142150433592976,31.568305145968445,3.2410395706370885,73.12958864381929,20,20.94166687001185,52.93955647588575,69.3,63.89826738227151,0,0.0,17
43,3,AffectEV,50.0,Dengeli,15.142150433592976,31.568305145968445,3.2410395706370885,73.12958864381929,20,20.94166687001185,52.93955647588575,69.3,63.89826738227151,0,0.0,17
43,3,AffectEV,65.0,Konfor,17.631086148901336,38.72395563846708,3.9293280106367914,73.29971529269986,19,21.96275463056251,53.05729159065691,69.3,62.75111998227201,0,0.0,17
43,3,AffectEV,85.0,Konfor,17.631086148901336,38.72395563846708,3.9293280106367914,73.29971529269986,19,21.96275463056251,53.05729159065691,69.3,62.75111998227201,0,0.0,17
44,3,Dijkstra,,,12.448359452641155,42.45926233530312,2.996361706889468,54.94005613031043,41,38.59164027084001,64.91225894218782,70.1,65.10606382185088,0,0.0,24
44,3,A*,,,12.636568951763449,35.528522386572675,2.944418093767682,63.08400593615699,29,30.86201838315351,65.78694274448476,70.1,65.19263651038719,0,0.0,24
44,3,NSGA-II,,Dengeli,12.636568951763449,35.528522386572675,2.944418093767682,63.08400593615699,29,30.86201838315351,65.78694274448476,70.1,65.19263651038719,0,0.0,24
44,3,AffectEV,15.0,Dengeli,12.636568951763449,35.528522386572675,2.944418093767682,63.08400593615699,29,30.86201838315351,65.78694274448476,70.1,65.19263651038719,0,0.0,24
44,3,AffectEV,30.0,Dengeli,12.636568951763449,35.528522386572675,2.944418093767682,63.08400593615699,29,30.86201838315351,65.78694274448476,70.1,65.19263651038719,0,0.0,24
44,3,AffectEV,50.0,Dengeli,12.636568951763449,35.528522386572675,2.944418093767682,63.08400593615699,29,30.86201838315351,65.78694274448476,70.1,65.19263651038719,0,0.0,24
44,3,AffectEV,65.0,Konfor,15.36748642406191,37.475581343090944,3.483992598347629,65.22651865104201,26,29.933321073856195,63.96742513400563,70.1,64.29334566942062,0,0.0,24
44,3,AffectEV,85.0,Konfor,15.36748642406191,37.475581343090944,3.483992598347629,65.22651865104201,26,29.933321073856195,63.96742513400563,70.1,64.29334566942062,0,0.0,24
45,3,Dijkstra,,,25.56201805383672,70.46006387187111,5.989646243462034,44.82730158896521,49,57.67073336492709,66.85739200778328,46.8,36.817256260896606,0,0.0,39
45,3,A*,,,44.27868376405925,46.273436449696014,7.548759918539979,79.95724253750534,11,21.863445397656974,39.91861921598786,46.8,34.21873346910003,0,0.0,39
45,3,NSGA-II,,Dengeli,44.27868376405925,46.273436449696014,7.548759918539979,79.95724253750534,11,21.863445397656974,39.91861921598786,46.8,34.21873346910003,0,0.0,39
45,3,AffectEV,15.0,Verimlilik,26.38718491631882,66.0021276830305,5.9058817414651195,47.18391015059194,47,54.95100754029639,64.15393793659572,46.8,36.9568637642248,0,0.0,39
45,3,AffectEV,30.0,Dengeli,44.27868376405925,46.273436449696014,7.548759918539979,79.95724253750534,11,21.863445397656974,39.91861921598786,46.8,34.21873346910003,0,0.0,39
45,3,AffectEV,50.0,Dengeli,44.27868376405925,46.273436449696014,7.548759918539979,79.95724253750534,11,21.863445397656974,39.91861921598786,46.8,34.21873346910003,0,0.0,39
45,3,AffectEV,65.0,Dengeli,44.27868376405925,46.273436449696014,7.548759918539979,79.95724253750534,11,21.863445397656974,39.91861921598786,46.8,34.21873346910003,0,0.0,39
45,3,AffectEV,85.0,Dengeli,44.27868376405925,46.273436449696014,7.548759918539979,79.95724253750534,11,21.863445397656974,39.91861921598786,46.8,34.21873346910003,0,0.0,39
46,3,Dijkstra,,,14.765837459808974,45.38867256608179,3.510531754069972,58.367798496390506,34,37.498260400390514,66.91361691746171,63.3,57.449113743216714,0,0.0,39
46,3,A*,,,15.348897599347689,33.1572291746832,3.285583800006421,67.47746164980086,20,29.013169658638486,69.09293726303798,63.3,57.82402699998929,0,0.0,39
46,3,NSGA-II,,Dengeli,15.24322381918536,33.30900459586478,3.3189182138249715,68.45158438040819,19,27.8254140171207,68.503957072278,63.3,57.768469643625046,0,0.0,39
46,3,AffectEV,15.0,Verimlilik,15.348897599347689,33.1572291746832,3.285583800006421,67.47746164980086,20,29.013169658638486,69.09293726303798,63.3,57.82402699998929,0,0.0,39
46,3,AffectEV,30.0,Dengeli,15.24322381918536,33.30900459586478,3.3189182138249715,68.45158438040819,19,27.8254140171207,68.503957072278,63.3,57.768469643625046,0,0.0,39
46,3,AffectEV,50.0,Dengeli,15.24322381918536,33.30900459586478,3.3189182138249715,68.45158438040819,19,27.8254140171207,68.503957072278,63.3,57.768469643625046,0,0.0,39
46,3,AffectEV,65.0,Konfor,20.216797441235016,41.130771735766274,4.391496514662847,72.00857564753821,16,26.263633289724968,60.561671827721526,63.3,55.98083914222859,0,0.0,39
46,3,AffectEV,85.0,Konfor,20.216797441235016,41.130771735766274,4.391496514662847,72.00857564753821,16,26.263633289724968,60.561671827721526,63.3,55.98083914222859,0,0.0,39
47,3,Dijkstra,,,19.20224016298778,50.82165852840319,4.436268528831988,59.449768253253126,39,35.138130479652524,52.543963014255596,61.0,53.60621911861335,0,0.0,33
47,3,A*,,,22.112640227385736,40.332284031251184,4.502335105456149,69.03440606641368,27,26.464405008480586,47.63136215521075,61.0,53.49610815757308,0,0.0,33
47,3,NSGA-II,,Dengeli,21.555000488246574,41.37225225849129,4.436667143444298,67.95687071960909,29,27.117712671571635,47.0390773945971,61.0,53.60555476092617,0,0.0,33
47,3,AffectEV,15.0,Dengeli,21.555000488246574,41.37225225849129,4.436667143444298,67.95687071960909,29,27.117712671571635,47.0390773945971,61.0,53.60555476092617,0,0.0,33
47,3,AffectEV,30.0,Dengeli,21.555000488246574,41.37225225849129,4.436667143444298,67.95687071960909,29,27.117712671571635,47.0390773945971,61.0,53.60555476092617,0,0.0,33
47,3,AffectEV,50.0,Dengeli,21.555000488246574,41.37225225849129,4.436667143444298,67.95687071960909,29,27.117712671571635,47.0390773945971,61.0,53.60555476092617,0,0.0,33
47,3,AffectEV,65.0,Konfor,22.20779892614831,41.82456261530256,4.583865175503587,69.88430926724772,26,25.630220018908794,47.133123635398285,61.0,53.36022470749402,0,0.0,33
47,3,AffectEV,85.0,Konfor,22.20779892614831,41.82456261530256,4.583865175503587,69.88430926724772,26,25.630220018908794,47.133123635398285,61.0,53.36022470749402,0,0.0,33
48,3,Dijkstra,,,18.664831703964754,48.7520406948261,4.3831831089122115,64.91863791209141,35,28.874231793516987,44.59546274926741,49.1,41.79469481847965,0,0.0,18
48,3,A*,,,19.36885324706684,44.688516034038535,4.419574958543997,70.07330683392894,27,24.510513968025016,45.367694878317806,49.1,41.73404173576001,0,0.0,18
48,3,NSGA-II,,Dengeli,19.75063552017423,44.730468876071335,4.4991233809346225,71.3278280989737,25,23.685510121660972,45.33259432264003,49.1,41.60146103177563,0,0.0,18
48,3,AffectEV,15.0,Dengeli,19.75063552017423,44.730468876071335,4.4991233809346225,71.3278280989737,25,23.685510121660972,45.33259432264003,49.1,41.60146103177563,0,0.0,18
48,3,AffectEV,30.0,Dengeli,19.75063552017423,44.730468876071335,4.4991233809346225,71.3278280989737,25,23.685510121660972,45.33259432264003,49.1,41.60146103177563,0,0.0,18
48,3,AffectEV,50.0,Dengeli,19.75063552017423,44.730468876071335,4.4991233809346225,71.3278280989737,25,23.685510121660972,45.33259432264003,49.1,41.60146103177563,0,0.0,18
48,3,AffectEV,65.0,Dengeli,19.75063552017423,44.730468876071335,4.4991233809346225,71.3278280989737,25,23.685510121660972,45.33259432264003,49.1,41.60146103177563,0,0.0,18
48,3,AffectEV,85.0,Konfor,21.087086499197653,46.699127803374914,4.8029409188312355,72.06693195444828,24,23.3174545148412,44.68915845549679,49.1,41.09509846861461,0,0.0,18
49,3,Dijkstra,,,22.65431248481913,76.7457314005022,5.462337322802446,33.5351846581399,74,61.895601248580654,54.480674836429536,58.4,49.296104461995924,0,0.0,4
49,3,A*,,,29.71921623353516,28.98693080346804,5.008354281586907,85.1187001921248,7,13.328711417543673,36.913431913060485,58.4,50.05274286402182,0,0.0,4
49,3,NSGA-II,,Dengeli,29.71921623353516,28.98693080346804,5.008354281586907,85.1187001921248,7,13.328711417543673,36.913431913060485,58.4,50.05274286402182,0,0.0,4
49,3,AffectEV,15.0,Dengeli,29.71921623353516,28.98693080346804,5.008354281586907,85.1187001921248,7,13.328711417543673,36.913431913060485,58.4,50.05274286402182,0,0.0,4
49,3,AffectEV,30.0,Dengeli,29.71921623353516,28.98693080346804,5.008354281586907,85.1187001921248,7,13.328711417543673,36.913431913060485,58.4,50.05274286402182,0,0.0,4
49,3,AffectEV,50.0,Dengeli,29.71921623353516,28.98693080346804,5.008354281586907,85.1187001921248,7,13.328711417543673,36.913431913060485,58.4,50.05274286402182,0,0.0,4
49,3,AffectEV,65.0,Dengeli,29.71921623353516,28.98693080346804,5.008354281586907,85.1187001921248,7,13.328711417543673,36.913431913060485,58.4,50.05274286402182,0,0.0,4
49,3,AffectEV,85.0,Dengeli,29.71921623353516,28.98693080346804,5.008354281586907,85.1187001921248,7,13.328711417543673,36.913431913060485,58.4,50.05274286402182,0,0.0,4
50,3,Dijkstra,,,24.358114248074624,58.02326755400585,5.377491971158097,55.354497301893325,40,43.62654977395177,57.78768882960572,87.5,78.53751338140317,0,0.0,24
50,3,A*,,,25.896290306826316,45.18977497829508,5.254489746923403,68.10571937809243,26,29.36547977611961,50.42318344535841,87.5,78.742517088461,0,0.0,24
50,3,NSGA-II,,Dengeli,25.900614369087126,45.43519555874589,5.271410259138532,68.74748229820716,25,28.848383026969913,50.49001396850937,87.5,78.71431623476911,0,0.0,24
50,3,AffectEV,15.0,Dengeli,25.900614369087126,45.43519555874589,5.271410259138532,68.74748229820716,25,28.848383026969913,50.49001396850937,87.5,78.71431623476911,0,0.0,24
50,3,AffectEV,30.0,Dengeli,25.900614369087126,45.43519555874589,5.271410259138532,68.74748229820716,25,28.848383026969913,50.49001396850937,87.5,78.71431623476911,0,0.0,24
50,3,AffectEV,50.0,Dengeli,25.900614369087126,45.43519555874589,5.271410259138532,68.74748229820716,25,28.848383026969913,50.49001396850937,87.5,78.71431623476911,0,0.0,24
50,3,AffectEV,65.0,Dengeli,25.900614369087126,45.43519555874589,5.271410259138532,68.74748229820716,25,28.848383026969913,50.49001396850937,87.5,78.71431623476911,0,0.0,24
50,3,AffectEV,85.0,Konfor,27.67186197692608,49.749224068399194,5.76109085879359,69.97152361663424,23,28.310835583969073,50.17612854087512,87.5,77.89818190201069,0,0.0,24
1,4,Dijkstra,,,18.180626954473706,49.00635211756937,4.2230694640563,56.498633891168375,49,34.38780575268344,43.425121915132976,68.4,61.36155089323951,0,0.0,17
1,4,A*,,,24.45707858257984,31.6859089536435,4.504425962681584,81.97635176433798,13,14.232183764091726,36.26996553217256,68.4,60.8926233955307,0,0.0,17
1,4,NSGA-II,,Dengeli,24.45707858257984,31.6859089536435,4.504425962681584,81.97635176433798,13,14.232183764091726,36.26996553217256,68.4,60.8926233955307,0,0.0,17
1,4,AffectEV,15.0,Dengeli,24.45707858257984,31.6859089536435,4.504425962681584,81.97635176433798,13,14.232183764091726,36.26996553217256,68.4,60.8926233955307,0,0.0,17
1,4,AffectEV,30.0,Dengeli,24.45707858257984,31.6859089536435,4.504425962681584,81.97635176433798,13,14.232183764091726,36.26996553217256,68.4,60.8926233955307,0,0.0,17
1,4,AffectEV,50.0,Dengeli,24.45707858257984,31.6859089536435,4.504425962681584,81.97635176433798,13,14.232183764091726,36.26996553217256,68.4,60.8926233955307,0,0.0,17
1,4,AffectEV,65.0,Dengeli,24.45707858257984,31.6859089536435,4.504425962681584,81.97635176433798,13,14.232183764091726,36.26996553217256,68.4,60.8926233955307,0,0.0,17
1,4,AffectEV,85.0,Dengeli,24.45707858257984,31.6859089536435,4.504425962681584,81.97635176433798,13,14.232183764091726,36.26996553217256,68.4,60.8926233955307,0,0.0,17
2,4,Dijkstra,,,25.08490021637783,40.331923783850726,5.08592879721163,74.00387415055529,20,22.608250408825185,46.06825363398577,52.2,43.723452004647285,0,0.0,21
2,4,A*,,,25.095392899664237,39.85247019572743,5.066695711139166,73.98527400579515,20,22.631078372745804,46.12701241190557,52.2,43.755507148101394,0,0.0,21
2,4,NSGA-II,,Verimlilik,25.095392899664237,39.85247019572743,5.066695711139166,73.98527400579515,20,22.631078372745804,46.12701241190557,52.2,43.755507148101394,0,0.0,21
2,4,AffectEV,15.0,Verimlilik,25.095392899664237,39.85247019572743,5.066695711139166,73.98527400579515,20,22.631078372745804,46.12701241190557,52.2,43.755507148101394,0,0.0,21
2,4,AffectEV,30.0,Verimlilik,25.095392899664237,39.85247019572743,5.066695711139166,73.98527400579515,20,22.631078372745804,46.12701241190557,52.2,43.755507148101394,0,0.0,21
2,4,AffectEV,50.0,Konfor,28.595127752488725,43.54439701872936,5.723223142476196,80.35302611704589,12,17.857338291899104,41.44886197692188,52.2,42.661294762539676,0,0.0,21
2,4,AffectEV,65.0,Konfor,28.595127752488725,43.54439701872936,5.723223142476196,80.35302611704589,12,17.857338291899104,41.44886197692188,52.2,42.661294762539676,0,0.0,21
2,4,AffectEV,85.0,Konfor,28.595127752488725,43.54439701872936,5.723223142476196,80.35302611704589,12,17.857338291899104,41.44886197692188,52.2,42.661294762539676,0,0.0,21
3,4,Dijkstra,,,10.944476773165217,35.7461136855567,2.64701325884117,63.01446740204023,34,28.730240604917153,56.83230208242311,77.4,72.98831123526472,0,0.0,17
3,4,A*,,,13.252739858344919,33.40879118821504,3.0226022439149878,67.9244508584251,22,26.806546654270747,65.16792572646834,77.4,72.36232959347502,0,0.0,17
3,4,NSGA-II,,Dengeli,13.252739858344919,33.40879118821504,3.0226022439149878,67.9244508584251,22,26.806546654270747,65.16792572646834,77.4,72.36232959347502,0,0.0,17
3,4,AffectEV,15.0,Dengeli,13.252739858344919,33.40879118821504,3.0226022439149878,67.9244508584251,22,26.806546654270747,65.16792572646834,77.4,72.36232959347502,0,0.0,17
3,4,AffectEV,30.0,Dengeli,13.252739858344919,33.40879118821504,3.0226022439149878,67.9244508584251,22,26.806546654270747,65.16792572646834,77.4,72.36232959347502,0,0.0,17
3,4,AffectEV,50.0,Dengeli,13.252739858344919,33.40879118821504,3.0226022439149878,67.9244508584251,22,26.806546654270747,65.16792572646834,77.4,72.36232959347502,0,0.0,17
3,4,AffectEV,65.0,Konfor,13.657222357907383,34.11607798815813,3.1152704284934534,68.53172179493507,21,26.54966352147487,65.01689574311231,77.4,72.20788261917758,0,0.0,17
3,4,AffectEV,85.0,Konfor,13.657222357907383,34.11607798815813,3.1152704284934534,68.53172179493507,21,26.54966352147487,65.01689574311231,77.4,72.20788261917758,0,0.0,17
4,4,Dijkstra,,,20.388666386118903,38.50062685252829,4.3578033556523,77.34062868322694,15,18.599723331451596,47.89727158668789,40.6,33.336994407246166,0,0.0,5
4,4,A*,,,20.70766409191689,37.664216088135305,4.317114730103987,75.71838188735114,17,20.32853881746075,48.41528233705318,40.6,33.40480878316002,0,0.0,5
4,4,NSGA-II,,Dengeli,20.388666386118903,38.50062685252829,4.3578033556523,77.34062868322694,15,18.599723331451596,47.89727158668789,40.6,33.336994407246166,0,0.0,5
4,4,AffectEV,15.0,Verimlilik,20.70766409191689,37.664216088135305,4.317114730103987,75.71838188735114,17,20.32853881746075,48.41528233705318,40.6,33.40480878316002,0,0.0,5
4,4,AffectEV,30.0,Dengeli,20.388666386118903,38.50062685252829,4.3578033556523,77.34062868322694,15,18.599723331451596,47.89727158668789,40.6,33.336994407246166,0,0.0,5
4,4,AffectEV,50.0,Dengeli,20.388666386118903,38.50062685252829,4.3578033556523,77.34062868322694,15,18.599723331451596,47.89727158668789,40.6,33.336994407246166,0,0.0,5
4,4,AffectEV,65.0,Dengeli,20.388666386118903,38.50062685252829,4.3578033556523,77.34062868322694,15,18.599723331451596,47.89727158668789,40.6,33.336994407246166,0,0.0,5
4,4,AffectEV,85.0,Konfor,21.645560808695926,41.316103641523206,4.68083980697085,77.7048776669284,14,18.80654086236879,48.26580037180482,40.6,32.79860032171525,0,0.0,5
5,4,Dijkstra,,,16.803270107900584,55.608206400693156,4.115680264463665,51.94394847413156,50,40.92258767577966,53.89637611567268,47.9,41.040532892560556,0,0.0,17
5,4,A*,,,18.192093990027015,39.58052853005383,4.108426904278792,72.08589179961166,18,23.885611685450645,58.742123473765744,47.9,41.052621826202014,0,0.0,17
5,4,NSGA-II,,Dengeli,18.192093990027015,39.58052853005383,4.108426904278792,72.08589179961166,18,23.885611685450645,58.742123473765744,47.9,41.052621826202014,0,0.0,17
5,4,AffectEV,15.0,Dengeli,18.192093990027015,39.58052853005383,4.108426904278792,72.08589179961166,18,23.885611685450645,58.742123473765744,47.9,41.052621826202014,0,0.0,17
5,4,AffectEV,30.0,Dengeli,18.192093990027015,39.58052853005383,4.108426904278792,72.08589179961166,18,23.885611685450645,58.742123473765744,47.9,41.052621826202014,0,0.0,17
5,4,AffectEV,50.0,Dengeli,18.192093990027015,39.58052853005383,4.108426904278792,72.08589179961166,18,23.885611685450645,58.742123473765744,47.9,41.052621826202014,0,0.0,17
5,4,AffectEV,65.0,Dengeli,18.192093990027015,39.58052853005383,4.108426904278792,72.08589179961166,18,23.885611685450645,58.742123473765744,47.9,41.052621826202014,0,0.0,17
5,4,AffectEV,85.0,Dengeli,18.192093990027015,39.58052853005383,4.108426904278792,72.08589179961166,18,23.885611685450645,58.742123473765744,47.9,41.052621826202014,0,0.0,17
6,4,Dijkstra,,,15.816035757029267,41.26572216555954,3.6251957477734567,61.4436666502003,43,28.961606744365383,41.83925663245044,75.2,69.15800708704424,0,0.0,64
6,4,A*,,,17.833690055170337,35.071995753058005,3.7986005328071384,72.79029403034845,28,19.517812011505292,36.77181183099984,75.2,68.8689991119881,0,0.0,64
6,4,NSGA-II,,Dengeli,17.833690055170337,35.071995753058005,3.7986005328071384,72.79029403034845,28,19.517812011505292,36.77181183099984,75.2,68.8689991119881,0,0.0,64
6,4,AffectEV,15.0,Dengeli,17.833690055170337,35.071995753058005,3.7986005328071384,72.79029403034845,28,19.517812011505292,36.77181183099984,75.2,68.8689991119881,0,0.0,64
6,4,AffectEV,30.0,Dengeli,17.833690055170337,35.071995753058005,3.7986005328071384,72.79029403034845,28,19.517812011505292,36.77181183099984,75.2,68.8689991119881,0,0.0,64
6,4,AffectEV,50.0,Dengeli,17.833690055170337,35.071995753058005,3.7986005328071384,72.79029403034845,28,19.517812011505292,36.77181183099984,75.2,68.8689991119881,0,0.0,64
6,4,AffectEV,65.0,Konfor,18.37761177778467,35.63629530835634,3.928269254452537,74.84885592065936,24,18.46965006708491,38.05124529607587,75.2,68.65288457591244,0,0.0,64
6,4,AffectEV,85.0,Konfor,18.37761177778467,35.63629530835634,3.928269254452537,74.84885592065936,24,18.46965006708491,38.05124529607587,75.2,68.65288457591244,0,0.0,64
7,4,Dijkstra,,,30.54779619598615,66.32957005473637,6.61511342942673,51.91535288305434,44,48.84305175532582,57.15865795173959,79.6,68.57481095095545,0,0.0,30
7,4,A*,,,51.013162304889725,43.11671945699248,8.31503182980511,85.05775314308923,8,15.088249444945927,32.07886011713494,79.6,65.74161361699149,0,0.0,30
7,4,NSGA-II,,Dengeli,51.013162304889725,43.11671945699248,8.31503182980511,85.05775314308923,8,15.088249444945927,32.07886011713494,79.6,65.74161361699149,0,0.0,30
7,4,AffectEV,15.0,Dengeli,51.013162304889725,43.11671945699248,8.31503182980511,85.05775314308923,8,15.088249444945927,32.07886011713494,79.6,65.74161361699149,0,0.0,30
7,4,AffectEV,30.0,Dengeli,51.013162304889725,43.11671945699248,8.31503182980511,85.05775314308923,8,15.088249444945927,32.07886011713494,79.6,65.74161361699149,0,0.0,30
7,4,AffectEV,50.0,Dengeli,51.013162304889725,43.11671945699248,8.31503182980511,85.05775314308923,8,15.088249444945927,32.07886011713494,79.6,65.74161361699149,0,0.0,30
7,4,AffectEV,65.0,Dengeli,51.013162304889725,43.11671945699248,8.31503182980511,85.05775314308923,8,15.088249444945927,32.07886011713494,79.6,65.74161361699149,0,0.0,30
7,4,AffectEV,85.0,Dengeli,51.013162304889725,43.11671945699248,8.31503182980511,85.05775314308923,8,15.088249444945927,32.07886011713494,79.6,65.74161361699149,0,0.0,30
8,4,Dijkstra,,,25.23747109975654,64.71570845126958,5.9609632872957325,58.27341698425815,45,35.695816950243604,42.58918965334386,43.6,33.66506118784045,0,0.0,20
8,4,A*,,,26.034519756300163,60.93706370434068,6.030927494852793,62.93824601822867,37,32.385691260162595,44.230233018612765,43.6,33.54845417524535,0,0.0,20
8,4,NSGA-II,,Dengeli,26.27040689398152,61.01090476369257,6.082214239480155,63.844244823837336,36,31.666586830550248,43.278895634987954,43.6,33.46297626753308,0,0.0,20
8,4,AffectEV,15.0,Dengeli,26.27040689398152,61.01090476369257,6.082214239480155,63.844244823837336,36,31.666586830550248,43.278895634987954,43.6,33.46297626753308,0,0.0,20
8,4,AffectEV,30.0,Dengeli,26.27040689398152,61.01090476369257,6.082214239480155,63.844244823837336,36,31.666586830550248,43.278895634987954,43.6,33.46297626753308,0,0.0,20
8,4,AffectEV,50.0,Dengeli,26.27040689398152,61.01090476369257,6.082214239480155,63.844244823837336,36,31.666586830550248,43.278895634987954,43.6,33.46297626753308,0,0.0,20
8,4,AffectEV,65.0,Konfor,28.69067413079971,64.49401433500711,6.632275347009746,67.25360358414525,31,29.31866605549142,42.25398299603661,43.6,32.546207754983755,0,0.0,20
8,4,AffectEV,85.0,Konfor,28.69067413079971,64.49401433500711,6.632275347009746,67.25360358414525,31,29.31866605549142,42.25398299603661,43.6,32.546207754983755,0,0.0,20
9,4,Dijkstra,,,17.935784581718238,40.69339238034742,3.89717331548839,63.40729946558742,38,28.76618547958952,44.81422445267863,55.9,49.40471114085268,0,0.0,6
9,4,A*,,,25.90471328614617,28.702299999101378,4.537470966166134,83.24856166539024,12,12.990396965422711,34.2715962249147,55.9,48.33754838972311,0,0.0,6
9,4,NSGA-II,,Dengeli,19.598539248044244,31.806777024432666,3.9031251881767517,75.87609933173702,22,18.12952516719079,38.42521559052869,55.9,49.39479135303875,0,0.0,6
9,4,AffectEV,15.0,Dengeli,19.598539248044244,31.806777024432666,3.9031251881767517,75.87609933173702,22,18.12952516719079,38.42521559052869,55.9,49.39479135303875,0,0.0,6
9,4,AffectEV,30.0,Dengeli,19.598539248044244,31.806777024432666,3.9031251881767517,75.87609933173702,22,18.12952516719079,38.42521559052869,55.9,49.39479135303875,0,0.0,6
9,4,AffectEV,50.0,Dengeli,19.598539248044244,31.806777024432666,3.9031251881767517,75.87609933173702,22,18.12952516719079,38.42521559052869,55.9,49.39479135303875,0,0.0,6
9,4,AffectEV,65.0,Konfor,26.642918586298954,31.55859468633302,4.798074894062501,83.39882766096768,12,12.952916299150806,33.57648724643538,55.9,47.90320850989583,0,0.0,6
9,4,AffectEV,85.0,Konfor,26.642918586298954,31.55859468633302,4.798074894062501,83.39882766096768,12,12.952916299150806,33.57648724643538,55.9,47.90320850989583,0,0.0,6
10,4,Dijkstra,,,26.29086706365498,40.341558015286594,5.32524688833803,80.91219627377765,12,16.04250200473389,41.3752656240109,56.9,48.02458851943662,0,0.0,34
10,4,A*,,,40.03248737154875,34.23389273008339,6.677413239475561,87.70339497598478,5,11.39007986014322,31.897905329861292,56.9,45.770977934207394,0,0.0,34
10,4,NSGA-II,,Dengeli,40.03248737154875,34.23389273008339,6.677413239475561,87.70339497598478,5,11.39007986014322,31.897905329861292,56.9,45.770977934207394,0,0.0,34
10,4,AffectEV,15.0,Verimlilik,26.29523323733128,38.509780834203404,5.226369381903342,80.74214211004389,12,16.28986026392391,41.85449905389474,56.9,48.189384363494426,0,0.0,34
10,4,AffectEV,30.0,Dengeli,40.03248737154875,34.23389273008339,6.677413239475561,87.70339497598478,5,11.39007986014322,31.897905329861292,56.9,45.770977934207394,0,0.0,34
10,4,AffectEV,50.0,Dengeli,40.03248737154875,34.23389273008339,6.677413239475561,87.70339497598478,5,11.39007986014322,31.897905329861292,56.9,45.770977934207394,0,0.0,34
10,4,AffectEV,65.0,Dengeli,40.03248737154875,34.23389273008339,6.677413239475561,87.70339497598478,5,11.39007986014322,31.897905329861292,56.9,45.770977934207394,0,0.0,34
10,4,AffectEV,85.0,Dengeli,40.03248737154875,34.23389273008339,6.677413239475561,87.70339497598478,5,11.39007986014322,31.897905329861292,56.9,45.770977934207394,0,0.0,34
11,4,Dijkstra,,,21.66993991746172,59.91983308109078,5.136316804629179,54.907666740974335,38,44.31468473730821,63.98963918916598,65.7,57.139471992284705,0,0.0,30
11,4,A*,,,22.373736008750544,54.850102769053564,5.165820872217944,60.758132775769944,31,38.13510784271034,61.50667435708478,65.7,57.09029854630343,0,0.0,30
11,4,NSGA-II,,Dengeli,22.373736008750544,54.850102769053564,5.165820872217944,60.758132775769944,31,38.13510784271034,61.50667435708478,65.7,57.09029854630343,0,0.0,30
11,4,AffectEV,15.0,Dengeli,22.373736008750544,54.850102769053564,5.165820872217944,60.758132775769944,31,38.13510784271034,61.50667435708478,65.7,57.09029854630343,0,0.0,30
11,4,AffectEV,30.0,Dengeli,22.373736008750544,54.850102769053564,5.165820872217944,60.758132775769944,31,38.13510784271034,61.50667435708478,65.7,57.09029854630343,0,0.0,30
11,4,AffectEV,50.0,Dengeli,22.373736008750544,54.850102769053564,5.165820872217944,60.758132775769944,31,38.13510784271034,61.50667435708478,65.7,57.09029854630343,0,0.0,30
11,4,AffectEV,65.0,Konfor,23.324120405546722,56.27480944907033,5.469925273853639,63.143374144424385,26,37.15024326670133,63.55776437782607,65.7,56.5834578769106,0,0.0,30
11,4,AffectEV,85.0,Konfor,23.324120405546722,56.27480944907033,5.469925273853639,63.143374144424385,26,37.15024326670133,63.55776437782607,65.7,56.5834578769106,0,0.0,30
12,4,Dijkstra,,,23.210046865366078,62.5562703507779,5.4031758931323255,53.52590685327006,50,40.82995771345429,46.12552916346828,42.6,33.59470684477946,0,0.0,60
12,4,A*,,,24.668947687576093,51.99837722802275,5.421200737068603,63.73808271412107,32,33.50375797860935,51.053949461480634,42.6,33.564665438218995,0,0.0,60
12,4,NSGA-II,,Dengeli,24.668947687576093,51.99837722802275,5.421200737068603,63.73808271412107,32,33.50375797860935,51.053949461480634,42.6,33.564665438218995,0,0.0,60
12,4,AffectEV,15.0,Dengeli,24.668947687576093,51.99837722802275,5.421200737068603,63.73808271412107,32,33.50375797860935,51.053949461480634,42.6,33.564665438218995,0,0.0,60
12,4,AffectEV,30.0,Dengeli,24.668947687576093,51.99837722802275,5.421200737068603,63.73808271412107,32,33.50375797860935,51.053949461480634,42.6,33.564665438218995,0,0.0,60
12,4,AffectEV,50.0,Konfor,35.553497870519365,53.79723618175277,6.998371658743502,75.4178359844324,21,22.124991568604354,37.22333272493146,42.6,30.936047235427495,0,0.0,60
12,4,AffectEV,65.0,Konfor,35.553497870519365,53.79723618175277,6.998371658743502,75.4178359844324,21,22.124991568604354,37.22333272493146,42.6,30.936047235427495,0,0.0,60
12,4,AffectEV,85.0,Konfor,35.553497870519365,53.79723618175277,6.998371658743502,75.4178359844324,21,22.124991568604354,37.22333272493146,42.6,30.936047235427495,0,0.0,60
13,4,Dijkstra,,,17.365727681979003,45.106043160760386,4.060720311639711,63.964395534363355,37,27.70170222460488,46.12546899127591,77.8,71.03213281393381,0,0.0,100
13,4,A*,,,18.746032000656836,42.15060241091564,4.222787476547736,70.61068928245035,28,22.268524800581172,43.54376638687647,77.8,70.76202087242044,0,0.0,100
13,4,NSGA-II,,Dengeli,18.746032000656836,42.15060241091564,4.222787476547736,70.61068928245035,28,22.268524800581172,43.54376638687647,77.8,70.76202087242044,0,0.0,100
13,4,AffectEV,15.0,Dengeli,18.746032000656836,42.15060241091564,4.222787476547736,70.61068928245035,28,22.268524800581172,43.54376638687647,77.8,70.76202087242044,0,0.0,100
13,4,AffectEV,30.0,Dengeli,18.746032000656836,42.15060241091564,4.222787476547736,70.61068928245035,28,22.268524800581172,43.54376638687647,77.8,70.76202087242044,0,0.0,100
13,4,AffectEV,50.0,Dengeli,18.746032000656836,42.15060241091564,4.222787476547736,70.61068928245035,28,22.268524800581172,43.54376638687647,77.8,70.76202087242044,0,0.0,100
13,4,AffectEV,65.0,Konfor,22.79477903913728,43.73208187756761,4.940254393158028,75.22536594991455,21,19.506749442976936,42.11304608596188,77.8,69.56624267806995,0,0.0,100
13,4,AffectEV,85.0,Konfor,22.79477903913728,43.73208187756761,4.940254393158028,75.22536594991455,21,19.506749442976936,42.11304608596188,77.8,69.56624267806995,0,0.0,100
14,4,Dijkstra,,,23.12440075830618,50.89640069254681,5.046908111100402,62.00074402974779,28,38.11333574549957,62.826276233011704,63.8,55.38848648149933,0,0.0,17
14,4,A*,,,25.121906540905066,44.10771772737761,5.270921558587838,73.07309115788402,13,27.76019309820591,60.49425456327104,63.8,55.01513073568693,0,0.0,17
14,4,NSGA-II,,Dengeli,24.073160375945697,44.17485724096775,5.1027094787278315,70.57313467895071,15,30.743851626285043,63.518549165818854,63.8,55.29548420212028,0,0.0,17
14,4,AffectEV,15.0,Dengeli,24.073160375945697,44.17485724096775,5.1027094787278315,70.57313467895071,15,30.743851626285043,63.518549165818854,63.8,55.29548420212028,0,0.0,17
14,4,AffectEV,30.0,Dengeli,24.073160375945697,44.17485724096775,5.1027094787278315,70.57313467895071,15,30.743851626285043,63.518549165818854,63.8,55.29548420212028,0,0.0,17
14,4,AffectEV,50.0,Dengeli,24.073160375945697,44.17485724096775,5.1027094787278315,70.57313467895071,15,30.743851626285043,63.518549165818854,63.8,55.29548420212028,0,0.0,17
14,4,AffectEV,65.0,Konfor,25.221819617233542,45.736380943781974,5.367129616301968,73.30238378437737,13,27.392974954579465,59.89861864624397,63.8,54.85478397283005,0,0.0,17
14,4,AffectEV,85.0,Konfor,25.221819617233542,45.736380943781974,5.367129616301968,73.30238378437737,13,27.392974954579465,59.89861864624397,63.8,54.85478397283005,0,0.0,17
15,4,Dijkstra,,,20.62345860912918,50.609651957385914,4.809248586834215,64.15394655667876,31,31.684775282253884,54.20310429322532,84.0,75.98458568860964,0,0.0,20
15,4,A*,,,37.068481388952925,43.5676914909073,6.5535211241837805,75.41551992114208,20,23.624613171947207,37.4854806363688,84.0,73.07746479302703,0,0.0,20
15,4,NSGA-II,,Dengeli,31.036031886122686,46.68919179859685,6.067239640608632,75.70608956487445,18,22.883526816881496,42.14426195030554,84.0,73.88793393231894,0,0.0,20
15,4,AffectEV,15.0,Verimlilik,20.62345860912918,50.609651957385914,4.809248586834215,64.15394655667876,31,31.684775282253884,54.20310429322532,84.0,75.98458568860964,0,0.0,20
15,4,AffectEV,30.0,Dengeli,31.036031886122686,46.68919179859685,6.067239640608632,75.70608956487445,18,22.883526816881496,42.14426195030554,84.0,73.88793393231894,0,0.0,20
15,4,AffectEV,50.0,Dengeli,31.036031886122686,46.68919179859685,6.067239640608632,75.70608956487445,18,22.883526816881496,42.14426195030554,84.0,73.88793393231894,0,0.0,20
15,4,AffectEV,65.0,Konfor,37.55031233259389,44.737897042689184,6.706180639044168,76.42467106091765,19,22.419569346194315,36.74729067612032,84.0,72.82303226825972,0,0.0,20
15,4,AffectEV,85.0,Konfor,37.55031233259389,44.737897042689184,6.706180639044168,76.42467106091765,19,22.419569346194315,36.74729067612032,84.0,72.82303226825972,0,0.0,20
16,4,Dijkstra,,,24.536024349497236,46.99417744000171,5.242134945374783,66.70652350167725,27,30.9932944055187,52.47744088333571,71.8,63.06310842437536,0,0.0,36
16,4,A*,,,24.538277237744452,44.32093798297624,5.153457377030638,68.61844426985047,24,29.45063528837364,52.731825718187174,71.8,63.2109043716156,0,0.0,36
16,4,NSGA-II,,Verimlilik,24.538277237744452,44.32093798297624,5.153457377030638,68.61844426985047,24,29.45063528837364,52.731825718187174,71.8,63.2109043716156,0,0.0,36
16,4,AffectEV,15.0,Verimlilik,24.538277237744452,44.32093798297624,5.153457377030638,68.61844426985047,24,29.45063528837364,52.731825718187174,71.8,63.2109043716156,0,0.0,36
16,4,AffectEV,30.0,Verimlilik,24.538277237744452,44.32093798297624,5.153457377030638,68.61844426985047,24,29.45063528837364,52.731825718187174,71.8,63.2109043716156,0,0.0,36
16,4,AffectEV,50.0,Verimlilik,24.538277237744452,44.32093798297624,5.153457377030638,68.61844426985047,24,29.45063528837364,52.731825718187174,71.8,63.2109043716156,0,0.0,36
16,4,AffectEV,65.0,Konfor,32.58253621596009,56.97219676228501,6.996816484823259,75.85080778783619,11,26.764322525522573,53.0994772725352,71.8,60.13863919196123,0,0.0,36
16,4,AffectEV,85.0,Konfor,32.58253621596009,56.97219676228501,6.996816484823259,75.85080778783619,11,26.764322525522573,53.0994772725352,71.8,60.13863919196123,0,0.0,36
17,4,Dijkstra,,,17.48013166005094,36.90981489591779,3.8104977639650066,70.67375305699892,22,24.558144447507388,54.79401804374432,72.1,65.74917039339165,0,0.0,27
17,4,A*,,,17.48038052525706,35.747316158327344,3.7724763344359094,71.22206808753312,21,24.119527527191096,55.210368271547786,72.1,65.8125394426068,0,0.0,27
17,4,NSGA-II,,Verimlilik,17.48038052525706,35.747316158327344,3.7724763344359094,71.22206808753312,21,24.119527527191096,55.210368271547786,72.1,65.8125394426068,0,0.0,27
17,4,AffectEV,15.0,Verimlilik,17.48038052525706,35.747316158327344,3.7724763344359094,71.22206808753312,21,24.119527527191096,55.210368271547786,72.1,65.8125394426068,0,0.0,27
17,4,AffectEV,30.0,Verimlilik,17.48038052525706,35.747316158327344,3.7724763344359094,71.22206808753312,21,24.119527527191096,55.210368271547786,72.1,65.8125394426068,0,0.0,27
17,4,AffectEV,50.0,Verimlilik,17.48038052525706,35.747316158327344,3.7724763344359094,71.22206808753312,21,24.119527527191096,55.210368271547786,72.1,65.8125394426068,0,0.0,27
17,4,AffectEV,65.0,Konfor,24.931021785727655,41.638240208322536,5.099544710001175,77.30933424098285,15,19.997768281183028,45.95667637331123,72.1,63.6007588166647,0,0.0,27
17,4,AffectEV,85.0,Konfor,24.931021785727655,41.638240208322536,5.099544710001175,77.30933424098285,15,19.997768281183028,45.95667637331123,72.1,63.6007588166647,0,0.0,27
18,4,Dijkstra,,,17.47460100191027,22.975742728588543,3.1556425632055056,84.20254165285033,12,10.542432094414961,33.173643594125885,59.6,54.340595727990824,0,0.0,5
18,4,A*,,,17.702903599446085,21.920650857977872,3.2011407569351995,87.12080585484703,7,8.32990566319707,34.40111223096924,59.6,54.264765405108,0,0.0,5
18,4,NSGA-II,,Dengeli,17.702903599446085,21.920650857977872,3.2011407569351995,87.12080585484703,7,8.32990566319707,34.40111223096924,59.6,54.264765405108,0,0.0,5
18,4,AffectEV,15.0,Dengeli,17.702903599446085,21.920650857977872,3.2011407569351995,87.12080585484703,7,8.32990566319707,34.40111223096924,59.6,54.264765405108,0,0.0,5
18,4,AffectEV,30.0,Dengeli,17.702903599446085,21.920650857977872,3.2011407569351995,87.12080585484703,7,8.32990566319707,34.40111223096924,59.6,54.264765405108,0,0.0,5
18,4,AffectEV,50.0,Dengeli,17.702903599446085,21.920650857977872,3.2011407569351995,87.12080585484703,7,8.32990566319707,34.40111223096924,59.6,54.264765405108,0,0.0,5
18,4,AffectEV,65.0,Dengeli,17.702903599446085,21.920650857977872,3.2011407569351995,87.12080585484703,7,8.32990566319707,34.40111223096924,59.6,54.264765405108,0,0.0,5
18,4,AffectEV,85.0,Dengeli,17.702903599446085,21.920650857977872,3.2011407569351995,87.12080585484703,7,8.32990566319707,34.40111223096924,59.6,54.264765405108,0,0.0,5
19,4,Dijkstra,,,18.10643454076064,56.181849665205625,4.322930447341021,51.071574339741126,47,44.72771369914474,60.05055775257728,73.9,66.6951159210983,0,0.0,32
19,4,A*,,,25.070236376777835,38.57353116824684,4.805366167585244,74.76751875936621,20,22.026129274978828,43.1232122907007,73.9,65.89105638735793,0,0.0,32
19,4,NSGA-II,,Dengeli,25.070236376777835,38.57353116824684,4.805366167585244,74.76751875936621,20,22.026129274978828,43.1232122907007,73.9,65.89105638735793,0,0.0,32
19,4,AffectEV,15.0,Verimlilik,18.48960729358093,42.4104562765714,4.069724593675489,61.86228303907196,32,33.98228175995731,59.71516216470424,73.9,67.11712567720753,0,0.0,32
19,4,AffectEV,30.0,Dengeli,25.070236376777835,38.57353116824684,4.805366167585244,74.76751875936621,20,22.026129274978828,43.1232122907007,73.9,65.89105638735793,0,0.0,32
19,4,AffectEV,50.0,Dengeli,25.070236376777835,38.57353116824684,4.805366167585244,74.76751875936621,20,22.026129274978828,43.1232122907007,73.9,65.89105638735793,0,0.0,32
19,4,AffectEV,65.0,Dengeli,25.070236376777835,38.57353116824684,4.805366167585244,74.76751875936621,20,22.026129274978828,43.1232122907007,73.9,65.89105638735793,0,0.0,32
19,4,AffectEV,85.0,Dengeli,25.070236376777835,38.57353116824684,4.805366167585244,74.76751875936621,20,22.026129274978828,43.1232122907007,73.9,65.89105638735793,0,0.0,32
20,4,Dijkstra,,,25.336148811841916,62.52033714027688,5.5990065501388155,49.618069219445104,48,49.35146688891524,57.88245356940162,55.2,45.86832241643531,0,0.0,32
20,4,A*,,,26.259149665903642,55.40579197010165,5.608346915005296,57.5606951254326,36,42.579849589189536,58.3267499890527,55.2,45.852755141657845,0,0.0,32
20,4,NSGA-II,,Dengeli,26.261751283271288,55.75750859071002,5.634100423202778,58.17145898964795,35,42.08935506284842,58.508672457487606,55.2,45.80983262799538,0,0.0,32
20,4,AffectEV,15.0,Dengeli,26.261751283271288,55.75750859071002,5.634100423202778,58.17145898964795,35,42.08935506284842,58.508672457487606,55.2,45.80983262799538,0,0.0,32
20,4,AffectEV,30.0,Dengeli,26.261751283271288,55.75750859071002,5.634100423202778,58.17145898964795,35,42.08935506284842,58.508672457487606,55.2,45.80983262799538,0,0.0,32
20,4,AffectEV,50.0,Dengeli,26.261751283271288,55.75750859071002,5.634100423202778,58.17145898964795,35,42.08935506284842,58.508672457487606,55.2,45.80983262799538,0,0.0,32
20,4,AffectEV,65.0,Konfor,30.247838737715146,60.712076185849156,6.485027625141442,61.42081289658599,31,39.464613324425784,56.19901553043135,55.2,44.391620624764265,0,0.0,32
20,4,AffectEV,85.0,Konfor,30.247838737715146,60.712076185849156,6.485027625141442,61.42081289658599,31,39.464613324425784,56.19901553043135,55.2,44.391620624764265,0,0.0,32
21,4,Dijkstra,,,23.542621774622575,46.95814274239952,5.1735099818570465,74.35307133812007,23,20.50503346801528,39.97709310737672,70.5,61.87748336357159,0,0.0,9
21,4,A*,,,26.186626267309094,34.52221301457798,4.950131620187113,82.2003313426873,13,14.313862411346642,35.02754966954351,70.5,62.24978063302148,0,0.0,9
21,4,NSGA-II,,Dengeli,26.186626267309094,34.52221301457798,4.950131620187113,82.2003313426873,13,14.313862411346642,35.02754966954351,70.5,62.24978063302148,0,0.0,9
21,4,AffectEV,15.0,Dengeli,26.186626267309094,34.52221301457798,4.950131620187113,82.2003313426873,13,14.313862411346642,35.02754966954351,70.5,62.24978063302148,0,0.0,9
21,4,AffectEV,30.0,Dengeli,26.186626267309094,34.52221301457798,4.950131620187113,82.2003313426873,13,14.313862411346642,35.02754966954351,70.5,62.24978063302148,0,0.0,9
21,4,AffectEV,50.0,Dengeli,26.186626267309094,34.52221301457798,4.950131620187113,82.2003313426873,13,14.313862411346642,35.02754966954351,70.5,62.24978063302148,0,0.0,9
21,4,AffectEV,65.0,Dengeli,26.186626267309094,34.52221301457798,4.950131620187113,82.2003313426873,13,14.313862411346642,35.02754966954351,70.5,62.24978063302148,0,0.0,9
21,4,AffectEV,85.0,Dengeli,26.186626267309094,34.52221301457798,4.950131620187113,82.2003313426873,13,14.313862411346642,35.02754966954351,70.5,62.24978063302148,0,0.0,9
22,4,Dijkstra,,,15.927133076834163,36.3722450295688,3.591650854221879,72.08092272566228,23,21.467452622788578,49.89420743750577,55.0,49.013915242963535,0,0.0,46
22,4,A*,,,17.030261600569844,35.58447582416545,3.7961488053053896,74.33787793177186,19,20.071006570505496,50.70410048538245,55.0,48.67308532449102,0,0.0,46
22,4,NSGA-II,,Dengeli,17.030261600569844,35.58447582416545,3.7961488053053896,74.33787793177186,19,20.071006570505496,50.70410048538245,55.0,48.67308532449102,0,0.0,46
22,4,AffectEV,15.0,Verimlilik,15.92861543513219,36.18562457199826,3.5833459148038593,72.01990454468475,23,21.540912277566505,50.08910886022649,55.0,49.027756808660236,0,0.0,46
22,4,AffectEV,30.0,Dengeli,17.030261600569844,35.58447582416545,3.7961488053053896,74.33787793177186,19,20.071006570505496,50.70410048538245,55.0,48.67308532449102,0,0.0,46
22,4,AffectEV,50.0,Dengeli,17.030261600569844,35.58447582416545,3.7961488053053896,74.33787793177186,19,20.071006570505496,50.70410048538245,55.0,48.67308532449102,0,0.0,46
22,4,AffectEV,65.0,Konfor,18.412002328785142,39.47022088792108,4.185305576283134,75.25248408807244,19,19.24535523069644,47.369546713593174,55.0,48.024490706194776,0,0.0,46
22,4,AffectEV,85.0,Konfor,18.412002328785142,39.47022088792108,4.185305576283134,75.25248408807244,19,19.24535523069644,47.369546713593174,55.0,48.024490706194776,0,0.0,46
23,4,Dijkstra,,,14.53899591594657,40.52817738888494,3.45349517877766,63.91585416530821,30,29.501959833625587,61.167789423020565,77.6,71.84417470203722,0,0.0,100
23,4,A*,,,15.692481687727254,36.54306803166999,3.5596246858688443,68.54490595503273,22,26.66676067448385,62.27532921311058,77.6,71.66729219021859,0,0.0,100
23,4,NSGA-II,,Dengeli,15.844111421333722,36.976983918805665,3.6279471223789264,70.0710787010547,19,25.578363201895105,63.77706169188381,77.6,71.55342146270178,0,0.0,100
23,4,AffectEV,15.0,Verimlilik,14.586781176950186,37.53138075355737,3.3813806095900247,66.12686684127037,26,27.78004715239055,62.69559506506233,77.6,71.96436565068329,0,0.0,100
23,4,AffectEV,30.0,Dengeli,15.844111421333722,36.976983918805665,3.6279471223789264,70.0710787010547,19,25.578363201895105,63.77706169188381,77.6,71.55342146270178,0,0.0,100
23,4,AffectEV,50.0,Dengeli,15.844111421333722,36.976983918805665,3.6279471223789264,70.0710787010547,19,25.578363201895105,63.77706169188381,77.6,71.55342146270178,0,0.0,100
23,4,AffectEV,65.0,Konfor,19.64638616640337,41.8325014804517,4.411371016232769,74.08278321608734,19,21.270246758436443,50.180713781908636,77.6,70.24771497294537,0,0.0,100
23,4,AffectEV,85.0,Konfor,19.64638616640337,41.8325014804517,4.411371016232769,74.08278321608734,19,21.270246758436443,50.180713781908636,77.6,70.24771497294537,0,0.0,100
24,4,Dijkstra,,,28.355075619484303,74.71245671447669,6.63941699550078,46.63968593067074,63,45.47080929612549,41.0953564024581,60.0,48.9343050074987,0,0.0,18
24,4,A*,,,31.39342358371912,52.76442798968581,6.276893271460194,67.06381804369461,31,29.784257887134526,42.504522950825155,60.0,49.53851121423301,0,0.0,18
24,4,NSGA-II,,Dengeli,31.39342358371912,52.76442798968581,6.276893271460194,67.06381804369461,31,29.784257887134526,42.504522950825155,60.0,49.53851121423301,0,0.0,18
24,4,AffectEV,15.0,Dengeli,31.39342358371912,52.76442798968581,6.276893271460194,67.06381804369461,31,29.784257887134526,42.504522950825155,60.0,49.53851121423301,0,0.0,18
24,4,AffectEV,30.0,Dengeli,31.39342358371912,52.76442798968581,6.276893271460194,67.06381804369461,31,29.784257887134526,42.504522950825155,60.0,49.53851121423301,0,0.0,18
24,4,AffectEV,50.0,Dengeli,31.39342358371912,52.76442798968581,6.276893271460194,67.06381804369461,31,29.784257887134526,42.504522950825155,60.0,49.53851121423301,0,0.0,18
24,4,AffectEV,65.0,Dengeli,31.39342358371912,52.76442798968581,6.276893271460194,67.06381804369461,31,29.784257887134526,42.504522950825155,60.0,49.53851121423301,0,0.0,18
24,4,AffectEV,85.0,Konfor,32.85652519405203,56.9690379673431,6.716269889371004,68.20350042329234,30,28.938574094567628,40.57463674168685,60.0,48.806216851048326,0,0.0,18
25,4,Dijkstra,,,22.02802455703555,41.461289901413345,4.67137474988273,69.83623837824248,22,27.180799740633717,55.04760849783705,84.3,76.51437541686211,0,0.0,36
25,4,A*,,,22.07635719799187,40.51075719344762,4.6386393803320685,69.89959480057001,22,27.068373300452375,54.8994660464714,84.3,76.56893436611321,0,0.0,36
25,4,NSGA-II,,Dengeli,22.07635719799187,40.51075719344762,4.6386393803320685,69.89959480057001,22,27.068373300452375,54.8994660464714,84.3,76.56893436611321,0,0.0,36
25,4,AffectEV,15.0,Dengeli,22.07635719799187,40.51075719344762,4.6386393803320685,69.89959480057001,22,27.068373300452375,54.8994660464714,84.3,76.56893436611321,0,0.0,36
25,4,AffectEV,30.0,Dengeli,22.07635719799187,40.51075719344762,4.6386393803320685,69.89959480057001,22,27.068373300452375,54.8994660464714,84.3,76.56893436611321,0,0.0,36
25,4,AffectEV,50.0,Dengeli,22.07635719799187,40.51075719344762,4.6386393803320685,69.89959480057001,22,27.068373300452375,54.8994660464714,84.3,76.56893436611321,0,0.0,36
25,4,AffectEV,65.0,Konfor,26.295417576774472,45.70188625315441,5.518769592916727,73.8776569606811,17,24.978286026835523,50.64428615634121,84.3,75.10205067847212,0,0.0,36
25,4,AffectEV,85.0,Konfor,26.295417576774472,45.70188625315441,5.518769592916727,73.8776569606811,17,24.978286026835523,50.64428615634121,84.3,75.10205067847212,0,0.0,36
26,4,Dijkstra,,,12.699312958695026,33.48762017714718,2.992426227780438,73.00817544373739,26,19.186887879216968,41.17879096248764,51.5,46.51262295369927,0,0.0,6
26,4,A*,,,12.839023999209624,19.33756630123831,2.4449141568208796,84.138506881478,11,9.329400905908367,37.81336423374749,51.5,47.4251430719652,0,0.0,6
26,4,NSGA-II,,Dengeli,12.839023999209624,19.33756630123831,2.4449141568208796,84.138506881478,11,9.329400905908367,37.81336423374749,51.5,47.4251430719652,0,0.0,6
26,4,AffectEV,15.0,Dengeli,12.839023999209624,19.33756630123831,2.4449141568208796,84.138506881478,11,9.329400905908367,37.81336423374749,51.5,47.4251430719652,0,0.0,6
26,4,AffectEV,30.0,Dengeli,12.839023999209624,19.33756630123831,2.4449141568208796,84.138506881478,11,9.329400905908367,37.81336423374749,51.5,47.4251430719652,0,0.0,6
26,4,AffectEV,50.0,Dengeli,12.839023999209624,19.33756630123831,2.4449141568208796,84.138506881478,11,9.329400905908367,37.81336423374749,51.5,47.4251430719652,0,0.0,6
26,4,AffectEV,65.0,Konfor,17.706361601736823,22.395091267173335,3.198101942392705,84.94955805975914,10,9.725476822146925,35.663994467983926,51.5,46.169830096012156,0,0.0,6
26,4,AffectEV,85.0,Konfor,17.706361601736823,22.395091267173335,3.198101942392705,84.94955805975914,10,9.725476822146925,35.663994467983926,51.5,46.169830096012156,0,0.0,6
27,4,Dijkstra,,,21.79446021612964,15.759749771945252,3.4924930450466167,91.97697656489824,2,4.849168881670789,27.841363853002633,48.9,43.07917825825564,0,0.0,1
27,4,A*,,,21.79446021612964,15.759749771945252,3.4924930450466167,91.97697656489824,2,4.849168881670789,27.841363853002633,48.9,43.07917825825564,0,0.0,1
27,4,NSGA-II,,Verimlilik,21.79446021612964,15.759749771945252,3.4924930450466167,91.97697656489824,2,4.849168881670789,27.841363853002633,48.9,43.07917825825564,0,0.0,1
27,4,AffectEV,15.0,Verimlilik,21.79446021612964,15.759749771945252,3.4924930450466167,91.97697656489824,2,4.849168881670789,27.841363853002633,48.9,43.07917825825564,0,0.0,1
27,4,AffectEV,30.0,Verimlilik,21.79446021612964,15.759749771945252,3.4924930450466167,91.97697656489824,2,4.849168881670789,27.841363853002633,48.9,43.07917825825564,0,0.0,1
27,4,AffectEV,50.0,Verimlilik,21.79446021612964,15.759749771945252,3.4924930450466167,91.97697656489824,2,4.849168881670789,27.841363853002633,48.9,43.07917825825564,0,0.0,1
27,4,AffectEV,65.0,Verimlilik,21.79446021612964,15.759749771945252,3.4924930450466167,91.97697656489824,2,4.849168881670789,27.841363853002633,48.9,43.07917825825564,0,0.0,1
27,4,AffectEV,85.0,Verimlilik,21.79446021612964,15.759749771945252,3.4924930450466167,91.97697656489824,2,4.849168881670789,27.841363853002633,48.9,43.07917825825564,0,0.0,1
28,4,Dijkstra,,,18.460401315711664,57.071182506770896,4.425475889206826,49.30725730766587,47,47.41527274458574,64.84080434479202,55.0,47.62420685132196,0,0.0,38
28,4,A*,,,21.05682515031052,49.227858218286265,4.834614870405315,65.30246183590529,23,33.90843241775114,65.12504219384684,55.0,46.94230854932447,0,0.0,38
28,4,NSGA-II,,Dengeli,20.17783763996889,49.29347659240279,4.6458198236097505,63.83315321880842,26,34.60519604050923,63.926439845194054,55.0,47.256966960650416,0,0.0,38
28,4,AffectEV,15.0,Dengeli,20.17783763996889,49.29347659240279,4.6458198236097505,63.83315321880842,26,34.60519604050923,63.926439845194054,55.0,47.256966960650416,0,0.0,38
28,4,AffectEV,30.0,Dengeli,20.17783763996889,49.29347659240279,4.6458198236097505,63.83315321880842,26,34.60519604050923,63.926439845194054,55.0,47.256966960650416,0,0.0,38
28,4,AffectEV,50.0,Dengeli,20.17783763996889,49.29347659240279,4.6458198236097505,63.83315321880842,26,34.60519604050923,63.926439845194054,55.0,47.256966960650416,0,0.0,38
28,4,AffectEV,65.0,Konfor,22.428029910524778,51.499384085183834,5.166810178423985,66.48116448082732,21,33.336532101221685,65.08937944403088,55.0,46.388649702626694,0,0.0,38
28,4,AffectEV,85.0,Konfor,22.428029910524778,51.499384085183834,5.166810178423985,66.48116448082732,21,33.336532101221685,65.08937944403088,55.0,46.388649702626694,0,0.0,38
29,4,Dijkstra,,,27.808952954184285,60.89874771567251,6.247355497469197,62.66256372025359,41,30.254911226317898,38.804814559255206,83.3,72.88774083755133,0,0.0,19
29,4,A*,,,30.864933734716075,39.94145977838328,5.660298593355667,76.9168060153437,19,19.82069746699442,38.18492372278988,83.3,73.86616901107388,0,0.0,19
29,4,NSGA-II,,Dengeli,30.864933734716075,39.94145977838328,5.660298593355667,76.9168060153437,19,19.82069746699442,38.18492372278988,83.3,73.86616901107388,0,0.0,19
29,4,AffectEV,15.0,Dengeli,30.864933734716075,39.94145977838328,5.660298593355667,76.9168060153437,19,19.82069746699442,38.18492372278988,83.3,73.86616901107388,0,0.0,19
29,4,AffectEV,30.0,Dengeli,30.864933734716075,39.94145977838328,5.660298593355667,76.9168060153437,19,19.82069746699442,38.18492372278988,83.3,73.86616901107388,0,0.0,19
29,4,AffectEV,50.0,Dengeli,30.864933734716075,39.94145977838328,5.660298593355667,76.9168060153437,19,19.82069746699442,38.18492372278988,83.3,73.86616901107388,0,0.0,19
29,4,AffectEV,65.0,Dengeli,30.864933734716075,39.94145977838328,5.660298593355667,76.9168060153437,19,19.82069746699442,38.18492372278988,83.3,73.86616901107388,0,0.0,19
29,4,AffectEV,85.0,Dengeli,30.864933734716075,39.94145977838328,5.660298593355667,76.9168060153437,19,19.82069746699442,38.18492372278988,83.3,73.86616901107388,0,0.0,19
30,4,Dijkstra,,,12.229927210030283,40.22439699329349,2.9699101624300392,60.28892901056389,40,31.30114316742658,51.603640196040665,39.6,34.65014972928327,0,0.0,22
30,4,A*,,,13.47065700463713,28.962210081903727,2.9322689621861264,70.66102827549727,21,23.165534392069098,59.44655703441001,39.6,34.71288506302312,0,0.0,22
30,4,NSGA-II,,Dengeli,13.47065700463713,28.962210081903727,2.9322689621861264,70.66102827549727,21,23.165534392069098,59.44655703441001,39.6,34.71288506302312,0,0.0,22
30,4,AffectEV,15.0,Dengeli,13.47065700463713,28.962210081903727,2.9322689621861264,70.66102827549727,21,23.165534392069098,59.44655703441001,39.6,34.71288506302312,0,0.0,22
30,4,AffectEV,30.0,Dengeli,13.47065700463713,28.962210081903727,2.9322689621861264,70.66102827549727,21,23.165534392069098,59.44655703441001,39.6,34.71288506302312,0,0.0,22
30,4,AffectEV,50.0,Dengeli,13.47065700463713,28.962210081903727,2.9322689621861264,70.66102827549727,21,23.165534392069098,59.44655703441001,39.6,34.71288506302312,0,0.0,22
30,4,AffectEV,65.0,Dengeli,13.47065700463713,28.962210081903727,2.9322689621861264,70.66102827549727,21,23.165534392069098,59.44655703441001,39.6,34.71288506302312,0,0.0,22
30,4,AffectEV,85.0,Konfor,13.536336146662768,31.917909043343233,3.0926084887506553,71.27279681467942,21,22.331153028669185,57.63928638359908,39.6,34.44565251874891,0,0.0,22
31,4,Dijkstra,,,14.323717146044785,34.427498977973364,3.267705547241784,72.04910157357902,23,21.025914837679927,50.715619875584984,31.4,25.953824087930357,0,0.0,42
31,4,A*,,,14.47778672685508,33.898823816577604,3.2897449004169363,72.81615026448907,22,20.306419350631447,50.45961965160748,31.4,25.917091832638437,0,0.0,42
31,4,NSGA-II,,Dengeli,14.47778672685508,33.898823816577604,3.2897449004169363,72.81615026448907,22,20.306419350631447,50.45961965160748,31.4,25.917091832638437,0,0.0,42
31,4,AffectEV,15.0,Dengeli,14.47778672685508,33.898823816577604,3.2897449004169363,72.81615026448907,22,20.306419350631447,50.45961965160748,31.4,25.917091832638437,0,0.0,42
31,4,AffectEV,30.0,Dengeli,14.47778672685508,33.898823816577604,3.2897449004169363,72.81615026448907,22,20.306419350631447,50.45961965160748,31.4,25.917091832638437,0,0.0,42
31,4,AffectEV,50.0,Dengeli,14.47778672685508,33.898823816577604,3.2897449004169363,72.81615026448907,22,20.306419350631447,50.45961965160748,31.4,25.917091832638437,0,0.0,42
31,4,AffectEV,65.0,Konfor,17.650114097491223,36.84567826082257,3.9300393793656605,75.27221508976388,17,19.78374330115819,51.4633095994433,31.4,24.849934367723897,0,0.0,42
31,4,AffectEV,85.0,Konfor,17.650114097491223,36.84567826082257,3.9300393793656605,75.27221508976388,17,19.78374330115819,51.4633095994433,31.4,24.849934367723897,0,0.0,42
32,4,Dijkstra,,,19.825906595588897,22.85355252079806,3.4807291799147757,84.14510740402048,11,11.217024729485903,34.94892588566876,46.9,41.09878470014204,0,0.0,4
32,4,A*,,,21.17826428118149,21.272182247755854,3.6478261831291086,88.350102215614,5,8.02132267624648,33.71750490756026,46.9,40.82028969478482,0,0.0,4
32,4,NSGA-II,,Dengeli,21.17826428118149,21.272182247755854,3.6478261831291086,88.350102215614,5,8.02132267624648,33.71750490756026,46.9,40.82028969478482,0,0.0,4
32,4,AffectEV,15.0,Dengeli,21.17826428118149,21.272182247755854,3.6478261831291086,88.350102215614,5,8.02132267624648,33.71750490756026,46.9,40.82028969478482,0,0.0,4
32,4,AffectEV,30.0,Dengeli,21.17826428118149,21.272182247755854,3.6478261831291086,88.350102215614,5,8.02132267624648,33.71750490756026,46.9,40.82028969478482,0,0.0,4
32,4,AffectEV,50.0,Dengeli,21.17826428118149,21.272182247755854,3.6478261831291086,88.350102215614,5,8.02132267624648,33.71750490756026,46.9,40.82028969478482,0,0.0,4
32,4,AffectEV,65.0,Dengeli,21.17826428118149,21.272182247755854,3.6478261831291086,88.350102215614,5,8.02132267624648,33.71750490756026,46.9,40.82028969478482,0,0.0,4
32,4,AffectEV,85.0,Dengeli,21.17826428118149,21.272182247755854,3.6478261831291086,88.350102215614,5,8.02132267624648,33.71750490756026,46.9,40.82028969478482,0,0.0,4
33,4,Dijkstra,,,24.10993819189053,58.239449343575984,5.356342758325463,54.15047449079675,46,41.98606789665877,51.268525701028075,59.2,50.27276206945756,0,0.0,82
33,4,A*,,,27.628601220988152,47.73229813759911,5.6309257884054285,67.09162800098356,25,32.27611676609577,53.62768484593854,59.2,49.815123685990955,0,0.0,82
33,4,NSGA-II,,Dengeli,26.14311574385821,48.23450349654091,5.405657645420558,66.09671840439296,28,32.00981682490518,51.501682740677424,59.2,50.19057059096574,0,0.0,82
33,4,AffectEV,15.0,Dengeli,26.14311574385821,48.23450349654091,5.405657645420558,66.09671840439296,28,32.00981682490518,51.501682740677424,59.2,50.19057059096574,0,0.0,82
33,4,AffectEV,30.0,Dengeli,26.14311574385821,48.23450349654091,5.405657645420558,66.09671840439296,28,32.00981682490518,51.501682740677424,59.2,50.19057059096574,0,0.0,82
33,4,AffectEV,50.0,Dengeli,26.14311574385821,48.23450349654091,5.405657645420558,66.09671840439296,28,32.00981682490518,51.501682740677424,59.2,50.19057059096574,0,0.0,82
33,4,AffectEV,65.0,Konfor,31.987593507844032,54.09824531687241,6.496191399095946,71.60146398705169,20,28.748535775245138,48.86987640187382,59.2,48.37301433484009,0,0.0,82
33,4,AffectEV,85.0,Konfor,31.987593507844032,54.09824531687241,6.496191399095946,71.60146398705169,20,28.748535775245138,48.86987640187382,59.2,48.37301433484009,0,0.0,82
34,4,Dijkstra,,,22.930481410336732,52.15378613586651,5.193975987730262,66.07940422136089,31,29.13256132505415,48.40413690561434,59.5,50.843373353782894,0,0.0,9
34,4,A*,,,33.56353502613921,40.88888174189724,6.073095467927983,79.10370299729092,15,19.195733211190678,38.187885196759325,59.5,49.37817422012003,0,0.0,9
34,4,NSGA-II,,Dengeli,33.56353502613921,40.88888174189724,6.073095467927983,79.10370299729092,15,19.195733211190678,38.187885196759325,59.5,49.37817422012003,0,0.0,9
34,4,AffectEV,15.0,Verimlilik,23.22641566193761,43.23483766703331,4.901779044833114,72.49625429614836,22,23.71022341060751,46.95339340334692,59.5,51.33036825861147,0,0.0,9
34,4,AffectEV,30.0,Dengeli,33.56353502613921,40.88888174189724,6.073095467927983,79.10370299729092,15,19.195733211190678,38.187885196759325,59.5,49.37817422012003,0,0.0,9
34,4,AffectEV,50.0,Dengeli,33.56353502613921,40.88888174189724,6.073095467927983,79.10370299729092,15,19.195733211190678,38.187885196759325,59.5,49.37817422012003,0,0.0,9
34,4,AffectEV,65.0,Dengeli,33.56353502613921,40.88888174189724,6.073095467927983,79.10370299729092,15,19.195733211190678,38.187885196759325,59.5,49.37817422012003,0,0.0,9
34,4,AffectEV,85.0,Dengeli,33.56353502613921,40.88888174189724,6.073095467927983,79.10370299729092,15,19.195733211190678,38.187885196759325,59.5,49.37817422012003,0,0.0,9
35,4,Dijkstra,,,32.290262346665294,80.33316340235393,7.158252213457526,38.57621209292186,64,61.80341115550034,54.41382280214019,63.8,51.869579644237454,0,0.0,46
35,4,A*,,,57.101675885853766,50.74710556183805,9.450434975805356,83.96740532000943,7,18.951572254598595,34.23561501805494,63.8,48.0492750403244,0,0.0,46
35,4,NSGA-II,,Dengeli,57.101675885853766,50.74710556183805,9.450434975805356,83.96740532000943,7,18.951572254598595,34.23561501805494,63.8,48.0492750403244,0,0.0,46
35,4,AffectEV,15.0,Dengeli,57.101675885853766,50.74710556183805,9.450434975805356,83.96740532000943,7,18.951572254598595,34.23561501805494,63.8,48.0492750403244,0,0.0,46
35,4,AffectEV,30.0,Dengeli,57.101675885853766,50.74710556183805,9.450434975805356,83.96740532000943,7,18.951572254598595,34.23561501805494,63.8,48.0492750403244,0,0.0,46
35,4,AffectEV,50.0,Dengeli,57.101675885853766,50.74710556183805,9.450434975805356,83.96740532000943,7,18.951572254598595,34.23561501805494,63.8,48.0492750403244,0,0.0,46
35,4,AffectEV,65.0,Dengeli,57.101675885853766,50.74710556183805,9.450434975805356,83.96740532000943,7,18.951572254598595,34.23561501805494,63.8,48.0492750403244,0,0.0,46
35,4,AffectEV,85.0,Dengeli,57.101675885853766,50.74710556183805,9.450434975805356,83.96740532000943,7,18.951572254598595,34.23561501805494,63.8,48.0492750403244,0,0.0,46
36,4,Dijkstra,,,15.54634367544098,48.585228087122935,3.660355941600952,53.35911228799871,44,41.368809431313025,61.15122441303691,86.5,80.39940676399841,0,0.0,27
36,4,A*,,,25.152761905990715,40.19525063580928,4.845412698776184,73.99163268079823,21,22.726707133010294,43.45177589649339,86.5,78.42431216870636,0,0.0,27
36,4,NSGA-II,,Dengeli,16.66223566171182,41.23063848897509,3.7711278049603085,63.14145713083617,29,32.73364670975862,62.69224428118122,86.5,80.21478699173282,0,0.0,27
36,4,AffectEV,15.0,Dengeli,16.66223566171182,41.23063848897509,3.7711278049603085,63.14145713083617,29,32.73364670975862,62.69224428118122,86.5,80.21478699173282,0,0.0,27
36,4,AffectEV,30.0,Dengeli,16.66223566171182,41.23063848897509,3.7711278049603085,63.14145713083617,29,32.73364670975862,62.69224428118122,86.5,80.21478699173282,0,0.0,27
36,4,AffectEV,50.0,Konfor,25.12810284566913,40.2684639089594,4.844514664970236,74.01807514966214,21,22.68194300087982,43.38670975036956,86.5,78.42580889171627,0,0.0,27
36,4,AffectEV,65.0,Konfor,25.12810284566913,40.2684639089594,4.844514664970236,74.01807514966214,21,22.68194300087982,43.38670975036956,86.5,78.42580889171627,0,0.0,27
36,4,AffectEV,85.0,Konfor,25.12810284566913,40.2684639089594,4.844514664970236,74.01807514966214,21,22.68194300087982,43.38670975036956,86.5,78.42580889171627,0,0.0,27
37,4,Dijkstra,,,35.885842352077866,66.75946679760698,7.943003900744169,78.67517361885047,16,19.3369888184616,37.61864867805527,68.3,55.06166016542638,0,0.0,10
37,4,A*,,,43.02924166665217,60.004269968273654,8.22169420566106,75.0567867441251,23,22.463814955302134,33.5203438464213,68.3,54.59717632389823,0,0.0,10
37,4,NSGA-II,,Verimlilik,35.885842352077866,66.75946679760698,7.943003900744169,78.67517361885047,16,19.3369888184616,37.61864867805527,68.3,55.06166016542638,0,0.0,10
37,4,AffectEV,15.0,Verimlilik,35.885842352077866,66.75946679760698,7.943003900744169,78.67517361885047,16,19.3369888184616,37.61864867805527,68.3,55.06166016542638,0,0.0,10
37,4,AffectEV,30.0,Verimlilik,35.885842352077866,66.75946679760698,7.943003900744169,78.67517361885047,16,19.3369888184616,37.61864867805527,68.3,55.06166016542638,0,0.0,10
37,4,AffectEV,50.0,Verimlilik,35.885842352077866,66.75946679760698,7.943003900744169,78.67517361885047,16,19.3369888184616,37.61864867805527,68.3,55.06166016542638,0,0.0,10
37,4,AffectEV,65.0,Verimlilik,35.885842352077866,66.75946679760698,7.943003900744169,78.67517361885047,16,19.3369888184616,37.61864867805527,68.3,55.06166016542638,0,0.0,10
37,4,AffectEV,85.0,Verimlilik,35.885842352077866,66.75946679760698,7.943003900744169,78.67517361885047,16,19.3369888184616,37.61864867805527,68.3,55.06166016542638,0,0.0,10
38,4,Dijkstra,,,21.96282146541537,47.073745738522774,4.768379384621996,63.802763333379865,34,31.320047132580086,49.00611263423055,85.0,77.05270102563,0,0.0,41
38,4,A*,,,22.00215444869335,45.182039284013825,4.745646594347724,66.59041496379601,30,28.92786065295968,48.65613420158047,85.0,77.09058900942046,0,0.0,41
38,4,NSGA-II,,Dengeli,22.00215444869335,45.182039284013825,4.745646594347724,66.59041496379601,30,28.92786065295968,48.65613420158047,85.0,77.09058900942046,0,0.0,41
38,4,AffectEV,15.0,Dengeli,22.00215444869335,45.182039284013825,4.745646594347724,66.59041496379601,30,28.92786065295968,48.65613420158047,85.0,77.09058900942046,0,0.0,41
38,4,AffectEV,30.0,Dengeli,22.00215444869335,45.182039284013825,4.745646594347724,66.59041496379601,30,28.92786065295968,48.65613420158047,85.0,77.09058900942046,0,0.0,41
38,4,AffectEV,50.0,Dengeli,22.00215444869335,45.182039284013825,4.745646594347724,66.59041496379601,30,28.92786065295968,48.65613420158047,85.0,77.09058900942046,0,0.0,41
38,4,AffectEV,65.0,Konfor,38.693465380121374,53.901130654298115,7.366772984652425,75.97889794310245,21,21.59500355575849,35.213004950849964,85.0,72.72204502557929,0,0.0,41
38,4,AffectEV,85.0,Konfor,38.693465380121374,53.901130654298115,7.366772984652425,75.97889794310245,21,21.59500355575849,35.213004950849964,85.0,72.72204502557929,0,0.0,41
39,4,Dijkstra,,,17.06329866686855,55.05585049633135,4.157893676465446,51.94285543684886,50,41.50850874795656,53.02295969382087,66.0,59.07017720589092,0,0.0,37
39,4,A*,,,25.78908207796405,37.519865653844654,4.984249496100132,80.47937019122278,13,17.02163800144979,39.570692041711375,66.0,57.69291750649978,0,0.0,37
39,4,NSGA-II,,Dengeli,19.86399117943281,43.01293100672749,4.344037698331072,66.44581572476537,28,29.264780137372508,53.87375117011439,66.0,58.759937169448214,0,0.0,37
39,4,AffectEV,15.0,Dengeli,19.86399117943281,43.01293100672749,4.344037698331072,66.44581572476537,28,29.264780137372508,53.87375117011439,66.0,58.759937169448214,0,0.0,37
39,4,AffectEV,30.0,Dengeli,19.86399117943281,43.01293100672749,4.344037698331072,66.44581572476537,28,29.264780137372508,53.87375117011439,66.0,58.759937169448214,0,0.0,37
39,4,AffectEV,50.0,Konfor,25.78908207796405,37.519865653844654,4.984249496100132,80.47937019122278,13,17.02163800144979,39.570692041711375,66.0,57.69291750649978,0,0.0,37
39,4,AffectEV,65.0,Konfor,25.78908207796405,37.519865653844654,4.984249496100132,80.47937019122278,13,17.02163800144979,39.570692041711375,66.0,57.69291750649978,0,0.0,37
39,4,AffectEV,85.0,Konfor,25.78908207796405,37.519865653844654,4.984249496100132,80.47937019122278,13,17.02163800144979,39.570692041711375,66.0,57.69291750649978,0,0.0,37
40,4,Dijkstra,,,24.860773582720817,59.81585085969061,5.6239413421984334,56.540624369241186,39,41.6561274904738,57.312686918083386,76.0,66.62676442966928,0,0.0,53
40,4,A*,,,40.41783011845619,43.47537083029042,7.0389435552425645,79.77944500027552,15,18.83033058182943,35.35727912587826,76.0,64.26842740792907,0,0.0,53
40,4,NSGA-II,,Dengeli,40.41783011845619,43.47537083029042,7.0389435552425645,79.77944500027552,15,18.83033058182943,35.35727912587826,76.0,64.26842740792907,0,0.0,53
40,4,AffectEV,15.0,Verimlilik,26.852647842004718,45.54653291037223,5.1962833003310385,66.35444596858326,30,31.566992377361533,45.877281591041346,76.0,67.3395278327816,0,0.0,53
40,4,AffectEV,30.0,Verimlilik,26.852647842004718,45.54653291037223,5.1962833003310385,66.35444596858326,30,31.566992377361533,45.877281591041346,76.0,67.3395278327816,0,0.0,53
40,4,AffectEV,50.0,Dengeli,40.41783011845619,43.47537083029042,7.0389435552425645,79.77944500027552,15,18.83033058182943,35.35727912587826,76.0,64.26842740792907,0,0.0,53
40,4,AffectEV,65.0,Dengeli,40.41783011845619,43.47537083029042,7.0389435552425645,79.77944500027552,15,18.83033058182943,35.35727912587826,76.0,64.26842740792907,0,0.0,53
40,4,AffectEV,85.0,Dengeli,40.41783011845619,43.47537083029042,7.0389435552425645,79.77944500027552,15,18.83033058182943,35.35727912587826,76.0,64.26842740792907,0,0.0,53
41,4,Dijkstra,,,15.652162516574279,51.643470768020364,3.8483735165092754,54.91366017769185,42,39.8448866618727,60.664369118731685,66.4,59.98604413915121,0,0.0,8
41,4,A*,,,17.690408753931436,41.641309590521665,3.997709600310562,66.11980732166057,24,30.761760300158592,63.25832294145924,66.4,59.73715066614907,0,0.0,8
41,4,NSGA-II,,Dengeli,16.931460060438585,42.03804984929683,3.8676943747867263,65.0426278531493,26,31.39613754556211,62.69265441591035,66.4,59.953842708688796,0,0.0,8
41,4,AffectEV,15.0,Dengeli,16.931460060438585,42.03804984929683,3.8676943747867263,65.0426278531493,26,31.39613754556211,62.69265441591035,66.4,59.953842708688796,0,0.0,8
41,4,AffectEV,30.0,Dengeli,16.931460060438585,42.03804984929683,3.8676943747867263,65.0426278531493,26,31.39613754556211,62.69265441591035,66.4,59.953842708688796,0,0.0,8
41,4,AffectEV,50.0,Dengeli,16.931460060438585,42.03804984929683,3.8676943747867263,65.0426278531493,26,31.39613754556211,62.69265441591035,66.4,59.953842708688796,0,0.0,8
41,4,AffectEV,65.0,Konfor,17.772816608730558,41.82931709017161,4.018071178254119,66.12640460646622,24,30.79520417107382,63.17517071105819,66.4,59.703214702909804,0,0.0,8
41,4,AffectEV,85.0,Konfor,17.772816608730558,41.82931709017161,4.018071178254119,66.12640460646622,24,30.79520417107382,63.17517071105819,66.4,59.703214702909804,0,0.0,8
42,4,Dijkstra,,,23.44933666717482,49.06778474528524,4.965383021611518,65.57863558740941,35,28.933994714997738,41.20582999045636,67.7,59.424361630647475,0,0.0,36
42,4,A*,,,25.2473721497051,39.38835311619537,5.026297766296253,77.5793340204547,17,18.632923666431324,41.65394439807951,67.7,59.322837056172915,0,0.0,36
42,4,NSGA-II,,Dengeli,25.2473721497051,39.38835311619537,5.026297766296253,77.5793340204547,17,18.632923666431324,41.65394439807951,67.7,59.322837056172915,0,0.0,36
42,4,AffectEV,15.0,Dengeli,25.2473721497051,39.38835311619537,5.026297766296253,77.5793340204547,17,18.632923666431324,41.65394439807951,67.7,59.322837056172915,0,0.0,36
42,4,AffectEV,30.0,Dengeli,25.2473721497051,39.38835311619537,5.026297766296253,77.5793340204547,17,18.632923666431324,41.65394439807951,67.7,59.322837056172915,0,0.0,36
42,4,AffectEV,50.0,Dengeli,25.2473721497051,39.38835311619537,5.026297766296253,77.5793340204547,17,18.632923666431324,41.65394439807951,67.7,59.322837056172915,0,0.0,36
42,4,AffectEV,65.0,Dengeli,25.2473721497051,39.38835311619537,5.026297766296253,77.5793340204547,17,18.632923666431324,41.65394439807951,67.7,59.322837056172915,0,0.0,36
42,4,AffectEV,85.0,Konfor,28.51223464573747,44.11939325185075,5.6855521149819,79.0256684705381,16,17.867576029349834,38.07029360328477,67.7,58.2240798083635,0,0.0,36
43,4,Dijkstra,,,15.080656660003548,33.150207610369954,3.3217608105567096,71.0131044138053,20,23.50710118850505,59.673826148215966,69.3,63.76373198240548,0,0.0,2
43,4,A*,,,15.087481534729015,32.0984800309481,3.2716811366956913,70.96878868717054,20,23.56764222926886,59.804593220243966,69.3,63.847198105507175,0,0.0,2
43,4,NSGA-II,,Verimlilik,15.087481534729015,32.0984800309481,3.2716811366956913,70.96878868717054,20,23.56764222926886,59.804593220243966,69.3,63.847198105507175,0,0.0,2
43,4,AffectEV,15.0,Verimlilik,15.087481534729015,32.0984800309481,3.2716811366956913,70.96878868717054,20,23.56764222926886,59.804593220243966,69.3,63.847198105507175,0,0.0,2
43,4,AffectEV,30.0,Verimlilik,15.087481534729015,32.0984800309481,3.2716811366956913,70.96878868717054,20,23.56764222926886,59.804593220243966,69.3,63.847198105507175,0,0.0,2
43,4,AffectEV,50.0,Verimlilik,15.087481534729015,32.0984800309481,3.2716811366956913,70.96878868717054,20,23.56764222926886,59.804593220243966,69.3,63.847198105507175,0,0.0,2
43,4,AffectEV,65.0,Konfor,15.084859073250371,32.97843428069733,3.312703002971722,71.01480964278092,20,23.501388876822645,59.67386847086146,69.3,63.77882832838046,0,0.0,2
43,4,AffectEV,85.0,Konfor,15.084859073250371,32.97843428069733,3.312703002971722,71.01480964278092,20,23.501388876822645,59.67386847086146,69.3,63.77882832838046,0,0.0,2
44,4,Dijkstra,,,12.448359452641155,41.631264810797276,2.983647879889563,55.5466815544275,41,37.53480669728799,63.464382181930496,70.1,65.12725353351739,0,0.0,33
44,4,A*,,,12.636568951763449,35.32738757776346,2.9361686751452187,63.288462763475124,29,30.606422721259865,65.14805210073457,70.1,65.20638554142462,0,0.0,33
44,4,NSGA-II,,Dengeli,12.636568951763449,35.32738757776346,2.9361686751452187,63.288462763475124,29,30.606422721259865,65.14805210073457,70.1,65.20638554142462,0,0.0,33
44,4,AffectEV,15.0,Dengeli,12.636568951763449,35.32738757776346,2.9361686751452187,63.288462763475124,29,30.606422721259865,65.14805210073457,70.1,65.20638554142462,0,0.0,33
44,4,AffectEV,30.0,Dengeli,12.636568951763449,35.32738757776346,2.9361686751452187,63.288462763475124,29,30.606422721259865,65.14805210073457,70.1,65.20638554142462,0,0.0,33
44,4,AffectEV,50.0,Dengeli,12.636568951763449,35.32738757776346,2.9361686751452187,63.288462763475124,29,30.606422721259865,65.14805210073457,70.1,65.20638554142462,0,0.0,33
44,4,AffectEV,65.0,Konfor,14.862891905216152,38.00133083681681,3.4245388980095797,64.71542161703081,27,30.041370513745242,63.86083614422803,70.1,64.39243516998403,0,0.0,33
44,4,AffectEV,85.0,Konfor,14.862891905216152,38.00133083681681,3.4245388980095797,64.71542161703081,27,30.041370513745242,63.86083614422803,70.1,64.39243516998403,0,0.0,33
45,4,Dijkstra,,,25.56201805383672,68.02515662133673,5.922246765703246,46.444493961582396,49,54.614667383682416,63.35552911656442,46.8,36.92958872382792,0,0.0,29
45,4,A*,,,44.27868376405925,44.55092907234102,7.533346289426863,81.77733013444082,11,18.79768939786245,35.416815231002246,46.8,34.244422850955225,0,0.0,29
45,4,NSGA-II,,Dengeli,44.27868376405925,44.55092907234102,7.533346289426863,81.77733013444082,11,18.79768939786245,35.416815231002246,46.8,34.244422850955225,0,0.0,29
45,4,AffectEV,15.0,Verimlilik,25.687409466610458,67.32993877031542,5.880884942772743,46.306537787891926,50,54.30559794487597,62.00891414322639,46.8,36.99852509537876,0,0.0,29
45,4,AffectEV,30.0,Dengeli,44.27868376405925,44.55092907234102,7.533346289426863,81.77733013444082,11,18.79768939786245,35.416815231002246,46.8,34.244422850955225,0,0.0,29
45,4,AffectEV,50.0,Dengeli,44.27868376405925,44.55092907234102,7.533346289426863,81.77733013444082,11,18.79768939786245,35.416815231002246,46.8,34.244422850955225,0,0.0,29
45,4,AffectEV,65.0,Dengeli,44.27868376405925,44.55092907234102,7.533346289426863,81.77733013444082,11,18.79768939786245,35.416815231002246,46.8,34.244422850955225,0,0.0,29
45,4,AffectEV,85.0,Dengeli,44.27868376405925,44.55092907234102,7.533346289426863,81.77733013444082,11,18.79768939786245,35.416815231002246,46.8,34.244422850955225,0,0.0,29
46,4,Dijkstra,,,14.765837459808974,45.626413311068774,3.5632315495100717,57.55740457341379,34,38.183161912731805,69.93823426383334,63.3,57.36128075081655,0,0.0,34
46,4,A*,,,15.348897599347689,32.96809719607737,3.3117254772479816,67.1790548220607,20,29.134124414663436,70.40353926770129,63.3,57.78045753792003,0,0.0,34
46,4,NSGA-II,,Dengeli,15.24322381918536,33.09476861132015,3.3408400499634427,68.18426270829353,19,28.052543316643863,69.49987148356654,63.3,57.731933250060926,0,0.0,34
46,4,AffectEV,15.0,Verimlilik,15.348897599347689,32.96809719607737,3.3117254772479816,67.1790548220607,20,29.134124414663436,70.40353926770129,63.3,57.78045753792003,0,0.0,34
46,4,AffectEV,30.0,Dengeli,15.24322381918536,33.09476861132015,3.3408400499634427,68.18426270829353,19,28.052543316643863,69.49987148356654,63.3,57.731933250060926,0,0.0,34
46,4,AffectEV,50.0,Dengeli,15.24322381918536,33.09476861132015,3.3408400499634427,68.18426270829353,19,28.052543316643863,69.49987148356654,63.3,57.731933250060926,0,0.0,34
46,4,AffectEV,65.0,Konfor,15.542149400287052,35.37071819969413,3.493575359420556,68.59648621893193,19,27.67131973961275,68.01058929592124,63.3,57.477374400965736,0,0.0,34
46,4,AffectEV,85.0,Konfor,15.542149400287052,35.37071819969413,3.493575359420556,68.59648621893193,19,27.67131973961275,68.01058929592124,63.3,57.477374400965736,0,0.0,34
47,4,Dijkstra,,,19.20224016298778,51.97445418202522,4.474468410577894,58.57713098862123,39,36.595814969450615,54.72062260271794,61.0,53.54255264903684,0,0.0,47
47,4,A*,,,22.114399662248495,40.851878642904005,4.536608545928737,68.13038802031147,27,27.6673017115577,50.347107331106066,61.0,53.43898575678544,0,0.0,47
47,4,NSGA-II,,Dengeli,22.114399662248495,40.851878642904005,4.536608545928737,68.13038802031147,27,27.6673017115577,50.347107331106066,61.0,53.43898575678544,0,0.0,47
47,4,AffectEV,15.0,Dengeli,22.114399662248495,40.851878642904005,4.536608545928737,68.13038802031147,27,27.6673017115577,50.347107331106066,61.0,53.43898575678544,0,0.0,47
47,4,AffectEV,30.0,Dengeli,22.114399662248495,40.851878642904005,4.536608545928737,68.13038802031147,27,27.6673017115577,50.347107331106066,61.0,53.43898575678544,0,0.0,47
47,4,AffectEV,50.0,Dengeli,22.114399662248495,40.851878642904005,4.536608545928737,68.13038802031147,27,27.6673017115577,50.347107331106066,61.0,53.43898575678544,0,0.0,47
47,4,AffectEV,65.0,Konfor,36.823002885992224,47.37826933652254,6.802502735954308,79.2887041600377,15,19.474666210390954,36.84447988422512,61.0,49.66249544007616,0,0.0,47
47,4,AffectEV,85.0,Konfor,36.823002885992224,47.37826933652254,6.802502735954308,79.2887041600377,15,19.474666210390954,36.84447988422512,61.0,49.66249544007616,0,0.0,47
48,4,Dijkstra,,,18.664831703964754,48.02818427554145,4.374846612528136,65.32049280310356,35,28.3155412295746,43.42422414012031,49.1,41.808588979119776,0,0.0,27
48,4,A*,,,19.36885324706684,44.6021305933846,4.415620426193396,70.2729517755491,27,24.168932109893316,44.88184295741455,49.1,41.74063262301101,0,0.0,27
48,4,NSGA-II,,Dengeli,19.479137754372786,44.721383195144405,4.445497177927206,70.74042969534554,26,24.033978599449767,45.246883624097656,49.1,41.690838036787994,0,0.0,27
48,4,AffectEV,15.0,Dengeli,19.479137754372786,44.721383195144405,4.445497177927206,70.74042969534554,26,24.033978599449767,45.246883624097656,49.1,41.690838036787994,0,0.0,27
48,4,AffectEV,30.0,Dengeli,19.479137754372786,44.721383195144405,4.445497177927206,70.74042969534554,26,24.033978599449767,45.246883624097656,49.1,41.690838036787994,0,0.0,27
48,4,AffectEV,50.0,Dengeli,19.479137754372786,44.721383195144405,4.445497177927206,70.74042969534554,26,24.033978599449767,45.246883624097656,49.1,41.690838036787994,0,0.0,27
48,4,AffectEV,65.0,Konfor,30.07185291285307,53.272663605475095,6.394392680665707,78.78761988461373,17,18.222500298147395,36.22815012971023,49.1,38.442678865557156,0,0.0,27
48,4,AffectEV,85.0,Konfor,30.07185291285307,53.272663605475095,6.394392680665707,78.78761988461373,17,18.222500298147395,36.22815012971023,49.1,38.442678865557156,0,0.0,27
49,4,Dijkstra,,,22.65431248481913,68.74725961384982,5.298918893391854,38.35049926525737,74,52.368358699940856,44.69496562380188,58.4,49.56846851101358,0,0.0,10
49,4,A*,,,29.71921623353516,27.443857338780724,4.959878896932464,86.76620593676212,7,10.943237462392993,32.254114122599916,58.4,50.13353517177923,0,0.0,10
49,4,NSGA-II,,Dengeli,29.71921623353516,27.443857338780724,4.959878896932464,86.76620593676212,7,10.943237462392993,32.254114122599916,58.4,50.13353517177923,0,0.0,10
49,4,AffectEV,15.0,Dengeli,29.71921623353516,27.443857338780724,4.959878896932464,86.76620593676212,7,10.943237462392993,32.254114122599916,58.4,50.13353517177923,0,0.0,10
49,4,AffectEV,30.0,Dengeli,29.71921623353516,27.443857338780724,4.959878896932464,86.76620593676212,7,10.943237462392993,32.254114122599916,58.4,50.13353517177923,0,0.0,10
49,4,AffectEV,50.0,Dengeli,29.71921623353516,27.443857338780724,4.959878896932464,86.76620593676212,7,10.943237462392993,32.254114122599916,58.4,50.13353517177923,0,0.0,10
49,4,AffectEV,65.0,Dengeli,29.71921623353516,27.443857338780724,4.959878896932464,86.76620593676212,7,10.943237462392993,32.254114122599916,58.4,50.13353517177923,0,0.0,10
49,4,AffectEV,85.0,Dengeli,29.71921623353516,27.443857338780724,4.959878896932464,86.76620593676212,7,10.943237462392993,32.254114122599916,58.4,50.13353517177923,0,0.0,10
50,4,Dijkstra,,,24.358114248074624,59.18775445766377,5.433673514525927,54.221432305988024,40,45.620458493111556,60.46215073039253,87.5,78.44387747579012,0,0.0,10
50,4,A*,,,25.923920697923496,46.23796860132548,5.298799808557738,66.08087078292166,27,32.22669886854537,53.75559778257361,87.5,78.6686669857371,0,0.0,10
50,4,NSGA-II,,Dengeli,25.900614369087126,46.789522287562946,5.337602385613097,67.3329446286858,25,31.239475658272006,53.976063369163,87.5,78.60399602397817,0,0.0,10
50,4,AffectEV,15.0,Dengeli,25.900614369087126,46.789522287562946,5.337602385613097,67.3329446286858,25,31.239475658272006,53.976063369163,87.5,78.60399602397817,0,0.0,10
50,4,AffectEV,30.0,Dengeli,25.900614369087126,46.789522287562946,5.337602385613097,67.3329446286858,25,31.239475658272006,53.976063369163,87.5,78.60399602397817,0,0.0,10
50,4,AffectEV,50.0,Dengeli,25.900614369087126,46.789522287562946,5.337602385613097,67.3329446286858,25,31.239475658272006,53.976063369163,87.5,78.60399602397817,0,0.0,10
50,4,AffectEV,65.0,Dengeli,25.900614369087126,46.789522287562946,5.337602385613097,67.3329446286858,25,31.239475658272006,53.976063369163,87.5,78.60399602397817,0,0.0,10
50,4,AffectEV,85.0,Konfor,27.67186197692608,51.216588388390825,5.84124529043146,68.45288513949362,23,30.818963138834636,54.00712959427991,87.5,77.76459118261423,0,0.0,10
1,5,Dijkstra,,,18.180626954473706,49.39121893246709,4.236286114104088,56.12967766897387,49,34.93549844549453,44.448363986888836,68.4,61.33952314315986,0,0.0,34
1,5,A*,,,24.477356109751526,31.133517864681483,4.578527177381487,83.17727560747848,13,12.681545556322453,32.59130362812393,68.4,60.76912137103086,0,0.0,34
1,5,NSGA-II,,Dengeli,24.477356109751526,31.133517864681483,4.578527177381487,83.17727560747848,13,12.681545556322453,32.59130362812393,68.4,60.76912137103086,0,0.0,34
1,5,AffectEV,15.0,Dengeli,24.477356109751526,31.133517864681483,4.578527177381487,83.17727560747848,13,12.681545556322453,32.59130362812393,68.4,60.76912137103086,0,0.0,34
1,5,AffectEV,30.0,Dengeli,24.477356109751526,31.133517864681483,4.578527177381487,83.17727560747848,13,12.681545556322453,32.59130362812393,68.4,60.76912137103086,0,0.0,34
1,5,AffectEV,50.0,Dengeli,24.477356109751526,31.133517864681483,4.578527177381487,83.17727560747848,13,12.681545556322453,32.59130362812393,68.4,60.76912137103086,0,0.0,34
1,5,AffectEV,65.0,Dengeli,24.477356109751526,31.133517864681483,4.578527177381487,83.17727560747848,13,12.681545556322453,32.59130362812393,68.4,60.76912137103086,0,0.0,34
1,5,AffectEV,85.0,Dengeli,24.477356109751526,31.133517864681483,4.578527177381487,83.17727560747848,13,12.681545556322453,32.59130362812393,68.4,60.76912137103086,0,0.0,34
2,5,Dijkstra,,,25.08490021637783,38.80971849737671,5.004491467470664,75.92839086545875,20,19.926502341274393,40.46829216079463,52.2,43.859180887548895,0,0.0,14
2,5,A*,,,25.123592790695103,38.28996197654398,4.985103744905559,75.79785669137036,20,20.119403692810074,40.83161100393314,52.2,43.89149375849074,0,0.0,14
2,5,NSGA-II,,Verimlilik,25.095392899664237,38.31217436055394,4.984067076165024,75.93471898951344,20,19.920224573469692,40.446068192228246,52.2,43.89322153972496,0,0.0,14
2,5,AffectEV,15.0,Verimlilik,25.095392899664237,38.31217436055394,4.984067076165024,75.93471898951344,20,19.920224573469692,40.446068192228246,52.2,43.89322153972496,0,0.0,14
2,5,AffectEV,30.0,Verimlilik,25.095392899664237,38.31217436055394,4.984067076165024,75.93471898951344,20,19.920224573469692,40.446068192228246,52.2,43.89322153972496,0,0.0,14
2,5,AffectEV,50.0,Verimlilik,25.095392899664237,38.31217436055394,4.984067076165024,75.93471898951344,20,19.920224573469692,40.446068192228246,52.2,43.89322153972496,0,0.0,14
2,5,AffectEV,65.0,Konfor,28.605620435775133,41.15774186249103,5.648792206788882,82.4820372841148,12,14.798895952038666,35.391469651368034,52.2,42.78534632201853,0,0.0,14
2,5,AffectEV,85.0,Konfor,28.605620435775133,41.15774186249103,5.648792206788882,82.4820372841148,12,14.798895952038666,35.391469651368034,52.2,42.78534632201853,0,0.0,14
3,5,Dijkstra,,,10.944476773165217,34.31989793515617,2.609275352280547,64.54793589679079,34,26.86432436050817,51.963833975283805,77.4,73.0512077461991,0,0.0,29
3,5,A*,,,14.685764801381666,30.06364911639805,3.1190920258106924,72.57563210785058,21,21.178446959101915,52.85416902209423,77.4,72.20151329031552,0,0.0,29
3,5,NSGA-II,,Dengeli,13.65413549306303,30.096259458192424,2.9803992484008828,72.05061942604232,21,21.53946948605569,54.93769864070492,77.4,72.43266791933186,0,0.0,29
3,5,AffectEV,15.0,Dengeli,13.65413549306303,30.096259458192424,2.9803992484008828,72.05061942604232,21,21.53946948605569,54.93769864070492,77.4,72.43266791933186,0,0.0,29
3,5,AffectEV,30.0,Dengeli,13.65413549306303,30.096259458192424,2.9803992484008828,72.05061942604232,21,21.53946948605569,54.93769864070492,77.4,72.43266791933186,0,0.0,29
3,5,AffectEV,50.0,Dengeli,13.65413549306303,30.096259458192424,2.9803992484008828,72.05061942604232,21,21.53946948605569,54.93769864070492,77.4,72.43266791933186,0,0.0,29
3,5,AffectEV,65.0,Dengeli,13.65413549306303,30.096259458192424,2.9803992484008828,72.05061942604232,21,21.53946948605569,54.93769864070492,77.4,72.43266791933186,0,0.0,29
3,5,AffectEV,85.0,Konfor,15.601889927029958,31.94753001364281,3.3587366252402377,73.24479433876967,20,20.85846486561018,52.48833100773639,77.4,71.8021056245996,0,0.0,29
4,5,Dijkstra,,,20.388666386118903,36.9443363746827,4.298012056729214,78.57318510692201,15,16.76074956124744,44.492950123518796,40.6,33.43664657211798,0,0.0,34
4,5,A*,,,20.70766409191689,35.82684460124745,4.242395749433169,77.33636117961785,17,17.9253515376415,43.9301667954485,40.6,33.52934041761139,0,0.0,34
4,5,NSGA-II,,Dengeli,20.388666386118903,36.9443363746827,4.298012056729214,78.57318510692201,15,16.76074956124744,44.492950123518796,40.6,33.43664657211798,0,0.0,34
4,5,AffectEV,15.0,Verimlilik,20.70766409191689,35.82684460124745,4.242395749433169,77.33636117961785,17,17.9253515376415,43.9301667954485,40.6,33.52934041761139,0,0.0,34
4,5,AffectEV,30.0,Dengeli,20.388666386118903,36.9443363746827,4.298012056729214,78.57318510692201,15,16.76074956124744,44.492950123518796,40.6,33.43664657211798,0,0.0,34
4,5,AffectEV,50.0,Dengeli,20.388666386118903,36.9443363746827,4.298012056729214,78.57318510692201,15,16.76074956124744,44.492950123518796,40.6,33.43664657211798,0,0.0,34
4,5,AffectEV,65.0,Dengeli,20.388666386118903,36.9443363746827,4.298012056729214,78.57318510692201,15,16.76074956124744,44.492950123518796,40.6,33.43664657211798,0,0.0,34
4,5,AffectEV,85.0,Konfor,21.38258773957223,40.38431007302516,4.610183549451649,78.83127222581734,14,17.167234116019607,45.09278769688383,40.6,32.91636075091392,0,0.0,34
5,5,Dijkstra,,,16.803270107900584,52.84879430358795,4.037542286813924,54.15747002763891,50,37.646915077517036,47.742277245529884,47.9,41.17076285531012,0,0.0,30
5,5,A*,,,18.192093990027015,37.812474392642805,4.032804048662144,73.91264976043396,18,21.315086011077135,53.4641221812145,47.9,41.17865991889642,0,0.0,30
5,5,NSGA-II,,Dengeli,18.192093990027015,37.812474392642805,4.032804048662144,73.91264976043396,18,21.315086011077135,53.4641221812145,47.9,41.17865991889642,0,0.0,30
5,5,AffectEV,15.0,Dengeli,18.192093990027015,37.812474392642805,4.032804048662144,73.91264976043396,18,21.315086011077135,53.4641221812145,47.9,41.17865991889642,0,0.0,30
5,5,AffectEV,30.0,Dengeli,18.192093990027015,37.812474392642805,4.032804048662144,73.91264976043396,18,21.315086011077135,53.4641221812145,47.9,41.17865991889642,0,0.0,30
5,5,AffectEV,50.0,Dengeli,18.192093990027015,37.812474392642805,4.032804048662144,73.91264976043396,18,21.315086011077135,53.4641221812145,47.9,41.17865991889642,0,0.0,30
5,5,AffectEV,65.0,Dengeli,18.192093990027015,37.812474392642805,4.032804048662144,73.91264976043396,18,21.315086011077135,53.4641221812145,47.9,41.17865991889642,0,0.0,30
5,5,AffectEV,85.0,Dengeli,18.192093990027015,37.812474392642805,4.032804048662144,73.91264976043396,18,21.315086011077135,53.4641221812145,47.9,41.17865991889642,0,0.0,30
6,5,Dijkstra,,,15.816035757029267,41.19531802942092,3.6109392927332693,61.6824535026398,43,28.893262524273432,40.74783870039082,75.2,69.18176784544455,0,0.0,47
6,5,A*,,,18.215126973940517,34.3891725162131,3.8255395250319606,75.43745711346483,24,17.621424272238155,36.3805780243186,75.2,68.8241007916134,0,0.0,47
6,5,NSGA-II,,Dengeli,17.833690055170337,34.70850931195064,3.751647320422237,73.00596844094802,28,19.131791246085637,36.27247092613141,75.2,68.94725446596294,0,0.0,47
6,5,AffectEV,15.0,Dengeli,17.833690055170337,34.70850931195064,3.751647320422237,73.00596844094802,28,19.131791246085637,36.27247092613141,75.2,68.94725446596294,0,0.0,47
6,5,AffectEV,30.0,Dengeli,17.833690055170337,34.70850931195064,3.751647320422237,73.00596844094802,28,19.131791246085637,36.27247092613141,75.2,68.94725446596294,0,0.0,47
6,5,AffectEV,50.0,Dengeli,17.833690055170337,34.70850931195064,3.751647320422237,73.00596844094802,28,19.131791246085637,36.27247092613141,75.2,68.94725446596294,0,0.0,47
6,5,AffectEV,65.0,Konfor,18.293230575654142,34.46970358395822,3.8428690849618636,75.49809838560051,24,17.507169648047324,36.24875359992643,75.2,68.79521819173023,0,0.0,47
6,5,AffectEV,85.0,Konfor,18.293230575654142,34.46970358395822,3.8428690849618636,75.49809838560051,24,17.507169648047324,36.24875359992643,75.2,68.79521819173023,0,0.0,47
7,5,Dijkstra,,,30.54779619598615,63.951969233798074,6.506002136066925,53.969994863756035,44,45.00977780269832,52.635358977172324,79.6,68.75666310655512,0,0.0,73
7,5,A*,,,51.013162304889725,43.72819713321301,8.436649424623155,85.22578317028524,8,15.16946940516473,31.116880040826686,79.6,65.53891762562807,0,0.0,73
7,5,NSGA-II,,Dengeli,51.013162304889725,43.72819713321301,8.436649424623155,85.22578317028524,8,15.16946940516473,31.116880040826686,79.6,65.53891762562807,0,0.0,73
7,5,AffectEV,15.0,Dengeli,51.013162304889725,43.72819713321301,8.436649424623155,85.22578317028524,8,15.16946940516473,31.116880040826686,79.6,65.53891762562807,0,0.0,73
7,5,AffectEV,30.0,Dengeli,51.013162304889725,43.72819713321301,8.436649424623155,85.22578317028524,8,15.16946940516473,31.116880040826686,79.6,65.53891762562807,0,0.0,73
7,5,AffectEV,50.0,Dengeli,51.013162304889725,43.72819713321301,8.436649424623155,85.22578317028524,8,15.16946940516473,31.116880040826686,79.6,65.53891762562807,0,0.0,73
7,5,AffectEV,65.0,Dengeli,51.013162304889725,43.72819713321301,8.436649424623155,85.22578317028524,8,15.16946940516473,31.116880040826686,79.6,65.53891762562807,0,0.0,73
7,5,AffectEV,85.0,Dengeli,51.013162304889725,43.72819713321301,8.436649424623155,85.22578317028524,8,15.16946940516473,31.116880040826686,79.6,65.53891762562807,0,0.0,73
8,5,Dijkstra,,,25.23747109975654,63.86857590385653,5.913902419909811,59.11773135987332,45,34.64035298094272,39.95081372921932,43.6,33.74349596681698,0,0.0,17
8,5,A*,,,25.94448295425281,59.73738216796812,5.955403447626435,63.45654384797339,38,31.044359598950052,41.15074136170796,43.6,33.67432758728928,0,0.0,17
8,5,NSGA-II,,Dengeli,26.180370091934165,59.893190357572074,6.01352159390647,64.28338450289695,37,30.342588524943064,40.569194698100645,43.6,33.577464010155886,0,0.0,17
8,5,AffectEV,15.0,Dengeli,26.180370091934165,59.893190357572074,6.01352159390647,64.28338450289695,37,30.342588524943064,40.569194698100645,43.6,33.577464010155886,0,0.0,17
8,5,AffectEV,30.0,Dengeli,26.180370091934165,59.893190357572074,6.01352159390647,64.28338450289695,37,30.342588524943064,40.569194698100645,43.6,33.577464010155886,0,0.0,17
8,5,AffectEV,50.0,Dengeli,26.180370091934165,59.893190357572074,6.01352159390647,64.28338450289695,37,30.342588524943064,40.569194698100645,43.6,33.577464010155886,0,0.0,17
8,5,AffectEV,65.0,Konfor,28.540355343818636,65.11679358582225,6.646669718090856,66.61733544701161,31,30.07383681667203,44.302567539933946,43.6,32.52221713651524,0,0.0,17
8,5,AffectEV,85.0,Konfor,28.540355343818636,65.11679358582225,6.646669718090856,66.61733544701161,31,30.07383681667203,44.302567539933946,43.6,32.52221713651524,0,0.0,17
9,5,Dijkstra,,,17.935784581718238,41.38909340715752,3.9154378278732223,62.783464584776844,38,29.710791329811524,46.51649008139848,55.9,49.37427028687796,0,0.0,25
9,5,A*,,,25.90471328614617,29.127235232980997,4.6142257308493715,83.33136868476996,12,13.15452919436189,33.611362784607365,55.9,48.20962378191771,0,0.0,25
9,5,NSGA-II,,Dengeli,25.90471328614617,29.127235232980997,4.6142257308493715,83.33136868476996,12,13.15452919436189,33.611362784607365,55.9,48.20962378191771,0,0.0,25
9,5,AffectEV,15.0,Verimlilik,19.598539248044244,31.70682808800544,3.8830917523349355,75.69193123132521,22,18.166299105115222,39.29089518570114,55.9,49.428180412775106,0,0.0,25
9,5,AffectEV,30.0,Verimlilik,19.598539248044244,31.70682808800544,3.8830917523349355,75.69193123132521,22,18.166299105115222,39.29089518570114,55.9,49.428180412775106,0,0.0,25
9,5,AffectEV,50.0,Dengeli,25.90471328614617,29.127235232980997,4.6142257308493715,83.33136868476996,12,13.15452919436189,33.611362784607365,55.9,48.20962378191771,0,0.0,25
9,5,AffectEV,65.0,Dengeli,25.90471328614617,29.127235232980997,4.6142257308493715,83.33136868476996,12,13.15452919436189,33.611362784607365,55.9,48.20962378191771,0,0.0,25
9,5,AffectEV,85.0,Dengeli,25.90471328614617,29.127235232980997,4.6142257308493715,83.33136868476996,12,13.15452919436189,33.611362784607365,55.9,48.20962378191771,0,0.0,25
10,5,Dijkstra,,,26.29086706365498,39.558918445447105,5.288283969978301,81.7340986716457,12,14.810692905327626,39.11346728378006,56.9,48.0861933833695,0,0.0,31
10,5,A*,,,40.03248737154875,35.01062905665933,6.584502428201241,86.7318527761503,5,12.859510077309883,34.55147100328368,56.9,45.925829286331265,0,0.0,31
10,5,NSGA-II,,Dengeli,29.92896620240676,37.22957610201517,5.556467485058538,85.11506364769576,8,12.357269784713868,35.88877708445041,56.9,47.63922085823577,0,0.0,31
10,5,AffectEV,15.0,Verimlilik,26.29523323733128,37.42055476876094,5.173179994036475,81.84455184376125,12,14.658819285948226,38.789011852271365,56.9,48.27803334327254,0,0.0,31
10,5,AffectEV,30.0,Verimlilik,26.29523323733128,37.42055476876094,5.173179994036475,81.84455184376125,12,14.658819285948226,38.789011852271365,56.9,48.27803334327254,0,0.0,31
10,5,AffectEV,50.0,Dengeli,29.92896620240676,37.22957610201517,5.556467485058538,85.11506364769576,8,12.357269784713868,35.88877708445041,56.9,47.63922085823577,0,0.0,31
10,5,AffectEV,65.0,Konfor,40.03735853397256,35.08530723905095,6.589132157458728,86.750059570121,5,12.831532166340724,34.50240389988395,56.9,45.91811307090212,0,0.0,31
10,5,AffectEV,85.0,Konfor,40.03735853397256,35.08530723905095,6.589132157458728,86.750059570121,5,12.831532166340724,34.50240389988395,56.9,45.91811307090212,0,0.0,31
11,5,Dijkstra,,,21.66993991746172,56.427158123190466,5.006113947045384,57.853254118065,38,39.21295619062881,56.91429512373176,65.7,57.35647675492436,0,0.0,26
11,5,A*,,,22.775131643468658,51.524611097300195,5.106900743126271,64.20610131657463,30,32.77862243448449,54.801559765400086,65.7,57.188498761456216,0,0.0,26
11,5,NSGA-II,,Dengeli,22.373736008750544,51.5957328587062,5.056735793089684,63.4544161477361,31,33.31903162044637,55.24937183064996,65.7,57.27210701151719,0,0.0,26
11,5,AffectEV,15.0,Dengeli,22.373736008750544,51.5957328587062,5.056735793089684,63.4544161477361,31,33.31903162044637,55.24937183064996,65.7,57.27210701151719,0,0.0,26
11,5,AffectEV,30.0,Dengeli,22.373736008750544,51.5957328587062,5.056735793089684,63.4544161477361,31,33.31903162044637,55.24937183064996,65.7,57.27210701151719,0,0.0,26
11,5,AffectEV,50.0,Dengeli,22.373736008750544,51.5957328587062,5.056735793089684,63.4544161477361,31,33.31903162044637,55.24937183064996,65.7,57.27210701151719,0,0.0,26
11,5,AffectEV,65.0,Konfor,22.75773149284294,51.957420035619926,5.209722693282573,65.60454504241063,26,32.45824581143141,58.28990607079969,65.7,57.01712884452905,0,0.0,26
11,5,AffectEV,85.0,Konfor,22.75773149284294,51.957420035619926,5.209722693282573,65.60454504241063,26,32.45824581143141,58.28990607079969,65.7,57.01712884452905,0,0.0,26
12,5,Dijkstra,,,23.210046865366078,61.507999589786856,5.419334507126281,53.783022376694966,50,39.47014797993282,46.87966614662596,42.6,33.5677758214562,0,0.0,92
12,5,A*,,,24.673211862626776,50.28170955934305,5.365754935483375,65.36749751814867,32,30.266032903971695,47.76346305329915,42.6,33.65707510752771,0,0.0,92
12,5,NSGA-II,,Dengeli,24.66095541368464,50.45250341421839,5.373464309178093,65.80258770977936,32,29.639005413355306,46.52855333107021,42.6,33.64422615136985,0,0.0,92
12,5,AffectEV,15.0,Dengeli,24.66095541368464,50.45250341421839,5.373464309178093,65.80258770977936,32,29.639005413355306,46.52855333107021,42.6,33.64422615136985,0,0.0,92
12,5,AffectEV,30.0,Dengeli,24.66095541368464,50.45250341421839,5.373464309178093,65.80258770977936,32,29.639005413355306,46.52855333107021,42.6,33.64422615136985,0,0.0,92
12,5,AffectEV,50.0,Dengeli,24.66095541368464,50.45250341421839,5.373464309178093,65.80258770977936,32,29.639005413355306,46.52855333107021,42.6,33.64422615136985,0,0.0,92
12,5,AffectEV,65.0,Konfor,40.47461420501348,53.9317271489868,7.6039366699593005,75.87031908120719,21,22.190674144757438,34.86239337682788,42.6,29.9267722167345,0,0.0,92
12,5,AffectEV,85.0,Konfor,40.47461420501348,53.9317271489868,7.6039366699593005,75.87031908120719,21,22.190674144757438,34.86239337682788,42.6,29.9267722167345,0,0.0,92
13,5,Dijkstra,,,17.365727681979003,44.205751956940766,4.026623510078396,64.71667245764345,37,26.815081876437898,43.69401489712584,77.8,71.088960816536,0,0.0,79
13,5,A*,,,18.684053779311363,40.93015332155269,4.159731045827608,71.63406095804629,28,21.091975232897923,40.19173236042161,77.8,70.86711492362065,0,0.0,79
13,5,NSGA-II,,Dengeli,18.684053779311363,40.93015332155269,4.159731045827608,71.63406095804629,28,21.091975232897923,40.19173236042161,77.8,70.86711492362065,0,0.0,79
13,5,AffectEV,15.0,Dengeli,18.684053779311363,40.93015332155269,4.159731045827608,71.63406095804629,28,21.091975232897923,40.19173236042161,77.8,70.86711492362065,0,0.0,79
13,5,AffectEV,30.0,Dengeli,18.684053779311363,40.93015332155269,4.159731045827608,71.63406095804629,28,21.091975232897923,40.19173236042161,77.8,70.86711492362065,0,0.0,79
13,5,AffectEV,50.0,Dengeli,18.684053779311363,40.93015332155269,4.159731045827608,71.63406095804629,28,21.091975232897923,40.19173236042161,77.8,70.86711492362065,0,0.0,79
13,5,AffectEV,65.0,Konfor,22.731892209256355,42.44937988990285,4.864860664655585,75.8525987228263,21,18.859135135237942,39.948303683011595,77.8,69.69189889224069,0,0.0,79
13,5,AffectEV,85.0,Konfor,22.731892209256355,42.44937988990285,4.864860664655585,75.8525987228263,21,18.859135135237942,39.948303683011595,77.8,69.69189889224069,0,0.0,79
14,5,Dijkstra,,,23.12440075830618,47.54281270175102,4.912201731630089,64.94092535680565,28,32.916283508396276,55.92094795337732,63.8,55.612997113949845,0,0.0,10
14,5,A*,,,24.073160375945697,42.105717976905346,5.000006700434287,72.66301106224296,15,27.214463543934897,58.363249372882855,63.8,55.466655499276186,0,0.0,10
14,5,NSGA-II,,Dengeli,24.073160375945697,42.105717976905346,5.000006700434287,72.66301106224296,15,27.214463543934897,58.363249372882855,63.8,55.466655499276186,0,0.0,10
14,5,AffectEV,15.0,Dengeli,24.073160375945697,42.105717976905346,5.000006700434287,72.66301106224296,15,27.214463543934897,58.363249372882855,63.8,55.466655499276186,0,0.0,10
14,5,AffectEV,30.0,Dengeli,24.073160375945697,42.105717976905346,5.000006700434287,72.66301106224296,15,27.214463543934897,58.363249372882855,63.8,55.466655499276186,0,0.0,10
14,5,AffectEV,50.0,Dengeli,24.073160375945697,42.105717976905346,5.000006700434287,72.66301106224296,15,27.214463543934897,58.363249372882855,63.8,55.466655499276186,0,0.0,10
14,5,AffectEV,65.0,Konfor,25.12563578044249,44.00294902770249,5.261098386445552,74.7490027768645,13,24.93326519243991,56.35508832701758,63.8,55.03150268925741,0,0.0,10
14,5,AffectEV,85.0,Konfor,25.12563578044249,44.00294902770249,5.261098386445552,74.7490027768645,13,24.93326519243991,56.35508832701758,63.8,55.03150268925741,0,0.0,10
15,5,Dijkstra,,,20.62345860912918,47.08042003059584,4.698955214573821,66.8707099105784,31,27.301052251526794,47.19487206981779,84.0,76.1684079757103,0,0.0,27
15,5,A*,,,37.068481388952925,41.48393794467257,6.541094877902286,76.98880842482876,20,20.621124461765724,34.124271183207576,84.0,73.0981752034962,0,0.0,27
15,5,NSGA-II,,Dengeli,31.031160723698864,44.26394164223543,5.960531041151926,77.27984990436485,18,19.929549689274978,38.706425944263245,84.0,74.06578159808012,0,0.0,27
15,5,AffectEV,15.0,Verimlilik,20.62345860912918,47.08042003059584,4.698955214573821,66.8707099105784,31,27.301052251526794,47.19487206981779,84.0,76.1684079757103,0,0.0,27
15,5,AffectEV,30.0,Dengeli,31.031160723698864,44.26394164223543,5.960531041151926,77.27984990436485,18,19.929549689274978,38.706425944263245,84.0,74.06578159808012,0,0.0,27
15,5,AffectEV,50.0,Dengeli,31.031160723698864,44.26394164223543,5.960531041151926,77.27984990436485,18,19.929549689274978,38.706425944263245,84.0,74.06578159808012,0,0.0,27
15,5,AffectEV,65.0,Konfor,37.55031233259389,42.74909197704231,6.6935018663544215,77.92056905184052,19,19.605323623852215,33.48916930501909,84.0,72.84416355607597,0,0.0,27
15,5,AffectEV,85.0,Konfor,37.55031233259389,42.74909197704231,6.6935018663544215,77.92056905184052,19,19.605323623852215,33.48916930501909,84.0,72.84416355607597,0,0.0,27
16,5,Dijkstra,,,24.536024349497236,43.28198898593286,5.106892387838353,70.14394964494619,27,25.028310293000786,44.237786335767865,71.8,63.28851268693607,0,0.0,40
16,5,A*,,,24.950497076656042,40.40042391394375,5.055108370432286,72.1613291835189,24,23.527705652931374,43.90179560300844,71.8,63.374819382612856,0,0.0,40
16,5,NSGA-II,,Verimlilik,24.538277237744452,40.564750487354765,5.0107203836594945,72.19696882185906,24,23.355407980539624,43.98204391989526,71.8,63.448799360567506,0,0.0,40
16,5,AffectEV,15.0,Verimlilik,24.538277237744452,40.564750487354765,5.0107203836594945,72.19696882185906,24,23.355407980539624,43.98204391989526,71.8,63.448799360567506,0,0.0,40
16,5,AffectEV,30.0,Verimlilik,24.538277237744452,40.564750487354765,5.0107203836594945,72.19696882185906,24,23.355407980539624,43.98204391989526,71.8,63.448799360567506,0,0.0,40
16,5,AffectEV,50.0,Konfor,29.056862454917308,50.18718253290502,6.156742004057237,77.35507473659098,13,21.753039319767613,48.09506733739369,71.8,61.53876332657127,0,0.0,40
16,5,AffectEV,65.0,Konfor,29.056862454917308,50.18718253290502,6.156742004057237,77.35507473659098,13,21.753039319767613,48.09506733739369,71.8,61.53876332657127,0,0.0,40
16,5,AffectEV,85.0,Konfor,29.056862454917308,50.18718253290502,6.156742004057237,77.35507473659098,13,21.753039319767613,48.09506733739369,71.8,61.53876332657127,0,0.0,40
17,5,Dijkstra,,,17.48013166005094,35.10638756655949,3.742190978326639,72.72210579151749,22,21.661032798604406,48.89792184450596,72.1,65.86301503612226,0,0.0,18
17,5,A*,,,17.48038052525706,33.77782595630406,3.6936946686830128,73.52690841330691,21,20.91486714262294,48.49315721953104,72.1,65.94384221886163,0,0.0,18
17,5,NSGA-II,,Verimlilik,17.48038052525706,33.77782595630406,3.6936946686830128,73.52690841330691,21,20.91486714262294,48.49315721953104,72.1,65.94384221886163,0,0.0,18
17,5,AffectEV,15.0,Verimlilik,17.48038052525706,33.77782595630406,3.6936946686830128,73.52690841330691,21,20.91486714262294,48.49315721953104,72.1,65.94384221886163,0,0.0,18
17,5,AffectEV,30.0,Verimlilik,17.48038052525706,33.77782595630406,3.6936946686830128,73.52690841330691,21,20.91486714262294,48.49315721953104,72.1,65.94384221886163,0,0.0,18
17,5,AffectEV,50.0,Verimlilik,17.48038052525706,33.77782595630406,3.6936946686830128,73.52690841330691,21,20.91486714262294,48.49315721953104,72.1,65.94384221886163,0,0.0,18
17,5,AffectEV,65.0,Konfor,24.931021785727655,40.47514809125173,5.029705038415149,78.34397106933507,15,18.520447051772972,42.9994740756652,72.1,63.71715826930808,0,0.0,18
17,5,AffectEV,85.0,Konfor,24.931021785727655,40.47514809125173,5.029705038415149,78.34397106933507,15,18.520447051772972,42.9994740756652,72.1,63.71715826930808,0,0.0,18
18,5,Dijkstra,,,17.47460100191027,23.370469096221218,3.2443926675033876,84.85977880897873,12,10.281203325408665,30.279300966993326,59.6,54.19267888749435,0,0.0,3
18,5,A*,,,17.702903599446085,22.032137252277703,3.2793696495562945,88.03474239758071,7,7.75395199581229,30.695360018377972,59.6,54.134383917406176,0,0.0,3
18,5,NSGA-II,,Dengeli,17.702903599446085,22.032137252277703,3.2793696495562945,88.03474239758071,7,7.75395199581229,30.695360018377972,59.6,54.134383917406176,0,0.0,3
18,5,AffectEV,15.0,Verimlilik,17.47460100191027,23.370469096221218,3.2443926675033876,84.85977880897873,12,10.281203325408665,30.279300966993326,59.6,54.19267888749435,0,0.0,3
18,5,AffectEV,30.0,Dengeli,17.702903599446085,22.032137252277703,3.2793696495562945,88.03474239758071,7,7.75395199581229,30.695360018377972,59.6,54.134383917406176,0,0.0,3
18,5,AffectEV,50.0,Dengeli,17.702903599446085,22.032137252277703,3.2793696495562945,88.03474239758071,7,7.75395199581229,30.695360018377972,59.6,54.134383917406176,0,0.0,3
18,5,AffectEV,65.0,Dengeli,17.702903599446085,22.032137252277703,3.2793696495562945,88.03474239758071,7,7.75395199581229,30.695360018377972,59.6,54.134383917406176,0,0.0,3
18,5,AffectEV,85.0,Dengeli,17.702903599446085,22.032137252277703,3.2793696495562945,88.03474239758071,7,7.75395199581229,30.695360018377972,59.6,54.134383917406176,0,0.0,3
19,5,Dijkstra,,,18.10643454076064,51.38501486093516,4.216867960254619,54.32373392441113,47,38.80399548433725,52.67533715143849,73.9,66.87188673290898,0,0.0,36
19,5,A*,,,25.070236376777835,37.11881569488039,4.767304507525835,76.21804468323361,20,19.890555713063964,39.07394301423597,73.9,65.95449248745695,0,0.0,36
19,5,NSGA-II,,Dengeli,25.070236376777835,37.11881569488039,4.767304507525835,76.21804468323361,20,19.890555713063964,39.07394301423597,73.9,65.95449248745695,0,0.0,36
19,5,AffectEV,15.0,Verimlilik,18.4967932424547,39.559299443823015,3.9613877057699747,63.79472657292006,34,29.799893936369575,51.32652623084532,73.9,67.29768715705005,0,0.0,36
19,5,AffectEV,30.0,Dengeli,25.070236376777835,37.11881569488039,4.767304507525835,76.21804468323361,20,19.890555713063964,39.07394301423597,73.9,65.95449248745695,0,0.0,36
19,5,AffectEV,50.0,Dengeli,25.070236376777835,37.11881569488039,4.767304507525835,76.21804468323361,20,19.890555713063964,39.07394301423597,73.9,65.95449248745695,0,0.0,36
19,5,AffectEV,65.0,Dengeli,25.070236376777835,37.11881569488039,4.767304507525835,76.21804468323361,20,19.890555713063964,39.07394301423597,73.9,65.95449248745695,0,0.0,36
19,5,AffectEV,85.0,Dengeli,25.070236376777835,37.11881569488039,4.767304507525835,76.21804468323361,20,19.890555713063964,39.07394301423597,73.9,65.95449248745695,0,0.0,36
20,5,Dijkstra,,,25.336148811841916,60.57432638334115,5.516267830144118,51.5251665706067,48,46.140015242975124,53.16414428250384,55.2,46.00622028309314,0,0.0,38
20,5,A*,,,26.259149665903642,53.808496093611986,5.518363662390067,59.4091481293316,36,39.63070570580265,53.508200794638064,55.2,46.002727229349894,0,0.0,38
20,5,NSGA-II,,Dengeli,26.259149665903642,53.808496093611986,5.518363662390067,59.4091481293316,36,39.63070570580265,53.508200794638064,55.2,46.002727229349894,0,0.0,38
20,5,AffectEV,15.0,Dengeli,26.259149665903642,53.808496093611986,5.518363662390067,59.4091481293316,36,39.63070570580265,53.508200794638064,55.2,46.002727229349894,0,0.0,38
20,5,AffectEV,30.0,Dengeli,26.259149665903642,53.808496093611986,5.518363662390067,59.4091481293316,36,39.63070570580265,53.508200794638064,55.2,46.002727229349894,0,0.0,38
20,5,AffectEV,50.0,Konfor,61.39599602574598,58.4419569628019,10.358127860666297,79.66054027446283,14,22.500361523675316,32.94675634217286,55.2,37.93645356555618,0,0.0,38
20,5,AffectEV,65.0,Konfor,61.39599602574598,58.4419569628019,10.358127860666297,79.66054027446283,14,22.500361523675316,32.94675634217286,55.2,37.93645356555618,0,0.0,38
20,5,AffectEV,85.0,Konfor,61.39599602574598,58.4419569628019,10.358127860666297,79.66054027446283,14,22.500361523675316,32.94675634217286,55.2,37.93645356555618,0,0.0,38
21,5,Dijkstra,,,23.542621774622575,47.16427652580996,5.182076221588289,74.22824636741235,23,20.638701331869466,40.40071616513405,70.5,61.86320629735285,0,0.0,13
21,5,A*,,,26.20732862551718,34.168268444992414,4.8912780633972455,82.15610122079269,13,14.16951464820148,35.46522192373432,70.5,62.347869894337926,0,0.0,13
21,5,NSGA-II,,Dengeli,26.186626267309094,34.174475192794155,4.8888909250139605,82.15357419886047,13,14.17112175658625,35.47544637081825,70.5,62.351848458310066,0,0.0,13
21,5,AffectEV,15.0,Dengeli,26.186626267309094,34.174475192794155,4.8888909250139605,82.15357419886047,13,14.17112175658625,35.47544637081825,70.5,62.351848458310066,0,0.0,13
21,5,AffectEV,30.0,Dengeli,26.186626267309094,34.174475192794155,4.8888909250139605,82.15357419886047,13,14.17112175658625,35.47544637081825,70.5,62.351848458310066,0,0.0,13
21,5,AffectEV,50.0,Dengeli,26.186626267309094,34.174475192794155,4.8888909250139605,82.15357419886047,13,14.17112175658625,35.47544637081825,70.5,62.351848458310066,0,0.0,13
21,5,AffectEV,65.0,Dengeli,26.186626267309094,34.174475192794155,4.8888909250139605,82.15357419886047,13,14.17112175658625,35.47544637081825,70.5,62.351848458310066,0,0.0,13
21,5,AffectEV,85.0,Dengeli,26.186626267309094,34.174475192794155,4.8888909250139605,82.15357419886047,13,14.17112175658625,35.47544637081825,70.5,62.351848458310066,0,0.0,13
22,5,Dijkstra,,,15.927133076834163,35.29539797845503,3.5517189307227635,73.13463696811137,23,20.148614824227007,46.60389292310267,55.0,49.08046844879539,0,0.0,18
22,5,A*,,,17.030261600569844,33.672213737226414,3.724608125153246,76.29192961682665,19,17.54309250192653,44.72571316297699,55.0,48.79231979141126,0,0.0,18
22,5,NSGA-II,,Dengeli,17.030261600569844,33.672213737226414,3.724608125153246,76.29192961682665,19,17.54309250192653,44.72571316297699,55.0,48.79231979141126,0,0.0,18
22,5,AffectEV,15.0,Dengeli,17.030261600569844,33.672213737226414,3.724608125153246,76.29192961682665,19,17.54309250192653,44.72571316297699,55.0,48.79231979141126,0,0.0,18
22,5,AffectEV,30.0,Dengeli,17.030261600569844,33.672213737226414,3.724608125153246,76.29192961682665,19,17.54309250192653,44.72571316297699,55.0,48.79231979141126,0,0.0,18
22,5,AffectEV,50.0,Dengeli,17.030261600569844,33.672213737226414,3.724608125153246,76.29192961682665,19,17.54309250192653,44.72571316297699,55.0,48.79231979141126,0,0.0,18
22,5,AffectEV,65.0,Dengeli,17.030261600569844,33.672213737226414,3.724608125153246,76.29192961682665,19,17.54309250192653,44.72571316297699,55.0,48.79231979141126,0,0.0,18
22,5,AffectEV,85.0,Dengeli,17.030261600569844,33.672213737226414,3.724608125153246,76.29192961682665,19,17.54309250192653,44.72571316297699,55.0,48.79231979141126,0,0.0,18
23,5,Dijkstra,,,14.53899591594657,35.000162559990756,3.2617024299745645,69.34555409611565,30,21.96312617280568,45.32754026021322,77.6,72.16382928337572,0,0.0,57
23,5,A*,,,15.829427929129327,32.38727175594967,3.4190509482621954,74.64481764995556,20,18.911343334173882,48.40889674896138,77.6,71.90158175289633,0,0.0,57
23,5,NSGA-II,,Dengeli,15.829427929129327,32.38727175594967,3.4190509482621954,74.64481764995556,20,18.911343334173882,48.40889674896138,77.6,71.90158175289633,0,0.0,57
23,5,AffectEV,15.0,Verimlilik,14.585158690088754,33.034474925734735,3.2002979803512095,71.05767301371932,26,21.21860985097976,47.883720154933755,77.6,72.26617003274798,0,0.0,57
23,5,AffectEV,30.0,Dengeli,15.829427929129327,32.38727175594967,3.4190509482621954,74.64481764995556,20,18.911343334173882,48.40889674896138,77.6,71.90158175289633,0,0.0,57
23,5,AffectEV,50.0,Dengeli,15.829427929129327,32.38727175594967,3.4190509482621954,74.64481764995556,20,18.911343334173882,48.40889674896138,77.6,71.90158175289633,0,0.0,57
23,5,AffectEV,65.0,Dengeli,15.829427929129327,32.38727175594967,3.4190509482621954,74.64481764995556,20,18.911343334173882,48.40889674896138,77.6,71.90158175289633,0,0.0,57
23,5,AffectEV,85.0,Konfor,16.48144318496015,34.46912783288776,3.6327405457123785,75.35120397267406,19,18.50374381651554,47.98836441185645,77.6,71.5454324238127,0,0.0,57
24,5,Dijkstra,,,28.355075619484303,74.9588031062725,6.650514308017805,46.38323556154769,63,45.86334544106309,41.78880403066691,60.0,48.91580948663699,0,0.0,12
24,5,A*,,,31.410791147232974,51.755022452518155,6.26743925381841,67.90872235561967,31,28.67559356481807,39.94299787467452,60.0,49.55426791030265,0,0.0,12
24,5,NSGA-II,,Dengeli,31.410791147232974,51.755022452518155,6.26743925381841,67.90872235561967,31,28.67559356481807,39.94299787467452,60.0,49.55426791030265,0,0.0,12
24,5,AffectEV,15.0,Dengeli,31.410791147232974,51.755022452518155,6.26743925381841,67.90872235561967,31,28.67559356481807,39.94299787467452,60.0,49.55426791030265,0,0.0,12
24,5,AffectEV,30.0,Dengeli,31.410791147232974,51.755022452518155,6.26743925381841,67.90872235561967,31,28.67559356481807,39.94299787467452,60.0,49.55426791030265,0,0.0,12
24,5,AffectEV,50.0,Dengeli,31.410791147232974,51.755022452518155,6.26743925381841,67.90872235561967,31,28.67559356481807,39.94299787467452,60.0,49.55426791030265,0,0.0,12
24,5,AffectEV,65.0,Dengeli,31.410791147232974,51.755022452518155,6.26743925381841,67.90872235561967,31,28.67559356481807,39.94299787467452,60.0,49.55426791030265,0,0.0,12
24,5,AffectEV,85.0,Konfor,32.42293480338239,53.20882115567643,6.4964227015716665,68.7223681960894,30,28.110252555949813,39.22278018562822,60.0,49.17262883071389,0,0.0,12
25,5,Dijkstra,,,22.02802455703555,38.50598611732871,4.512297964239334,73.37971317312329,22,22.014767778865853,45.07928246608477,84.3,76.77950339293444,0,0.0,37
25,5,A*,,,22.07635719799187,37.697172029450726,4.480464830710738,73.50461312844972,22,21.803065353110313,44.77233632808595,84.3,76.8325586154821,0,0.0,37
25,5,NSGA-II,,Dengeli,22.087556640836695,37.90568776513957,4.493179098215247,73.97113998358881,22,21.17989210712771,43.3744619213644,84.3,76.81136816964126,0,0.0,37
25,5,AffectEV,15.0,Verimlilik,22.03064701851419,37.76050768408405,4.47254753690641,73.40821997834776,22,21.980386532871318,44.988320308954236,84.3,76.84575410515598,0,0.0,37
25,5,AffectEV,30.0,Dengeli,22.087556640836695,37.90568776513957,4.493179098215247,73.97113998358881,22,21.17989210712771,43.3744619213644,84.3,76.81136816964126,0,0.0,37
25,5,AffectEV,50.0,Dengeli,22.087556640836695,37.90568776513957,4.493179098215247,73.97113998358881,22,21.17989210712771,43.3744619213644,84.3,76.81136816964126,0,0.0,37
25,5,AffectEV,65.0,Konfor,26.307821746551987,41.5169976641048,5.297434968689614,77.69903864371837,17,18.777867857930293,40.838004994512715,84.3,75.47094171885064,0,0.0,37
25,5,AffectEV,85.0,Konfor,26.307821746551987,41.5169976641048,5.297434968689614,77.69903864371837,17,18.777867857930293,40.838004994512715,84.3,75.47094171885064,0,0.0,37
26,5,Dijkstra,,,12.699312958695026,34.1180084075208,3.0277583669301587,72.00396343791967,26,19.998819313846326,44.981953839632155,51.5,46.4537360551164,0,0.0,4
26,5,A*,,,12.839023999209624,20.15204331330201,2.4877313075891294,84.19138362604204,11,9.90275471110892,36.68894980312642,51.5,47.353781154018115,0,0.0,4
26,5,NSGA-II,,Dengeli,12.839023999209624,20.15204331330201,2.4877313075891294,84.19138362604204,11,9.90275471110892,36.68894980312642,51.5,47.353781154018115,0,0.0,4
26,5,AffectEV,15.0,Dengeli,12.839023999209624,20.15204331330201,2.4877313075891294,84.19138362604204,11,9.90275471110892,36.68894980312642,51.5,47.353781154018115,0,0.0,4
26,5,AffectEV,30.0,Dengeli,12.839023999209624,20.15204331330201,2.4877313075891294,84.19138362604204,11,9.90275471110892,36.68894980312642,51.5,47.353781154018115,0,0.0,4
26,5,AffectEV,50.0,Dengeli,12.839023999209624,20.15204331330201,2.4877313075891294,84.19138362604204,11,9.90275471110892,36.68894980312642,51.5,47.353781154018115,0,0.0,4
26,5,AffectEV,65.0,Konfor,17.42204640480838,22.147101989448625,3.158683923881717,84.96271862585179,10,9.976321936126299,35.221923966551564,51.5,46.23552679353047,0,0.0,4
26,5,AffectEV,85.0,Konfor,17.42204640480838,22.147101989448625,3.158683923881717,84.96271862585179,10,9.976321936126299,35.221923966551564,51.5,46.23552679353047,0,0.0,4
27,5,Dijkstra,,,21.79446021612964,16.27128794464027,3.453581905153218,90.74287476125279,2,6.017620719788866,32.25919511405274,48.9,43.14403015807797,0,0.0,1
27,5,A*,,,21.79446021612964,16.27128794464027,3.453581905153218,90.74287476125279,2,6.017620719788866,32.25919511405274,48.9,43.14403015807797,0,0.0,1
27,5,NSGA-II,,Verimlilik,21.79446021612964,16.27128794464027,3.453581905153218,90.74287476125279,2,6.017620719788866,32.25919511405274,48.9,43.14403015807797,0,0.0,1
27,5,AffectEV,15.0,Verimlilik,21.79446021612964,16.27128794464027,3.453581905153218,90.74287476125279,2,6.017620719788866,32.25919511405274,48.9,43.14403015807797,0,0.0,1
27,5,AffectEV,30.0,Verimlilik,21.79446021612964,16.27128794464027,3.453581905153218,90.74287476125279,2,6.017620719788866,32.25919511405274,48.9,43.14403015807797,0,0.0,1
27,5,AffectEV,50.0,Verimlilik,21.79446021612964,16.27128794464027,3.453581905153218,90.74287476125279,2,6.017620719788866,32.25919511405274,48.9,43.14403015807797,0,0.0,1
27,5,AffectEV,65.0,Verimlilik,21.79446021612964,16.27128794464027,3.453581905153218,90.74287476125279,2,6.017620719788866,32.25919511405274,48.9,43.14403015807797,0,0.0,1
27,5,AffectEV,85.0,Verimlilik,21.79446021612964,16.27128794464027,3.453581905153218,90.74287476125279,2,6.017620719788866,32.25919511405274,48.9,43.14403015807797,0,0.0,1
28,5,Dijkstra,,,18.460401315711664,55.08701609062957,4.338321908685317,51.338633844854,47,44.38940097070264,59.222729319676056,55.0,47.76946348552447,0,0.0,47
28,5,A*,,,20.459855714502748,45.764494102840374,4.564297118565886,67.5973343302831,25,29.102230136624957,55.859983143647014,55.0,47.39283813572352,0,0.0,47
28,5,NSGA-II,,Dengeli,19.866979693048137,45.76704297883321,4.502509266221109,67.51409563037984,25,28.927360596651678,56.53848095312326,55.0,47.49581788963148,0,0.0,47
28,5,AffectEV,15.0,Dengeli,19.866979693048137,45.76704297883321,4.502509266221109,67.51409563037984,25,28.927360596651678,56.53848095312326,55.0,47.49581788963148,0,0.0,47
28,5,AffectEV,30.0,Dengeli,19.866979693048137,45.76704297883321,4.502509266221109,67.51409563037984,25,28.927360596651678,56.53848095312326,55.0,47.49581788963148,0,0.0,47
28,5,AffectEV,50.0,Dengeli,19.866979693048137,45.76704297883321,4.502509266221109,67.51409563037984,25,28.927360596651678,56.53848095312326,55.0,47.49581788963148,0,0.0,47
28,5,AffectEV,65.0,Konfor,22.429829042088112,47.06571483952783,4.9524853940022595,69.83593209889544,21,28.070002898883136,56.215335157198105,55.0,46.7458576766629,0,0.0,47
28,5,AffectEV,85.0,Konfor,22.429829042088112,47.06571483952783,4.9524853940022595,69.83593209889544,21,28.070002898883136,56.215335157198105,55.0,46.7458576766629,0,0.0,47
29,5,Dijkstra,,,27.808952954184285,62.20014906507931,6.2923825363692485,61.82024708783995,41,31.619903354415367,40.96890952917717,83.3,72.81269577271792,0,0.0,9
29,5,A*,,,30.86694293283815,38.643575378793294,5.6106202747051785,78.32892286718098,19,17.815072826578707,34.132776424227,83.3,73.9489662088247,0,0.0,9
29,5,NSGA-II,,Dengeli,30.849575369324292,38.666561446604824,5.606194456549438,78.26040320133694,19,17.99029663464663,34.21253904134534,83.3,73.9563425724176,0,0.0,9
29,5,AffectEV,15.0,Dengeli,30.849575369324292,38.666561446604824,5.606194456549438,78.26040320133694,19,17.99029663464663,34.21253904134534,83.3,73.9563425724176,0,0.0,9
29,5,AffectEV,30.0,Dengeli,30.849575369324292,38.666561446604824,5.606194456549438,78.26040320133694,19,17.99029663464663,34.21253904134534,83.3,73.9563425724176,0,0.0,9
29,5,AffectEV,50.0,Dengeli,30.849575369324292,38.666561446604824,5.606194456549438,78.26040320133694,19,17.99029663464663,34.21253904134534,83.3,73.9563425724176,0,0.0,9
29,5,AffectEV,65.0,Dengeli,30.849575369324292,38.666561446604824,5.606194456549438,78.26040320133694,19,17.99029663464663,34.21253904134534,83.3,73.9563425724176,0,0.0,9
29,5,AffectEV,85.0,Dengeli,30.849575369324292,38.666561446604824,5.606194456549438,78.26040320133694,19,17.99029663464663,34.21253904134534,83.3,73.9563425724176,0,0.0,9
30,5,Dijkstra,,,12.229927210030283,37.108729691206605,2.894884715620726,63.1506411700527,40,27.560589594057703,42.90590975864995,39.6,34.77519214063212,0,0.0,23
30,5,A*,,,13.449779132859682,25.14499051015736,2.7834805571957837,75.14781298956424,21,17.706185896297768,45.201656207732086,39.6,34.96086573800703,0,0.0,23
30,5,NSGA-II,,Dengeli,13.449779132859682,25.14499051015736,2.7834805571957837,75.14781298956424,21,17.706185896297768,45.201656207732086,39.6,34.96086573800703,0,0.0,23
30,5,AffectEV,15.0,Dengeli,13.449779132859682,25.14499051015736,2.7834805571957837,75.14781298956424,21,17.706185896297768,45.201656207732086,39.6,34.96086573800703,0,0.0,23
30,5,AffectEV,30.0,Dengeli,13.449779132859682,25.14499051015736,2.7834805571957837,75.14781298956424,21,17.706185896297768,45.201656207732086,39.6,34.96086573800703,0,0.0,23
30,5,AffectEV,50.0,Dengeli,13.449779132859682,25.14499051015736,2.7834805571957837,75.14781298956424,21,17.706185896297768,45.201656207732086,39.6,34.96086573800703,0,0.0,23
30,5,AffectEV,65.0,Konfor,13.546481456799869,26.773665314177958,2.8923591942611617,76.5450318005965,21,16.057129521742333,40.68914671440398,39.6,34.77940134289806,0,0.0,23
30,5,AffectEV,85.0,Konfor,13.546481456799869,26.773665314177958,2.8923591942611617,76.5450318005965,21,16.057129521742333,40.68914671440398,39.6,34.77940134289806,0,0.0,23
31,5,Dijkstra,,,14.323717146044785,32.82778277477807,3.2191145810111053,73.54972052835872,23,19.089254903798423,46.11751500250876,31.4,26.03480903164816,0,0.0,36
31,5,A*,,,14.47778672685508,32.38822715138995,3.2328965573738944,74.4008521268753,22,18.462172869505167,45.3024800613658,31.4,26.011839071043507,0,0.0,36
31,5,NSGA-II,,Dengeli,14.47778672685508,32.38822715138995,3.2328965573738944,74.4008521268753,22,18.462172869505167,45.3024800613658,31.4,26.011839071043507,0,0.0,36
31,5,AffectEV,15.0,Dengeli,14.47778672685508,32.38822715138995,3.2328965573738944,74.4008521268753,22,18.462172869505167,45.3024800613658,31.4,26.011839071043507,0,0.0,36
31,5,AffectEV,30.0,Dengeli,14.47778672685508,32.38822715138995,3.2328965573738944,74.4008521268753,22,18.462172869505167,45.3024800613658,31.4,26.011839071043507,0,0.0,36
31,5,AffectEV,50.0,Dengeli,14.47778672685508,32.38822715138995,3.2328965573738944,74.4008521268753,22,18.462172869505167,45.3024800613658,31.4,26.011839071043507,0,0.0,36
31,5,AffectEV,65.0,Konfor,21.504084750368143,34.665122379457195,4.372359993910071,79.22597025886859,11,17.228043234674185,50.52808385364578,31.4,24.112733343483214,0,0.0,36
31,5,AffectEV,85.0,Konfor,21.504084750368143,34.665122379457195,4.372359993910071,79.22597025886859,11,17.228043234674185,50.52808385364578,31.4,24.112733343483214,0,0.0,36
32,5,Dijkstra,,,19.825906595588897,22.356112394439137,3.517224699856407,85.05504823983233,11,10.301063077063919,31.77316418524244,46.9,41.03795883357265,0,0.0,3
32,5,A*,,,21.17826428118149,20.96828960613154,3.694358946837541,89.1688857139717,5,7.30612521469488,30.696383608099183,46.9,40.7427350886041,0,0.0,3
32,5,NSGA-II,,Dengeli,21.17826428118149,20.96828960613154,3.694358946837541,89.1688857139717,5,7.30612521469488,30.696383608099183,46.9,40.7427350886041,0,0.0,3
32,5,AffectEV,15.0,Dengeli,21.17826428118149,20.96828960613154,3.694358946837541,89.1688857139717,5,7.30612521469488,30.696383608099183,46.9,40.7427350886041,0,0.0,3
32,5,AffectEV,30.0,Dengeli,21.17826428118149,20.96828960613154,3.694358946837541,89.1688857139717,5,7.30612521469488,30.696383608099183,46.9,40.7427350886041,0,0.0,3
32,5,AffectEV,50.0,Dengeli,21.17826428118149,20.96828960613154,3.694358946837541,89.1688857139717,5,7.30612521469488,30.696383608099183,46.9,40.7427350886041,0,0.0,3
32,5,AffectEV,65.0,Dengeli,21.17826428118149,20.96828960613154,3.694358946837541,89.1688857139717,5,7.30612521469488,30.696383608099183,46.9,40.7427350886041,0,0.0,3
32,5,AffectEV,85.0,Dengeli,21.17826428118149,20.96828960613154,3.694358946837541,89.1688857139717,5,7.30612521469488,30.696383608099183,46.9,40.7427350886041,0,0.0,3
33,5,Dijkstra,,,24.10993819189053,58.19946332639811,5.343032651218465,54.449591900329146,46,41.63054950885142,50.30621623507714,59.2,50.294945581302564,0,0.0,40
33,5,A*,,,27.628601220988152,45.85307536640026,5.529886339027553,69.04424033490912,25,28.913167005408276,48.909047817342014,59.2,49.983522768287415,0,0.0,40
33,5,NSGA-II,,Dengeli,27.628601220988152,45.85307536640026,5.529886339027553,69.04424033490912,25,28.913167005408276,48.909047817342014,59.2,49.983522768287415,0,0.0,40
33,5,AffectEV,15.0,Dengeli,27.628601220988152,45.85307536640026,5.529886339027553,69.04424033490912,25,28.913167005408276,48.909047817342014,59.2,49.983522768287415,0,0.0,40
33,5,AffectEV,30.0,Dengeli,27.628601220988152,45.85307536640026,5.529886339027553,69.04424033490912,25,28.913167005408276,48.909047817342014,59.2,49.983522768287415,0,0.0,40
33,5,AffectEV,50.0,Dengeli,27.628601220988152,45.85307536640026,5.529886339027553,69.04424033490912,25,28.913167005408276,48.909047817342014,59.2,49.983522768287415,0,0.0,40
33,5,AffectEV,65.0,Konfor,31.885462940891262,51.23318428334922,6.336871831187495,73.00650782334765,20,26.323808762225067,45.48174773992419,59.2,48.638546948020846,0,0.0,40
33,5,AffectEV,85.0,Konfor,31.885462940891262,51.23318428334922,6.336871831187495,73.00650782334765,20,26.323808762225067,45.48174773992419,59.2,48.638546948020846,0,0.0,40
34,5,Dijkstra,,,22.930481410336732,49.92732695786025,5.102057692572411,68.06905582359327,31,26.16356676730174,42.90937073108103,59.5,50.996570512379314,0,0.0,21
34,5,A*,,,33.56353502613921,40.49460865475867,6.100202278580558,79.99718812817878,15,17.97480102732063,35.55185781812519,59.5,49.332996202365734,0,0.0,21
34,5,NSGA-II,,Dengeli,33.56353502613921,40.49460865475867,6.100202278580558,79.99718812817878,15,17.97480102732063,35.55185781812519,59.5,49.332996202365734,0,0.0,21
34,5,AffectEV,15.0,Verimlilik,23.22641566193761,41.63042796558789,4.840764421853416,73.77776731945661,22,21.63719311197863,43.655373734749034,59.5,51.43205929691097,0,0.0,21
34,5,AffectEV,30.0,Verimlilik,23.22641566193761,41.63042796558789,4.840764421853416,73.77776731945661,22,21.63719311197863,43.655373734749034,59.5,51.43205929691097,0,0.0,21
34,5,AffectEV,50.0,Dengeli,33.56353502613921,40.49460865475867,6.100202278580558,79.99718812817878,15,17.97480102732063,35.55185781812519,59.5,49.332996202365734,0,0.0,21
34,5,AffectEV,65.0,Dengeli,33.56353502613921,40.49460865475867,6.100202278580558,79.99718812817878,15,17.97480102732063,35.55185781812519,59.5,49.332996202365734,0,0.0,21
34,5,AffectEV,85.0,Dengeli,33.56353502613921,40.49460865475867,6.100202278580558,79.99718812817878,15,17.97480102732063,35.55185781812519,59.5,49.332996202365734,0,0.0,21
35,5,Dijkstra,,,32.290262346665294,75.4502916529526,6.984824867105342,42.25290348477727,64,54.36817974795491,47.18321295418128,63.8,52.15862522149109,0,0.0,100
35,5,A*,,,57.101675885853766,51.21419552823326,9.494629589574515,83.409638786543,7,20.168417545190557,35.19917974949915,63.8,47.975617350709136,0,0.0,100
35,5,NSGA-II,,Dengeli,57.101675885853766,51.21419552823326,9.494629589574515,83.409638786543,7,20.168417545190557,35.19917974949915,63.8,47.975617350709136,0,0.0,100
35,5,AffectEV,15.0,Dengeli,57.101675885853766,51.21419552823326,9.494629589574515,83.409638786543,7,20.168417545190557,35.19917974949915,63.8,47.975617350709136,0,0.0,100
35,5,AffectEV,30.0,Dengeli,57.101675885853766,51.21419552823326,9.494629589574515,83.409638786543,7,20.168417545190557,35.19917974949915,63.8,47.975617350709136,0,0.0,100
35,5,AffectEV,50.0,Dengeli,57.101675885853766,51.21419552823326,9.494629589574515,83.409638786543,7,20.168417545190557,35.19917974949915,63.8,47.975617350709136,0,0.0,100
35,5,AffectEV,65.0,Dengeli,57.101675885853766,51.21419552823326,9.494629589574515,83.409638786543,7,20.168417545190557,35.19917974949915,63.8,47.975617350709136,0,0.0,100
35,5,AffectEV,85.0,Dengeli,57.101675885853766,51.21419552823326,9.494629589574515,83.409638786543,7,20.168417545190557,35.19917974949915,63.8,47.975617350709136,0,0.0,100
36,5,Dijkstra,,,15.54634367544098,44.59196614359033,3.5760838561044532,56.34667975297782,44,36.20931267008349,53.95263222998564,86.5,80.53986023982591,0,0.0,32
36,5,A*,,,17.062116891480496,38.41267481900875,3.722046992351358,66.79345240628473,28,28.087492705679605,53.901498910056915,86.5,80.29658834608107,0,0.0,32
36,5,NSGA-II,,Dengeli,17.062116891480496,38.41267481900875,3.722046992351358,66.79345240628473,28,28.087492705679605,53.901498910056915,86.5,80.29658834608107,0,0.0,32
36,5,AffectEV,15.0,Dengeli,17.062116891480496,38.41267481900875,3.722046992351358,66.79345240628473,28,28.087492705679605,53.901498910056915,86.5,80.29658834608107,0,0.0,32
36,5,AffectEV,30.0,Dengeli,17.062116891480496,38.41267481900875,3.722046992351358,66.79345240628473,28,28.087492705679605,53.901498910056915,86.5,80.29658834608107,0,0.0,32
36,5,AffectEV,50.0,Dengeli,17.062116891480496,38.41267481900875,3.722046992351358,66.79345240628473,28,28.087492705679605,53.901498910056915,86.5,80.29658834608107,0,0.0,32
36,5,AffectEV,65.0,Konfor,25.152761905990715,38.760221356677334,4.814155831648841,75.38107628871543,21,20.65998861350133,39.60463563617083,86.5,78.47640694725193,0,0.0,32
36,5,AffectEV,85.0,Konfor,25.152761905990715,38.760221356677334,4.814155831648841,75.38107628871543,21,20.65998861350133,39.60463563617083,86.5,78.47640694725193,0,0.0,32
37,5,Dijkstra,,,35.885842352077866,64.04433112344923,7.821582009769735,80.40917678175767,16,16.762149899413128,32.81089124209198,68.3,55.26402998371711,0,0.0,12
37,5,A*,,,43.02924166665217,59.519789300203534,8.249135151519425,75.37393601207535,23,21.89985010296647,32.78054478517353,68.3,54.55144141413429,0,0.0,12
37,5,NSGA-II,,Verimlilik,35.885842352077866,64.04433112344923,7.821582009769735,80.40917678175767,16,16.762149899413128,32.81089124209198,68.3,55.26402998371711,0,0.0,12
37,5,AffectEV,15.0,Verimlilik,35.885842352077866,64.04433112344923,7.821582009769735,80.40917678175767,16,16.762149899413128,32.81089124209198,68.3,55.26402998371711,0,0.0,12
37,5,AffectEV,30.0,Verimlilik,35.885842352077866,64.04433112344923,7.821582009769735,80.40917678175767,16,16.762149899413128,32.81089124209198,68.3,55.26402998371711,0,0.0,12
37,5,AffectEV,50.0,Verimlilik,35.885842352077866,64.04433112344923,7.821582009769735,80.40917678175767,16,16.762149899413128,32.81089124209198,68.3,55.26402998371711,0,0.0,12
37,5,AffectEV,65.0,Verimlilik,35.885842352077866,64.04433112344923,7.821582009769735,80.40917678175767,16,16.762149899413128,32.81089124209198,68.3,55.26402998371711,0,0.0,12
37,5,AffectEV,85.0,Verimlilik,35.885842352077866,64.04433112344923,7.821582009769735,80.40917678175767,16,16.762149899413128,32.81089124209198,68.3,55.26402998371711,0,0.0,12
38,5,Dijkstra,,,21.96282146541537,44.96960017959049,4.700532400088483,65.52542272100732,34,28.512717828010388,44.603809652947845,85.0,77.16577933318587,0,0.0,63
38,5,A*,,,22.6362657970985,43.16896084620712,4.779427784356057,68.60572026441989,29,26.230021435121976,45.12636652521759,85.0,77.03428702607324,0,0.0,63
38,5,NSGA-II,,Dengeli,22.6362657970985,43.16896084620712,4.779427784356057,68.60572026441989,29,26.230021435121976,45.12636652521759,85.0,77.03428702607324,0,0.0,63
38,5,AffectEV,15.0,Dengeli,22.6362657970985,43.16896084620712,4.779427784356057,68.60572026441989,29,26.230021435121976,45.12636652521759,85.0,77.03428702607324,0,0.0,63
38,5,AffectEV,30.0,Dengeli,22.6362657970985,43.16896084620712,4.779427784356057,68.60572026441989,29,26.230021435121976,45.12636652521759,85.0,77.03428702607324,0,0.0,63
38,5,AffectEV,50.0,Dengeli,22.6362657970985,43.16896084620712,4.779427784356057,68.60572026441989,29,26.230021435121976,45.12636652521759,85.0,77.03428702607324,0,0.0,63
38,5,AffectEV,65.0,Konfor,38.60398324613951,50.37046743867178,7.265540289345552,77.89022628055693,21,18.613836230105417,30.128114252057205,85.0,72.89076618442408,0,0.0,63
38,5,AffectEV,85.0,Konfor,38.60398324613951,50.37046743867178,7.265540289345552,77.89022628055693,21,18.613836230105417,30.128114252057205,85.0,72.89076618442408,0,0.0,63
39,5,Dijkstra,,,17.06329866686855,55.98378982131115,4.186197611761982,51.2158979371973,50,42.65721111770773,54.93469363745189,66.0,59.023003980396695,0,0.0,37
39,5,A*,,,25.78908207796405,37.96555463941612,4.9758089941802055,79.61346941520861,13,18.007131193406824,42.42195613384672,66.0,57.70698500969966,0,0.0,37
39,5,NSGA-II,,Dengeli,19.74343674498729,42.31484426827658,4.361096149563506,70.06575534675707,26,24.76947941865594,47.51700413823075,66.0,58.73150641739416,0,0.0,37
39,5,AffectEV,15.0,Dengeli,19.74343674498729,42.31484426827658,4.361096149563506,70.06575534675707,26,24.76947941865594,47.51700413823075,66.0,58.73150641739416,0,0.0,37
39,5,AffectEV,30.0,Dengeli,19.74343674498729,42.31484426827658,4.361096149563506,70.06575534675707,26,24.76947941865594,47.51700413823075,66.0,58.73150641739416,0,0.0,37
39,5,AffectEV,50.0,Konfor,25.78908207796405,37.96555463941612,4.9758089941802055,79.61346941520861,13,18.007131193406824,42.42195613384672,66.0,57.70698500969966,0,0.0,37
39,5,AffectEV,65.0,Konfor,25.78908207796405,37.96555463941612,4.9758089941802055,79.61346941520861,13,18.007131193406824,42.42195613384672,66.0,57.70698500969966,0,0.0,37
39,5,AffectEV,85.0,Konfor,25.78908207796405,37.96555463941612,4.9758089941802055,79.61346941520861,13,18.007131193406824,42.42195613384672,66.0,57.70698500969966,0,0.0,37
40,5,Dijkstra,,,24.860773582720817,55.11401543222679,5.453184245036419,60.31388128672003,39,34.868941083484216,48.62718194117353,76.0,66.91135959160597,0,0.0,100
40,5,A*,,,26.902213847243196,42.013800508955526,5.156424239674989,69.243938561692,29,26.478243118614255,41.56294251361862,76.0,67.40595960054168,0,0.0,100
40,5,NSGA-II,,Dengeli,26.861827569681413,42.02827982352355,5.151936295755753,69.27111674903296,29,26.440372995629765,41.48385676139058,76.0,67.41343950707375,0,0.0,100
40,5,AffectEV,15.0,Dengeli,26.861827569681413,42.02827982352355,5.151936295755753,69.27111674903296,29,26.440372995629765,41.48385676139058,76.0,67.41343950707375,0,0.0,100
40,5,AffectEV,30.0,Dengeli,26.861827569681413,42.02827982352355,5.151936295755753,69.27111674903296,29,26.440372995629765,41.48385676139058,76.0,67.41343950707375,0,0.0,100
40,5,AffectEV,50.0,Konfor,40.502891169057754,46.76394598685077,7.302414114493104,80.59944496368271,15,17.372046284758106,33.444705754449245,76.0,63.82930980917816,0,0.0,100
40,5,AffectEV,65.0,Konfor,40.502891169057754,46.76394598685077,7.302414114493104,80.59944496368271,15,17.372046284758106,33.444705754449245,76.0,63.82930980917816,0,0.0,100
40,5,AffectEV,85.0,Konfor,40.502891169057754,46.76394598685077,7.302414114493104,80.59944496368271,15,17.372046284758106,33.444705754449245,76.0,63.82930980917816,0,0.0,100
41,5,Dijkstra,,,15.652162516574279,51.11639634507422,3.842141682770839,55.29772390298441,42,39.071921912126655,59.90349761688797,66.4,59.99643052871527,0,0.0,9
41,5,A*,,,17.690408753931436,40.95405645534588,3.984489716000071,66.57376799744998,24,29.694482367876866,62.58943646093478,66.4,59.759183806666556,0,0.0,9
41,5,NSGA-II,,Dengeli,17.690408753931436,40.95405645534588,3.984489716000071,66.57376799744998,24,29.694482367876866,62.58943646093478,66.4,59.759183806666556,0,0.0,9
41,5,AffectEV,15.0,Verimlilik,16.232949851386447,41.81788372135047,3.738290235423119,64.1018037738161,28,31.385264707403255,62.413084069814595,66.4,60.16951627429481,0,0.0,9
41,5,AffectEV,30.0,Dengeli,17.690408753931436,40.95405645534588,3.984489716000071,66.57376799744998,24,29.694482367876866,62.58943646093478,66.4,59.759183806666556,0,0.0,9
41,5,AffectEV,50.0,Dengeli,17.690408753931436,40.95405645534588,3.984489716000071,66.57376799744998,24,29.694482367876866,62.58943646093478,66.4,59.759183806666556,0,0.0,9
41,5,AffectEV,65.0,Dengeli,17.690408753931436,40.95405645534588,3.984489716000071,66.57376799744998,24,29.694482367876866,62.58943646093478,66.4,59.759183806666556,0,0.0,9
41,5,AffectEV,85.0,Dengeli,17.690408753931436,40.95405645534588,3.984489716000071,66.57376799744998,24,29.694482367876866,62.58943646093478,66.4,59.759183806666556,0,0.0,9
42,5,Dijkstra,,,23.44933666717482,47.43462896704804,4.933432291225827,66.60379881237726,35,26.929708580102943,39.086443067959266,67.7,59.477612847956955,0,0.0,52
42,5,A*,,,25.042983377343646,38.40813654662384,4.964215643041837,77.51745827631167,19,17.44187372109211,38.749898036803486,67.7,59.42630726159694,0,0.0,52
42,5,NSGA-II,,Dengeli,25.2473721497051,38.449971966954436,4.9970638943543415,78.27396792661652,17,17.44114966998547,39.96843586193918,67.7,59.3715601760761,0,0.0,52
42,5,AffectEV,15.0,Dengeli,25.2473721497051,38.449971966954436,4.9970638943543415,78.27396792661652,17,17.44114966998547,39.96843586193918,67.7,59.3715601760761,0,0.0,52
42,5,AffectEV,30.0,Dengeli,25.2473721497051,38.449971966954436,4.9970638943543415,78.27396792661652,17,17.44114966998547,39.96843586193918,67.7,59.3715601760761,0,0.0,52
42,5,AffectEV,50.0,Dengeli,25.2473721497051,38.449971966954436,4.9970638943543415,78.27396792661652,17,17.44114966998547,39.96843586193918,67.7,59.3715601760761,0,0.0,52
42,5,AffectEV,65.0,Dengeli,25.2473721497051,38.449971966954436,4.9970638943543415,78.27396792661652,17,17.44114966998547,39.96843586193918,67.7,59.3715601760761,0,0.0,52
42,5,AffectEV,85.0,Konfor,28.524018764695388,43.48220943546965,5.681684495982649,79.85959969436499,16,16.29263337569245,36.26305146463641,67.7,58.23052584002892,0,0.0,52
43,5,Dijkstra,,,15.080656660003548,30.440172075401357,3.191117075572315,74.48938016550306,20,19.30987964573863,48.58827970387677,69.3,63.9814715407128,0,0.0,2
43,5,A*,,,15.104669148911901,29.438455784200865,3.140273159521849,74.62403187218045,20,19.181054640800397,48.10825867789713,69.3,64.06621140079692,0,0.0,2
43,5,NSGA-II,,Dengeli,15.104669148911901,29.438455784200865,3.140273159521849,74.62403187218045,20,19.181054640800397,48.10825867789713,69.3,64.06621140079692,0,0.0,2
43,5,AffectEV,15.0,Verimlilik,15.087481534729015,29.441082651868935,3.1382592943791345,74.62244607899302,20,19.177308079919044,48.12180748515631,69.3,64.06956784270145,0,0.0,2
43,5,AffectEV,30.0,Dengeli,15.104669148911901,29.438455784200865,3.140273159521849,74.62403187218045,20,19.181054640800397,48.10825867789713,69.3,64.06621140079692,0,0.0,2
43,5,AffectEV,50.0,Dengeli,15.104669148911901,29.438455784200865,3.140273159521849,74.62403187218045,20,19.181054640800397,48.10825867789713,69.3,64.06621140079692,0,0.0,2
43,5,AffectEV,65.0,Dengeli,15.104669148911901,29.438455784200865,3.140273159521849,74.62403187218045,20,19.181054640800397,48.10825867789713,69.3,64.06621140079692,0,0.0,2
43,5,AffectEV,85.0,Dengeli,15.104669148911901,29.438455784200865,3.140273159521849,74.62403187218045,20,19.181054640800397,48.10825867789713,69.3,64.06621140079692,0,0.0,2
44,5,Dijkstra,,,12.448359452641155,41.99007745118758,2.975484143787536,55.41829087647672,41,38.05947440968424,63.31933400309003,70.1,65.1408597603541,0,0.0,20
44,5,A*,,,12.636568951763449,35.5589662672496,2.9365579010303984,63.14748829068383,29,30.918476870941312,65.38484324016889,70.1,65.205736831616,0,0.0,20
44,5,NSGA-II,,Dengeli,12.636568951763449,35.5589662672496,2.9365579010303984,63.14748829068383,29,30.918476870941312,65.38484324016889,70.1,65.205736831616,0,0.0,20
44,5,AffectEV,15.0,Dengeli,12.636568951763449,35.5589662672496,2.9365579010303984,63.14748829068383,29,30.918476870941312,65.38484324016889,70.1,65.205736831616,0,0.0,20
44,5,AffectEV,30.0,Dengeli,12.636568951763449,35.5589662672496,2.9365579010303984,63.14748829068383,29,30.918476870941312,65.38484324016889,70.1,65.205736831616,0,0.0,20
44,5,AffectEV,50.0,Konfor,15.36748642406191,36.2342296074935,3.444366298356839,66.49789132489006,26,27.98684613524631,60.530274172680215,70.1,64.3593895027386,0,0.0,20
44,5,AffectEV,65.0,Konfor,15.36748642406191,36.2342296074935,3.444366298356839,66.49789132489006,26,27.98684613524631,60.530274172680215,70.1,64.3593895027386,0,0.0,20
44,5,AffectEV,85.0,Konfor,15.36748642406191,36.2342296074935,3.444366298356839,66.49789132489006,26,27.98684613524631,60.530274172680215,70.1,64.3593895027386,0,0.0,20
45,5,Dijkstra,,,25.56201805383672,63.31912901961388,5.762754357373724,50.14422537804296,49,47.66021317428962,55.28855334835076,46.8,37.19540940437712,0,0.0,32
45,5,A*,,,44.27868376405925,44.04871142286101,7.520523915449209,82.39145983362587,11,17.715266203207833,33.96980152705885,46.8,34.26579347425132,0,0.0,32
45,5,NSGA-II,,Dengeli,44.27868376405925,44.04871142286101,7.520523915449209,82.39145983362587,11,17.715266203207833,33.96980152705885,46.8,34.26579347425132,0,0.0,32
45,5,AffectEV,15.0,Dengeli,44.27868376405925,44.04871142286101,7.520523915449209,82.39145983362587,11,17.715266203207833,33.96980152705885,46.8,34.26579347425132,0,0.0,32
45,5,AffectEV,30.0,Dengeli,44.27868376405925,44.04871142286101,7.520523915449209,82.39145983362587,11,17.715266203207833,33.96980152705885,46.8,34.26579347425132,0,0.0,32
45,5,AffectEV,50.0,Dengeli,44.27868376405925,44.04871142286101,7.520523915449209,82.39145983362587,11,17.715266203207833,33.96980152705885,46.8,34.26579347425132,0,0.0,32
45,5,AffectEV,65.0,Dengeli,44.27868376405925,44.04871142286101,7.520523915449209,82.39145983362587,11,17.715266203207833,33.96980152705885,46.8,34.26579347425132,0,0.0,32
45,5,AffectEV,85.0,Dengeli,44.27868376405925,44.04871142286101,7.520523915449209,82.39145983362587,11,17.715266203207833,33.96980152705885,46.8,34.26579347425132,0,0.0,32
46,5,Dijkstra,,,14.765837459808974,40.86517238415558,3.4029906812016506,61.83354756657292,34,31.722077489937817,58.24914593222866,63.3,57.62834886466391,0,0.0,21
46,5,A*,,,15.348897599347689,29.238764848238855,3.137858435005157,72.1618138156187,20,22.390207699613658,55.60561937248596,63.3,58.07023594165807,0,0.0,21
46,5,NSGA-II,,Dengeli,15.24322381918536,29.373351222281247,3.1758045179190253,73.06217078438436,19,21.31414673256584,55.21792597922938,63.3,58.00699247013495,0,0.0,21
46,5,AffectEV,15.0,Verimlilik,15.348897599347689,29.238764848238855,3.137858435005157,72.1618138156187,20,22.390207699613658,55.60561937248596,63.3,58.07023594165807,0,0.0,21
46,5,AffectEV,30.0,Dengeli,15.24322381918536,29.373351222281247,3.1758045179190253,73.06217078438436,19,21.31414673256584,55.21792597922938,63.3,58.00699247013495,0,0.0,21
46,5,AffectEV,50.0,Dengeli,15.24322381918536,29.373351222281247,3.1758045179190253,73.06217078438436,19,21.31414673256584,55.21792597922938,63.3,58.00699247013495,0,0.0,21
46,5,AffectEV,65.0,Konfor,19.251394027282583,35.785064941265155,4.0503449619549645,75.35999904089468,16,20.54115274897731,52.388275672060615,63.3,56.54942506340839,0,0.0,21
46,5,AffectEV,85.0,Konfor,19.251394027282583,35.785064941265155,4.0503449619549645,75.35999904089468,16,20.54115274897731,52.388275672060615,63.3,56.54942506340839,0,0.0,21
47,5,Dijkstra,,,19.20224016298778,49.769581175671405,4.400577921667277,60.334837410991426,39,33.78784100236363,50.14405144149741,61.0,53.66570346388787,0,0.0,48
47,5,A*,,,22.141964128089864,39.718751197998884,4.463116848931674,69.82716671397685,27,25.48447206275764,45.137458335979304,61.0,53.56147191844721,0,0.0,48
47,5,NSGA-II,,Dengeli,22.141964128089864,39.718751197998884,4.463116848931674,69.82716671397685,27,25.48447206275764,45.137458335979304,61.0,53.56147191844721,0,0.0,48
47,5,AffectEV,15.0,Dengeli,22.141964128089864,39.718751197998884,4.463116848931674,69.82716671397685,27,25.48447206275764,45.137458335979304,61.0,53.56147191844721,0,0.0,48
47,5,AffectEV,30.0,Dengeli,22.141964128089864,39.718751197998884,4.463116848931674,69.82716671397685,27,25.48447206275764,45.137458335979304,61.0,53.56147191844721,0,0.0,48
47,5,AffectEV,50.0,Dengeli,22.141964128089864,39.718751197998884,4.463116848931674,69.82716671397685,27,25.48447206275764,45.137458335979304,61.0,53.56147191844721,0,0.0,48
47,5,AffectEV,65.0,Konfor,36.695558519086525,44.28409887018051,6.690347514308805,81.5417879666561,15,16.265679203567675,30.392541361367975,61.0,49.84942080948532,0,0.0,48
47,5,AffectEV,85.0,Konfor,36.695558519086525,44.28409887018051,6.690347514308805,81.5417879666561,15,16.265679203567675,30.392541361367975,61.0,49.84942080948532,0,0.0,48
48,5,Dijkstra,,,18.664831703964754,47.9340449535027,4.380250729617035,65.40786070030481,35,27.62242130778193,44.02706453680306,49.1,41.79958211730494,0,0.0,19
48,5,A*,,,19.479137754372786,43.82984670559444,4.427908473325092,71.31775127692381,26,22.933927277665656,44.01035269888239,49.1,41.72015254445818,0,0.0,19
48,5,NSGA-II,,Dengeli,19.75063552017423,44.01664065710341,4.487431088123125,71.8601569261184,25,22.503786469793166,44.443535664718176,49.1,41.62094818646146,0,0.0,19
48,5,AffectEV,15.0,Dengeli,19.75063552017423,44.01664065710341,4.487431088123125,71.8601569261184,25,22.503786469793166,44.443535664718176,49.1,41.62094818646146,0,0.0,19
48,5,AffectEV,30.0,Dengeli,19.75063552017423,44.01664065710341,4.487431088123125,71.8601569261184,25,22.503786469793166,44.443535664718176,49.1,41.62094818646146,0,0.0,19
48,5,AffectEV,50.0,Dengeli,19.75063552017423,44.01664065710341,4.487431088123125,71.8601569261184,25,22.503786469793166,44.443535664718176,49.1,41.62094818646146,0,0.0,19
48,5,AffectEV,65.0,Konfor,30.12285803049093,52.9158036756439,6.401759137730643,79.04444437555114,17,17.87733680592149,35.46177291336206,49.1,38.4304014371156,0,0.0,19
48,5,AffectEV,85.0,Konfor,30.12285803049093,52.9158036756439,6.401759137730643,79.04444437555114,17,17.87733680592149,35.46177291336206,49.1,38.4304014371156,0,0.0,19
49,5,Dijkstra,,,22.65431248481913,67.14840173204377,5.276980673990607,39.27195896259454,74,50.36859777007324,43.08730853191745,58.4,49.60503221001565,0,0.0,10
49,5,A*,,,29.71921623353516,28.12652086930048,4.999178915238763,86.30971227386348,7,11.697793816554354,33.40474790585107,58.4,50.06803514126872,0,0.0,10
49,5,NSGA-II,,Dengeli,29.71921623353516,28.12652086930048,4.999178915238763,86.30971227386348,7,11.697793816554354,33.40474790585107,58.4,50.06803514126872,0,0.0,10
49,5,AffectEV,15.0,Dengeli,29.71921623353516,28.12652086930048,4.999178915238763,86.30971227386348,7,11.697793816554354,33.40474790585107,58.4,50.06803514126872,0,0.0,10
49,5,AffectEV,30.0,Dengeli,29.71921623353516,28.12652086930048,4.999178915238763,86.30971227386348,7,11.697793816554354,33.40474790585107,58.4,50.06803514126872,0,0.0,10
49,5,AffectEV,50.0,Dengeli,29.71921623353516,28.12652086930048,4.999178915238763,86.30971227386348,7,11.697793816554354,33.40474790585107,58.4,50.06803514126872,0,0.0,10
49,5,AffectEV,65.0,Dengeli,29.71921623353516,28.12652086930048,4.999178915238763,86.30971227386348,7,11.697793816554354,33.40474790585107,58.4,50.06803514126872,0,0.0,10
49,5,AffectEV,85.0,Dengeli,29.71921623353516,28.12652086930048,4.999178915238763,86.30971227386348,7,11.697793816554354,33.40474790585107,58.4,50.06803514126872,0,0.0,10
50,5,Dijkstra,,,24.358114248074624,56.797381867428975,5.330620472049822,56.67887137309815,40,41.429319688807105,54.461663601298596,87.5,78.61563254658363,0,0.0,18
50,5,A*,,,25.961455164869175,43.634285468502874,5.209690621257952,69.47960906237444,26,27.146719547873737,46.88187536631719,87.5,78.81718229790341,0,0.0,18
50,5,NSGA-II,,Dengeli,25.96405678223682,43.990328110440075,5.231140564595958,70.03483883554185,25,26.788530871912688,47.14300951442168,87.5,78.78143239234007,0,0.0,18
50,5,AffectEV,15.0,Dengeli,25.96405678223682,43.990328110440075,5.231140564595958,70.03483883554185,25,26.788530871912688,47.14300951442168,87.5,78.78143239234007,0,0.0,18
50,5,AffectEV,30.0,Dengeli,25.96405678223682,43.990328110440075,5.231140564595958,70.03483883554185,25,26.788530871912688,47.14300951442168,87.5,78.78143239234007,0,0.0,18
50,5,AffectEV,50.0,Dengeli,25.96405678223682,43.990328110440075,5.231140564595958,70.03483883554185,25,26.788530871912688,47.14300951442168,87.5,78.78143239234007,0,0.0,18
50,5,AffectEV,65.0,Konfor,28.125604053274674,47.80525378581069,5.778106119003944,71.34286917441372,22,26.607599325362308,48.37425513988792,87.5,77.86982313499342,0,0.0,18
50,5,AffectEV,85.0,Konfor,28.125604053274674,47.80525378581069,5.778106119003944,71.34286917441372,22,26.607599325362308,48.37425513988792,87.5,77.86982313499342,0,0.0,18
1,6,Dijkstra,,,18.180626954473706,47.52693548076129,4.1724078213630245,57.966146569724074,49,32.48048981954952,38.948532422055344,68.4,61.44598696439496,0,0.0,34
1,6,A*,,,24.477356109751526,30.687621412286436,4.519357600812375,83.23397020818982,13,12.391361248640461,32.74310708609023,68.4,60.867737331979384,0,0.0,34
1,6,NSGA-II,,Dengeli,24.477356109751526,30.687621412286436,4.519357600812375,83.23397020818982,13,12.391361248640461,32.74310708609023,68.4,60.867737331979384,0,0.0,34
1,6,AffectEV,15.0,Dengeli,24.477356109751526,30.687621412286436,4.519357600812375,83.23397020818982,13,12.391361248640461,32.74310708609023,68.4,60.867737331979384,0,0.0,34
1,6,AffectEV,30.0,Dengeli,24.477356109751526,30.687621412286436,4.519357600812375,83.23397020818982,13,12.391361248640461,32.74310708609023,68.4,60.867737331979384,0,0.0,34
1,6,AffectEV,50.0,Dengeli,24.477356109751526,30.687621412286436,4.519357600812375,83.23397020818982,13,12.391361248640461,32.74310708609023,68.4,60.867737331979384,0,0.0,34
1,6,AffectEV,65.0,Dengeli,24.477356109751526,30.687621412286436,4.519357600812375,83.23397020818982,13,12.391361248640461,32.74310708609023,68.4,60.867737331979384,0,0.0,34
1,6,AffectEV,85.0,Dengeli,24.477356109751526,30.687621412286436,4.519357600812375,83.23397020818982,13,12.391361248640461,32.74310708609023,68.4,60.867737331979384,0,0.0,34
2,6,Dijkstra,,,25.08490021637783,40.52714530914821,5.094095914894472,73.77618028657164,20,22.874456937703744,46.807413160586144,52.2,43.70984014184255,0,0.0,28
2,6,A*,,,25.123592790695103,40.023037805911834,5.077804920532359,73.62072991023643,20,23.089060682251784,47.26275942544014,52.2,43.73699179911274,0,0.0,28
2,6,NSGA-II,,Verimlilik,25.123592790695103,40.023037805911834,5.077804920532359,73.62072991023643,20,23.089060682251784,47.26275942544014,52.2,43.73699179911274,0,0.0,28
2,6,AffectEV,15.0,Verimlilik,25.123592790695103,40.023037805911834,5.077804920532359,73.62072991023643,20,23.089060682251784,47.26275942544014,52.2,43.73699179911274,0,0.0,28
2,6,AffectEV,30.0,Verimlilik,25.123592790695103,40.023037805911834,5.077804920532359,73.62072991023643,20,23.089060682251784,47.26275942544014,52.2,43.73699179911274,0,0.0,28
2,6,AffectEV,50.0,Verimlilik,25.123592790695103,40.023037805911834,5.077804920532359,73.62072991023643,20,23.089060682251784,47.26275942544014,52.2,43.73699179911274,0,0.0,28
2,6,AffectEV,65.0,Konfor,28.595127752488725,44.19437149110423,5.769086525288898,79.90424067239674,12,18.390681624583703,42.892774201140746,52.2,42.58485579118517,0,0.0,28
2,6,AffectEV,85.0,Konfor,28.595127752488725,44.19437149110423,5.769086525288898,79.90424067239674,12,18.390681624583703,42.892774201140746,52.2,42.58485579118517,0,0.0,28
3,6,Dijkstra,,,10.944476773165217,34.04170573223539,2.6019201556145513,64.85604343144989,34,26.57608448649584,50.85565611300679,77.4,73.0634664073091,0,0.0,39
3,6,A*,,,13.67226409726009,29.723957266369407,2.9568318734967347,72.80352372045846,21,20.839789338680784,52.222697389686566,77.4,72.47194687750545,0,0.0,39
3,6,NSGA-II,,Dengeli,13.67226409726009,29.723957266369407,2.9568318734967347,72.80352372045846,21,20.839789338680784,52.222697389686566,77.4,72.47194687750545,0,0.0,39
3,6,AffectEV,15.0,Dengeli,13.67226409726009,29.723957266369407,2.9568318734967347,72.80352372045846,21,20.839789338680784,52.222697389686566,77.4,72.47194687750545,0,0.0,39
3,6,AffectEV,30.0,Dengeli,13.67226409726009,29.723957266369407,2.9568318734967347,72.80352372045846,21,20.839789338680784,52.222697389686566,77.4,72.47194687750545,0,0.0,39
3,6,AffectEV,50.0,Dengeli,13.67226409726009,29.723957266369407,2.9568318734967347,72.80352372045846,21,20.839789338680784,52.222697389686566,77.4,72.47194687750545,0,0.0,39
3,6,AffectEV,65.0,Dengeli,13.67226409726009,29.723957266369407,2.9568318734967347,72.80352372045846,21,20.839789338680784,52.222697389686566,77.4,72.47194687750545,0,0.0,39
3,6,AffectEV,85.0,Dengeli,13.67226409726009,29.723957266369407,2.9568318734967347,72.80352372045846,21,20.839789338680784,52.222697389686566,77.4,72.47194687750545,0,0.0,39
4,6,Dijkstra,,,20.388666386118903,38.187487339905864,4.355797993193572,77.30487692266081,15,18.40284338081519,48.37135031547317,40.6,33.340336678010715,0,0.0,34
4,6,A*,,,20.70766409191689,36.817311723907785,4.29012840094747,76.21721284516698,17,19.3640879696187,47.367803819737,40.6,33.449785998420886,0,0.0,34
4,6,NSGA-II,,Dengeli,20.388666386118903,38.187487339905864,4.355797993193572,77.30487692266081,15,18.40284338081519,48.37135031547317,40.6,33.340336678010715,0,0.0,34
4,6,AffectEV,15.0,Verimlilik,20.70766409191689,36.817311723907785,4.29012840094747,76.21721284516698,17,19.3640879696187,47.367803819737,40.6,33.449785998420886,0,0.0,34
4,6,AffectEV,30.0,Dengeli,20.388666386118903,38.187487339905864,4.355797993193572,77.30487692266081,15,18.40284338081519,48.37135031547317,40.6,33.340336678010715,0,0.0,34
4,6,AffectEV,50.0,Dengeli,20.388666386118903,38.187487339905864,4.355797993193572,77.30487692266081,15,18.40284338081519,48.37135031547317,40.6,33.340336678010715,0,0.0,34
4,6,AffectEV,65.0,Konfor,38.96016981796742,46.90543115037531,7.1505598884528005,81.98815078717507,11,17.524566799024466,36.272395865587974,40.6,28.682400185912,0,0.0,34
4,6,AffectEV,85.0,Konfor,38.96016981796742,46.90543115037531,7.1505598884528005,81.98815078717507,11,17.524566799024466,36.272395865587974,40.6,28.682400185912,0,0.0,34
5,6,Dijkstra,,,16.803270107900584,55.156030788903124,4.09155397414611,52.51624879537647,50,40.299036862102994,51.970200729963146,47.9,41.08074337642315,0,0.0,10
5,6,A*,,,18.192093990027015,39.968392179260164,4.098548997202137,72.28695764439486,18,23.9766921908566,57.60017349174078,47.9,41.0690850046631,0,0.0,10
5,6,NSGA-II,,Dengeli,18.192093990027015,39.968392179260164,4.098548997202137,72.28695764439486,18,23.9766921908566,57.60017349174078,47.9,41.0690850046631,0,0.0,10
5,6,AffectEV,15.0,Dengeli,18.192093990027015,39.968392179260164,4.098548997202137,72.28695764439486,18,23.9766921908566,57.60017349174078,47.9,41.0690850046631,0,0.0,10
5,6,AffectEV,30.0,Dengeli,18.192093990027015,39.968392179260164,4.098548997202137,72.28695764439486,18,23.9766921908566,57.60017349174078,47.9,41.0690850046631,0,0.0,10
5,6,AffectEV,50.0,Dengeli,18.192093990027015,39.968392179260164,4.098548997202137,72.28695764439486,18,23.9766921908566,57.60017349174078,47.9,41.0690850046631,0,0.0,10
5,6,AffectEV,65.0,Dengeli,18.192093990027015,39.968392179260164,4.098548997202137,72.28695764439486,18,23.9766921908566,57.60017349174078,47.9,41.0690850046631,0,0.0,10
5,6,AffectEV,85.0,Dengeli,18.192093990027015,39.968392179260164,4.098548997202137,72.28695764439486,18,23.9766921908566,57.60017349174078,47.9,41.0690850046631,0,0.0,10
6,6,Dijkstra,,,15.816035757029267,42.0650659406001,3.6367913783034114,61.00691876387272,43,29.825712275442644,42.72683776747243,75.2,69.13868103616099,0,0.0,35
6,6,A*,,,18.215126973940517,35.49038787443339,3.8711555307048355,74.8099913105555,24,18.907863739318397,37.5882478382449,75.2,68.74807411549195,0,0.0,35
6,6,NSGA-II,,Dengeli,18.215126973940517,35.49038787443339,3.8711555307048355,74.8099913105555,24,18.907863739318397,37.5882478382449,75.2,68.74807411549195,0,0.0,35
6,6,AffectEV,15.0,Dengeli,18.215126973940517,35.49038787443339,3.8711555307048355,74.8099913105555,24,18.907863739318397,37.5882478382449,75.2,68.74807411549195,0,0.0,35
6,6,AffectEV,30.0,Dengeli,18.215126973940517,35.49038787443339,3.8711555307048355,74.8099913105555,24,18.907863739318397,37.5882478382449,75.2,68.74807411549195,0,0.0,35
6,6,AffectEV,50.0,Dengeli,18.215126973940517,35.49038787443339,3.8711555307048355,74.8099913105555,24,18.907863739318397,37.5882478382449,75.2,68.74807411549195,0,0.0,35
6,6,AffectEV,65.0,Dengeli,18.215126973940517,35.49038787443339,3.8711555307048355,74.8099913105555,24,18.907863739318397,37.5882478382449,75.2,68.74807411549195,0,0.0,35
6,6,AffectEV,85.0,Dengeli,18.215126973940517,35.49038787443339,3.8711555307048355,74.8099913105555,24,18.907863739318397,37.5882478382449,75.2,68.74807411549195,0,0.0,35
7,6,Dijkstra,,,30.54779619598615,65.45871956622067,6.594285441432513,52.39474703011396,44,47.58243731564055,56.65260887596935,79.6,68.60952426427914,0,0.0,76
7,6,A*,,,51.013162304889725,43.08411576629956,8.419392029305481,85.73539793874835,8,14.320542148618483,29.842197083330564,79.6,65.56767995115753,0,0.0,76
7,6,NSGA-II,,Dengeli,51.013162304889725,43.08411576629956,8.419392029305481,85.73539793874835,8,14.320542148618483,29.842197083330564,79.6,65.56767995115753,0,0.0,76
7,6,AffectEV,15.0,Dengeli,51.013162304889725,43.08411576629956,8.419392029305481,85.73539793874835,8,14.320542148618483,29.842197083330564,79.6,65.56767995115753,0,0.0,76
7,6,AffectEV,30.0,Dengeli,51.013162304889725,43.08411576629956,8.419392029305481,85.73539793874835,8,14.320542148618483,29.842197083330564,79.6,65.56767995115753,0,0.0,76
7,6,AffectEV,50.0,Dengeli,51.013162304889725,43.08411576629956,8.419392029305481,85.73539793874835,8,14.320542148618483,29.842197083330564,79.6,65.56767995115753,0,0.0,76
7,6,AffectEV,65.0,Dengeli,51.013162304889725,43.08411576629956,8.419392029305481,85.73539793874835,8,14.320542148618483,29.842197083330564,79.6,65.56767995115753,0,0.0,76
7,6,AffectEV,85.0,Dengeli,51.013162304889725,43.08411576629956,8.419392029305481,85.73539793874835,8,14.320542148618483,29.842197083330564,79.6,65.56767995115753,0,0.0,76
8,6,Dijkstra,,,25.23747109975654,63.333909783009204,5.909541641136251,59.37699522686354,45,34.09658795187651,39.470141937867524,43.6,33.75076393143958,0,0.0,27
8,6,A*,,,26.116325694663605,59.157812764664094,5.9850353219544585,64.5912709327404,37,29.685924098765465,40.014759188149846,43.6,33.624941130075904,0,0.0,27
8,6,NSGA-II,,Dengeli,26.116325694663605,59.157812764664094,5.9850353219544585,64.5912709327404,37,29.685924098765465,40.014759188149846,43.6,33.624941130075904,0,0.0,27
8,6,AffectEV,15.0,Dengeli,26.116325694663605,59.157812764664094,5.9850353219544585,64.5912709327404,37,29.685924098765465,40.014759188149846,43.6,33.624941130075904,0,0.0,27
8,6,AffectEV,30.0,Dengeli,26.116325694663605,59.157812764664094,5.9850353219544585,64.5912709327404,37,29.685924098765465,40.014759188149846,43.6,33.624941130075904,0,0.0,27
8,6,AffectEV,50.0,Dengeli,26.116325694663605,59.157812764664094,5.9850353219544585,64.5912709327404,37,29.685924098765465,40.014759188149846,43.6,33.624941130075904,0,0.0,27
8,6,AffectEV,65.0,Konfor,28.828221148082406,65.31374835226508,6.677427342106797,67.31591181960715,31,29.337192576247947,41.91465203759234,43.6,32.47095442982201,0,0.0,27
8,6,AffectEV,85.0,Konfor,28.828221148082406,65.31374835226508,6.677427342106797,67.31591181960715,31,29.337192576247947,41.91465203759234,43.6,32.47095442982201,0,0.0,27
9,6,Dijkstra,,,17.935784581718238,41.15855840818065,3.912951583016158,62.88182059943834,38,29.462631103241502,46.39695034794604,55.9,49.3784140283064,0,0.0,16
9,6,A*,,,25.90471328614617,29.23100616162124,4.581496498157364,83.11643474469258,12,13.503122372695705,34.16314271749351,55.9,48.26417250307106,0,0.0,16
9,6,NSGA-II,,Dengeli,25.90471328614617,29.23100616162124,4.581496498157364,83.11643474469258,12,13.503122372695705,34.16314271749351,55.9,48.26417250307106,0,0.0,16
9,6,AffectEV,15.0,Verimlilik,19.598539248044244,33.06249847141023,3.91032051413379,74.76361268759456,22,19.828747778381977,41.43881489445419,55.9,49.38279914311035,0,0.0,16
9,6,AffectEV,30.0,Dengeli,25.90471328614617,29.23100616162124,4.581496498157364,83.11643474469258,12,13.503122372695705,34.16314271749351,55.9,48.26417250307106,0,0.0,16
9,6,AffectEV,50.0,Dengeli,25.90471328614617,29.23100616162124,4.581496498157364,83.11643474469258,12,13.503122372695705,34.16314271749351,55.9,48.26417250307106,0,0.0,16
9,6,AffectEV,65.0,Dengeli,25.90471328614617,29.23100616162124,4.581496498157364,83.11643474469258,12,13.503122372695705,34.16314271749351,55.9,48.26417250307106,0,0.0,16
9,6,AffectEV,85.0,Dengeli,25.90471328614617,29.23100616162124,4.581496498157364,83.11643474469258,12,13.503122372695705,34.16314271749351,55.9,48.26417250307106,0,0.0,16
10,6,Dijkstra,,,26.29086706365498,40.05765401475182,5.328757224836876,80.87110738911038,12,15.945620622525334,41.72603212066013,56.9,48.01873795860521,0,0.0,13
10,6,A*,,,40.03248737154875,34.92772794716198,6.638192982322687,87.01733597965674,5,12.548612115537436,33.59040192841014,56.9,45.83634502946219,0,0.0,13
10,6,NSGA-II,,Dengeli,40.03248737154875,34.92772794716198,6.638192982322687,87.01733597965674,5,12.548612115537436,33.59040192841014,56.9,45.83634502946219,0,0.0,13
10,6,AffectEV,15.0,Verimlilik,26.29523323733128,38.122784681100555,5.220736316645747,80.9147712495122,12,15.8918730806838,41.58833413141331,56.9,48.19877280559042,0,0.0,13
10,6,AffectEV,30.0,Dengeli,40.03248737154875,34.92772794716198,6.638192982322687,87.01733597965674,5,12.548612115537436,33.59040192841014,56.9,45.83634502946219,0,0.0,13
10,6,AffectEV,50.0,Konfor,40.03735853397256,34.955986843639245,6.6397050959009905,87.08650568093114,5,12.431766813990821,33.41982137435803,56.9,45.833824840165015,0,0.0,13
10,6,AffectEV,65.0,Konfor,40.03735853397256,34.955986843639245,6.6397050959009905,87.08650568093114,5,12.431766813990821,33.41982137435803,56.9,45.833824840165015,0,0.0,13
10,6,AffectEV,85.0,Konfor,40.03735853397256,34.955986843639245,6.6397050959009905,87.08650568093114,5,12.431766813990821,33.41982137435803,56.9,45.833824840165015,0,0.0,13
11,6,Dijkstra,,,21.66993991746172,57.098917954321976,5.023564705996644,57.3725089546527,38,40.13111869311292,57.940777187067106,65.7,57.32739215667226,0,0.0,37
11,6,A*,,,22.716184799103473,52.18691471775339,5.208090125304292,65.40025252172936,26,32.83749543611664,58.74249423717824,65.7,57.019849791159515,0,0.0,37
11,6,NSGA-II,,Dengeli,22.716184799103473,52.18691471775339,5.208090125304292,65.40025252172936,26,32.83749543611664,58.74249423717824,65.7,57.019849791159515,0,0.0,37
11,6,AffectEV,15.0,Dengeli,22.716184799103473,52.18691471775339,5.208090125304292,65.40025252172936,26,32.83749543611664,58.74249423717824,65.7,57.019849791159515,0,0.0,37
11,6,AffectEV,30.0,Dengeli,22.716184799103473,52.18691471775339,5.208090125304292,65.40025252172936,26,32.83749543611664,58.74249423717824,65.7,57.019849791159515,0,0.0,37
11,6,AffectEV,50.0,Dengeli,22.716184799103473,52.18691471775339,5.208090125304292,65.40025252172936,26,32.83749543611664,58.74249423717824,65.7,57.019849791159515,0,0.0,37
11,6,AffectEV,65.0,Dengeli,22.716184799103473,52.18691471775339,5.208090125304292,65.40025252172936,26,32.83749543611664,58.74249423717824,65.7,57.019849791159515,0,0.0,37
11,6,AffectEV,85.0,Dengeli,22.716184799103473,52.18691471775339,5.208090125304292,65.40025252172936,26,32.83749543611664,58.74249423717824,65.7,57.019849791159515,0,0.0,37
12,6,Dijkstra,,,23.210046865366078,62.77987558522703,5.412433507191363,53.38707419586599,50,41.08963810408665,46.430171864540064,42.6,33.5792774880144,0,0.0,90
12,6,A*,,,24.688570228018563,49.52483902862968,5.329829074246934,66.19037168901956,32,29.20825388496123,45.23576072746037,42.6,33.71695154292178,0,0.0,90
12,6,NSGA-II,,Dengeli,24.729480297217858,49.546252306744385,5.342305545364494,66.38845063285963,32,28.804240271473233,44.85138642849201,42.6,33.69615742439251,0,0.0,90
12,6,AffectEV,15.0,Dengeli,24.729480297217858,49.546252306744385,5.342305545364494,66.38845063285963,32,28.804240271473233,44.85138642849201,42.6,33.69615742439251,0,0.0,90
12,6,AffectEV,30.0,Dengeli,24.729480297217858,49.546252306744385,5.342305545364494,66.38845063285963,32,28.804240271473233,44.85138642849201,42.6,33.69615742439251,0,0.0,90
12,6,AffectEV,50.0,Dengeli,24.729480297217858,49.546252306744385,5.342305545364494,66.38845063285963,32,28.804240271473233,44.85138642849201,42.6,33.69615742439251,0,0.0,90
12,6,AffectEV,65.0,Konfor,40.624797307176344,56.10184129920177,7.786501997330915,75.81958716507032,22,21.618699480617156,33.47401495372268,42.6,29.622496671115144,0,0.0,90
12,6,AffectEV,85.0,Konfor,40.624797307176344,56.10184129920177,7.786501997330915,75.81958716507032,22,21.618699480617156,33.47401495372268,42.6,29.622496671115144,0,0.0,90
13,6,Dijkstra,,,17.365727681979003,44.57397412461127,4.0479218739550715,64.25998907713758,37,27.196285878905343,45.4056257959541,77.8,71.05346354340821,0,0.0,96
13,6,A*,,,18.684053779311363,41.38575064270616,4.1715738310389,71.23775484826325,28,21.7391008514874,41.20257448145261,77.8,70.84737694826849,0,0.0,96
13,6,NSGA-II,,Dengeli,18.684053779311363,41.38575064270616,4.1715738310389,71.23775484826325,28,21.7391008514874,41.20257448145261,77.8,70.84737694826849,0,0.0,96
13,6,AffectEV,15.0,Dengeli,18.684053779311363,41.38575064270616,4.1715738310389,71.23775484826325,28,21.7391008514874,41.20257448145261,77.8,70.84737694826849,0,0.0,96
13,6,AffectEV,30.0,Dengeli,18.684053779311363,41.38575064270616,4.1715738310389,71.23775484826325,28,21.7391008514874,41.20257448145261,77.8,70.84737694826849,0,0.0,96
13,6,AffectEV,50.0,Dengeli,18.684053779311363,41.38575064270616,4.1715738310389,71.23775484826325,28,21.7391008514874,41.20257448145261,77.8,70.84737694826849,0,0.0,96
13,6,AffectEV,65.0,Konfor,22.780397151369517,42.97972397677199,4.898037302801865,75.64919871062024,21,18.99177208553168,40.766348318601295,77.8,69.63660449533022,0,0.0,96
13,6,AffectEV,85.0,Konfor,22.780397151369517,42.97972397677199,4.898037302801865,75.64919871062024,21,18.99177208553168,40.766348318601295,77.8,69.63660449533022,0,0.0,96
14,6,Dijkstra,,,23.12440075830618,48.38939903409676,4.955240879726588,64.03124284932119,28,34.33907532458743,58.33517276651288,63.8,55.54126520045568,0,0.0,13
14,6,A*,,,24.073160375945697,41.835883013349736,4.9971140093746795,72.81980701052916,15,26.910617932456365,58.03503804866969,63.8,55.471476651042195,0,0.0,13
14,6,NSGA-II,,Dengeli,24.073160375945697,41.835883013349736,4.9971140093746795,72.81980701052916,15,26.910617932456365,58.03503804866969,63.8,55.471476651042195,0,0.0,13
14,6,AffectEV,15.0,Dengeli,24.073160375945697,41.835883013349736,4.9971140093746795,72.81980701052916,15,26.910617932456365,58.03503804866969,63.8,55.471476651042195,0,0.0,13
14,6,AffectEV,30.0,Dengeli,24.073160375945697,41.835883013349736,4.9971140093746795,72.81980701052916,15,26.910617932456365,58.03503804866969,63.8,55.471476651042195,0,0.0,13
14,6,AffectEV,50.0,Dengeli,24.073160375945697,41.835883013349736,4.9971140093746795,72.81980701052916,15,26.910617932456365,58.03503804866969,63.8,55.471476651042195,0,0.0,13
14,6,AffectEV,65.0,Konfor,25.162879016226032,44.210110284715206,5.2949421476624,74.75354173496257,13,24.938792677699613,56.32410230863773,63.8,54.975096420562664,0,0.0,13
14,6,AffectEV,85.0,Konfor,25.162879016226032,44.210110284715206,5.2949421476624,74.75354173496257,13,24.938792677699613,56.32410230863773,63.8,54.975096420562664,0,0.0,13
15,6,Dijkstra,,,20.62345860912918,48.918862365815585,4.748820933122025,65.4765420935416,31,29.675787314032952,50.6036085612426,84.0,76.08529844479662,0,0.0,15
15,6,A*,,,37.41131862072162,42.722263125934816,6.644873862038578,77.49638105507826,19,20.512049089477582,34.25002109039232,84.0,72.9252102299357,0,0.0,15
15,6,NSGA-II,,Dengeli,37.41131862072162,42.722263125934816,6.644873862038578,77.49638105507826,19,20.512049089477582,34.25002109039232,84.0,72.9252102299357,0,0.0,15
15,6,AffectEV,15.0,Verimlilik,20.62345860912918,48.918862365815585,4.748820933122025,65.4765420935416,31,29.675787314032952,50.6036085612426,84.0,76.08529844479662,0,0.0,15
15,6,AffectEV,30.0,Dengeli,37.41131862072162,42.722263125934816,6.644873862038578,77.49638105507826,19,20.512049089477582,34.25002109039232,84.0,72.9252102299357,0,0.0,15
15,6,AffectEV,50.0,Dengeli,37.41131862072162,42.722263125934816,6.644873862038578,77.49638105507826,19,20.512049089477582,34.25002109039232,84.0,72.9252102299357,0,0.0,15
15,6,AffectEV,65.0,Dengeli,37.41131862072162,42.722263125934816,6.644873862038578,77.49638105507826,19,20.512049089477582,34.25002109039232,84.0,72.9252102299357,0,0.0,15
15,6,AffectEV,85.0,Dengeli,37.41131862072162,42.722263125934816,6.644873862038578,77.49638105507826,19,20.512049089477582,34.25002109039232,84.0,72.9252102299357,0,0.0,15
16,6,Dijkstra,,,24.536024349497236,43.13909431634194,5.09274007413829,70.34701528297147,27,24.862858527581203,43.47063579377085,71.8,63.31209987643618,0,0.0,30
16,6,A*,,,24.950497076656042,40.35051398015427,5.046585782753693,72.30161610815178,24,23.385368332107774,43.41386696107945,71.8,63.38902369541051,0,0.0,30
16,6,NSGA-II,,Verimlilik,24.538277237744452,40.368863316863525,4.99639678277704,72.41339224024063,24,23.139940362551837,43.22312825496916,71.8,63.47267202870493,0,0.0,30
16,6,AffectEV,15.0,Verimlilik,24.538277237744452,40.368863316863525,4.99639678277704,72.41339224024063,24,23.139940362551837,43.22312825496916,71.8,63.47267202870493,0,0.0,30
16,6,AffectEV,30.0,Verimlilik,24.538277237744452,40.368863316863525,4.99639678277704,72.41339224024063,24,23.139940362551837,43.22312825496916,71.8,63.47267202870493,0,0.0,30
16,6,AffectEV,50.0,Verimlilik,24.538277237744452,40.368863316863525,4.99639678277704,72.41339224024063,24,23.139940362551837,43.22312825496916,71.8,63.47267202870493,0,0.0,30
16,6,AffectEV,65.0,Konfor,29.056862454917308,50.60487950701563,6.202861938479002,76.69632797739038,13,22.668119983129557,50.01618013835371,71.8,61.46189676920166,0,0.0,30
16,6,AffectEV,85.0,Konfor,29.056862454917308,50.60487950701563,6.202861938479002,76.69632797739038,13,22.668119983129557,50.01618013835371,71.8,61.46189676920166,0,0.0,30
17,6,Dijkstra,,,17.48013166005094,37.12218545728668,3.810410277939936,70.73584624291337,22,24.61912319127123,54.39208399852634,72.1,65.74931620343344,0,0.0,24
17,6,A*,,,17.48038052525706,35.82506254118205,3.7667261704526056,71.40447464017394,21,24.015193647744994,54.454836327512766,72.1,65.82212304924565,0,0.0,24
17,6,NSGA-II,,Verimlilik,17.48038052525706,35.82506254118205,3.7667261704526056,71.40447464017394,21,24.015193647744994,54.454836327512766,72.1,65.82212304924565,0,0.0,24
17,6,AffectEV,15.0,Verimlilik,17.48038052525706,35.82506254118205,3.7667261704526056,71.40447464017394,21,24.015193647744994,54.454836327512766,72.1,65.82212304924565,0,0.0,24
17,6,AffectEV,30.0,Verimlilik,17.48038052525706,35.82506254118205,3.7667261704526056,71.40447464017394,21,24.015193647744994,54.454836327512766,72.1,65.82212304924565,0,0.0,24
17,6,AffectEV,50.0,Konfor,24.931021785727655,42.36024578740514,5.1338308254576965,76.87321531711407,15,21.02775882883774,46.59228517117307,72.1,63.54361529090383,0,0.0,24
17,6,AffectEV,65.0,Konfor,24.931021785727655,42.36024578740514,5.1338308254576965,76.87321531711407,15,21.02775882883774,46.59228517117307,72.1,63.54361529090383,0,0.0,24
17,6,AffectEV,85.0,Konfor,24.931021785727655,42.36024578740514,5.1338308254576965,76.87321531711407,15,21.02775882883774,46.59228517117307,72.1,63.54361529090383,0,0.0,24
18,6,Dijkstra,,,17.47460100191027,23.003682122145413,3.193265294298988,84.68857566365803,12,10.161201854172427,31.315318900451242,59.6,54.27789117616835,0,0.0,3
18,6,A*,,,17.702903599446085,21.703828612180626,3.230229699217391,87.8344693413821,7,7.673859084485298,31.816864666361507,59.6,54.216283834637686,0,0.0,3
18,6,NSGA-II,,Dengeli,17.5642034695183,22.13433016918666,3.2013887453230137,86.56720750862038,9,8.636915433186902,31.7085893071177,59.6,54.26435209112831,0,0.0,3
18,6,AffectEV,15.0,Dengeli,17.5642034695183,22.13433016918666,3.2013887453230137,86.56720750862038,9,8.636915433186902,31.7085893071177,59.6,54.26435209112831,0,0.0,3
18,6,AffectEV,30.0,Dengeli,17.5642034695183,22.13433016918666,3.2013887453230137,86.56720750862038,9,8.636915433186902,31.7085893071177,59.6,54.26435209112831,0,0.0,3
18,6,AffectEV,50.0,Konfor,17.702903599446085,21.703828612180626,3.230229699217391,87.8344693413821,7,7.673859084485298,31.816864666361507,59.6,54.216283834637686,0,0.0,3
18,6,AffectEV,65.0,Konfor,17.702903599446085,21.703828612180626,3.230229699217391,87.8344693413821,7,7.673859084485298,31.816864666361507,59.6,54.216283834637686,0,0.0,3
18,6,AffectEV,85.0,Konfor,17.702903599446085,21.703828612180626,3.230229699217391,87.8344693413821,7,7.673859084485298,31.816864666361507,59.6,54.216283834637686,0,0.0,3
19,6,Dijkstra,,,18.10643454076064,51.9985981163009,4.209406937356485,54.18088104590904,47,39.56432387136633,52.249108963405305,73.9,66.88432177107254,0,0.0,23
19,6,A*,,,25.070236376777835,37.70490800611314,4.789401094762708,75.66576938611837,20,20.81018885236967,40.45586979085362,73.9,65.91766484206217,0,0.0,23
19,6,NSGA-II,,Dengeli,25.070236376777835,37.70490800611314,4.789401094762708,75.66576938611837,20,20.81018885236967,40.45586979085362,73.9,65.91766484206217,0,0.0,23
19,6,AffectEV,15.0,Verimlilik,18.48960729358093,38.669747950942934,3.952063832323512,65.29418730037625,32,28.511968369130006,50.761110944423756,73.9,67.31322694612749,0,0.0,23
19,6,AffectEV,30.0,Verimlilik,18.48960729358093,38.669747950942934,3.952063832323512,65.29418730037625,32,28.511968369130006,50.761110944423756,73.9,67.31322694612749,0,0.0,23
19,6,AffectEV,50.0,Dengeli,25.070236376777835,37.70490800611314,4.789401094762708,75.66576938611837,20,20.81018885236967,40.45586979085362,73.9,65.91766484206217,0,0.0,23
19,6,AffectEV,65.0,Dengeli,25.070236376777835,37.70490800611314,4.789401094762708,75.66576938611837,20,20.81018885236967,40.45586979085362,73.9,65.91766484206217,0,0.0,23
19,6,AffectEV,85.0,Dengeli,25.070236376777835,37.70490800611314,4.789401094762708,75.66576938611837,20,20.81018885236967,40.45586979085362,73.9,65.91766484206217,0,0.0,23
20,6,Dijkstra,,,25.336148811841916,61.38789367302466,5.554972733856227,50.63803280390973,48,47.53415700070003,55.508600479401295,55.2,45.94171211023963,0,0.0,22
20,6,A*,,,26.259149665903642,54.698606374478686,5.56719494898838,58.394155919161776,36,41.19247116497594,56.24051365672719,55.2,45.921341751686036,0,0.0,22
20,6,NSGA-II,,Dengeli,26.261751283271288,54.870216311230564,5.583795863991486,59.102069432283244,35,40.577136221773365,56.123948505923735,55.2,45.89367356001419,0,0.0,22
20,6,AffectEV,15.0,Dengeli,26.261751283271288,54.870216311230564,5.583795863991486,59.102069432283244,35,40.577136221773365,56.123948505923735,55.2,45.89367356001419,0,0.0,22
20,6,AffectEV,30.0,Dengeli,26.261751283271288,54.870216311230564,5.583795863991486,59.102069432283244,35,40.577136221773365,56.123948505923735,55.2,45.89367356001419,0,0.0,22
20,6,AffectEV,50.0,Dengeli,26.261751283271288,54.870216311230564,5.583795863991486,59.102069432283244,35,40.577136221773365,56.123948505923735,55.2,45.89367356001419,0,0.0,22
20,6,AffectEV,65.0,Konfor,31.428050037520112,55.9318090235315,6.423825935348017,61.4289942132949,33,38.48621821384176,52.62570161276286,55.2,44.49362344108664,0,0.0,22
20,6,AffectEV,85.0,Konfor,31.428050037520112,55.9318090235315,6.423825935348017,61.4289942132949,33,38.48621821384176,52.62570161276286,55.2,44.49362344108664,0,0.0,22
21,6,Dijkstra,,,23.542621774622575,46.54310271991127,5.151004253006876,74.7832554749263,23,19.98248272668706,38.60999853533786,70.5,61.914992911655204,0,0.0,13
21,6,A*,,,26.20732862551718,34.489482202269535,4.923969719806316,81.77378357487459,13,14.597496162865315,36.734837881329085,70.5,62.29338380032281,0,0.0,13
21,6,NSGA-II,,Dengeli,26.20732862551718,34.489482202269535,4.923969719806316,81.77378357487459,13,14.597496162865315,36.734837881329085,70.5,62.29338380032281,0,0.0,13
21,6,AffectEV,15.0,Dengeli,26.20732862551718,34.489482202269535,4.923969719806316,81.77378357487459,13,14.597496162865315,36.734837881329085,70.5,62.29338380032281,0,0.0,13
21,6,AffectEV,30.0,Dengeli,26.20732862551718,34.489482202269535,4.923969719806316,81.77378357487459,13,14.597496162865315,36.734837881329085,70.5,62.29338380032281,0,0.0,13
21,6,AffectEV,50.0,Dengeli,26.20732862551718,34.489482202269535,4.923969719806316,81.77378357487459,13,14.597496162865315,36.734837881329085,70.5,62.29338380032281,0,0.0,13
21,6,AffectEV,65.0,Dengeli,26.20732862551718,34.489482202269535,4.923969719806316,81.77378357487459,13,14.597496162865315,36.734837881329085,70.5,62.29338380032281,0,0.0,13
21,6,AffectEV,85.0,Dengeli,26.20732862551718,34.489482202269535,4.923969719806316,81.77378357487459,13,14.597496162865315,36.734837881329085,70.5,62.29338380032281,0,0.0,13
22,6,Dijkstra,,,15.927133076834163,36.47000730193953,3.5913353758768167,71.99680056272368,23,21.601459225658868,50.11380834789336,55.0,49.014441040205305,0,0.0,33
22,6,A*,,,16.939852305927598,35.9349084185096,3.7760496825851653,73.61028744188789,20,20.703201996341175,50.89375979604874,55.0,48.70658386235806,0,0.0,33
22,6,NSGA-II,,Dengeli,17.030261600569844,36.00115114715392,3.8004595541523587,74.07768238846047,19,20.52094723834336,51.33016720018261,55.0,48.665900743079405,0,0.0,33
22,6,AffectEV,15.0,Verimlilik,15.92861543513219,36.205974547727074,3.5788876205918037,72.03361898104214,23,21.562854626603414,49.987623154884204,55.0,49.03518729901366,0,0.0,33
22,6,AffectEV,30.0,Dengeli,17.030261600569844,36.00115114715392,3.8004595541523587,74.07768238846047,19,20.52094723834336,51.33016720018261,55.0,48.665900743079405,0,0.0,33
22,6,AffectEV,50.0,Dengeli,17.030261600569844,36.00115114715392,3.8004595541523587,74.07768238846047,19,20.52094723834336,51.33016720018261,55.0,48.665900743079405,0,0.0,33
22,6,AffectEV,65.0,Konfor,18.50461053659435,39.19928948665548,4.1763241272189005,75.1824643678084,19,19.424574103238598,47.450817006100124,55.0,48.0394597879685,0,0.0,33
22,6,AffectEV,85.0,Konfor,18.50461053659435,39.19928948665548,4.1763241272189005,75.1824643678084,19,19.424574103238598,47.450817006100124,55.0,48.0394597879685,0,0.0,33
23,6,Dijkstra,,,14.53899591594657,36.601975191794054,3.3031317050518454,67.87172459052213,30,24.123685792109494,49.455848359225065,77.6,72.09478049158025,0,0.0,61
23,6,A*,,,15.829427929129327,33.57127272404312,3.460085617407268,73.38302053473033,20,20.674563611813632,52.07305190862787,77.6,71.83319063765455,0,0.0,61
23,6,NSGA-II,,Dengeli,15.844111421333722,33.576154647516525,3.473991833049561,73.85031399486262,19,20.497810327407283,52.501714534576,77.6,71.81001361158405,0,0.0,61
23,6,AffectEV,15.0,Dengeli,15.844111421333722,33.576154647516525,3.473991833049561,73.85031399486262,19,20.497810327407283,52.501714534576,77.6,71.81001361158405,0,0.0,61
23,6,AffectEV,30.0,Dengeli,15.844111421333722,33.576154647516525,3.473991833049561,73.85031399486262,19,20.497810327407283,52.501714534576,77.6,71.81001361158405,0,0.0,61
23,6,AffectEV,50.0,Dengeli,15.844111421333722,33.576154647516525,3.473991833049561,73.85031399486262,19,20.497810327407283,52.501714534576,77.6,71.81001361158405,0,0.0,61
23,6,AffectEV,65.0,Dengeli,15.844111421333722,33.576154647516525,3.473991833049561,73.85031399486262,19,20.497810327407283,52.501714534576,77.6,71.81001361158405,0,0.0,61
23,6,AffectEV,85.0,Dengeli,15.844111421333722,33.576154647516525,3.473991833049561,73.85031399486262,19,20.497810327407283,52.501714534576,77.6,71.81001361158405,0,0.0,61
24,6,Dijkstra,,,28.355075619484303,73.3267873796074,6.607831598993853,47.410534547410656,63,43.84194296784368,39.68441281118122,60.0,48.98694733501024,0,0.0,30
24,6,A*,,,31.39342358371912,51.587755659699496,6.250611558478698,68.07636288778112,31,28.29976972325423,39.66853097621305,60.0,49.58231406920217,0,0.0,30
24,6,NSGA-II,,Dengeli,31.39342358371912,51.587755659699496,6.250611558478698,68.07636288778112,31,28.29976972325423,39.66853097621305,60.0,49.58231406920217,0,0.0,30
24,6,AffectEV,15.0,Dengeli,31.39342358371912,51.587755659699496,6.250611558478698,68.07636288778112,31,28.29976972325423,39.66853097621305,60.0,49.58231406920217,0,0.0,30
24,6,AffectEV,30.0,Dengeli,31.39342358371912,51.587755659699496,6.250611558478698,68.07636288778112,31,28.29976972325423,39.66853097621305,60.0,49.58231406920217,0,0.0,30
24,6,AffectEV,50.0,Dengeli,31.39342358371912,51.587755659699496,6.250611558478698,68.07636288778112,31,28.29976972325423,39.66853097621305,60.0,49.58231406920217,0,0.0,30
24,6,AffectEV,65.0,Konfor,32.8738927575659,55.424114035080684,6.680984065611453,69.51322101180278,30,26.831250597868223,37.187019044183735,60.0,48.865026557314245,0,0.0,30
24,6,AffectEV,85.0,Konfor,32.8738927575659,55.424114035080684,6.680984065611453,69.51322101180278,30,26.831250597868223,37.187019044183735,60.0,48.865026557314245,0,0.0,30
25,6,Dijkstra,,,22.02802455703555,39.56770333065891,4.566241122483573,72.11973690926328,22,23.811913562391005,48.683445110097054,84.3,76.68959812919404,0,0.0,52
25,6,A*,,,22.07635719799187,38.70791941117772,4.535547916708264,72.23072369267814,22,23.584426882212092,48.469741213291144,84.3,76.74075347215289,0,0.0,52
25,6,NSGA-II,,Dengeli,22.07635719799187,38.70791941117772,4.535547916708264,72.23072369267814,22,23.584426882212092,48.469741213291144,84.3,76.74075347215289,0,0.0,52
25,6,AffectEV,15.0,Dengeli,22.07635719799187,38.70791941117772,4.535547916708264,72.23072369267814,22,23.584426882212092,48.469741213291144,84.3,76.74075347215289,0,0.0,52
25,6,AffectEV,30.0,Dengeli,22.07635719799187,38.70791941117772,4.535547916708264,72.23072369267814,22,23.584426882212092,48.469741213291144,84.3,76.74075347215289,0,0.0,52
25,6,AffectEV,50.0,Dengeli,22.07635719799187,38.70791941117772,4.535547916708264,72.23072369267814,22,23.584426882212092,48.469741213291144,84.3,76.74075347215289,0,0.0,52
25,6,AffectEV,65.0,Konfor,26.31278127227337,44.173254965855605,5.428024357496879,76.11656803079674,17,21.352246167892464,44.88879059417762,84.3,75.2532927375052,0,0.0,52
25,6,AffectEV,85.0,Konfor,26.31278127227337,44.173254965855605,5.428024357496879,76.11656803079674,17,21.352246167892464,44.88879059417762,84.3,75.2532927375052,0,0.0,52
26,6,Dijkstra,,,12.699312958695026,32.98970908167708,2.974655547752486,73.52397787877577,26,18.73173309152361,39.28251096883573,51.5,46.54224075374586,0,0.0,6
26,6,A*,,,12.839023999209624,19.62126177506947,2.49657928999682,84.86749032441138,11,9.333497979192837,34.162301409153876,51.5,47.339034516671965,0,0.0,6
26,6,NSGA-II,,Dengeli,12.839023999209624,19.62126177506947,2.49657928999682,84.86749032441138,11,9.333497979192837,34.162301409153876,51.5,47.339034516671965,0,0.0,6
26,6,AffectEV,15.0,Dengeli,12.839023999209624,19.62126177506947,2.49657928999682,84.86749032441138,11,9.333497979192837,34.162301409153876,51.5,47.339034516671965,0,0.0,6
26,6,AffectEV,30.0,Dengeli,12.839023999209624,19.62126177506947,2.49657928999682,84.86749032441138,11,9.333497979192837,34.162301409153876,51.5,47.339034516671965,0,0.0,6
26,6,AffectEV,50.0,Dengeli,12.839023999209624,19.62126177506947,2.49657928999682,84.86749032441138,11,9.333497979192837,34.162301409153876,51.5,47.339034516671965,0,0.0,6
26,6,AffectEV,65.0,Konfor,17.706361601736823,22.193581842780056,3.237385264195671,85.65015491863679,10,9.337959190645005,32.74228662084857,51.5,46.10435789300722,0,0.0,6
26,6,AffectEV,85.0,Konfor,17.706361601736823,22.193581842780056,3.237385264195671,85.65015491863679,10,9.337959190645005,32.74228662084857,51.5,46.10435789300722,0,0.0,6
27,6,Dijkstra,,,21.79446021612964,15.854357854955925,3.457106897295372,91.80908095626182,2,4.9143214229153065,28.583113084317947,48.9,43.138155171174375,0,0.0,1
27,6,A*,,,21.79446021612964,15.854357854955925,3.457106897295372,91.80908095626182,2,4.9143214229153065,28.583113084317947,48.9,43.138155171174375,0,0.0,1
27,6,NSGA-II,,Verimlilik,21.79446021612964,15.854357854955925,3.457106897295372,91.80908095626182,2,4.9143214229153065,28.583113084317947,48.9,43.138155171174375,0,0.0,1
27,6,AffectEV,15.0,Verimlilik,21.79446021612964,15.854357854955925,3.457106897295372,91.80908095626182,2,4.9143214229153065,28.583113084317947,48.9,43.138155171174375,0,0.0,1
27,6,AffectEV,30.0,Verimlilik,21.79446021612964,15.854357854955925,3.457106897295372,91.80908095626182,2,4.9143214229153065,28.583113084317947,48.9,43.138155171174375,0,0.0,1
27,6,AffectEV,50.0,Verimlilik,21.79446021612964,15.854357854955925,3.457106897295372,91.80908095626182,2,4.9143214229153065,28.583113084317947,48.9,43.138155171174375,0,0.0,1
27,6,AffectEV,65.0,Verimlilik,21.79446021612964,15.854357854955925,3.457106897295372,91.80908095626182,2,4.9143214229153065,28.583113084317947,48.9,43.138155171174375,0,0.0,1
27,6,AffectEV,85.0,Verimlilik,21.79446021612964,15.854357854955925,3.457106897295372,91.80908095626182,2,4.9143214229153065,28.583113084317947,48.9,43.138155171174375,0,0.0,1
28,6,Dijkstra,,,18.460401315711664,55.31382779498499,4.348614435166248,51.06771369446453,47,44.55530642037176,60.328471897119734,55.0,47.75230927472292,0,0.0,24
28,6,A*,,,19.950294651019057,45.6068714070022,4.51294742449739,67.17884914178207,24,29.90215876823816,59.25251613873244,55.0,47.47842095917102,0,0.0,24
28,6,NSGA-II,,Dengeli,19.950294651019057,45.6068714070022,4.51294742449739,67.17884914178207,24,29.90215876823816,59.25251613873244,55.0,47.47842095917102,0,0.0,24
28,6,AffectEV,15.0,Dengeli,19.950294651019057,45.6068714070022,4.51294742449739,67.17884914178207,24,29.90215876823816,59.25251613873244,55.0,47.47842095917102,0,0.0,24
28,6,AffectEV,30.0,Dengeli,19.950294651019057,45.6068714070022,4.51294742449739,67.17884914178207,24,29.90215876823816,59.25251613873244,55.0,47.47842095917102,0,0.0,24
28,6,AffectEV,50.0,Dengeli,19.950294651019057,45.6068714070022,4.51294742449739,67.17884914178207,24,29.90215876823816,59.25251613873244,55.0,47.47842095917102,0,0.0,24
28,6,AffectEV,65.0,Dengeli,19.950294651019057,45.6068714070022,4.51294742449739,67.17884914178207,24,29.90215876823816,59.25251613873244,55.0,47.47842095917102,0,0.0,24
28,6,AffectEV,85.0,Konfor,21.653015989142336,47.42074095100834,4.853755791804413,68.4860353554455,22,29.322323696184053,58.5863376784964,55.0,46.91040701365931,0,0.0,24
29,6,Dijkstra,,,27.808952954184285,61.12721420058986,6.246593065930183,62.6838201357126,41,30.40048188318707,38.48017649665638,83.3,72.88901155678303,0,0.0,22
29,6,A*,,,30.864933734716075,39.60741208891634,5.6708212978069215,77.1823087991012,19,19.45754606277496,37.402136910331585,83.3,73.8486311703218,0,0.0,22
29,6,NSGA-II,,Dengeli,30.864933734716075,39.60741208891634,5.6708212978069215,77.1823087991012,19,19.45754606277496,37.402136910331585,83.3,73.8486311703218,0,0.0,22
29,6,AffectEV,15.0,Dengeli,30.864933734716075,39.60741208891634,5.6708212978069215,77.1823087991012,19,19.45754606277496,37.402136910331585,83.3,73.8486311703218,0,0.0,22
29,6,AffectEV,30.0,Dengeli,30.864933734716075,39.60741208891634,5.6708212978069215,77.1823087991012,19,19.45754606277496,37.402136910331585,83.3,73.8486311703218,0,0.0,22
29,6,AffectEV,50.0,Dengeli,30.864933734716075,39.60741208891634,5.6708212978069215,77.1823087991012,19,19.45754606277496,37.402136910331585,83.3,73.8486311703218,0,0.0,22
29,6,AffectEV,65.0,Dengeli,30.864933734716075,39.60741208891634,5.6708212978069215,77.1823087991012,19,19.45754606277496,37.402136910331585,83.3,73.8486311703218,0,0.0,22
29,6,AffectEV,85.0,Konfor,31.129906157078455,42.83698344979539,5.892167188183796,77.78064108562407,19,18.53683957794926,35.791535204955736,83.3,73.479721353027,0,0.0,22
30,6,Dijkstra,,,12.229927210030283,40.114709043749556,2.968308463554181,60.43768237910607,40,31.048658293533396,51.23860066416957,39.6,34.6528192274097,0,0.0,22
30,6,A*,,,13.449779132859682,26.060148839600195,2.812806915911025,74.21144300286315,21,18.73212828112969,48.34459256398967,39.6,34.91198847348163,0,0.0,22
30,6,NSGA-II,,Dengeli,13.449779132859682,26.060148839600195,2.812806915911025,74.21144300286315,21,18.73212828112969,48.34459256398967,39.6,34.91198847348163,0,0.0,22
30,6,AffectEV,15.0,Dengeli,13.449779132859682,26.060148839600195,2.812806915911025,74.21144300286315,21,18.73212828112969,48.34459256398967,39.6,34.91198847348163,0,0.0,22
30,6,AffectEV,30.0,Dengeli,13.449779132859682,26.060148839600195,2.812806915911025,74.21144300286315,21,18.73212828112969,48.34459256398967,39.6,34.91198847348163,0,0.0,22
30,6,AffectEV,50.0,Dengeli,13.449779132859682,26.060148839600195,2.812806915911025,74.21144300286315,21,18.73212828112969,48.34459256398967,39.6,34.91198847348163,0,0.0,22
30,6,AffectEV,65.0,Dengeli,13.449779132859682,26.060148839600195,2.812806915911025,74.21144300286315,21,18.73212828112969,48.34459256398967,39.6,34.91198847348163,0,0.0,22
30,6,AffectEV,85.0,Konfor,13.54310615712398,28.844332379004516,2.9695513053161777,75.16539417007999,21,17.585645576187616,45.294560785318566,39.6,34.65074782447304,0,0.0,22
31,6,Dijkstra,,,14.323717146044785,34.3353510435677,3.2696420739190013,72.01741026326285,23,21.026960636260057,50.872507729295684,31.4,25.95059654346833,0,0.0,58
31,6,A*,,,19.5339917050011,33.423591003608706,4.002458277056263,76.0033395843272,15,19.63411373349914,53.0321314781153,31.4,24.729236204906226,0,0.0,58
31,6,NSGA-II,,Dengeli,16.44144456089312,34.267162931289455,3.6075132305760045,75.40371747735549,18,18.926815418420034,49.591189485592544,31.4,25.38747794903999,0,0.0,58
31,6,AffectEV,15.0,Verimlilik,14.32519950434281,34.07131828935524,3.2571943186339882,72.05706915878322,23,20.9883560372046,50.732120150276984,31.4,25.971342802276684,0,0.0,58
31,6,AffectEV,30.0,Verimlilik,14.32519950434281,34.07131828935524,3.2571943186339882,72.05706915878322,23,20.9883560372046,50.732120150276984,31.4,25.971342802276684,0,0.0,58
31,6,AffectEV,50.0,Konfor,21.596148006660698,34.648694773830194,4.378278453574384,78.74733854942384,11,18.042097722660095,51.700160668890646,31.4,24.10286924404269,0,0.0,58
31,6,AffectEV,65.0,Konfor,21.596148006660698,34.648694773830194,4.378278453574384,78.74733854942384,11,18.042097722660095,51.700160668890646,31.4,24.10286924404269,0,0.0,58
31,6,AffectEV,85.0,Konfor,21.596148006660698,34.648694773830194,4.378278453574384,78.74733854942384,11,18.042097722660095,51.700160668890646,31.4,24.10286924404269,0,0.0,58
32,6,Dijkstra,,,19.825906595588897,23.070294345999027,3.510954954191551,84.17298788062628,11,11.28466448274213,34.708063872755375,46.9,41.048408409680746,0,0.0,5
32,6,A*,,,21.17826428118149,20.793526374937553,3.6532310154621723,88.98354014798943,5,7.1979330381841,31.785399702776704,46.9,40.811281640896375,0,0.0,5
32,6,NSGA-II,,Dengeli,21.17826428118149,20.793526374937553,3.6532310154621723,88.98354014798943,5,7.1979330381841,31.785399702776704,46.9,40.811281640896375,0,0.0,5
32,6,AffectEV,15.0,Verimlilik,19.825906595588897,23.070294345999027,3.510954954191551,84.17298788062628,11,11.28466448274213,34.708063872755375,46.9,41.048408409680746,0,0.0,5
32,6,AffectEV,30.0,Dengeli,21.17826428118149,20.793526374937553,3.6532310154621723,88.98354014798943,5,7.1979330381841,31.785399702776704,46.9,40.811281640896375,0,0.0,5
32,6,AffectEV,50.0,Dengeli,21.17826428118149,20.793526374937553,3.6532310154621723,88.98354014798943,5,7.1979330381841,31.785399702776704,46.9,40.811281640896375,0,0.0,5
32,6,AffectEV,65.0,Dengeli,21.17826428118149,20.793526374937553,3.6532310154621723,88.98354014798943,5,7.1979330381841,31.785399702776704,46.9,40.811281640896375,0,0.0,5
32,6,AffectEV,85.0,Dengeli,21.17826428118149,20.793526374937553,3.6532310154621723,88.98354014798943,5,7.1979330381841,31.785399702776704,46.9,40.811281640896375,0,0.0,5
33,6,Dijkstra,,,24.10993819189053,60.083148386392104,5.401885572673116,53.032228037005524,46,44.13204506054342,53.640792224157266,59.2,50.19685737887814,0,0.0,62
33,6,A*,,,27.630824541514226,46.78433216986222,5.570003412370269,68.31776090221723,25,30.120059865504615,50.731105690656904,59.2,49.91666097938288,0,0.0,62
33,6,NSGA-II,,Dengeli,27.630824541514226,46.78433216986222,5.570003412370269,68.31776090221723,25,30.120059865504615,50.731105690656904,59.2,49.91666097938288,0,0.0,62
33,6,AffectEV,15.0,Dengeli,27.630824541514226,46.78433216986222,5.570003412370269,68.31776090221723,25,30.120059865504615,50.731105690656904,59.2,49.91666097938288,0,0.0,62
33,6,AffectEV,30.0,Dengeli,27.630824541514226,46.78433216986222,5.570003412370269,68.31776090221723,25,30.120059865504615,50.731105690656904,59.2,49.91666097938288,0,0.0,62
33,6,AffectEV,50.0,Dengeli,27.630824541514226,46.78433216986222,5.570003412370269,68.31776090221723,25,30.120059865504615,50.731105690656904,59.2,49.91666097938288,0,0.0,62
33,6,AffectEV,65.0,Konfor,31.97385765113444,51.38173565880341,6.3702925927777985,73.14239111793762,20,26.237189061636204,44.93226081785761,59.2,48.58284567870367,0,0.0,62
33,6,AffectEV,85.0,Konfor,31.97385765113444,51.38173565880341,6.3702925927777985,73.14239111793762,20,26.237189061636204,44.93226081785761,59.2,48.58284567870367,0,0.0,62
34,6,Dijkstra,,,22.930481410336732,51.19580664649424,5.155366556289122,66.85851699107744,31,27.895343894608274,46.36439920270038,59.5,50.907722406184796,0,0.0,19
34,6,A*,,,33.56353502613921,40.58143817810706,6.088054573254048,79.51097257844538,15,18.65375831617279,36.9644996335139,59.5,49.35324237790992,0,0.0,19
34,6,NSGA-II,,Dengeli,33.56353502613921,40.58143817810706,6.088054573254048,79.51097257844538,15,18.65375831617279,36.9644996335139,59.5,49.35324237790992,0,0.0,19
34,6,AffectEV,15.0,Verimlilik,23.22641566193761,42.73435665120857,4.888242611292267,72.65349769343672,22,23.243167922566982,46.86775964896596,59.5,51.35292898117956,0,0.0,19
34,6,AffectEV,30.0,Dengeli,33.56353502613921,40.58143817810706,6.088054573254048,79.51097257844538,15,18.65375831617279,36.9644996335139,59.5,49.35324237790992,0,0.0,19
34,6,AffectEV,50.0,Dengeli,33.56353502613921,40.58143817810706,6.088054573254048,79.51097257844538,15,18.65375831617279,36.9644996335139,59.5,49.35324237790992,0,0.0,19
34,6,AffectEV,65.0,Dengeli,33.56353502613921,40.58143817810706,6.088054573254048,79.51097257844538,15,18.65375831617279,36.9644996335139,59.5,49.35324237790992,0,0.0,19
34,6,AffectEV,85.0,Dengeli,33.56353502613921,40.58143817810706,6.088054573254048,79.51097257844538,15,18.65375831617279,36.9644996335139,59.5,49.35324237790992,0,0.0,19
35,6,Dijkstra,,,32.290262346665294,77.72971206197096,7.04989038960648,40.731955876799795,64,57.575116946793166,49.97754519581128,63.8,52.0501826839892,0,0.0,100
35,6,A*,,,57.101675885853766,51.83801599390498,9.500173686610784,82.65337050608429,7,21.694535694170796,36.691343928322375,63.8,47.96637718898202,0,0.0,100
35,6,NSGA-II,,Dengeli,57.101675885853766,51.83801599390498,9.500173686610784,82.65337050608429,7,21.694535694170796,36.691343928322375,63.8,47.96637718898202,0,0.0,100
35,6,AffectEV,15.0,Dengeli,57.101675885853766,51.83801599390498,9.500173686610784,82.65337050608429,7,21.694535694170796,36.691343928322375,63.8,47.96637718898202,0,0.0,100
35,6,AffectEV,30.0,Dengeli,57.101675885853766,51.83801599390498,9.500173686610784,82.65337050608429,7,21.694535694170796,36.691343928322375,63.8,47.96637718898202,0,0.0,100
35,6,AffectEV,50.0,Dengeli,57.101675885853766,51.83801599390498,9.500173686610784,82.65337050608429,7,21.694535694170796,36.691343928322375,63.8,47.96637718898202,0,0.0,100
35,6,AffectEV,65.0,Dengeli,57.101675885853766,51.83801599390498,9.500173686610784,82.65337050608429,7,21.694535694170796,36.691343928322375,63.8,47.96637718898202,0,0.0,100
35,6,AffectEV,85.0,Dengeli,57.101675885853766,51.83801599390498,9.500173686610784,82.65337050608429,7,21.694535694170796,36.691343928322375,63.8,47.96637718898202,0,0.0,100
36,6,Dijkstra,,,15.54634367544098,45.834153678120906,3.5714378488702563,55.8073142424621,44,37.77315072248517,54.30370270396174,86.5,80.54760358521624,0,0.0,45
36,6,A*,,,17.080245495677556,38.93068836757951,3.7280481256489026,66.5315655168604,28,28.65990964284003,54.352307951437965,86.5,80.28658645725183,0,0.0,45
36,6,NSGA-II,,Dengeli,17.080245495677556,38.93068836757951,3.7280481256489026,66.5315655168604,28,28.65990964284003,54.352307951437965,86.5,80.28658645725183,0,0.0,45
36,6,AffectEV,15.0,Dengeli,17.080245495677556,38.93068836757951,3.7280481256489026,66.5315655168604,28,28.65990964284003,54.352307951437965,86.5,80.28658645725183,0,0.0,45
36,6,AffectEV,30.0,Dengeli,17.080245495677556,38.93068836757951,3.7280481256489026,66.5315655168604,28,28.65990964284003,54.352307951437965,86.5,80.28658645725183,0,0.0,45
36,6,AffectEV,50.0,Dengeli,17.080245495677556,38.93068836757951,3.7280481256489026,66.5315655168604,28,28.65990964284003,54.352307951437965,86.5,80.28658645725183,0,0.0,45
36,6,AffectEV,65.0,Konfor,25.12810284566913,39.77539278621435,4.840606131022605,74.71009531799112,21,21.886703540344886,41.11946809952707,86.5,78.43232311496233,0,0.0,45
36,6,AffectEV,85.0,Konfor,25.12810284566913,39.77539278621435,4.840606131022605,74.71009531799112,21,21.886703540344886,41.11946809952707,86.5,78.43232311496233,0,0.0,45
37,6,Dijkstra,,,35.885842352077866,68.3439109373234,8.026917498476145,77.33334147627285,16,21.366648725611384,41.283319530218655,68.3,54.921804169206425,0,0.0,8
37,6,A*,,,43.02924166665217,60.59332740119762,8.305524119275969,75.1457474646508,23,22.442414396238092,33.10764108238891,68.3,54.45745980120672,0,0.0,8
37,6,NSGA-II,,Verimlilik,35.885842352077866,68.3439109373234,8.026917498476145,77.33334147627285,16,21.366648725611384,41.283319530218655,68.3,54.921804169206425,0,0.0,8
37,6,AffectEV,15.0,Verimlilik,35.885842352077866,68.3439109373234,8.026917498476145,77.33334147627285,16,21.366648725611384,41.283319530218655,68.3,54.921804169206425,0,0.0,8
37,6,AffectEV,30.0,Verimlilik,35.885842352077866,68.3439109373234,8.026917498476145,77.33334147627285,16,21.366648725611384,41.283319530218655,68.3,54.921804169206425,0,0.0,8
37,6,AffectEV,50.0,Verimlilik,35.885842352077866,68.3439109373234,8.026917498476145,77.33334147627285,16,21.366648725611384,41.283319530218655,68.3,54.921804169206425,0,0.0,8
37,6,AffectEV,65.0,Konfor,42.89268197645878,75.25239340869923,9.257380645940994,77.98226302003619,15,22.085729648705573,39.460090426760736,68.3,52.871032256765005,0,0.0,8
37,6,AffectEV,85.0,Konfor,42.89268197645878,75.25239340869923,9.257380645940994,77.98226302003619,15,22.085729648705573,39.460090426760736,68.3,52.871032256765005,0,0.0,8
38,6,Dijkstra,,,21.96282146541537,45.888636649456586,4.728157189519866,64.70238398195801,34,29.85347021999511,46.7078747602173,85.0,77.11973801746689,0,0.0,74
38,6,A*,,,22.6362657970985,43.85955556794472,4.798287736655624,67.99087577236483,29,27.267550736022972,46.644295034141415,85.0,77.00285377224063,0,0.0,74
38,6,NSGA-II,,Dengeli,22.6362657970985,43.85955556794472,4.798287736655624,67.99087577236483,29,27.267550736022972,46.644295034141415,85.0,77.00285377224063,0,0.0,74
38,6,AffectEV,15.0,Dengeli,22.6362657970985,43.85955556794472,4.798287736655624,67.99087577236483,29,27.267550736022972,46.644295034141415,85.0,77.00285377224063,0,0.0,74
38,6,AffectEV,30.0,Dengeli,22.6362657970985,43.85955556794472,4.798287736655624,67.99087577236483,29,27.267550736022972,46.644295034141415,85.0,77.00285377224063,0,0.0,74
38,6,AffectEV,50.0,Dengeli,22.6362657970985,43.85955556794472,4.798287736655624,67.99087577236483,29,27.267550736022972,46.644295034141415,85.0,77.00285377224063,0,0.0,74
38,6,AffectEV,65.0,Konfor,38.7436974789556,53.60799556330703,7.375297367429025,76.50777755381058,21,20.54482287528491,34.14387791801972,85.0,72.70783772095163,0,0.0,74
38,6,AffectEV,85.0,Konfor,38.7436974789556,53.60799556330703,7.375297367429025,76.50777755381058,21,20.54482287528491,34.14387791801972,85.0,72.70783772095163,0,0.0,74
39,6,Dijkstra,,,17.06329866686855,59.40690824122078,4.2738370463724715,48.67351470118325,50,46.809498516795585,61.418178718890395,66.0,58.87693825604588,0,0.0,56
39,6,A*,,,25.78908207796405,40.11996940329737,5.049835927055782,77.66478692386578,13,21.20808472976456,47.363938286024265,66.0,57.58360678824036,0,0.0,56
39,6,NSGA-II,,Dengeli,25.78908207796405,40.11996940329737,5.049835927055782,77.66478692386578,13,21.20808472976456,47.363938286024265,66.0,57.58360678824036,0,0.0,56
39,6,AffectEV,15.0,Verimlilik,17.11263231281285,59.482363171856164,4.234295305173288,45.963269903331906,52,50.17020694078597,64.92834007216152,66.0,58.94284115804452,0,0.0,56
39,6,AffectEV,30.0,Dengeli,25.78908207796405,40.11996940329737,5.049835927055782,77.66478692386578,13,21.20808472976456,47.363938286024265,66.0,57.58360678824036,0,0.0,56
39,6,AffectEV,50.0,Dengeli,25.78908207796405,40.11996940329737,5.049835927055782,77.66478692386578,13,21.20808472976456,47.363938286024265,66.0,57.58360678824036,0,0.0,56
39,6,AffectEV,65.0,Dengeli,25.78908207796405,40.11996940329737,5.049835927055782,77.66478692386578,13,21.20808472976456,47.363938286024265,66.0,57.58360678824036,0,0.0,56
39,6,AffectEV,85.0,Dengeli,25.78908207796405,40.11996940329737,5.049835927055782,77.66478692386578,13,21.20808472976456,47.363938286024265,66.0,57.58360678824036,0,0.0,56
40,6,Dijkstra,,,24.860773582720817,56.515551661792806,5.514507973034906,59.014998804181765,39,37.02327226370193,51.890097583538285,76.0,66.80915337827516,0,0.0,46
40,6,A*,,,26.883874663067076,42.59124284716462,5.1789580475558035,69.08125311450237,29,27.376633849574265,41.02878365312672,76.0,67.36840325407366,0,0.0,46
40,6,NSGA-II,,Dengeli,26.9027376388807,42.627306699633195,5.189422999072823,69.30762147505278,29,26.920792286454745,40.580704195053976,76.0,67.35096166821197,0,0.0,46
40,6,AffectEV,15.0,Dengeli,26.9027376388807,42.627306699633195,5.189422999072823,69.30762147505278,29,26.920792286454745,40.580704195053976,76.0,67.35096166821197,0,0.0,46
40,6,AffectEV,30.0,Dengeli,26.9027376388807,42.627306699633195,5.189422999072823,69.30762147505278,29,26.920792286454745,40.580704195053976,76.0,67.35096166821197,0,0.0,46
40,6,AffectEV,50.0,Konfor,40.41692922334796,43.870573252900115,7.126171077212107,80.24824401255583,15,18.198341060977388,33.96126834575478,76.0,64.1230482046465,0,0.0,46
40,6,AffectEV,65.0,Konfor,40.41692922334796,43.870573252900115,7.126171077212107,80.24824401255583,15,18.198341060977388,33.96126834575478,76.0,64.1230482046465,0,0.0,46
40,6,AffectEV,85.0,Konfor,40.41692922334796,43.870573252900115,7.126171077212107,80.24824401255583,15,18.198341060977388,33.96126834575478,76.0,64.1230482046465,0,0.0,46
41,6,Dijkstra,,,15.652162516574279,51.49846726533188,3.8567219229009737,54.88771741961881,42,39.59227645905331,61.17299821332599,66.4,59.972130128498385,0,0.0,6
41,6,A*,,,16.99189854487929,41.57871762737618,3.870274116229096,64.99826836516804,26,31.134337450579643,63.3071519982903,66.4,59.94954313961818,0,0.0,6
41,6,NSGA-II,,Verimlilik,16.232949851386447,41.5799347597001,3.7274686244464625,64.33739638716654,28,31.151496447754035,61.58577339253627,66.4,60.18755229258923,0,0.0,6
41,6,AffectEV,15.0,Verimlilik,16.232949851386447,41.5799347597001,3.7274686244464625,64.33739638716654,28,31.151496447754035,61.58577339253627,66.4,60.18755229258923,0,0.0,6
41,6,AffectEV,30.0,Verimlilik,16.232949851386447,41.5799347597001,3.7274686244464625,64.33739638716654,28,31.151496447754035,61.58577339253627,66.4,60.18755229258923,0,0.0,6
41,6,AffectEV,50.0,Konfor,17.690408753931436,41.820706414788624,4.020345662949782,65.91426099937377,24,30.779934069821998,64.2587938983982,66.4,59.699423895083704,0,0.0,6
41,6,AffectEV,65.0,Konfor,17.690408753931436,41.820706414788624,4.020345662949782,65.91426099937377,24,30.779934069821998,64.2587938983982,66.4,59.699423895083704,0,0.0,6
41,6,AffectEV,85.0,Konfor,17.690408753931436,41.820706414788624,4.020345662949782,65.91426099937377,24,30.779934069821998,64.2587938983982,66.4,59.699423895083704,0,0.0,6
42,6,Dijkstra,,,23.44933666717482,48.62830161757013,4.976551269338661,65.8970419562994,35,28.352847804252946,40.48551851212351,67.7,59.40574788443557,0,0.0,41
42,6,A*,,,25.2473721497051,39.03684640120043,5.018639377084219,77.79606523962212,17,18.15854063288631,41.281862852559925,67.7,59.33560103819297,0,0.0,41
42,6,NSGA-II,,Dengeli,24.44110934493306,39.4774337877999,4.910647878483529,77.09102547494078,18,18.7341887170965,41.4435895496514,67.7,59.515586869194124,0,0.0,41
42,6,AffectEV,15.0,Dengeli,24.44110934493306,39.4774337877999,4.910647878483529,77.09102547494078,18,18.7341887170965,41.4435895496514,67.7,59.515586869194124,0,0.0,41
42,6,AffectEV,30.0,Dengeli,24.44110934493306,39.4774337877999,4.910647878483529,77.09102547494078,18,18.7341887170965,41.4435895496514,67.7,59.515586869194124,0,0.0,41
42,6,AffectEV,50.0,Dengeli,24.44110934493306,39.4774337877999,4.910647878483529,77.09102547494078,18,18.7341887170965,41.4435895496514,67.7,59.515586869194124,0,0.0,41
42,6,AffectEV,65.0,Dengeli,24.44110934493306,39.4774337877999,4.910647878483529,77.09102547494078,18,18.7341887170965,41.4435895496514,67.7,59.515586869194124,0,0.0,41
42,6,AffectEV,85.0,Dengeli,24.44110934493306,39.4774337877999,4.910647878483529,77.09102547494078,18,18.7341887170965,41.4435895496514,67.7,59.515586869194124,0,0.0,41
43,6,Dijkstra,,,15.080656660003548,30.7325808143755,3.2196665169176066,73.70902016248928,20,20.064408289867206,51.358286752752726,69.3,63.933889138470654,0,0.0,6
43,6,A*,,,15.104669148911901,29.739199267789225,3.1697898578529076,73.80482940277186,20,19.9572488484944,51.0399797133991,69.3,64.01701690357848,0,0.0,6
43,6,NSGA-II,,Dengeli,15.08818064395873,29.81169920480536,3.171122998736408,73.85197521400282,20,19.897018051591242,50.894596852599044,69.3,64.01479500210598,0,0.0,6
43,6,AffectEV,15.0,Verimlilik,15.087481534729015,29.73975016850016,3.167629804685467,73.80684871833911,20,19.948813420936027,51.042536276900385,69.3,64.02061699219088,0,0.0,6
43,6,AffectEV,30.0,Dengeli,15.08818064395873,29.81169920480536,3.171122998736408,73.85197521400282,20,19.897018051591242,50.894596852599044,69.3,64.01479500210598,0,0.0,6
43,6,AffectEV,50.0,Dengeli,15.08818064395873,29.81169920480536,3.171122998736408,73.85197521400282,20,19.897018051591242,50.894596852599044,69.3,64.01479500210598,0,0.0,6
43,6,AffectEV,65.0,Konfor,15.085558182480085,30.526965171318203,3.2083617756152853,73.89564447596459,20,19.850131650405274,50.74658014456914,69.3,63.95273037397452,0,0.0,6
43,6,AffectEV,85.0,Konfor,15.085558182480085,30.526965171318203,3.2083617756152853,73.89564447596459,20,19.850131650405274,50.74658014456914,69.3,63.95273037397452,0,0.0,6
44,6,Dijkstra,,,12.448359452641155,43.49144703646941,3.0125853003909677,54.131252237050674,41,39.951790117016266,66.91605363922221,70.1,65.07902449934838,0,0.0,18
44,6,A*,,,12.636568951763449,36.42995073589669,2.9635795343312434,62.23394098119138,29,32.174597304672595,68.0683991370342,70.1,65.1607007761146,0,0.0,18
44,6,NSGA-II,,Dengeli,12.636568951763449,36.42995073589669,2.9635795343312434,62.23394098119138,29,32.174597304672595,68.0683991370342,70.1,65.1607007761146,0,0.0,18
44,6,AffectEV,15.0,Dengeli,12.636568951763449,36.42995073589669,2.9635795343312434,62.23394098119138,29,32.174597304672595,68.0683991370342,70.1,65.1607007761146,0,0.0,18
44,6,AffectEV,30.0,Dengeli,12.636568951763449,36.42995073589669,2.9635795343312434,62.23394098119138,29,32.174597304672595,68.0683991370342,70.1,65.1607007761146,0,0.0,18
44,6,AffectEV,50.0,Dengeli,12.636568951763449,36.42995073589669,2.9635795343312434,62.23394098119138,29,32.174597304672595,68.0683991370342,70.1,65.1607007761146,0,0.0,18
44,6,AffectEV,65.0,Konfor,16.71005545027887,41.834086226072564,3.8544627254315724,65.66549897514862,24,30.89743894289135,65.32634670991985,70.1,63.67589545761404,0,0.0,18
44,6,AffectEV,85.0,Konfor,16.71005545027887,41.834086226072564,3.8544627254315724,65.66549897514862,24,30.89743894289135,65.32634670991985,70.1,63.67589545761404,0,0.0,18
45,6,Dijkstra,,,25.56201805383672,64.22958089780478,5.781025498027766,49.57022048675338,49,48.83660566229567,56.39398907278963,46.8,37.164957503287056,0,0.0,42
45,6,A*,,,44.27868376405925,44.99740624784188,7.537753123341679,81.40517373509972,11,19.23878984972484,36.61594654991412,46.8,34.237078127763866,0,0.0,42
45,6,NSGA-II,,Dengeli,44.27868376405925,44.99740624784188,7.537753123341679,81.40517373509972,11,19.23878984972484,36.61594654991412,46.8,34.237078127763866,0,0.0,42
45,6,AffectEV,15.0,Dengeli,44.27868376405925,44.99740624784188,7.537753123341679,81.40517373509972,11,19.23878984972484,36.61594654991412,46.8,34.237078127763866,0,0.0,42
45,6,AffectEV,30.0,Dengeli,44.27868376405925,44.99740624784188,7.537753123341679,81.40517373509972,11,19.23878984972484,36.61594654991412,46.8,34.237078127763866,0,0.0,42
45,6,AffectEV,50.0,Dengeli,44.27868376405925,44.99740624784188,7.537753123341679,81.40517373509972,11,19.23878984972484,36.61594654991412,46.8,34.237078127763866,0,0.0,42
45,6,AffectEV,65.0,Dengeli,44.27868376405925,44.99740624784188,7.537753123341679,81.40517373509972,11,19.23878984972484,36.61594654991412,46.8,34.237078127763866,0,0.0,42
45,6,AffectEV,85.0,Dengeli,44.27868376405925,44.99740624784188,7.537753123341679,81.40517373509972,11,19.23878984972484,36.61594654991412,46.8,34.237078127763866,0,0.0,42
46,6,Dijkstra,,,14.765837459808974,41.176130416798905,3.403083892755466,61.77072895770373,34,31.975747486163662,58.18273398223585,63.3,57.62819351207422,0,0.0,32
46,6,A*,,,15.348897599347689,30.712522253533628,3.190969545433831,70.35765549901603,20,24.950407381483828,60.78611143269409,63.3,57.981717424276944,0,0.0,32
46,6,NSGA-II,,Dengeli,15.24322381918536,30.766130318454657,3.22584849145525,71.33381142549575,19,23.77123077377521,60.174096711858404,63.3,57.92358584757458,0,0.0,32
46,6,AffectEV,15.0,Dengeli,15.24322381918536,30.766130318454657,3.22584849145525,71.33381142549575,19,23.77123077377521,60.174096711858404,63.3,57.92358584757458,0,0.0,32
46,6,AffectEV,30.0,Dengeli,15.24322381918536,30.766130318454657,3.22584849145525,71.33381142549575,19,23.77123077377521,60.174096711858404,63.3,57.92358584757458,0,0.0,32
46,6,AffectEV,50.0,Dengeli,15.24322381918536,30.766130318454657,3.22584849145525,71.33381142549575,19,23.77123077377521,60.174096711858404,63.3,57.92358584757458,0,0.0,32
46,6,AffectEV,65.0,Konfor,20.165515915856133,38.88525077213146,4.305968528908083,73.8223864073122,16,23.196269928378626,56.09366307087105,63.3,56.12338578515319,0,0.0,32
46,6,AffectEV,85.0,Konfor,20.165515915856133,38.88525077213146,4.305968528908083,73.8223864073122,16,23.196269928378626,56.09366307087105,63.3,56.12338578515319,0,0.0,32
47,6,Dijkstra,,,19.20224016298778,51.55136936372647,4.4498889604862955,58.97148159274211,39,36.0898477091482,53.507820472567126,61.0,53.58351839918951,0,0.0,41
47,6,A*,,,22.114399662248495,41.01347549692253,4.512432829218801,68.41055547177805,27,27.5343815087549,49.145650377977354,61.0,53.47927861796867,0,0.0,41
47,6,NSGA-II,,Dengeli,22.121872442039955,41.21334433015168,4.5305458578002105,69.22014871150515,26,26.80220126400571,48.695954546465664,61.0,53.44909023699965,0,0.0,41
47,6,AffectEV,15.0,Dengeli,22.121872442039955,41.21334433015168,4.5305458578002105,69.22014871150515,26,26.80220126400571,48.695954546465664,61.0,53.44909023699965,0,0.0,41
47,6,AffectEV,30.0,Dengeli,22.121872442039955,41.21334433015168,4.5305458578002105,69.22014871150515,26,26.80220126400571,48.695954546465664,61.0,53.44909023699965,0,0.0,41
47,6,AffectEV,50.0,Dengeli,22.121872442039955,41.21334433015168,4.5305458578002105,69.22014871150515,26,26.80220126400571,48.695954546465664,61.0,53.44909023699965,0,0.0,41
47,6,AffectEV,65.0,Konfor,36.823002885992224,47.76625586446401,6.834314227473739,79.05263481355274,15,19.869453182600772,37.432646158335125,61.0,49.60947628754377,0,0.0,41
47,6,AffectEV,85.0,Konfor,36.823002885992224,47.76625586446401,6.834314227473739,79.05263481355274,15,19.869453182600772,37.432646158335125,61.0,49.60947628754377,0,0.0,41
48,6,Dijkstra,,,18.664831703964754,47.44589250152076,4.356655165037165,65.93566030486396,35,27.22319401386627,41.98690745488077,49.1,41.83890805827139,0,0.0,25
48,6,A*,,,19.479137754372786,43.20489940153087,4.401801620941449,71.97596449918709,26,22.353038253871688,41.59062012325702,49.1,41.763663965097585,0,0.0,25
48,6,NSGA-II,,Dengeli,19.479137754372786,43.20489940153087,4.401801620941449,71.97596449918709,26,22.353038253871688,41.59062012325702,49.1,41.763663965097585,0,0.0,25
48,6,AffectEV,15.0,Dengeli,19.479137754372786,43.20489940153087,4.401801620941449,71.97596449918709,26,22.353038253871688,41.59062012325702,49.1,41.763663965097585,0,0.0,25
48,6,AffectEV,30.0,Dengeli,19.479137754372786,43.20489940153087,4.401801620941449,71.97596449918709,26,22.353038253871688,41.59062012325702,49.1,41.763663965097585,0,0.0,25
48,6,AffectEV,50.0,Dengeli,19.479137754372786,43.20489940153087,4.401801620941449,71.97596449918709,26,22.353038253871688,41.59062012325702,49.1,41.763663965097585,0,0.0,25
48,6,AffectEV,65.0,Konfor,30.07185291285307,52.95315472477485,6.44818384084505,79.08534396581892,17,17.751662142644147,35.44578695693916,49.1,38.353026931924916,0,0.0,25
48,6,AffectEV,85.0,Konfor,30.07185291285307,52.95315472477485,6.44818384084505,79.08534396581892,17,17.751662142644147,35.44578695693916,49.1,38.353026931924916,0,0.0,25
49,6,Dijkstra,,,22.65431248481913,67.76013811879349,5.294906917470197,38.827915805958746,74,51.14354902456704,44.14509743335572,58.4,49.57515513754967,0,0.0,8
49,6,A*,,,29.71921623353516,27.24040556807845,5.014447576823117,87.49854009394939,7,10.002533139408976,30.003499821139624,58.4,50.042587371961474,0,0.0,8
49,6,NSGA-II,,Dengeli,29.71921623353516,27.24040556807845,5.014447576823117,87.49854009394939,7,10.002533139408976,30.003499821139624,58.4,50.042587371961474,0,0.0,8
49,6,AffectEV,15.0,Dengeli,29.71921623353516,27.24040556807845,5.014447576823117,87.49854009394939,7,10.002533139408976,30.003499821139624,58.4,50.042587371961474,0,0.0,8
49,6,AffectEV,30.0,Dengeli,29.71921623353516,27.24040556807845,5.014447576823117,87.49854009394939,7,10.002533139408976,30.003499821139624,58.4,50.042587371961474,0,0.0,8
49,6,AffectEV,50.0,Dengeli,29.71921623353516,27.24040556807845,5.014447576823117,87.49854009394939,7,10.002533139408976,30.003499821139624,58.4,50.042587371961474,0,0.0,8
49,6,AffectEV,65.0,Dengeli,29.71921623353516,27.24040556807845,5.014447576823117,87.49854009394939,7,10.002533139408976,30.003499821139624,58.4,50.042587371961474,0,0.0,8
49,6,AffectEV,85.0,Dengeli,29.71921623353516,27.24040556807845,5.014447576823117,87.49854009394939,7,10.002533139408976,30.003499821139624,58.4,50.042587371961474,0,0.0,8
50,6,Dijkstra,,,24.358114248074624,57.83156106219888,5.381883301727354,55.43787402775801,40,43.36088441246204,57.76930324251685,87.5,78.53019449712107,0,0.0,20
50,6,A*,,,25.898012751719484,44.8156536673723,5.256996051186009,68.1764458673176,26,29.03711650308241,50.562095908788415,87.5,78.73833991468999,0,0.0,20
50,6,NSGA-II,,Dengeli,25.900614369087126,44.98726360412419,5.273596966189116,68.8845703631458,25,28.42178155987984,50.44447584445129,87.5,78.71067172301814,0,0.0,20
50,6,AffectEV,15.0,Dengeli,25.900614369087126,44.98726360412419,5.273596966189116,68.8845703631458,25,28.42178155987984,50.44447584445129,87.5,78.71067172301814,0,0.0,20
50,6,AffectEV,30.0,Dengeli,25.900614369087126,44.98726360412419,5.273596966189116,68.8845703631458,25,28.42178155987984,50.44447584445129,87.5,78.71067172301814,0,0.0,20
50,6,AffectEV,50.0,Dengeli,25.900614369087126,44.98726360412419,5.273596966189116,68.8845703631458,25,28.42178155987984,50.44447584445129,87.5,78.71067172301814,0,0.0,20
50,6,AffectEV,65.0,Dengeli,25.900614369087126,44.98726360412419,5.273596966189116,68.8845703631458,25,28.42178155987984,50.44447584445129,87.5,78.71067172301814,0,0.0,20
50,6,AffectEV,85.0,Konfor,29.833409247963935,54.57844791888463,6.380670340339121,70.12453770676491,20,30.074721178630423,54.26522969822982,87.5,76.86554943276813,0,0.0,20
1,7,Dijkstra,,,18.180626954473706,51.00536392710274,4.268303090985684,54.94625437413859,49,36.98529724490022,47.29078226195671,68.4,61.28616151502386,0,0.0,15
1,7,A*,,,24.477356109751526,31.474138130536396,4.520365464933262,82.17535283503963,13,13.680897819892326,36.10188909496338,68.4,60.86605755844457,0,0.0,15
1,7,NSGA-II,,Dengeli,24.477356109751526,31.474138130536396,4.520365464933262,82.17535283503963,13,13.680897819892326,36.10188909496338,68.4,60.86605755844457,0,0.0,15
1,7,AffectEV,15.0,Dengeli,24.477356109751526,31.474138130536396,4.520365464933262,82.17535283503963,13,13.680897819892326,36.10188909496338,68.4,60.86605755844457,0,0.0,15
1,7,AffectEV,30.0,Dengeli,24.477356109751526,31.474138130536396,4.520365464933262,82.17535283503963,13,13.680897819892326,36.10188909496338,68.4,60.86605755844457,0,0.0,15
1,7,AffectEV,50.0,Dengeli,24.477356109751526,31.474138130536396,4.520365464933262,82.17535283503963,13,13.680897819892326,36.10188909496338,68.4,60.86605755844457,0,0.0,15
1,7,AffectEV,65.0,Dengeli,24.477356109751526,31.474138130536396,4.520365464933262,82.17535283503963,13,13.680897819892326,36.10188909496338,68.4,60.86605755844457,0,0.0,15
1,7,AffectEV,85.0,Dengeli,24.477356109751526,31.474138130536396,4.520365464933262,82.17535283503963,13,13.680897819892326,36.10188909496338,68.4,60.86605755844457,0,0.0,15
2,7,Dijkstra,,,25.08490021637783,40.3523177683351,5.079175828121922,74.30592267605991,20,22.183833549271792,45.19463629579277,52.2,43.73470695313013,0,0.0,7
2,7,A*,,,25.123592790695103,39.644907048141384,5.052046071588656,74.26867833536481,20,22.23572627585928,45.30301890938702,52.2,43.77992321401891,0,0.0,7
2,7,NSGA-II,,Verimlilik,25.095392899664237,39.6550971576192,5.051106854425852,74.39950140112269,20,22.04958544907468,44.92811482077452,52.2,43.781488575956914,0,0.0,7
2,7,AffectEV,15.0,Verimlilik,25.095392899664237,39.6550971576192,5.051106854425852,74.39950140112269,20,22.04958544907468,44.92811482077452,52.2,43.781488575956914,0,0.0,7
2,7,AffectEV,30.0,Verimlilik,25.095392899664237,39.6550971576192,5.051106854425852,74.39950140112269,20,22.04958544907468,44.92811482077452,52.2,43.781488575956914,0,0.0,7
2,7,AffectEV,50.0,Verimlilik,25.095392899664237,39.6550971576192,5.051106854425852,74.39950140112269,20,22.04958544907468,44.92811482077452,52.2,43.781488575956914,0,0.0,7
2,7,AffectEV,65.0,Konfor,28.603843253151144,41.87871674398624,5.6432161054057115,80.8633128915214,12,16.989831212987387,40.198688722911896,52.2,42.794639824323816,0,0.0,7
2,7,AffectEV,85.0,Konfor,28.603843253151144,41.87871674398624,5.6432161054057115,80.8633128915214,12,16.989831212987387,40.198688722911896,52.2,42.794639824323816,0,0.0,7
3,7,Dijkstra,,,10.944476773165217,33.752262599753934,2.5925006064795593,65.29836459383694,34,26.166250858880826,49.25880074249409,77.4,73.07916565586741,0,0.0,43
3,7,A*,,,13.67226409726009,29.52218767694687,2.953115774157076,72.96548009925228,21,20.646875292203728,51.70228656543304,77.4,72.47814037640488,0,0.0,43
3,7,NSGA-II,,Dengeli,13.67226409726009,29.52218767694687,2.953115774157076,72.96548009925228,21,20.646875292203728,51.70228656543304,77.4,72.47814037640488,0,0.0,43
3,7,AffectEV,15.0,Dengeli,13.67226409726009,29.52218767694687,2.953115774157076,72.96548009925228,21,20.646875292203728,51.70228656543304,77.4,72.47814037640488,0,0.0,43
3,7,AffectEV,30.0,Dengeli,13.67226409726009,29.52218767694687,2.953115774157076,72.96548009925228,21,20.646875292203728,51.70228656543304,77.4,72.47814037640488,0,0.0,43
3,7,AffectEV,50.0,Dengeli,13.67226409726009,29.52218767694687,2.953115774157076,72.96548009925228,21,20.646875292203728,51.70228656543304,77.4,72.47814037640488,0,0.0,43
3,7,AffectEV,65.0,Dengeli,13.67226409726009,29.52218767694687,2.953115774157076,72.96548009925228,21,20.646875292203728,51.70228656543304,77.4,72.47814037640488,0,0.0,43
3,7,AffectEV,85.0,Dengeli,13.67226409726009,29.52218767694687,2.953115774157076,72.96548009925228,21,20.646875292203728,51.70228656543304,77.4,72.47814037640488,0,0.0,43
4,7,Dijkstra,,,20.388666386118903,37.882927074508764,4.335177360628497,77.81866336804504,15,17.81650543694372,46.68192500435919,40.6,33.37470439895251,0,0.0,18
4,7,A*,,,20.70766409191689,36.441507574772295,4.273420436528216,76.73456917064954,17,18.655991507497127,45.84316688550664,40.6,33.47763260578631,0,0.0,18
4,7,NSGA-II,,Verimlilik,20.70766409191689,36.441507574772295,4.273420436528216,76.73456917064954,17,18.655991507497127,45.84316688550664,40.6,33.47763260578631,0,0.0,18
4,7,AffectEV,15.0,Verimlilik,20.70766409191689,36.441507574772295,4.273420436528216,76.73456917064954,17,18.655991507497127,45.84316688550664,40.6,33.47763260578631,0,0.0,18
4,7,AffectEV,30.0,Verimlilik,20.70766409191689,36.441507574772295,4.273420436528216,76.73456917064954,17,18.655991507497127,45.84316688550664,40.6,33.47763260578631,0,0.0,18
4,7,AffectEV,50.0,Verimlilik,20.70766409191689,36.441507574772295,4.273420436528216,76.73456917064954,17,18.655991507497127,45.84316688550664,40.6,33.47763260578631,0,0.0,18
4,7,AffectEV,65.0,Konfor,20.395638873037512,38.40226239231645,4.362606616065353,77.82595819788315,15,17.811281094582437,46.653287368710615,40.6,33.32898897322441,0,0.0,18
4,7,AffectEV,85.0,Konfor,20.395638873037512,38.40226239231645,4.362606616065353,77.82595819788315,15,17.811281094582437,46.653287368710615,40.6,33.32898897322441,0,0.0,18
5,7,Dijkstra,,,16.803270107900584,54.81591606390446,4.0963762206984855,52.6332383841996,50,39.83420106624403,52.08250647963597,47.9,41.072706298835854,0,0.0,9
5,7,A*,,,18.36304520658593,38.99187154599942,4.1012018591668085,73.15759942382059,17,22.820625373322468,57.48106482091342,47.9,41.064663568055316,0,0.0,9
5,7,NSGA-II,,Dengeli,18.192093990027015,39.185237974072805,4.080052084261227,72.76852041400211,18,22.98294902161202,56.682974397571435,47.9,41.09991319289795,0,0.0,9
5,7,AffectEV,15.0,Dengeli,18.192093990027015,39.185237974072805,4.080052084261227,72.76852041400211,18,22.98294902161202,56.682974397571435,47.9,41.09991319289795,0,0.0,9
5,7,AffectEV,30.0,Dengeli,18.192093990027015,39.185237974072805,4.080052084261227,72.76852041400211,18,22.98294902161202,56.682974397571435,47.9,41.09991319289795,0,0.0,9
5,7,AffectEV,50.0,Dengeli,18.192093990027015,39.185237974072805,4.080052084261227,72.76852041400211,18,22.98294902161202,56.682974397571435,47.9,41.09991319289795,0,0.0,9
5,7,AffectEV,65.0,Dengeli,18.192093990027015,39.185237974072805,4.080052084261227,72.76852041400211,18,22.98294902161202,56.682974397571435,47.9,41.09991319289795,0,0.0,9
5,7,AffectEV,85.0,Dengeli,18.192093990027015,39.185237974072805,4.080052084261227,72.76852041400211,18,22.98294902161202,56.682974397571435,47.9,41.09991319289795,0,0.0,9
6,7,Dijkstra,,,15.816035757029267,42.21310026577161,3.6513487399094657,60.62260004290262,43,30.10110697640801,44.2353393208749,75.2,69.11441876681756,0,0.0,33
6,7,A*,,,18.252758461533563,35.52355559784682,3.890776973129404,74.4333652054834,25,18.908378577188564,36.970606106800126,75.2,68.715371711451,0,0.0,33
6,7,NSGA-II,,Dengeli,17.833690055170337,35.747007951102006,3.811995114035593,72.29100551994394,28,20.280977564556483,38.12350605344559,75.2,68.84667480994068,0,0.0,33
6,7,AffectEV,15.0,Dengeli,17.833690055170337,35.747007951102006,3.811995114035593,72.29100551994394,28,20.280977564556483,38.12350605344559,75.2,68.84667480994068,0,0.0,33
6,7,AffectEV,30.0,Dengeli,17.833690055170337,35.747007951102006,3.811995114035593,72.29100551994394,28,20.280977564556483,38.12350605344559,75.2,68.84667480994068,0,0.0,33
6,7,AffectEV,50.0,Dengeli,17.833690055170337,35.747007951102006,3.811995114035593,72.29100551994394,28,20.280977564556483,38.12350605344559,75.2,68.84667480994068,0,0.0,33
6,7,AffectEV,65.0,Konfor,18.37761177778467,35.91015296042615,3.932081130146266,74.633412164893,24,18.829157899817787,38.58920232580832,75.2,68.64653144975622,0,0.0,33
6,7,AffectEV,85.0,Konfor,18.37761177778467,35.91015296042615,3.932081130146266,74.633412164893,24,18.829157899817787,38.58920232580832,75.2,68.64653144975622,0,0.0,33
7,7,Dijkstra,,,30.54779619598615,64.15011106600825,6.528030314216982,53.63968876324743,44,45.363477709387965,53.75633961968092,79.6,68.71994947630502,0,0.0,68
7,7,A*,,,51.013162304889725,43.797739287917246,8.38596749608218,84.6630173540572,8,16.111155784342206,32.51817955320068,79.6,65.6233875065297,0,0.0,68
7,7,NSGA-II,,Dengeli,51.013162304889725,43.797739287917246,8.38596749608218,84.6630173540572,8,16.111155784342206,32.51817955320068,79.6,65.6233875065297,0,0.0,68
7,7,AffectEV,15.0,Dengeli,51.013162304889725,43.797739287917246,8.38596749608218,84.6630173540572,8,16.111155784342206,32.51817955320068,79.6,65.6233875065297,0,0.0,68
7,7,AffectEV,30.0,Dengeli,51.013162304889725,43.797739287917246,8.38596749608218,84.6630173540572,8,16.111155784342206,32.51817955320068,79.6,65.6233875065297,0,0.0,68
7,7,AffectEV,50.0,Dengeli,51.013162304889725,43.797739287917246,8.38596749608218,84.6630173540572,8,16.111155784342206,32.51817955320068,79.6,65.6233875065297,0,0.0,68
7,7,AffectEV,65.0,Dengeli,51.013162304889725,43.797739287917246,8.38596749608218,84.6630173540572,8,16.111155784342206,32.51817955320068,79.6,65.6233875065297,0,0.0,68
7,7,AffectEV,85.0,Dengeli,51.013162304889725,43.797739287917246,8.38596749608218,84.6630173540572,8,16.111155784342206,32.51817955320068,79.6,65.6233875065297,0,0.0,68
8,7,Dijkstra,,,25.23747109975654,63.124298854872656,5.9187302175108165,59.38877279047083,45,33.765480783037226,39.907914873089986,43.6,33.73544963748198,0,0.0,28
8,7,A*,,,25.94448295425281,58.87842036914911,5.954017451154976,63.82927327746063,38,30.081487286946487,40.73140268227712,43.6,33.67663758140837,0,0.0,28
8,7,NSGA-II,,Dengeli,25.94448295425281,58.87842036914911,5.954017451154976,63.82927327746063,38,30.081487286946487,40.73140268227712,43.6,33.67663758140837,0,0.0,28
8,7,AffectEV,15.0,Dengeli,25.94448295425281,58.87842036914911,5.954017451154976,63.82927327746063,38,30.081487286946487,40.73140268227712,43.6,33.67663758140837,0,0.0,28
8,7,AffectEV,30.0,Dengeli,25.94448295425281,58.87842036914911,5.954017451154976,63.82927327746063,38,30.081487286946487,40.73140268227712,43.6,33.67663758140837,0,0.0,28
8,7,AffectEV,50.0,Dengeli,25.94448295425281,58.87842036914911,5.954017451154976,63.82927327746063,38,30.081487286946487,40.73140268227712,43.6,33.67663758140837,0,0.0,28
8,7,AffectEV,65.0,Konfor,28.69067413079971,62.593078536211124,6.590133668769361,68.45028186096337,31,26.91282542615634,39.87935255594863,43.6,32.6164438853844,0,0.0,28
8,7,AffectEV,85.0,Konfor,28.69067413079971,62.593078536211124,6.590133668769361,68.45028186096337,31,26.91282542615634,39.87935255594863,43.6,32.6164438853844,0,0.0,28
9,7,Dijkstra,,,17.935784581718238,43.614044530134926,3.973469183360341,60.909999111371064,38,32.73765310775606,51.34352478151059,55.9,49.277551361066095,0,0.0,12
9,7,A*,,,25.90471328614617,29.504149171844986,4.57201622750493,82.74302210135889,12,13.909950802614299,35.41996328928412,55.9,48.279972954158445,0,0.0,12
9,7,NSGA-II,,Dengeli,25.90471328614617,29.504149171844986,4.57201622750493,82.74302210135889,12,13.909950802614299,35.41996328928412,55.9,48.279972954158445,0,0.0,12
9,7,AffectEV,15.0,Dengeli,25.90471328614617,29.504149171844986,4.57201622750493,82.74302210135889,12,13.909950802614299,35.41996328928412,55.9,48.279972954158445,0,0.0,12
9,7,AffectEV,30.0,Dengeli,25.90471328614617,29.504149171844986,4.57201622750493,82.74302210135889,12,13.909950802614299,35.41996328928412,55.9,48.279972954158445,0,0.0,12
9,7,AffectEV,50.0,Dengeli,25.90471328614617,29.504149171844986,4.57201622750493,82.74302210135889,12,13.909950802614299,35.41996328928412,55.9,48.279972954158445,0,0.0,12
9,7,AffectEV,65.0,Dengeli,25.90471328614617,29.504149171844986,4.57201622750493,82.74302210135889,12,13.909950802614299,35.41996328928412,55.9,48.279972954158445,0,0.0,12
9,7,AffectEV,85.0,Dengeli,25.90471328614617,29.504149171844986,4.57201622750493,82.74302210135889,12,13.909950802614299,35.41996328928412,55.9,48.279972954158445,0,0.0,12
10,7,Dijkstra,,,26.29086706365498,40.954804084247975,5.355436796499099,80.44878971859863,12,16.656206433175203,42.771741757244044,56.9,47.974272005834834,0,0.0,12
10,7,A*,,,40.03248737154875,34.858578421625566,6.637134206813189,86.78259869967516,5,12.861064077592959,34.29541038523476,56.9,45.83810965531135,0,0.0,12
10,7,NSGA-II,,Dengeli,40.03248737154875,34.858578421625566,6.637134206813189,86.78259869967516,5,12.861064077592959,34.29541038523476,56.9,45.83810965531135,0,0.0,12
10,7,AffectEV,15.0,Verimlilik,26.29523323733128,38.62377686747415,5.230111858860776,80.73733392453097,12,16.272269950518172,41.90492545156787,56.9,48.1831469018987,0,0.0,12
10,7,AffectEV,30.0,Dengeli,40.03248737154875,34.858578421625566,6.637134206813189,86.78259869967516,5,12.861064077592959,34.29541038523476,56.9,45.83810965531135,0,0.0,12
10,7,AffectEV,50.0,Dengeli,40.03248737154875,34.858578421625566,6.637134206813189,86.78259869967516,5,12.861064077592959,34.29541038523476,56.9,45.83810965531135,0,0.0,12
10,7,AffectEV,65.0,Dengeli,40.03248737154875,34.858578421625566,6.637134206813189,86.78259869967516,5,12.861064077592959,34.29541038523476,56.9,45.83810965531135,0,0.0,12
10,7,AffectEV,85.0,Dengeli,40.03248737154875,34.858578421625566,6.637134206813189,86.78259869967516,5,12.861064077592959,34.29541038523476,56.9,45.83810965531135,0,0.0,12
11,7,Dijkstra,,,21.66993991746172,57.91574742426051,5.057185479477743,56.58846280216148,38,41.25809486549806,60.17054369094551,65.7,57.271357534203766,0,0.0,32
11,7,A*,,,22.716184799103473,51.12367985460746,5.173300679474797,66.23592183742578,26,31.25724166848089,56.93452831014977,65.7,57.07783220087534,0,0.0,32
11,7,NSGA-II,,Dengeli,22.716184799103473,51.12367985460746,5.173300679474797,66.23592183742578,26,31.25724166848089,56.93452831014977,65.7,57.07783220087534,0,0.0,32
11,7,AffectEV,15.0,Dengeli,22.716184799103473,51.12367985460746,5.173300679474797,66.23592183742578,26,31.25724166848089,56.93452831014977,65.7,57.07783220087534,0,0.0,32
11,7,AffectEV,30.0,Dengeli,22.716184799103473,51.12367985460746,5.173300679474797,66.23592183742578,26,31.25724166848089,56.93452831014977,65.7,57.07783220087534,0,0.0,32
11,7,AffectEV,50.0,Dengeli,22.716184799103473,51.12367985460746,5.173300679474797,66.23592183742578,26,31.25724166848089,56.93452831014977,65.7,57.07783220087534,0,0.0,32
11,7,AffectEV,65.0,Dengeli,22.716184799103473,51.12367985460746,5.173300679474797,66.23592183742578,26,31.25724166848089,56.93452831014977,65.7,57.07783220087534,0,0.0,32
11,7,AffectEV,85.0,Dengeli,22.716184799103473,51.12367985460746,5.173300679474797,66.23592183742578,26,31.25724166848089,56.93452831014977,65.7,57.07783220087534,0,0.0,32
12,7,Dijkstra,,,23.210046865366078,61.33441230484944,5.385140400958084,54.158506792277564,50,39.463422956594336,45.012331603720675,42.6,33.62476599840319,0,0.0,52
12,7,A*,,,24.688570228018563,50.07921400159806,5.328976252661553,65.77726931341516,32,30.173015054327294,45.85413085143325,42.6,33.71837291223075,0,0.0,52
12,7,NSGA-II,,Dengeli,24.668947687576093,50.08093576408248,5.326414709537091,65.77380111318409,32,30.1718609276524,45.87320304260096,42.6,33.72264215077152,0,0.0,52
12,7,AffectEV,15.0,Dengeli,24.668947687576093,50.08093576408248,5.326414709537091,65.77380111318409,32,30.1718609276524,45.87320304260096,42.6,33.72264215077152,0,0.0,52
12,7,AffectEV,30.0,Dengeli,24.668947687576093,50.08093576408248,5.326414709537091,65.77380111318409,32,30.1718609276524,45.87320304260096,42.6,33.72264215077152,0,0.0,52
12,7,AffectEV,50.0,Konfor,35.57042636467124,53.048892500321195,7.034925451328983,76.38687806658851,21,20.6492739087093,34.591698803993545,42.6,30.875124247785028,0,0.0,52
12,7,AffectEV,65.0,Konfor,35.57042636467124,53.048892500321195,7.034925451328983,76.38687806658851,21,20.6492739087093,34.591698803993545,42.6,30.875124247785028,0,0.0,52
12,7,AffectEV,85.0,Konfor,35.57042636467124,53.048892500321195,7.034925451328983,76.38687806658851,21,20.6492739087093,34.591698803993545,42.6,30.875124247785028,0,0.0,52
13,7,Dijkstra,,,17.365727681979003,46.22971463407969,4.097216951607863,62.92064538286103,37,29.22158179223895,49.064400397336414,77.8,70.97130508065356,0,0.0,94
13,7,A*,,,18.684053779311363,43.080096696021776,4.241613231112541,69.66467931910934,28,23.676091488018557,46.162466172425454,77.8,70.73064461481243,0,0.0,94
13,7,NSGA-II,,Dengeli,18.684053779311363,43.080096696021776,4.241613231112541,69.66467931910934,28,23.676091488018557,46.162466172425454,77.8,70.73064461481243,0,0.0,94
13,7,AffectEV,15.0,Dengeli,18.684053779311363,43.080096696021776,4.241613231112541,69.66467931910934,28,23.676091488018557,46.162466172425454,77.8,70.73064461481243,0,0.0,94
13,7,AffectEV,30.0,Dengeli,18.684053779311363,43.080096696021776,4.241613231112541,69.66467931910934,28,23.676091488018557,46.162466172425454,77.8,70.73064461481243,0,0.0,94
13,7,AffectEV,50.0,Dengeli,18.684053779311363,43.080096696021776,4.241613231112541,69.66467931910934,28,23.676091488018557,46.162466172425454,77.8,70.73064461481243,0,0.0,94
13,7,AffectEV,65.0,Konfor,22.79626139743531,44.18648736146911,4.946380883386301,74.75903632609841,21,20.33812042947569,43.1976377252944,77.8,69.55603186102283,0,0.0,94
13,7,AffectEV,85.0,Konfor,22.79626139743531,44.18648736146911,4.946380883386301,74.75903632609841,21,20.33812042947569,43.1976377252944,77.8,69.55603186102283,0,0.0,94
14,7,Dijkstra,,,23.12440075830618,49.516689627211036,4.973919940564612,63.484522569450924,28,35.54046115944104,59.26669541358381,63.8,55.51013343239231,0,0.0,9
14,7,A*,,,24.073160375945697,42.017129881979734,5.024233299820522,72.44681231236493,15,27.253635870527756,59.3854846323837,63.8,55.42627783363246,0,0.0,9
14,7,NSGA-II,,Dengeli,24.073160375945697,42.017129881979734,5.024233299820522,72.44681231236493,15,27.253635870527756,59.3854846323837,63.8,55.42627783363246,0,0.0,9
14,7,AffectEV,15.0,Dengeli,24.073160375945697,42.017129881979734,5.024233299820522,72.44681231236493,15,27.253635870527756,59.3854846323837,63.8,55.42627783363246,0,0.0,9
14,7,AffectEV,30.0,Dengeli,24.073160375945697,42.017129881979734,5.024233299820522,72.44681231236493,15,27.253635870527756,59.3854846323837,63.8,55.42627783363246,0,0.0,9
14,7,AffectEV,50.0,Dengeli,24.073160375945697,42.017129881979734,5.024233299820522,72.44681231236493,15,27.253635870527756,59.3854846323837,63.8,55.42627783363246,0,0.0,9
14,7,AffectEV,65.0,Konfor,25.12563578044249,44.03882668298548,5.2790388001449395,74.46604952075432,13,25.23012168784045,57.324569864467726,63.8,55.00160199975843,0,0.0,9
14,7,AffectEV,85.0,Konfor,25.12563578044249,44.03882668298548,5.2790388001449395,74.46604952075432,13,25.23012168784045,57.324569864467726,63.8,55.00160199975843,0,0.0,9
15,7,Dijkstra,,,20.62345860912918,48.315974106819766,4.737414995974281,65.90898154143233,31,28.902372411780796,49.601533675167126,84.0,76.10430834004286,0,0.0,33
15,7,A*,,,37.41131862072162,42.089551192565644,6.647263066551567,77.98018260819683,19,19.85900884400162,32.81057369301346,84.0,72.92122822241406,0,0.0,33
15,7,NSGA-II,,Dengeli,37.41131862072162,42.089551192565644,6.647263066551567,77.98018260819683,19,19.85900884400162,32.81057369301346,84.0,72.92122822241406,0,0.0,33
15,7,AffectEV,15.0,Verimlilik,20.62345860912918,48.315974106819766,4.737414995974281,65.90898154143233,31,28.902372411780796,49.601533675167126,84.0,76.10430834004286,0,0.0,33
15,7,AffectEV,30.0,Dengeli,37.41131862072162,42.089551192565644,6.647263066551567,77.98018260819683,19,19.85900884400162,32.81057369301346,84.0,72.92122822241406,0,0.0,33
15,7,AffectEV,50.0,Dengeli,37.41131862072162,42.089551192565644,6.647263066551567,77.98018260819683,19,19.85900884400162,32.81057369301346,84.0,72.92122822241406,0,0.0,33
15,7,AffectEV,65.0,Dengeli,37.41131862072162,42.089551192565644,6.647263066551567,77.98018260819683,19,19.85900884400162,32.81057369301346,84.0,72.92122822241406,0,0.0,33
15,7,AffectEV,85.0,Dengeli,37.41131862072162,42.089551192565644,6.647263066551567,77.98018260819683,19,19.85900884400162,32.81057369301346,84.0,72.92122822241406,0,0.0,33
16,7,Dijkstra,,,24.536024349497236,43.53640191090152,5.103687015686316,70.22272389491181,27,25.026336234299016,43.8468761739924,71.8,63.293854973856135,0,0.0,20
16,7,A*,,,24.950497076656042,40.56580869471031,5.049308080864058,72.35291814352189,24,23.277637292072008,43.318953344282555,71.8,63.38448653189323,0,0.0,20
16,7,NSGA-II,,Dengeli,24.96818260280571,41.088563164446334,5.0686426859409055,72.4359984623033,24,23.115003715813362,43.14750211476339,71.8,63.352262190098486,0,0.0,20
16,7,AffectEV,15.0,Verimlilik,24.538277237744452,40.66092718366975,5.0060328475051055,72.29588445185496,24,23.25458990546191,43.63869288253236,71.8,63.45661192082482,0,0.0,20
16,7,AffectEV,30.0,Dengeli,24.96818260280571,41.088563164446334,5.0686426859409055,72.4359984623033,24,23.115003715813362,43.14750211476339,71.8,63.352262190098486,0,0.0,20
16,7,AffectEV,50.0,Dengeli,24.96818260280571,41.088563164446334,5.0686426859409055,72.4359984623033,24,23.115003715813362,43.14750211476339,71.8,63.352262190098486,0,0.0,20
16,7,AffectEV,65.0,Konfor,30.314949942986363,55.02019993493365,6.495946869462145,72.84972863435746,18,26.86038071473071,50.460785756116614,71.8,60.97342188422975,0,0.0,20
16,7,AffectEV,85.0,Konfor,30.314949942986363,55.02019993493365,6.495946869462145,72.84972863435746,18,26.86038071473071,50.460785756116614,71.8,60.97342188422975,0,0.0,20
17,7,Dijkstra,,,17.48013166005094,38.274507433462425,3.8639794093721935,69.46979443059999,22,26.231753837476482,58.30339709078536,72.1,65.660034317713,0,0.0,18
17,7,A*,,,18.856874603819488,36.87763643904417,3.952701474661662,71.33355676160865,24,23.72433596587774,47.745712243140154,72.1,65.51216420889722,0,0.0,18
17,7,NSGA-II,,Dengeli,18.856874603819488,36.87763643904417,3.952701474661662,71.33355676160865,24,23.72433596587774,47.745712243140154,72.1,65.51216420889722,0,0.0,18
17,7,AffectEV,15.0,Verimlilik,17.48038052525706,36.889025608912775,3.8150384164874147,70.21337901316791,21,25.555766858620192,58.099454646230164,72.1,65.74160263918763,0,0.0,18
17,7,AffectEV,30.0,Dengeli,18.856874603819488,36.87763643904417,3.952701474661662,71.33355676160865,24,23.72433596587774,47.745712243140154,72.1,65.51216420889722,0,0.0,18
17,7,AffectEV,50.0,Dengeli,18.856874603819488,36.87763643904417,3.952701474661662,71.33355676160865,24,23.72433596587774,47.745712243140154,72.1,65.51216420889722,0,0.0,18
17,7,AffectEV,65.0,Konfor,27.117668317170253,45.451620398415294,5.579954746776989,77.09429300146863,15,21.563411141137344,44.683418280950825,72.1,62.80007542203835,0,0.0,18
17,7,AffectEV,85.0,Konfor,27.117668317170253,45.451620398415294,5.579954746776989,77.09429300146863,15,21.563411141137344,44.683418280950825,72.1,62.80007542203835,0,0.0,18
18,7,Dijkstra,,,17.47460100191027,23.82062221725601,3.1879330468803104,83.60334192196854,12,11.317445644849087,35.007121922883684,59.6,54.286778255199486,0,0.0,5
18,7,A*,,,17.702903599446085,22.600265545696665,3.227715592063582,86.68948678760606,7,8.93131460261905,35.655594158041104,59.6,54.22047401322737,0,0.0,5
18,7,NSGA-II,,Dengeli,17.702903599446085,22.600265545696665,3.227715592063582,86.68948678760606,7,8.93131460261905,35.655594158041104,59.6,54.22047401322737,0,0.0,5
18,7,AffectEV,15.0,Dengeli,17.702903599446085,22.600265545696665,3.227715592063582,86.68948678760606,7,8.93131460261905,35.655594158041104,59.6,54.22047401322737,0,0.0,5
18,7,AffectEV,30.0,Dengeli,17.702903599446085,22.600265545696665,3.227715592063582,86.68948678760606,7,8.93131460261905,35.655594158041104,59.6,54.22047401322737,0,0.0,5
18,7,AffectEV,50.0,Dengeli,17.702903599446085,22.600265545696665,3.227715592063582,86.68948678760606,7,8.93131460261905,35.655594158041104,59.6,54.22047401322737,0,0.0,5
18,7,AffectEV,65.0,Dengeli,17.702903599446085,22.600265545696665,3.227715592063582,86.68948678760606,7,8.93131460261905,35.655594158041104,59.6,54.22047401322737,0,0.0,5
18,7,AffectEV,85.0,Dengeli,17.702903599446085,22.600265545696665,3.227715592063582,86.68948678760606,7,8.93131460261905,35.655594158041104,59.6,54.22047401322737,0,0.0,5
19,7,Dijkstra,,,18.10643454076064,51.85629663197221,4.215766703246585,54.036879135441325,47,39.484951012375916,53.08817780422949,73.9,66.8737221612557,0,0.0,25
19,7,A*,,,25.070236376777835,37.51756871015943,4.7971687377669125,76.07353658748536,20,20.28294109891319,39.207905414203395,73.9,65.90471877038848,0,0.0,25
19,7,NSGA-II,,Dengeli,25.070236376777835,37.51756871015943,4.7971687377669125,76.07353658748536,20,20.28294109891319,39.207905414203395,73.9,65.90471877038848,0,0.0,25
19,7,AffectEV,15.0,Dengeli,25.070236376777835,37.51756871015943,4.7971687377669125,76.07353658748536,20,20.28294109891319,39.207905414203395,73.9,65.90471877038848,0,0.0,25
19,7,AffectEV,30.0,Dengeli,25.070236376777835,37.51756871015943,4.7971687377669125,76.07353658748536,20,20.28294109891319,39.207905414203395,73.9,65.90471877038848,0,0.0,25
19,7,AffectEV,50.0,Dengeli,25.070236376777835,37.51756871015943,4.7971687377669125,76.07353658748536,20,20.28294109891319,39.207905414203395,73.9,65.90471877038848,0,0.0,25
19,7,AffectEV,65.0,Dengeli,25.070236376777835,37.51756871015943,4.7971687377669125,76.07353658748536,20,20.28294109891319,39.207905414203395,73.9,65.90471877038848,0,0.0,25
19,7,AffectEV,85.0,Konfor,31.795235619097095,41.60907344073546,5.927932706150159,78.66929958490321,17,18.741133764639688,36.0418014285244,73.9,64.0201121564164,0,0.0,25
20,7,Dijkstra,,,25.336148811841916,60.71167643054696,5.529076043905976,51.25105323137569,48,46.49977098023144,53.9950773727744,55.2,45.98487326015671,0,0.0,41
20,7,A*,,,26.259149665903642,53.751555742835485,5.529844740548405,59.163328939743025,36,39.804966538730625,54.475905493188954,55.2,45.983592099085996,0,0.0,41
20,7,NSGA-II,,Dengeli,26.259149665903642,53.751555742835485,5.529844740548405,59.163328939743025,36,39.804966538730625,54.475905493188954,55.2,45.983592099085996,0,0.0,41
20,7,AffectEV,15.0,Dengeli,26.259149665903642,53.751555742835485,5.529844740548405,59.163328939743025,36,39.804966538730625,54.475905493188954,55.2,45.983592099085996,0,0.0,41
20,7,AffectEV,30.0,Dengeli,26.259149665903642,53.751555742835485,5.529844740548405,59.163328939743025,36,39.804966538730625,54.475905493188954,55.2,45.983592099085996,0,0.0,41
20,7,AffectEV,50.0,Konfor,61.39386525762721,56.92991611156666,10.330931308669431,80.3202688897648,14,21.341913200577647,31.385785750309463,55.2,37.98178115221762,0,0.0,41
20,7,AffectEV,65.0,Konfor,61.39386525762721,56.92991611156666,10.330931308669431,80.3202688897648,14,21.341913200577647,31.385785750309463,55.2,37.98178115221762,0,0.0,41
20,7,AffectEV,85.0,Konfor,61.39386525762721,56.92991611156666,10.330931308669431,80.3202688897648,14,21.341913200577647,31.385785750309463,55.2,37.98178115221762,0,0.0,41
21,7,Dijkstra,,,23.542621774622575,49.178716571943575,5.245599905070012,72.80539568636016,23,22.976801114634636,44.007819896247256,70.5,61.75733349154998,0,0.0,8
21,7,A*,,,26.20732862551718,36.09334271095309,4.999111339650905,80.33305526933256,13,16.941216390221943,40.42289906800426,70.5,62.16814776724849,0,0.0,8
21,7,NSGA-II,,Dengeli,26.00923055939766,36.460382589676676,4.968800191610264,79.98732170976135,14,16.957657961059073,39.62690450960465,70.5,62.21866634731623,0,0.0,8
21,7,AffectEV,15.0,Dengeli,26.00923055939766,36.460382589676676,4.968800191610264,79.98732170976135,14,16.957657961059073,39.62690450960465,70.5,62.21866634731623,0,0.0,8
21,7,AffectEV,30.0,Dengeli,26.00923055939766,36.460382589676676,4.968800191610264,79.98732170976135,14,16.957657961059073,39.62690450960465,70.5,62.21866634731623,0,0.0,8
21,7,AffectEV,50.0,Konfor,26.20732862551718,36.09334271095309,4.999111339650905,80.33305526933256,13,16.941216390221943,40.42289906800426,70.5,62.16814776724849,0,0.0,8
21,7,AffectEV,65.0,Konfor,26.20732862551718,36.09334271095309,4.999111339650905,80.33305526933256,13,16.941216390221943,40.42289906800426,70.5,62.16814776724849,0,0.0,8
21,7,AffectEV,85.0,Konfor,26.20732862551718,36.09334271095309,4.999111339650905,80.33305526933256,13,16.941216390221943,40.42289906800426,70.5,62.16814776724849,0,0.0,8
22,7,Dijkstra,,,15.927133076834163,36.83598985283961,3.607515545686733,71.6788707213547,23,21.976954273995148,51.140214982233765,55.0,48.98747409052211,0,0.0,17
22,7,A*,,,16.939852305927598,35.86407220264877,3.7792372589246677,73.69486347557479,20,20.508840895706317,50.762421278566556,55.0,48.70127123512555,0,0.0,17
22,7,NSGA-II,,Dengeli,17.030261600569844,36.042672535485416,3.8062279955049805,74.07654426746603,19,20.459078351306413,51.42866113571021,55.0,48.656286674158366,0,0.0,17
22,7,AffectEV,15.0,Verimlilik,15.92861543513219,36.4923837164752,3.591149512105415,71.80325364719232,23,21.851470220686192,50.70652643300905,55.0,49.01475081315764,0,0.0,17
22,7,AffectEV,30.0,Dengeli,17.030261600569844,36.042672535485416,3.8062279955049805,74.07654426746603,19,20.459078351306413,51.42866113571021,55.0,48.656286674158366,0,0.0,17
22,7,AffectEV,50.0,Dengeli,17.030261600569844,36.042672535485416,3.8062279955049805,74.07654426746603,19,20.459078351306413,51.42866113571021,55.0,48.656286674158366,0,0.0,17
22,7,AffectEV,65.0,Konfor,18.404729316148092,39.18194681294497,4.150795605750922,74.73797496093206,19,19.98730543404856,48.829167044266875,55.0,48.08200732374846,0,0.0,17
22,7,AffectEV,85.0,Konfor,18.404729316148092,39.18194681294497,4.150795605750922,74.73797496093206,19,19.98730543404856,48.829167044266875,55.0,48.08200732374846,0,0.0,17
23,7,Dijkstra,,,14.53899591594657,36.95681980821767,3.3133190984327165,67.59408368973891,30,24.506141302876415,50.270369596990804,77.6,72.07780150261213,0,0.0,38
23,7,A*,,,15.47049997041307,33.37182778779658,3.3583715420546953,70.53962086550499,24,22.946439146569215,52.882236952621255,77.6,72.0027140965755,0,0.0,38
23,7,NSGA-II,,Dengeli,15.844111421333722,33.578781167850394,3.4694151614962534,73.87638446985808,19,20.491137813548434,52.38137093038695,77.6,71.81764139750624,0,0.0,38
23,7,AffectEV,15.0,Dengeli,15.844111421333722,33.578781167850394,3.4694151614962534,73.87638446985808,19,20.491137813548434,52.38137093038695,77.6,71.81764139750624,0,0.0,38
23,7,AffectEV,30.0,Dengeli,15.844111421333722,33.578781167850394,3.4694151614962534,73.87638446985808,19,20.491137813548434,52.38137093038695,77.6,71.81764139750624,0,0.0,38
23,7,AffectEV,50.0,Dengeli,15.844111421333722,33.578781167850394,3.4694151614962534,73.87638446985808,19,20.491137813548434,52.38137093038695,77.6,71.81764139750624,0,0.0,38
23,7,AffectEV,65.0,Dengeli,15.844111421333722,33.578781167850394,3.4694151614962534,73.87638446985808,19,20.491137813548434,52.38137093038695,77.6,71.81764139750624,0,0.0,38
23,7,AffectEV,85.0,Dengeli,15.844111421333722,33.578781167850394,3.4694151614962534,73.87638446985808,19,20.491137813548434,52.38137093038695,77.6,71.81764139750624,0,0.0,38
24,7,Dijkstra,,,28.355075619484303,73.43742149661342,6.616597471626587,47.304686622288,63,43.95623045090988,40.042221212195166,60.0,48.97233754728902,0,0.0,23
24,7,A*,,,31.39342358371912,51.765971524971185,6.274936308862425,67.95630848346326,31,28.286563044107922,40.288613016521786,60.0,49.54177281856263,0,0.0,23
24,7,NSGA-II,,Dengeli,31.39342358371912,51.765971524971185,6.274936308862425,67.95630848346326,31,28.286563044107922,40.288613016521786,60.0,49.54177281856263,0,0.0,23
24,7,AffectEV,15.0,Dengeli,31.39342358371912,51.765971524971185,6.274936308862425,67.95630848346326,31,28.286563044107922,40.288613016521786,60.0,49.54177281856263,0,0.0,23
24,7,AffectEV,30.0,Dengeli,31.39342358371912,51.765971524971185,6.274936308862425,67.95630848346326,31,28.286563044107922,40.288613016521786,60.0,49.54177281856263,0,0.0,23
24,7,AffectEV,50.0,Dengeli,31.39342358371912,51.765971524971185,6.274936308862425,67.95630848346326,31,28.286563044107922,40.288613016521786,60.0,49.54177281856263,0,0.0,23
24,7,AffectEV,65.0,Dengeli,31.39342358371912,51.765971524971185,6.274936308862425,67.95630848346326,31,28.286563044107922,40.288613016521786,60.0,49.54177281856263,0,0.0,23
24,7,AffectEV,85.0,Konfor,32.87757493366866,55.26721633332121,6.676136076723583,68.92949257540982,30,27.617230300779536,38.92669167178154,60.0,48.873106538794026,0,0.0,23
25,7,Dijkstra,,,22.02802455703555,39.48763524671809,4.559574102584722,72.20722040442378,22,23.60192023325672,48.56101762799603,84.3,76.70070982902546,0,0.0,31
25,7,A*,,,22.03064701851419,38.64874376991443,4.51553631392464,72.30712745504094,22,23.467662766259632,48.262868575405825,84.3,76.77410614345894,0,0.0,31
25,7,NSGA-II,,Verimlilik,22.03064701851419,38.64874376991443,4.51553631392464,72.30712745504094,22,23.467662766259632,48.262868575405825,84.3,76.77410614345894,0,0.0,31
25,7,AffectEV,15.0,Verimlilik,22.03064701851419,38.64874376991443,4.51553631392464,72.30712745504094,22,23.467662766259632,48.262868575405825,84.3,76.77410614345894,0,0.0,31
25,7,AffectEV,30.0,Verimlilik,22.03064701851419,38.64874376991443,4.51553631392464,72.30712745504094,22,23.467662766259632,48.262868575405825,84.3,76.77410614345894,0,0.0,31
25,7,AffectEV,50.0,Konfor,26.16521057903493,41.48833153302876,5.27553899141752,76.03643658840281,17,21.114177457879475,45.64655087116677,84.3,75.50743501430414,0,0.0,31
25,7,AffectEV,65.0,Konfor,26.16521057903493,41.48833153302876,5.27553899141752,76.03643658840281,17,21.114177457879475,45.64655087116677,84.3,75.50743501430414,0,0.0,31
25,7,AffectEV,85.0,Konfor,26.16521057903493,41.48833153302876,5.27553899141752,76.03643658840281,17,21.114177457879475,45.64655087116677,84.3,75.50743501430414,0,0.0,31
26,7,Dijkstra,,,12.699312958695026,32.42685633405869,2.9586707271672985,74.05736009746425,26,18.03601550496837,37.65917625522615,51.5,46.56888212138784,0,0.0,4
26,7,A*,,,12.839023999209624,19.76109222095397,2.450525436835698,83.73023318559407,11,9.889932957908607,39.01393463516671,51.5,47.415790938607174,0,0.0,4
26,7,NSGA-II,,Dengeli,12.839023999209624,19.76109222095397,2.450525436835698,83.73023318559407,11,9.889932957908607,39.01393463516671,51.5,47.415790938607174,0,0.0,4
26,7,AffectEV,15.0,Dengeli,12.839023999209624,19.76109222095397,2.450525436835698,83.73023318559407,11,9.889932957908607,39.01393463516671,51.5,47.415790938607174,0,0.0,4
26,7,AffectEV,30.0,Dengeli,12.839023999209624,19.76109222095397,2.450525436835698,83.73023318559407,11,9.889932957908607,39.01393463516671,51.5,47.415790938607174,0,0.0,4
26,7,AffectEV,50.0,Dengeli,12.839023999209624,19.76109222095397,2.450525436835698,83.73023318559407,11,9.889932957908607,39.01393463516671,51.5,47.415790938607174,0,0.0,4
26,7,AffectEV,65.0,Konfor,17.42204640480838,21.926198168007033,3.1268637173806617,84.54272055751935,10,10.069461819193526,37.182204483612956,51.5,46.28856047103223,0,0.0,4
26,7,AffectEV,85.0,Konfor,17.42204640480838,21.926198168007033,3.1268637173806617,84.54272055751935,10,10.069461819193526,37.182204483612956,51.5,46.28856047103223,0,0.0,4
27,7,Dijkstra,,,21.79446021612964,15.819382157801762,3.535751167618203,92.27579289634461,2,4.818869698933023,26.392730969877395,48.9,43.007081387302996,0,0.0,2
27,7,A*,,,21.79446021612964,15.819382157801762,3.535751167618203,92.27579289634461,2,4.818869698933023,26.392730969877395,48.9,43.007081387302996,0,0.0,2
27,7,NSGA-II,,Verimlilik,21.79446021612964,15.819382157801762,3.535751167618203,92.27579289634461,2,4.818869698933023,26.392730969877395,48.9,43.007081387302996,0,0.0,2
27,7,AffectEV,15.0,Verimlilik,21.79446021612964,15.819382157801762,3.535751167618203,92.27579289634461,2,4.818869698933023,26.392730969877395,48.9,43.007081387302996,0,0.0,2
27,7,AffectEV,30.0,Verimlilik,21.79446021612964,15.819382157801762,3.535751167618203,92.27579289634461,2,4.818869698933023,26.392730969877395,48.9,43.007081387302996,0,0.0,2
27,7,AffectEV,50.0,Verimlilik,21.79446021612964,15.819382157801762,3.535751167618203,92.27579289634461,2,4.818869698933023,26.392730969877395,48.9,43.007081387302996,0,0.0,2
27,7,AffectEV,65.0,Konfor,21.855044947629068,17.077771671361766,3.61941781504429,92.34263355220325,2,4.794606339984594,26.094922729006864,48.9,42.867636974926185,0,0.0,2
27,7,AffectEV,85.0,Konfor,21.855044947629068,17.077771671361766,3.61941781504429,92.34263355220325,2,4.794606339984594,26.094922729006864,48.9,42.867636974926185,0,0.0,2
28,7,Dijkstra,,,18.460401315711664,55.3507061737867,4.360446056287021,50.85090695893993,47,44.76058607381879,61.104586094572134,55.0,47.732589906188295,0,0.0,27
28,7,A*,,,19.919621285234957,45.6577566117761,4.510195706204709,67.01609818942705,24,30.18304217741128,59.6449457867478,55.0,47.483007156325485,0,0.0,27
28,7,NSGA-II,,Dengeli,19.919621285234957,45.6577566117761,4.510195706204709,67.01609818942705,24,30.18304217741128,59.6449457867478,55.0,47.483007156325485,0,0.0,27
28,7,AffectEV,15.0,Dengeli,19.919621285234957,45.6577566117761,4.510195706204709,67.01609818942705,24,30.18304217741128,59.6449457867478,55.0,47.483007156325485,0,0.0,27
28,7,AffectEV,30.0,Dengeli,19.919621285234957,45.6577566117761,4.510195706204709,67.01609818942705,24,30.18304217741128,59.6449457867478,55.0,47.483007156325485,0,0.0,27
28,7,AffectEV,50.0,Dengeli,19.919621285234957,45.6577566117761,4.510195706204709,67.01609818942705,24,30.18304217741128,59.6449457867478,55.0,47.483007156325485,0,0.0,27
28,7,AffectEV,65.0,Dengeli,19.919621285234957,45.6577566117761,4.510195706204709,67.01609818942705,24,30.18304217741128,59.6449457867478,55.0,47.483007156325485,0,0.0,27
28,7,AffectEV,85.0,Konfor,21.518350028808253,47.25927211570899,4.811106295430343,68.6237906854376,22,29.202117565113447,58.07787022514185,55.0,46.9814895076161,0,0.0,27
29,7,Dijkstra,,,27.808952954184285,62.32169623386298,6.299699290392209,61.70180509046128,41,31.763268088005024,41.34607241568606,83.3,72.80050118267965,0,0.0,17
29,7,A*,,,30.864933734716075,40.23617817013341,5.705023152431516,76.93549030585075,19,20.026833303386347,37.782298515666696,83.3,73.7916280792808,0,0.0,17
29,7,NSGA-II,,Dengeli,30.864933734716075,40.23617817013341,5.705023152431516,76.93549030585075,19,20.026833303386347,37.782298515666696,83.3,73.7916280792808,0,0.0,17
29,7,AffectEV,15.0,Dengeli,30.864933734716075,40.23617817013341,5.705023152431516,76.93549030585075,19,20.026833303386347,37.782298515666696,83.3,73.7916280792808,0,0.0,17
29,7,AffectEV,30.0,Dengeli,30.864933734716075,40.23617817013341,5.705023152431516,76.93549030585075,19,20.026833303386347,37.782298515666696,83.3,73.7916280792808,0,0.0,17
29,7,AffectEV,50.0,Dengeli,30.864933734716075,40.23617817013341,5.705023152431516,76.93549030585075,19,20.026833303386347,37.782298515666696,83.3,73.7916280792808,0,0.0,17
29,7,AffectEV,65.0,Dengeli,30.864933734716075,40.23617817013341,5.705023152431516,76.93549030585075,19,20.026833303386347,37.782298515666696,83.3,73.7916280792808,0,0.0,17
29,7,AffectEV,85.0,Dengeli,30.864933734716075,40.23617817013341,5.705023152431516,76.93549030585075,19,20.026833303386347,37.782298515666696,83.3,73.7916280792808,0,0.0,17
30,7,Dijkstra,,,12.229927210030283,39.38891591079224,2.9581549002738092,60.894205583839025,40,30.20580413190913,50.22026588294116,39.6,34.66974183287699,0,0.0,17
30,7,A*,,,13.449779132859682,27.215114033449204,2.8331204741908103,73.07989266499591,21,20.402627568311498,51.49659532255322,39.6,34.87813254301532,0,0.0,17
30,7,NSGA-II,,Dengeli,13.47065700463713,27.245060630402335,2.8427477198195645,73.35850659173472,21,20.003359065754353,50.702428442694846,39.6,34.86208713363406,0,0.0,17
30,7,AffectEV,15.0,Dengeli,13.47065700463713,27.245060630402335,2.8427477198195645,73.35850659173472,21,20.003359065754353,50.702428442694846,39.6,34.86208713363406,0,0.0,17
30,7,AffectEV,30.0,Dengeli,13.47065700463713,27.245060630402335,2.8427477198195645,73.35850659173472,21,20.003359065754353,50.702428442694846,39.6,34.86208713363406,0,0.0,17
30,7,AffectEV,50.0,Dengeli,13.47065700463713,27.245060630402335,2.8427477198195645,73.35850659173472,21,20.003359065754353,50.702428442694846,39.6,34.86208713363406,0,0.0,17
30,7,AffectEV,65.0,Dengeli,13.47065700463713,27.245060630402335,2.8427477198195645,73.35850659173472,21,20.003359065754353,50.702428442694846,39.6,34.86208713363406,0,0.0,17
30,7,AffectEV,85.0,Dengeli,13.47065700463713,27.245060630402335,2.8427477198195645,73.35850659173472,21,20.003359065754353,50.702428442694846,39.6,34.86208713363406,0,0.0,17
31,7,Dijkstra,,,14.323717146044785,35.5629119395545,3.2974365677548576,71.10230806117463,23,22.390004229848557,53.403453349354,31.4,25.904272387075235,0,0.0,28
31,7,A*,,,19.538255236537307,34.6479203466617,4.025181441205271,75.2797005151239,15,20.994489413225395,54.60976330454239,31.4,24.691364264657878,0,0.0,28
31,7,NSGA-II,,Dengeli,14.47778672685508,34.79473707189823,3.312797971013018,72.0782608307177,22,21.370299276346774,52.55324693189134,31.4,25.878670048311633,0,0.0,28
31,7,AffectEV,15.0,Dengeli,14.47778672685508,34.79473707189823,3.312797971013018,72.0782608307177,22,21.370299276346774,52.55324693189134,31.4,25.878670048311633,0,0.0,28
31,7,AffectEV,30.0,Dengeli,14.47778672685508,34.79473707189823,3.312797971013018,72.0782608307177,22,21.370299276346774,52.55324693189134,31.4,25.878670048311633,0,0.0,28
31,7,AffectEV,50.0,Konfor,21.53900862082214,35.82312568760442,4.409964611012937,77.62413343333895,11,19.73979534078553,54.76963982212694,31.4,24.050058981645105,0,0.0,28
31,7,AffectEV,65.0,Konfor,21.53900862082214,35.82312568760442,4.409964611012937,77.62413343333895,11,19.73979534078553,54.76963982212694,31.4,24.050058981645105,0,0.0,28
31,7,AffectEV,85.0,Konfor,21.53900862082214,35.82312568760442,4.409964611012937,77.62413343333895,11,19.73979534078553,54.76963982212694,31.4,24.050058981645105,0,0.0,28
32,7,Dijkstra,,,19.825906595588897,23.08972303818049,3.4823600039367317,84.00057644539247,11,11.35934590398645,35.45809891705796,46.9,41.09606666010544,0,0.0,3
32,7,A*,,,21.17826428118149,21.224272260261905,3.6439424727609624,88.21355516029256,5,7.888976566708269,34.59875934847482,46.9,40.826762545398395,0,0.0,3
32,7,NSGA-II,,Dengeli,21.17826428118149,21.224272260261905,3.6439424727609624,88.21355516029256,5,7.888976566708269,34.59875934847482,46.9,40.826762545398395,0,0.0,3
32,7,AffectEV,15.0,Verimlilik,19.825906595588897,23.08972303818049,3.4823600039367317,84.00057644539247,11,11.35934590398645,35.45809891705796,46.9,41.09606666010544,0,0.0,3
32,7,AffectEV,30.0,Dengeli,21.17826428118149,21.224272260261905,3.6439424727609624,88.21355516029256,5,7.888976566708269,34.59875934847482,46.9,40.826762545398395,0,0.0,3
32,7,AffectEV,50.0,Dengeli,21.17826428118149,21.224272260261905,3.6439424727609624,88.21355516029256,5,7.888976566708269,34.59875934847482,46.9,40.826762545398395,0,0.0,3
32,7,AffectEV,65.0,Dengeli,21.17826428118149,21.224272260261905,3.6439424727609624,88.21355516029256,5,7.888976566708269,34.59875934847482,46.9,40.826762545398395,0,0.0,3
32,7,AffectEV,85.0,Dengeli,21.17826428118149,21.224272260261905,3.6439424727609624,88.21355516029256,5,7.888976566708269,34.59875934847482,46.9,40.826762545398395,0,0.0,3
33,7,Dijkstra,,,24.10993819189053,59.54414363584594,5.364969993777454,53.76881735160963,46,43.217718192892285,51.3293359526134,59.2,50.258383343704246,0,0.0,56
33,7,A*,,,27.862038801941175,46.03511484928727,5.6046902264517175,69.45826406626242,24,28.680379350609304,49.688110642773935,59.2,49.85884962258047,0,0.0,56
33,7,NSGA-II,,Dengeli,27.628601220988152,46.06063599435294,5.5434348051937885,68.70031397117219,25,29.52917996883843,49.7046601908814,59.2,49.96094199134369,0,0.0,56
33,7,AffectEV,15.0,Dengeli,27.628601220988152,46.06063599435294,5.5434348051937885,68.70031397117219,25,29.52917996883843,49.7046601908814,59.2,49.96094199134369,0,0.0,56
33,7,AffectEV,30.0,Dengeli,27.628601220988152,46.06063599435294,5.5434348051937885,68.70031397117219,25,29.52917996883843,49.7046601908814,59.2,49.96094199134369,0,0.0,56
33,7,AffectEV,50.0,Dengeli,27.628601220988152,46.06063599435294,5.5434348051937885,68.70031397117219,25,29.52917996883843,49.7046601908814,59.2,49.96094199134369,0,0.0,56
33,7,AffectEV,65.0,Konfor,31.936331361176872,52.15836861330347,6.459088858394794,73.84734238230466,20,24.87054487016595,43.45747078322776,59.2,48.43485190267535,0,0.0,56
33,7,AffectEV,85.0,Konfor,31.936331361176872,52.15836861330347,6.459088858394794,73.84734238230466,20,24.87054487016595,43.45747078322776,59.2,48.43485190267535,0,0.0,56
34,7,Dijkstra,,,22.930481410336732,51.25897871822879,5.1595861083224435,66.90041431787125,31,27.804941323475468,46.29051642543057,59.5,50.90068981946259,0,0.0,25
34,7,A*,,,33.56353502613921,41.070361905115206,6.0916102339599645,79.0363559885574,15,19.266939516209458,38.417810782898826,59.5,49.347316276733395,0,0.0,25
34,7,NSGA-II,,Dengeli,33.56353502613921,41.070361905115206,6.0916102339599645,79.0363559885574,15,19.266939516209458,38.417810782898826,59.5,49.347316276733395,0,0.0,25
34,7,AffectEV,15.0,Verimlilik,23.22641566193761,42.57833980319647,4.881966988783399,72.89655033221482,22,22.883371744931882,46.19219072152812,59.5,51.36338835202767,0,0.0,25
34,7,AffectEV,30.0,Verimlilik,23.22641566193761,42.57833980319647,4.881966988783399,72.89655033221482,22,22.883371744931882,46.19219072152812,59.5,51.36338835202767,0,0.0,25
34,7,AffectEV,50.0,Dengeli,33.56353502613921,41.070361905115206,6.0916102339599645,79.0363559885574,15,19.266939516209458,38.417810782898826,59.5,49.347316276733395,0,0.0,25
34,7,AffectEV,65.0,Dengeli,33.56353502613921,41.070361905115206,6.0916102339599645,79.0363559885574,15,19.266939516209458,38.417810782898826,59.5,49.347316276733395,0,0.0,25
34,7,AffectEV,85.0,Dengeli,33.56353502613921,41.070361905115206,6.0916102339599645,79.0363559885574,15,19.266939516209458,38.417810782898826,59.5,49.347316276733395,0,0.0,25
35,7,Dijkstra,,,32.290262346665294,78.21849655943318,7.058212906246492,40.41419572551631,64,58.16673325517115,50.67892148966175,63.8,52.036311822922514,0,0.0,100
35,7,A*,,,57.101675885853766,51.50195276551878,9.558900604536667,82.94106820503833,7,21.208269158502922,35.98225523705398,63.8,47.86849899243889,0,0.0,100
35,7,NSGA-II,,Dengeli,57.101675885853766,51.50195276551878,9.558900604536667,82.94106820503833,7,21.208269158502922,35.98225523705398,63.8,47.86849899243889,0,0.0,100
35,7,AffectEV,15.0,Dengeli,57.101675885853766,51.50195276551878,9.558900604536667,82.94106820503833,7,21.208269158502922,35.98225523705398,63.8,47.86849899243889,0,0.0,100
35,7,AffectEV,30.0,Dengeli,57.101675885853766,51.50195276551878,9.558900604536667,82.94106820503833,7,21.208269158502922,35.98225523705398,63.8,47.86849899243889,0,0.0,100
35,7,AffectEV,50.0,Dengeli,57.101675885853766,51.50195276551878,9.558900604536667,82.94106820503833,7,21.208269158502922,35.98225523705398,63.8,47.86849899243889,0,0.0,100
35,7,AffectEV,65.0,Dengeli,57.101675885853766,51.50195276551878,9.558900604536667,82.94106820503833,7,21.208269158502922,35.98225523705398,63.8,47.86849899243889,0,0.0,100
35,7,AffectEV,85.0,Konfor,60.03523148885936,55.3602043139932,10.213900195687202,84.24809474074132,7,19.026043942338116,32.72046038278619,63.8,46.776833007187996,0,0.0,100
36,7,Dijkstra,,,15.54634367544098,44.7917243086233,3.5709117592841206,56.28316877995517,44,36.49451899504024,53.84237760766377,86.5,80.54848040119313,0,0.0,21
36,7,A*,,,17.081759900626988,37.644940813013264,3.6917376385625973,67.57794582840401,28,26.96964528452922,51.65580293118615,86.5,80.34710393572901,0,0.0,21
36,7,NSGA-II,,Dengeli,17.081759900626988,37.644940813013264,3.6917376385625973,67.57794582840401,28,26.96964528452922,51.65580293118615,86.5,80.34710393572901,0,0.0,21
36,7,AffectEV,15.0,Dengeli,17.081759900626988,37.644940813013264,3.6917376385625973,67.57794582840401,28,26.96964528452922,51.65580293118615,86.5,80.34710393572901,0,0.0,21
36,7,AffectEV,30.0,Dengeli,17.081759900626988,37.644940813013264,3.6917376385625973,67.57794582840401,28,26.96964528452922,51.65580293118615,86.5,80.34710393572901,0,0.0,21
36,7,AffectEV,50.0,Dengeli,17.081759900626988,37.644940813013264,3.6917376385625973,67.57794582840401,28,26.96964528452922,51.65580293118615,86.5,80.34710393572901,0,0.0,21
36,7,AffectEV,65.0,Konfor,25.13403464996455,39.328737968209914,4.8388052315829455,75.24540640053118,21,21.11633259035835,39.59846911180661,86.5,78.43532461402842,0,0.0,21
36,7,AffectEV,85.0,Konfor,25.13403464996455,39.328737968209914,4.8388052315829455,75.24540640053118,21,21.11633259035835,39.59846911180661,86.5,78.43532461402842,0,0.0,21
37,7,Dijkstra,,,35.885842352077866,66.89070848820954,7.94687927467176,78.53532656455235,16,19.577330080899593,37.957372055888854,68.3,55.0552012088804,0,0.0,7
37,7,A*,,,43.02924166665217,60.49008895497662,8.321181896723846,75.30830230749794,23,22.407890460196963,32.34665277221486,68.3,54.431363505460254,0,0.0,7
37,7,NSGA-II,,Verimlilik,35.885842352077866,66.89070848820954,7.94687927467176,78.53532656455235,16,19.577330080899593,37.957372055888854,68.3,55.0552012088804,0,0.0,7
37,7,AffectEV,15.0,Verimlilik,35.885842352077866,66.89070848820954,7.94687927467176,78.53532656455235,16,19.577330080899593,37.957372055888854,68.3,55.0552012088804,0,0.0,7
37,7,AffectEV,30.0,Verimlilik,35.885842352077866,66.89070848820954,7.94687927467176,78.53532656455235,16,19.577330080899593,37.957372055888854,68.3,55.0552012088804,0,0.0,7
37,7,AffectEV,50.0,Verimlilik,35.885842352077866,66.89070848820954,7.94687927467176,78.53532656455235,16,19.577330080899593,37.957372055888854,68.3,55.0552012088804,0,0.0,7
37,7,AffectEV,65.0,Verimlilik,35.885842352077866,66.89070848820954,7.94687927467176,78.53532656455235,16,19.577330080899593,37.957372055888854,68.3,55.0552012088804,0,0.0,7
37,7,AffectEV,85.0,Verimlilik,35.885842352077866,66.89070848820954,7.94687927467176,78.53532656455235,16,19.577330080899593,37.957372055888854,68.3,55.0552012088804,0,0.0,7
38,7,Dijkstra,,,21.96282146541537,45.69650314387419,4.719615684296656,65.07634418467029,34,29.257517664779847,45.732002579478824,85.0,77.13397385950557,0,0.0,37
38,7,A*,,,22.00215444869335,43.33536428178728,4.689378292241397,68.15459728744578,30,26.28379421859939,44.801322234872025,85.0,77.184369512931,0,0.0,37
38,7,NSGA-II,,Verimlilik,22.00215444869335,43.33536428178728,4.689378292241397,68.15459728744578,30,26.28379421859939,44.801322234872025,85.0,77.184369512931,0,0.0,37
38,7,AffectEV,15.0,Verimlilik,22.00215444869335,43.33536428178728,4.689378292241397,68.15459728744578,30,26.28379421859939,44.801322234872025,85.0,77.184369512931,0,0.0,37
38,7,AffectEV,30.0,Verimlilik,22.00215444869335,43.33536428178728,4.689378292241397,68.15459728744578,30,26.28379421859939,44.801322234872025,85.0,77.184369512931,0,0.0,37
38,7,AffectEV,50.0,Konfor,37.91328246645509,50.72851536718587,7.201036711162686,76.56459643578302,22,20.39463916101919,31.585059079556164,85.0,72.99827214806218,0,0.0,37
38,7,AffectEV,65.0,Konfor,37.91328246645509,50.72851536718587,7.201036711162686,76.56459643578302,22,20.39463916101919,31.585059079556164,85.0,72.99827214806218,0,0.0,37
38,7,AffectEV,85.0,Konfor,37.91328246645509,50.72851536718587,7.201036711162686,76.56459643578302,22,20.39463916101919,31.585059079556164,85.0,72.99827214806218,0,0.0,37
39,7,Dijkstra,,,17.06329866686855,56.20882541308593,4.184286102041842,51.11031038590969,50,42.98142308557025,54.97631344209614,66.0,59.02618982993026,0,0.0,36
39,7,A*,,,25.78908207796405,38.64679718114739,5.03550791994138,79.32190959497622,13,18.8148001521845,42.668251796842156,66.0,57.6074868000977,0,0.0,36
39,7,NSGA-II,,Dengeli,19.86399117943281,42.4443248398843,4.335489539645155,66.83956359434947,28,28.607424484547323,52.89104530143165,66.0,58.774184100591405,0,0.0,36
39,7,AffectEV,15.0,Dengeli,19.86399117943281,42.4443248398843,4.335489539645155,66.83956359434947,28,28.607424484547323,52.89104530143165,66.0,58.774184100591405,0,0.0,36
39,7,AffectEV,30.0,Dengeli,19.86399117943281,42.4443248398843,4.335489539645155,66.83956359434947,28,28.607424484547323,52.89104530143165,66.0,58.774184100591405,0,0.0,36
39,7,AffectEV,50.0,Konfor,25.78908207796405,38.64679718114739,5.03550791994138,79.32190959497622,13,18.8148001521845,42.668251796842156,66.0,57.6074868000977,0,0.0,36
39,7,AffectEV,65.0,Konfor,25.78908207796405,38.64679718114739,5.03550791994138,79.32190959497622,13,18.8148001521845,42.668251796842156,66.0,57.6074868000977,0,0.0,36
39,7,AffectEV,85.0,Konfor,25.78908207796405,38.64679718114739,5.03550791994138,79.32190959497622,13,18.8148001521845,42.668251796842156,66.0,57.6074868000977,0,0.0,36
40,7,Dijkstra,,,24.860773582720817,55.83548822699212,5.4804043264694995,59.63437856495829,39,36.00752762632647,50.316815735718826,76.0,66.8659927892175,0,0.0,30
40,7,A*,,,40.39949093428006,43.25885777525744,7.080513073464625,80.02423216227656,15,18.437467524661418,34.722637901625035,76.0,64.19914487755895,0,0.0,30
40,7,NSGA-II,,Dengeli,40.39949093428006,43.25885777525744,7.080513073464625,80.02423216227656,15,18.437467524661418,34.722637901625035,76.0,64.19914487755895,0,0.0,30
40,7,AffectEV,15.0,Verimlilik,26.861827569681413,43.38455985617463,5.135501653711766,68.08347026395506,29,28.721207098517297,44.00083803244875,76.0,67.44083057714705,0,0.0,30
40,7,AffectEV,30.0,Verimlilik,26.861827569681413,43.38455985617463,5.135501653711766,68.08347026395506,29,28.721207098517297,44.00083803244875,76.0,67.44083057714705,0,0.0,30
40,7,AffectEV,50.0,Dengeli,40.39949093428006,43.25885777525744,7.080513073464625,80.02423216227656,15,18.437467524661418,34.722637901625035,76.0,64.19914487755895,0,0.0,30
40,7,AffectEV,65.0,Dengeli,40.39949093428006,43.25885777525744,7.080513073464625,80.02423216227656,15,18.437467524661418,34.722637901625035,76.0,64.19914487755895,0,0.0,30
40,7,AffectEV,85.0,Dengeli,40.39949093428006,43.25885777525744,7.080513073464625,80.02423216227656,15,18.437467524661418,34.722637901625035,76.0,64.19914487755895,0,0.0,30
41,7,Dijkstra,,,15.652162516574279,51.05805849923813,3.8370769805086677,55.32942612488349,42,39.0245202842706,59.816088949176674,66.4,60.004871699152226,0,0.0,22
41,7,A*,,,16.232949851386447,42.144093484042784,3.7260401451548213,64.00417364772895,28,31.906137317301337,62.11992578540325,66.4,60.18993309140863,0,0.0,22
41,7,NSGA-II,,Dengeli,17.690408753931436,42.32890248549143,4.002436876353751,65.74616775975677,24,31.427664787878324,64.12766401939865,66.4,59.72927187274375,0,0.0,22
41,7,AffectEV,15.0,Verimlilik,16.232949851386447,42.144093484042784,3.7260401451548213,64.00417364772895,28,31.906137317301337,62.11992578540325,66.4,60.18993309140863,0,0.0,22
41,7,AffectEV,30.0,Verimlilik,16.232949851386447,42.144093484042784,3.7260401451548213,64.00417364772895,28,31.906137317301337,62.11992578540325,66.4,60.18993309140863,0,0.0,22
41,7,AffectEV,50.0,Dengeli,17.690408753931436,42.32890248549143,4.002436876353751,65.74616775975677,24,31.427664787878324,64.12766401939865,66.4,59.72927187274375,0,0.0,22
41,7,AffectEV,65.0,Konfor,18.406916908342634,46.43198631685214,4.308336127012936,66.35940042417266,25,30.402249763644384,60.09962323367008,66.4,59.21943978831178,0,0.0,22
41,7,AffectEV,85.0,Konfor,18.406916908342634,46.43198631685214,4.308336127012936,66.35940042417266,25,30.402249763644384,60.09962323367008,66.4,59.21943978831178,0,0.0,22
42,7,Dijkstra,,,23.44933666717482,48.384053593942106,5.001173299168249,66.69855247431556,35,27.743047838351508,37.392665870894945,67.7,59.36471116805292,0,0.0,24
42,7,A*,,,25.2473721497051,38.52511320676135,5.0018571843523585,78.11582751818327,17,17.632513453929736,40.4720922281891,67.7,59.36357135941274,0,0.0,24
42,7,NSGA-II,,Dengeli,25.2473721497051,38.52511320676135,5.0018571843523585,78.11582751818327,17,17.632513453929736,40.4720922281891,67.7,59.36357135941274,0,0.0,24
42,7,AffectEV,15.0,Dengeli,25.2473721497051,38.52511320676135,5.0018571843523585,78.11582751818327,17,17.632513453929736,40.4720922281891,67.7,59.36357135941274,0,0.0,24
42,7,AffectEV,30.0,Dengeli,25.2473721497051,38.52511320676135,5.0018571843523585,78.11582751818327,17,17.632513453929736,40.4720922281891,67.7,59.36357135941274,0,0.0,24
42,7,AffectEV,50.0,Dengeli,25.2473721497051,38.52511320676135,5.0018571843523585,78.11582751818327,17,17.632513453929736,40.4720922281891,67.7,59.36357135941274,0,0.0,24
42,7,AffectEV,65.0,Konfor,28.50873444982774,42.573514924117404,5.621872120582928,80.09555676804789,16,16.057809211308236,35.43550234279818,67.7,58.33021313236179,0,0.0,24
42,7,AffectEV,85.0,Konfor,28.50873444982774,42.573514924117404,5.621872120582928,80.09555676804789,16,16.057809211308236,35.43550234279818,67.7,58.33021313236179,0,0.0,24
43,7,Dijkstra,,,15.080656660003548,30.495945401366473,3.210840910173094,74.01325602292104,20,19.607786102057798,50.522040732308064,69.3,63.94859848304484,0,0.0,5
43,7,A*,,,15.087481534729015,29.467491628294667,3.1578036084055086,74.12330162507752,20,19.499889972227752,50.13365691627083,69.3,64.03699398599082,0,0.0,5
43,7,NSGA-II,,Dengeli,15.08818064395873,29.530036742890854,3.160984137725401,74.17373578883138,20,19.44784827958939,49.95954863645904,69.3,64.031693103791,0,0.0,5
43,7,AffectEV,15.0,Verimlilik,15.087481534729015,29.467491628294667,3.1578036084055086,74.12330162507752,20,19.499889972227752,50.13365691627083,69.3,64.03699398599082,0,0.0,5
43,7,AffectEV,30.0,Verimlilik,15.087481534729015,29.467491628294667,3.1578036084055086,74.12330162507752,20,19.499889972227752,50.13365691627083,69.3,64.03699398599082,0,0.0,5
43,7,AffectEV,50.0,Dengeli,15.08818064395873,29.530036742890854,3.160984137725401,74.17373578883138,20,19.44784827958939,49.95954863645904,69.3,64.031693103791,0,0.0,5
43,7,AffectEV,65.0,Konfor,15.123382867641915,29.75941435824308,3.1781240113537974,74.23139272690536,20,19.390278794740194,49.75761817336293,69.3,64.00312664774367,0,0.0,5
43,7,AffectEV,85.0,Konfor,15.123382867641915,29.75941435824308,3.1781240113537974,74.23139272690536,20,19.390278794740194,49.75761817336293,69.3,64.00312664774367,0,0.0,5
44,7,Dijkstra,,,12.448359452641155,41.802241142771344,2.9767601863676227,55.65306718492396,41,37.636371317617105,62.78010709895453,70.1,65.13873302272063,0,0.0,9
44,7,A*,,,12.636568951763449,34.636109431885444,2.9106752117324404,64.15338860289805,29,29.550928311101845,62.40666451885695,70.1,65.2488746471126,0,0.0,9
44,7,NSGA-II,,Dengeli,12.636568951763449,34.636109431885444,2.9106752117324404,64.15338860289805,29,29.550928311101845,62.40666451885695,70.1,65.2488746471126,0,0.0,9
44,7,AffectEV,15.0,Dengeli,12.636568951763449,34.636109431885444,2.9106752117324404,64.15338860289805,29,29.550928311101845,62.40666451885695,70.1,65.2488746471126,0,0.0,9
44,7,AffectEV,30.0,Dengeli,12.636568951763449,34.636109431885444,2.9106752117324404,64.15338860289805,29,29.550928311101845,62.40666451885695,70.1,65.2488746471126,0,0.0,9
44,7,AffectEV,50.0,Dengeli,12.636568951763449,34.636109431885444,2.9106752117324404,64.15338860289805,29,29.550928311101845,62.40666451885695,70.1,65.2488746471126,0,0.0,9
44,7,AffectEV,65.0,Konfor,15.36654648195313,35.60227332245402,3.410749204306559,66.63562795099136,26,27.897486352487228,59.97563071631236,70.1,64.4154179928224,0,0.0,9
44,7,AffectEV,85.0,Konfor,15.36654648195313,35.60227332245402,3.410749204306559,66.63562795099136,26,27.897486352487228,59.97563071631236,70.1,64.4154179928224,0,0.0,9
45,7,Dijkstra,,,25.56201805383672,64.59199209391264,5.796414955754478,49.13693447161471,49,49.512295270824495,57.54688473568974,46.8,37.139308407075866,0,0.0,24
45,7,A*,,,44.27868376405925,43.91846229126113,7.549545571072165,82.47105122566148,11,17.44550435224684,33.97648734332232,46.8,34.217424048213054,0,0.0,24
45,7,NSGA-II,,Dengeli,44.27868376405925,43.91846229126113,7.549545571072165,82.47105122566148,11,17.44550435224684,33.97648734332232,46.8,34.217424048213054,0,0.0,24
45,7,AffectEV,15.0,Dengeli,44.27868376405925,43.91846229126113,7.549545571072165,82.47105122566148,11,17.44550435224684,33.97648734332232,46.8,34.217424048213054,0,0.0,24
45,7,AffectEV,30.0,Dengeli,44.27868376405925,43.91846229126113,7.549545571072165,82.47105122566148,11,17.44550435224684,33.97648734332232,46.8,34.217424048213054,0,0.0,24
45,7,AffectEV,50.0,Dengeli,44.27868376405925,43.91846229126113,7.549545571072165,82.47105122566148,11,17.44550435224684,33.97648734332232,46.8,34.217424048213054,0,0.0,24
45,7,AffectEV,65.0,Dengeli,44.27868376405925,43.91846229126113,7.549545571072165,82.47105122566148,11,17.44550435224684,33.97648734332232,46.8,34.217424048213054,0,0.0,24
45,7,AffectEV,85.0,Dengeli,44.27868376405925,43.91846229126113,7.549545571072165,82.47105122566148,11,17.44550435224684,33.97648734332232,46.8,34.217424048213054,0,0.0,24
46,7,Dijkstra,,,14.765837459808974,41.762785840650295,3.439171248802259,60.861768315061866,34,33.003529172482274,61.18586466596725,63.3,57.5680479186629,0,0.0,13
46,7,A*,,,15.348897599347689,29.704595104675068,3.1641731820870387,71.30832238932888,20,23.39018771127963,58.37310648643619,63.3,58.02637802985493,0,0.0,13
46,7,NSGA-II,,Dengeli,15.24322381918536,29.870665102508543,3.198729964807967,72.18106792700424,19,22.447591653520398,57.92327288469824,63.3,57.96878339198672,0,0.0,13
46,7,AffectEV,15.0,Verimlilik,15.348897599347689,29.704595104675068,3.1641731820870387,71.30832238932888,20,23.39018771127963,58.37310648643619,63.3,58.02637802985493,0,0.0,13
46,7,AffectEV,30.0,Dengeli,15.24322381918536,29.870665102508543,3.198729964807967,72.18106792700424,19,22.447591653520398,57.92327288469824,63.3,57.96878339198672,0,0.0,13
46,7,AffectEV,50.0,Dengeli,15.24322381918536,29.870665102508543,3.198729964807967,72.18106792700424,19,22.447591653520398,57.92327288469824,63.3,57.96878339198672,0,0.0,13
46,7,AffectEV,65.0,Dengeli,15.24322381918536,29.870665102508543,3.198729964807967,72.18106792700424,19,22.447591653520398,57.92327288469824,63.3,57.96878339198672,0,0.0,13
46,7,AffectEV,85.0,Dengeli,15.24322381918536,29.870665102508543,3.198729964807967,72.18106792700424,19,22.447591653520398,57.92327288469824,63.3,57.96878339198672,0,0.0,13
47,7,Dijkstra,,,19.20224016298778,51.25556038639859,4.432210566603072,59.39436792935861,39,35.54928517855931,52.204232585368004,61.0,53.61298238899488,0,0.0,37
47,7,A*,,,22.141964128089864,40.38041319089757,4.492142855310556,68.99682630873379,27,26.63828287476033,47.558444144190574,61.0,53.513095241149074,0,0.0,37
47,7,NSGA-II,,Dengeli,22.141964128089864,40.38041319089757,4.492142855310556,68.99682630873379,27,26.63828287476033,47.558444144190574,61.0,53.513095241149074,0,0.0,37
47,7,AffectEV,15.0,Dengeli,22.141964128089864,40.38041319089757,4.492142855310556,68.99682630873379,27,26.63828287476033,47.558444144190574,61.0,53.513095241149074,0,0.0,37
47,7,AffectEV,30.0,Dengeli,22.141964128089864,40.38041319089757,4.492142855310556,68.99682630873379,27,26.63828287476033,47.558444144190574,61.0,53.513095241149074,0,0.0,37
47,7,AffectEV,50.0,Dengeli,22.141964128089864,40.38041319089757,4.492142855310556,68.99682630873379,27,26.63828287476033,47.558444144190574,61.0,53.513095241149074,0,0.0,37
47,7,AffectEV,65.0,Konfor,36.693781336462536,44.11284938477574,6.733600149581262,80.94476450684756,15,17.202306207925332,31.972718153874187,61.0,49.77733308403123,0,0.0,37
47,7,AffectEV,85.0,Konfor,36.693781336462536,44.11284938477574,6.733600149581262,80.94476450684756,15,17.202306207925332,31.972718153874187,61.0,49.77733308403123,0,0.0,37
48,7,Dijkstra,,,18.664831703964754,46.87943415534534,4.352602942007204,66.1417699830382,35,26.48860010752832,42.058249923516506,49.1,41.84566176332133,0,0.0,21
48,7,A*,,,19.36885324706684,42.752744285088674,4.352407678587164,71.87461847731406,27,22.010743620588908,40.110792182546334,49.1,41.84598720235473,0,0.0,21
48,7,NSGA-II,,Dengeli,19.479137754372786,42.9709731686279,4.384593305928379,72.26024653630152,26,21.974037483480625,40.73771109327144,49.1,41.79234449011937,0,0.0,21
48,7,AffectEV,15.0,Dengeli,19.479137754372786,42.9709731686279,4.384593305928379,72.26024653630152,26,21.974037483480625,40.73771109327144,49.1,41.79234449011937,0,0.0,21
48,7,AffectEV,30.0,Dengeli,19.479137754372786,42.9709731686279,4.384593305928379,72.26024653630152,26,21.974037483480625,40.73771109327144,49.1,41.79234449011937,0,0.0,21
48,7,AffectEV,50.0,Dengeli,19.479137754372786,42.9709731686279,4.384593305928379,72.26024653630152,26,21.974037483480625,40.73771109327144,49.1,41.79234449011937,0,0.0,21
48,7,AffectEV,65.0,Konfor,30.12285803049093,53.028781006782786,6.46234865875301,79.16898342899604,17,17.674399997473845,35.14348285880901,49.1,38.32941890207832,0,0.0,21
48,7,AffectEV,85.0,Konfor,30.12285803049093,53.028781006782786,6.46234865875301,79.16898342899604,17,17.674399997473845,35.14348285880901,49.1,38.32941890207832,0,0.0,21
49,7,Dijkstra,,,22.65431248481913,67.56379649726868,5.303933524490469,38.8335504288102,74,50.852373504201154,44.55368759964729,58.4,49.560110792515886,0,0.0,11
49,7,A*,,,29.71921623353516,28.00543567213562,5.025841262469994,86.52189562761143,7,11.64038015435809,32.429951630405704,58.4,50.02359789588334,0,0.0,11
49,7,NSGA-II,,Dengeli,29.71921623353516,28.00543567213562,5.025841262469994,86.52189562761143,7,11.64038015435809,32.429951630405704,58.4,50.02359789588334,0,0.0,11
49,7,AffectEV,15.0,Dengeli,29.71921623353516,28.00543567213562,5.025841262469994,86.52189562761143,7,11.64038015435809,32.429951630405704,58.4,50.02359789588334,0,0.0,11
49,7,AffectEV,30.0,Dengeli,29.71921623353516,28.00543567213562,5.025841262469994,86.52189562761143,7,11.64038015435809,32.429951630405704,58.4,50.02359789588334,0,0.0,11
49,7,AffectEV,50.0,Dengeli,29.71921623353516,28.00543567213562,5.025841262469994,86.52189562761143,7,11.64038015435809,32.429951630405704,58.4,50.02359789588334,0,0.0,11
49,7,AffectEV,65.0,Dengeli,29.71921623353516,28.00543567213562,5.025841262469994,86.52189562761143,7,11.64038015435809,32.429951630405704,58.4,50.02359789588334,0,0.0,11
49,7,AffectEV,85.0,Dengeli,29.71921623353516,28.00543567213562,5.025841262469994,86.52189562761143,7,11.64038015435809,32.429951630405704,58.4,50.02359789588334,0,0.0,11
50,7,Dijkstra,,,24.358114248074624,58.32133390762355,5.403680648795387,54.914174149827986,40,44.20475865033145,59.121991275362895,87.5,78.49386558534103,0,0.0,19
50,7,A*,,,25.898012751719484,44.18386250657233,5.219198873049832,68.88556159277815,26,27.928685180675647,48.67916426509582,87.5,78.80133521158362,0,0.0,19
50,7,NSGA-II,,Dengeli,25.900614369087126,44.541745826778865,5.243809658939252,69.46715701270172,25,27.500496607103187,48.91347002583661,87.5,78.76031723510124,0,0.0,19
50,7,AffectEV,15.0,Dengeli,25.900614369087126,44.541745826778865,5.243809658939252,69.46715701270172,25,27.500496607103187,48.91347002583661,87.5,78.76031723510124,0,0.0,19
50,7,AffectEV,30.0,Dengeli,25.900614369087126,44.541745826778865,5.243809658939252,69.46715701270172,25,27.500496607103187,48.91347002583661,87.5,78.76031723510124,0,0.0,19
50,7,AffectEV,50.0,Dengeli,25.900614369087126,44.541745826778865,5.243809658939252,69.46715701270172,25,27.500496607103187,48.91347002583661,87.5,78.76031723510124,0,0.0,19
50,7,AffectEV,65.0,Dengeli,25.900614369087126,44.541745826778865,5.243809658939252,69.46715701270172,25,27.500496607103187,48.91347002583661,87.5,78.76031723510124,0,0.0,19
50,7,AffectEV,85.0,Dengeli,25.900614369087126,44.541745826778865,5.243809658939252,69.46715701270172,25,27.500496607103187,48.91347002583661,87.5,78.76031723510124,0,0.0,19
1,8,Dijkstra,,,18.180626954473706,48.88246844578148,4.210957530924429,56.72349278978217,49,34.21779958034665,42.55583668056918,68.4,61.38173744845929,0,0.0,25
1,8,A*,,,24.477356109751526,31.406685133804793,4.496334446518575,82.15153953822691,13,13.748981217250323,36.118830482989964,68.4,60.90610925580238,0,0.0,25
1,8,NSGA-II,,Dengeli,24.477356109751526,31.406685133804793,4.496334446518575,82.15153953822691,13,13.748981217250323,36.118830482989964,68.4,60.90610925580238,0,0.0,25
1,8,AffectEV,15.0,Verimlilik,18.682010555482083,42.77844319324414,4.136897417566053,63.34782374934585,40,28.397910087328828,40.66401612227749,68.4,61.50517097072325,0,0.0,25
1,8,AffectEV,30.0,Dengeli,24.477356109751526,31.406685133804793,4.496334446518575,82.15153953822691,13,13.748981217250323,36.118830482989964,68.4,60.90610925580238,0,0.0,25
1,8,AffectEV,50.0,Dengeli,24.477356109751526,31.406685133804793,4.496334446518575,82.15153953822691,13,13.748981217250323,36.118830482989964,68.4,60.90610925580238,0,0.0,25
1,8,AffectEV,65.0,Dengeli,24.477356109751526,31.406685133804793,4.496334446518575,82.15153953822691,13,13.748981217250323,36.118830482989964,68.4,60.90610925580238,0,0.0,25
1,8,AffectEV,85.0,Dengeli,24.477356109751526,31.406685133804793,4.496334446518575,82.15153953822691,13,13.748981217250323,36.118830482989964,68.4,60.90610925580238,0,0.0,25
2,8,Dijkstra,,,25.08490021637783,40.163858505922306,5.074365480718616,74.16522485018963,20,22.32595068975727,45.68494971441593,52.2,43.74272419880231,0,0.0,7
2,8,A*,,,25.095392899664237,39.6145349945117,5.052444258426145,74.17750057066777,20,22.31184192912697,45.64473425297067,52.2,43.77925956928976,0,0.0,7
2,8,NSGA-II,,Verimlilik,25.095392899664237,39.6145349945117,5.052444258426145,74.17750057066777,20,22.31184192912697,45.64473425297067,52.2,43.77925956928976,0,0.0,7
2,8,AffectEV,15.0,Verimlilik,25.095392899664237,39.6145349945117,5.052444258426145,74.17750057066777,20,22.31184192912697,45.64473425297067,52.2,43.77925956928976,0,0.0,7
2,8,AffectEV,30.0,Verimlilik,25.095392899664237,39.6145349945117,5.052444258426145,74.17750057066777,20,22.31184192912697,45.64473425297067,52.2,43.77925956928976,0,0.0,7
2,8,AffectEV,50.0,Konfor,28.603843253151144,42.51570662442912,5.667012179087775,79.99669365651269,12,18.125580028901787,42.82816167408391,52.2,42.75497970152038,0,0.0,7
2,8,AffectEV,65.0,Konfor,28.603843253151144,42.51570662442912,5.667012179087775,79.99669365651269,12,18.125580028901787,42.82816167408391,52.2,42.75497970152038,0,0.0,7
2,8,AffectEV,85.0,Konfor,28.603843253151144,42.51570662442912,5.667012179087775,79.99669365651269,12,18.125580028901787,42.82816167408391,52.2,42.75497970152038,0,0.0,7
3,8,Dijkstra,,,10.944476773165217,34.36285360779977,2.613993396985228,64.48736675809911,34,26.922177891585935,52.17989937212552,77.4,73.04334433835795,0,0.0,55
3,8,A*,,,13.65413549306303,29.869702102039927,2.977277291204666,72.27313576262499,21,21.255362606723615,54.25127727678962,77.4,72.43787118132556,0,0.0,55
3,8,NSGA-II,,Dengeli,13.65413549306303,29.869702102039927,2.977277291204666,72.27313576262499,21,21.255362606723615,54.25127727678962,77.4,72.43787118132556,0,0.0,55
3,8,AffectEV,15.0,Dengeli,13.65413549306303,29.869702102039927,2.977277291204666,72.27313576262499,21,21.255362606723615,54.25127727678962,77.4,72.43787118132556,0,0.0,55
3,8,AffectEV,30.0,Dengeli,13.65413549306303,29.869702102039927,2.977277291204666,72.27313576262499,21,21.255362606723615,54.25127727678962,77.4,72.43787118132556,0,0.0,55
3,8,AffectEV,50.0,Dengeli,13.65413549306303,29.869702102039927,2.977277291204666,72.27313576262499,21,21.255362606723615,54.25127727678962,77.4,72.43787118132556,0,0.0,55
3,8,AffectEV,65.0,Dengeli,13.65413549306303,29.869702102039927,2.977277291204666,72.27313576262499,21,21.255362606723615,54.25127727678962,77.4,72.43787118132556,0,0.0,55
3,8,AffectEV,85.0,Konfor,14.558467075934487,30.828360434695924,3.164426634851877,72.90996259203658,20,21.051367728515185,53.87313544704431,77.4,72.12595560858021,0,0.0,55
4,8,Dijkstra,,,20.388666386118903,38.870503940671014,4.375824973386892,76.7171574131907,15,19.41612144084762,49.79003077277505,40.6,33.30695837768852,0,0.0,15
4,8,A*,,,20.70766409191689,38.149262799477896,4.332460651202603,75.08166928956263,17,21.225714342153864,50.25308203895608,40.6,33.37923224799566,0,0.0,15
4,8,NSGA-II,,Dengeli,20.391093836703845,38.97587920208863,4.380903758233767,76.86673120387931,15,19.20365702787563,49.36085843879002,40.6,33.29849373627705,0,0.0,15
4,8,AffectEV,15.0,Verimlilik,20.70766409191689,38.149262799477896,4.332460651202603,75.08166928956263,17,21.225714342153864,50.25308203895608,40.6,33.37923224799566,0,0.0,15
4,8,AffectEV,30.0,Verimlilik,20.70766409191689,38.149262799477896,4.332460651202603,75.08166928956263,17,21.225714342153864,50.25308203895608,40.6,33.37923224799566,0,0.0,15
4,8,AffectEV,50.0,Dengeli,20.391093836703845,38.97587920208863,4.380903758233767,76.86673120387931,15,19.20365702787563,49.36085843879002,40.6,33.29849373627705,0,0.0,15
4,8,AffectEV,65.0,Dengeli,20.391093836703845,38.97587920208863,4.380903758233767,76.86673120387931,15,19.20365702787563,49.36085843879002,40.6,33.29849373627705,0,0.0,15
4,8,AffectEV,85.0,Dengeli,20.391093836703845,38.97587920208863,4.380903758233767,76.86673120387931,15,19.20365702787563,49.36085843879002,40.6,33.29849373627705,0,0.0,15
5,8,Dijkstra,,,16.803270107900584,55.41172023410354,4.101137989419798,52.18411810241029,50,40.74807485602825,52.95729720390618,47.9,41.06477001763367,0,0.0,12
5,8,A*,,,18.192093990027015,39.03118346791679,4.055294158089186,73.10004757259637,18,22.776270867668973,55.335355835514726,47.9,41.14117640318469,0,0.0,12
5,8,NSGA-II,,Dengeli,18.192093990027015,39.03118346791679,4.055294158089186,73.10004757259637,18,22.776270867668973,55.335355835514726,47.9,41.14117640318469,0,0.0,12
5,8,AffectEV,15.0,Dengeli,18.192093990027015,39.03118346791679,4.055294158089186,73.10004757259637,18,22.776270867668973,55.335355835514726,47.9,41.14117640318469,0,0.0,12
5,8,AffectEV,30.0,Dengeli,18.192093990027015,39.03118346791679,4.055294158089186,73.10004757259637,18,22.776270867668973,55.335355835514726,47.9,41.14117640318469,0,0.0,12
5,8,AffectEV,50.0,Dengeli,18.192093990027015,39.03118346791679,4.055294158089186,73.10004757259637,18,22.776270867668973,55.335355835514726,47.9,41.14117640318469,0,0.0,12
5,8,AffectEV,65.0,Dengeli,18.192093990027015,39.03118346791679,4.055294158089186,73.10004757259637,18,22.776270867668973,55.335355835514726,47.9,41.14117640318469,0,0.0,12
5,8,AffectEV,85.0,Dengeli,18.192093990027015,39.03118346791679,4.055294158089186,73.10004757259637,18,22.776270867668973,55.335355835514726,47.9,41.14117640318469,0,0.0,12
6,8,Dijkstra,,,15.816035757029267,42.98485626997012,3.665733454391702,59.972030057400694,43,31.17994478276639,45.86993253884695,75.2,69.0904442426805,0,0.0,40
6,8,A*,,,18.27037894087104,36.81395405460706,3.9265404527217966,73.36106035246821,24,20.366934396123675,42.6442966434734,75.2,68.65576591213035,0,0.0,40
6,8,NSGA-II,,Dengeli,17.833690055170337,37.154988307661164,3.8373816159562346,70.82965426077709,28,22.121345534488718,42.66971039438151,75.2,68.80436397340628,0,0.0,40
6,8,AffectEV,15.0,Dengeli,17.833690055170337,37.154988307661164,3.8373816159562346,70.82965426077709,28,22.121345534488718,42.66971039438151,75.2,68.80436397340628,0,0.0,40
6,8,AffectEV,30.0,Dengeli,17.833690055170337,37.154988307661164,3.8373816159562346,70.82965426077709,28,22.121345534488718,42.66971039438151,75.2,68.80436397340628,0,0.0,40
6,8,AffectEV,50.0,Konfor,18.305398305815253,36.86490338196937,3.9337696025414717,73.36513785721526,24,20.372206501040132,42.61600096236348,75.2,68.64371732909756,0,0.0,40
6,8,AffectEV,65.0,Konfor,18.305398305815253,36.86490338196937,3.9337696025414717,73.36513785721526,24,20.372206501040132,42.61600096236348,75.2,68.64371732909756,0,0.0,40
6,8,AffectEV,85.0,Konfor,18.305398305815253,36.86490338196937,3.9337696025414717,73.36513785721526,24,20.372206501040132,42.61600096236348,75.2,68.64371732909756,0,0.0,40
7,8,Dijkstra,,,30.54779619598615,63.112207019937195,6.4909417810855725,54.43444564274025,44,43.834561033545086,52.07593023598111,79.6,68.7817636981907,0,0.0,64
7,8,A*,,,51.013162304889725,43.68057380174716,8.29016808343981,84.2917607029787,8,16.496407035320082,33.796585932126355,79.6,65.78305319426698,0,0.0,64
7,8,NSGA-II,,Dengeli,51.013162304889725,43.68057380174716,8.29016808343981,84.2917607029787,8,16.496407035320082,33.796585932126355,79.6,65.78305319426698,0,0.0,64
7,8,AffectEV,15.0,Dengeli,51.013162304889725,43.68057380174716,8.29016808343981,84.2917607029787,8,16.496407035320082,33.796585932126355,79.6,65.78305319426698,0,0.0,64
7,8,AffectEV,30.0,Dengeli,51.013162304889725,43.68057380174716,8.29016808343981,84.2917607029787,8,16.496407035320082,33.796585932126355,79.6,65.78305319426698,0,0.0,64
7,8,AffectEV,50.0,Dengeli,51.013162304889725,43.68057380174716,8.29016808343981,84.2917607029787,8,16.496407035320082,33.796585932126355,79.6,65.78305319426698,0,0.0,64
7,8,AffectEV,65.0,Dengeli,51.013162304889725,43.68057380174716,8.29016808343981,84.2917607029787,8,16.496407035320082,33.796585932126355,79.6,65.78305319426698,0,0.0,64
7,8,AffectEV,85.0,Dengeli,51.013162304889725,43.68057380174716,8.29016808343981,84.2917607029787,8,16.496407035320082,33.796585932126355,79.6,65.78305319426698,0,0.0,64
8,8,Dijkstra,,,25.23747109975654,61.94799613899462,5.852700408983704,60.4430885751371,45,32.64722442224627,36.31372049094511,43.6,33.845499318360496,0,0.0,28
8,8,A*,,,26.116325694663605,58.5677975001395,5.953405014258613,65.06512671603468,37,29.28633833265728,38.24485892084069,43.6,33.67765830956898,0,0.0,28
8,8,NSGA-II,,Dengeli,26.030184254290702,58.578213022326835,5.930650481358964,64.89388409103447,37,29.64948735541695,38.55634851170227,43.6,33.71558253106839,0,0.0,28
8,8,AffectEV,15.0,Dengeli,26.030184254290702,58.578213022326835,5.930650481358964,64.89388409103447,37,29.64948735541695,38.55634851170227,43.6,33.71558253106839,0,0.0,28
8,8,AffectEV,30.0,Dengeli,26.030184254290702,58.578213022326835,5.930650481358964,64.89388409103447,37,29.64948735541695,38.55634851170227,43.6,33.71558253106839,0,0.0,28
8,8,AffectEV,50.0,Dengeli,26.030184254290702,58.578213022326835,5.930650481358964,64.89388409103447,37,29.64948735541695,38.55634851170227,43.6,33.71558253106839,0,0.0,28
8,8,AffectEV,65.0,Konfor,28.828221148082406,64.56869345516603,6.664296835949622,67.65602324848956,31,28.65342370588367,41.239748198726716,43.6,32.49283860675063,0,0.0,28
8,8,AffectEV,85.0,Konfor,28.828221148082406,64.56869345516603,6.664296835949622,67.65602324848956,31,28.65342370588367,41.239748198726716,43.6,32.49283860675063,0,0.0,28
9,8,Dijkstra,,,17.935784581718238,42.45137575416569,3.9456523983822804,61.79915247045787,38,31.256363531725874,49.11969235012184,55.9,49.32391266936286,0,0.0,9
9,8,A*,,,25.90471328614617,29.71753342178339,4.5347192264957155,82.11073824880347,12,14.744518313511872,37.32953128571482,55.9,48.34213462250714,0,0.0,9
9,8,NSGA-II,,Dengeli,25.90471328614617,29.71753342178339,4.5347192264957155,82.11073824880347,12,14.744518313511872,37.32953128571482,55.9,48.34213462250714,0,0.0,9
9,8,AffectEV,15.0,Dengeli,25.90471328614617,29.71753342178339,4.5347192264957155,82.11073824880347,12,14.744518313511872,37.32953128571482,55.9,48.34213462250714,0,0.0,9
9,8,AffectEV,30.0,Dengeli,25.90471328614617,29.71753342178339,4.5347192264957155,82.11073824880347,12,14.744518313511872,37.32953128571482,55.9,48.34213462250714,0,0.0,9
9,8,AffectEV,50.0,Dengeli,25.90471328614617,29.71753342178339,4.5347192264957155,82.11073824880347,12,14.744518313511872,37.32953128571482,55.9,48.34213462250714,0,0.0,9
9,8,AffectEV,65.0,Dengeli,25.90471328614617,29.71753342178339,4.5347192264957155,82.11073824880347,12,14.744518313511872,37.32953128571482,55.9,48.34213462250714,0,0.0,9
9,8,AffectEV,85.0,Dengeli,25.90471328614617,29.71753342178339,4.5347192264957155,82.11073824880347,12,14.744518313511872,37.32953128571482,55.9,48.34213462250714,0,0.0,9
10,8,Dijkstra,,,26.29086706365498,42.28291197661217,5.420586750337953,78.83870042627304,12,19.08881973073636,47.17326827253028,56.9,47.86568874943674,0,0.0,20
10,8,A*,,,40.03248737154875,34.614165194934245,6.635445282607272,86.92246534482865,5,12.834184513402084,33.63639650575358,56.9,45.840924528987884,0,0.0,20
10,8,NSGA-II,,Dengeli,40.03248737154875,34.614165194934245,6.635445282607272,86.92246534482865,5,12.834184513402084,33.63639650575358,56.9,45.840924528987884,0,0.0,20
10,8,AffectEV,15.0,Verimlilik,26.29523323733128,40.493783272284716,5.325481338002631,78.5817943799068,12,19.456982248846796,47.90555472719579,56.9,48.02419776999561,0,0.0,20
10,8,AffectEV,30.0,Dengeli,40.03248737154875,34.614165194934245,6.635445282607272,86.92246534482865,5,12.834184513402084,33.63639650575358,56.9,45.840924528987884,0,0.0,20
10,8,AffectEV,50.0,Konfor,40.03735853397256,34.664724457787614,6.638351487611781,86.96819943842186,5,12.770585591201927,33.50312442108783,56.9,45.83608085398036,0,0.0,20
10,8,AffectEV,65.0,Konfor,40.03735853397256,34.664724457787614,6.638351487611781,86.96819943842186,5,12.770585591201927,33.50312442108783,56.9,45.83608085398036,0,0.0,20
10,8,AffectEV,85.0,Konfor,40.03735853397256,34.664724457787614,6.638351487611781,86.96819943842186,5,12.770585591201927,33.50312442108783,56.9,45.83608085398036,0,0.0,20
11,8,Dijkstra,,,21.66993991746172,55.35791157489312,4.979100164692451,58.59664440149201,38,37.89961491851468,55.16735561476795,65.7,57.401499725512586,0,0.0,61
11,8,A*,,,22.716184799103473,51.00219667225284,5.172849339801944,66.28665159106819,26,31.35336342878051,56.53669690148831,65.7,57.07858443366343,0,0.0,61
11,8,NSGA-II,,Dengeli,22.716184799103473,51.00219667225284,5.172849339801944,66.28665159106819,26,31.35336342878051,56.53669690148831,65.7,57.07858443366343,0,0.0,61
11,8,AffectEV,15.0,Dengeli,22.716184799103473,51.00219667225284,5.172849339801944,66.28665159106819,26,31.35336342878051,56.53669690148831,65.7,57.07858443366343,0,0.0,61
11,8,AffectEV,30.0,Dengeli,22.716184799103473,51.00219667225284,5.172849339801944,66.28665159106819,26,31.35336342878051,56.53669690148831,65.7,57.07858443366343,0,0.0,61
11,8,AffectEV,50.0,Dengeli,22.716184799103473,51.00219667225284,5.172849339801944,66.28665159106819,26,31.35336342878051,56.53669690148831,65.7,57.07858443366343,0,0.0,61
11,8,AffectEV,65.0,Dengeli,22.716184799103473,51.00219667225284,5.172849339801944,66.28665159106819,26,31.35336342878051,56.53669690148831,65.7,57.07858443366343,0,0.0,61
11,8,AffectEV,85.0,Dengeli,22.716184799103473,51.00219667225284,5.172849339801944,66.28665159106819,26,31.35336342878051,56.53669690148831,65.7,57.07858443366343,0,0.0,61
12,8,Dijkstra,,,23.210046865366078,62.357956815682776,5.419861831612737,53.47866564874479,50,40.52811893999445,46.81449334628439,42.6,33.5668969473121,0,0.0,74
12,8,A*,,,24.673211862626776,49.88109121631331,5.331483340465234,65.80754042866076,32,29.86744523407922,46.1611300055774,42.6,33.714194432557946,0,0.0,74
12,8,NSGA-II,,Dengeli,24.653589322184306,49.88517661351576,5.3290313901634985,65.80229058974915,32,29.868505058725077,46.18578946316662,42.6,33.71828101639417,0,0.0,74
12,8,AffectEV,15.0,Dengeli,24.653589322184306,49.88517661351576,5.3290313901634985,65.80229058974915,32,29.868505058725077,46.18578946316662,42.6,33.71828101639417,0,0.0,74
12,8,AffectEV,30.0,Dengeli,24.653589322184306,49.88517661351576,5.3290313901634985,65.80229058974915,32,29.868505058725077,46.18578946316662,42.6,33.71828101639417,0,0.0,74
12,8,AffectEV,50.0,Dengeli,24.653589322184306,49.88517661351576,5.3290313901634985,65.80229058974915,32,29.868505058725077,46.18578946316662,42.6,33.71828101639417,0,0.0,74
12,8,AffectEV,65.0,Konfor,26.164159500435208,53.26617244759187,5.7345837984858345,67.4383372285277,31,27.888453956659383,43.475632922372384,42.6,33.04236033585694,0,0.0,74
12,8,AffectEV,85.0,Konfor,26.164159500435208,53.26617244759187,5.7345837984858345,67.4383372285277,31,27.888453956659383,43.475632922372384,42.6,33.04236033585694,0,0.0,74
13,8,Dijkstra,,,17.365727681979003,47.374318747591516,4.116822720765873,62.151079670471816,37,30.548399738390128,50.92200204005574,77.8,70.93862879872354,0,0.0,97
13,8,A*,,,21.630209298367802,43.976284240611704,4.716378891661861,70.87586632416931,25,23.84899677921251,47.3471732103347,77.8,69.9393685138969,0,0.0,97
13,8,NSGA-II,,Dengeli,18.684053779311363,44.270749774803136,4.275087782388785,68.66746131508452,28,25.218034948315438,48.83564100210418,77.8,70.67485369601869,0,0.0,97
13,8,AffectEV,15.0,Dengeli,18.684053779311363,44.270749774803136,4.275087782388785,68.66746131508452,28,25.218034948315438,48.83564100210418,77.8,70.67485369601869,0,0.0,97
13,8,AffectEV,30.0,Dengeli,18.684053779311363,44.270749774803136,4.275087782388785,68.66746131508452,28,25.218034948315438,48.83564100210418,77.8,70.67485369601869,0,0.0,97
13,8,AffectEV,50.0,Dengeli,18.684053779311363,44.270749774803136,4.275087782388785,68.66746131508452,28,25.218034948315438,48.83564100210418,77.8,70.67485369601869,0,0.0,97
13,8,AffectEV,65.0,Konfor,22.780441952444605,46.55244755857883,5.049399316393142,72.97366025894047,21,22.81090537896191,48.415340636854744,77.8,69.38433447267809,0,0.0,97
13,8,AffectEV,85.0,Konfor,22.780441952444605,46.55244755857883,5.049399316393142,72.97366025894047,21,22.81090537896191,48.415340636854744,77.8,69.38433447267809,0,0.0,97
14,8,Dijkstra,,,23.12440075830618,47.47720302562128,4.9098250303341056,64.97008016884641,28,32.963919136488585,55.70372045103508,63.8,55.61695828277649,0,0.0,19
14,8,A*,,,24.073160375945697,41.49722491188206,4.965565060501932,73.30287370468793,15,26.371870058878056,56.42782638824328,63.8,55.52405823249678,0,0.0,19
14,8,NSGA-II,,Dengeli,24.073160375945697,41.49722491188206,4.965565060501932,73.30287370468793,15,26.371870058878056,56.42782638824328,63.8,55.52405823249678,0,0.0,19
14,8,AffectEV,15.0,Dengeli,24.073160375945697,41.49722491188206,4.965565060501932,73.30287370468793,15,26.371870058878056,56.42782638824328,63.8,55.52405823249678,0,0.0,19
14,8,AffectEV,30.0,Dengeli,24.073160375945697,41.49722491188206,4.965565060501932,73.30287370468793,15,26.371870058878056,56.42782638824328,63.8,55.52405823249678,0,0.0,19
14,8,AffectEV,50.0,Dengeli,24.073160375945697,41.49722491188206,4.965565060501932,73.30287370468793,15,26.371870058878056,56.42782638824328,63.8,55.52405823249678,0,0.0,19
14,8,AffectEV,65.0,Dengeli,24.073160375945697,41.49722491188206,4.965565060501932,73.30287370468793,15,26.371870058878056,56.42782638824328,63.8,55.52405823249678,0,0.0,19
14,8,AffectEV,85.0,Konfor,26.56452334959669,47.55033844164374,5.639461731969067,75.19678015142075,13,24.890919203389586,54.17972043781185,63.8,54.400897113384886,0,0.0,19
15,8,Dijkstra,,,20.62345860912918,50.01797988783684,4.796642130911129,64.44577350599587,31,31.116302845441183,53.59667820185888,84.0,76.00559644848146,0,0.0,39
15,8,A*,,,37.158978029494,44.10745019791712,6.556069234092401,74.24811072496672,21,24.792644455870843,39.070479691360084,84.0,73.07321794317933,0,0.0,39
15,8,NSGA-II,,Dengeli,37.41131862072162,44.26949628078365,6.633191160980596,75.58675031290778,19,23.651941587640223,39.08833605400072,84.0,72.94468139836567,0,0.0,39
15,8,AffectEV,15.0,Verimlilik,20.62345860912918,50.01797988783684,4.796642130911129,64.44577350599587,31,31.116302845441183,53.59667820185888,84.0,76.00559644848146,0,0.0,39
15,8,AffectEV,30.0,Dengeli,37.41131862072162,44.26949628078365,6.633191160980596,75.58675031290778,19,23.651941587640223,39.08833605400072,84.0,72.94468139836567,0,0.0,39
15,8,AffectEV,50.0,Dengeli,37.41131862072162,44.26949628078365,6.633191160980596,75.58675031290778,19,23.651941587640223,39.08833605400072,84.0,72.94468139836567,0,0.0,39
15,8,AffectEV,65.0,Dengeli,37.41131862072162,44.26949628078365,6.633191160980596,75.58675031290778,19,23.651941587640223,39.08833605400072,84.0,72.94468139836567,0,0.0,39
15,8,AffectEV,85.0,Dengeli,37.41131862072162,44.26949628078365,6.633191160980596,75.58675031290778,19,23.651941587640223,39.08833605400072,84.0,72.94468139836567,0,0.0,39
16,8,Dijkstra,,,24.536024349497236,45.126494341149844,5.164161577396447,68.42658744313376,27,27.882944931506934,48.54264538707081,71.8,63.193064037672585,0,0.0,18
16,8,A*,,,24.538277237744452,42.17513166237866,5.071490512278379,70.45701983179333,24,26.052608853363942,48.63598756098745,71.8,63.34751581286937,0,0.0,18
16,8,NSGA-II,,Verimlilik,24.538277237744452,42.17513166237866,5.071490512278379,70.45701983179333,24,26.052608853363942,48.63598756098745,71.8,63.34751581286937,0,0.0,18
16,8,AffectEV,15.0,Verimlilik,24.538277237744452,42.17513166237866,5.071490512278379,70.45701983179333,24,26.052608853363942,48.63598756098745,71.8,63.34751581286937,0,0.0,18
16,8,AffectEV,30.0,Verimlilik,24.538277237744452,42.17513166237866,5.071490512278379,70.45701983179333,24,26.052608853363942,48.63598756098745,71.8,63.34751581286937,0,0.0,18
16,8,AffectEV,50.0,Konfor,31.576519453103963,49.90210496180485,6.411266213405984,75.24589339445069,15,24.737042229687155,49.164969683215816,71.8,61.114556310990025,0,0.0,18
16,8,AffectEV,65.0,Konfor,31.576519453103963,49.90210496180485,6.411266213405984,75.24589339445069,15,24.737042229687155,49.164969683215816,71.8,61.114556310990025,0,0.0,18
16,8,AffectEV,85.0,Konfor,31.576519453103963,49.90210496180485,6.411266213405984,75.24589339445069,15,24.737042229687155,49.164969683215816,71.8,61.114556310990025,0,0.0,18
17,8,Dijkstra,,,17.48013166005094,36.940854632721006,3.801513621288296,70.93465605785471,22,24.434524627773605,53.67493276906602,72.1,65.7641439645195,0,0.0,26
17,8,A*,,,17.48038052525706,35.586779053546174,3.7597599760750424,71.60676366655173,21,23.751964621063173,53.838234735646644,72.1,65.83373337320826,0,0.0,26
17,8,NSGA-II,,Verimlilik,17.48038052525706,35.586779053546174,3.7597599760750424,71.60676366655173,21,23.751964621063173,53.838234735646644,72.1,65.83373337320826,0,0.0,26
17,8,AffectEV,15.0,Verimlilik,17.48038052525706,35.586779053546174,3.7597599760750424,71.60676366655173,21,23.751964621063173,53.838234735646644,72.1,65.83373337320826,0,0.0,26
17,8,AffectEV,30.0,Verimlilik,17.48038052525706,35.586779053546174,3.7597599760750424,71.60676366655173,21,23.751964621063173,53.838234735646644,72.1,65.83373337320826,0,0.0,26
17,8,AffectEV,50.0,Verimlilik,17.48038052525706,35.586779053546174,3.7597599760750424,71.60676366655173,21,23.751964621063173,53.838234735646644,72.1,65.83373337320826,0,0.0,26
17,8,AffectEV,65.0,Konfor,24.889293297277487,42.60361230771787,5.135444645468001,76.46517671300082,15,21.4890275902678,47.94057504959421,72.1,63.54092559088666,0,0.0,26
17,8,AffectEV,85.0,Konfor,24.889293297277487,42.60361230771787,5.135444645468001,76.46517671300082,15,21.4890275902678,47.94057504959421,72.1,63.54092559088666,0,0.0,26
18,8,Dijkstra,,,17.47460100191027,24.190285422577812,3.1782613548855547,83.21997995412305,12,11.972357533132847,35.9415639296855,59.6,54.30289774185741,0,0.0,4
18,8,A*,,,17.702903599446085,22.7057246795697,3.2129775623779624,86.48410120345174,7,9.267027935833564,36.17895207899093,59.6,54.24503739603673,0,0.0,4
18,8,NSGA-II,,Dengeli,17.702903599446085,22.7057246795697,3.2129775623779624,86.48410120345174,7,9.267027935833564,36.17895207899093,59.6,54.24503739603673,0,0.0,4
18,8,AffectEV,15.0,Dengeli,17.702903599446085,22.7057246795697,3.2129775623779624,86.48410120345174,7,9.267027935833564,36.17895207899093,59.6,54.24503739603673,0,0.0,4
18,8,AffectEV,30.0,Dengeli,17.702903599446085,22.7057246795697,3.2129775623779624,86.48410120345174,7,9.267027935833564,36.17895207899093,59.6,54.24503739603673,0,0.0,4
18,8,AffectEV,50.0,Dengeli,17.702903599446085,22.7057246795697,3.2129775623779624,86.48410120345174,7,9.267027935833564,36.17895207899093,59.6,54.24503739603673,0,0.0,4
18,8,AffectEV,65.0,Dengeli,17.702903599446085,22.7057246795697,3.2129775623779624,86.48410120345174,7,9.267027935833564,36.17895207899093,59.6,54.24503739603673,0,0.0,4
18,8,AffectEV,85.0,Dengeli,17.702903599446085,22.7057246795697,3.2129775623779624,86.48410120345174,7,9.267027935833564,36.17895207899093,59.6,54.24503739603673,0,0.0,4
19,8,Dijkstra,,,18.10643454076064,52.13576244932527,4.210379424092137,54.109533889196,47,39.686048854038496,52.423257272962246,73.9,66.88270095984645,0,0.0,27
19,8,A*,,,25.070236376777835,37.97857243523238,4.776879334226284,75.37876923531823,20,21.19494981725689,41.313729097523485,73.9,65.9385344429562,0,0.0,27
19,8,NSGA-II,,Dengeli,25.070236376777835,37.97857243523238,4.776879334226284,75.37876923531823,20,21.19494981725689,41.313729097523485,73.9,65.9385344429562,0,0.0,27
19,8,AffectEV,15.0,Verimlilik,18.48914307073944,39.21350477648108,3.9694332479420322,64.86250393230603,32,29.177870816099453,51.92067411432068,73.9,67.28427792009661,0,0.0,27
19,8,AffectEV,30.0,Dengeli,25.070236376777835,37.97857243523238,4.776879334226284,75.37876923531823,20,21.19494981725689,41.313729097523485,73.9,65.9385344429562,0,0.0,27
19,8,AffectEV,50.0,Dengeli,25.070236376777835,37.97857243523238,4.776879334226284,75.37876923531823,20,21.19494981725689,41.313729097523485,73.9,65.9385344429562,0,0.0,27
19,8,AffectEV,65.0,Dengeli,25.070236376777835,37.97857243523238,4.776879334226284,75.37876923531823,20,21.19494981725689,41.313729097523485,73.9,65.9385344429562,0,0.0,27
19,8,AffectEV,85.0,Dengeli,25.070236376777835,37.97857243523238,4.776879334226284,75.37876923531823,20,21.19494981725689,41.313729097523485,73.9,65.9385344429562,0,0.0,27
20,8,Dijkstra,,,25.336148811841916,59.46558980014295,5.48379513519454,52.15121137578784,48,44.891097368394504,51.90729706846907,55.2,46.06034144134244,0,0.0,48
20,8,A*,,,26.259149665903642,52.97416198973339,5.5119509253252765,59.774749862396604,36,38.66074918422744,53.135126911675805,55.2,46.01341512445788,0,0.0,48
20,8,NSGA-II,,Dengeli,26.259149665903642,52.97416198973339,5.5119509253252765,59.774749862396604,36,38.66074918422744,53.135126911675805,55.2,46.01341512445788,0,0.0,48
20,8,AffectEV,15.0,Dengeli,26.259149665903642,52.97416198973339,5.5119509253252765,59.774749862396604,36,38.66074918422744,53.135126911675805,55.2,46.01341512445788,0,0.0,48
20,8,AffectEV,30.0,Dengeli,26.259149665903642,52.97416198973339,5.5119509253252765,59.774749862396604,36,38.66074918422744,53.135126911675805,55.2,46.01341512445788,0,0.0,48
20,8,AffectEV,50.0,Dengeli,26.259149665903642,52.97416198973339,5.5119509253252765,59.774749862396604,36,38.66074918422744,53.135126911675805,55.2,46.01341512445788,0,0.0,48
20,8,AffectEV,65.0,Konfor,30.097102142724957,57.44774345113285,6.303464894758197,64.04355723977805,31,34.86919105943316,49.97842721195998,55.2,44.694225175403005,0,0.0,48
20,8,AffectEV,85.0,Konfor,30.097102142724957,57.44774345113285,6.303464894758197,64.04355723977805,31,34.86919105943316,49.97842721195998,55.2,44.694225175403005,0,0.0,48
21,8,Dijkstra,,,23.542621774622575,46.4686860056037,5.14689146734261,74.97207366214096,23,19.76098099693212,37.99816019389707,70.5,61.92184755442898,0,0.0,7
21,8,A*,,,26.186626267309094,33.692884588067486,4.94852933452343,83.07197654414566,13,13.534486093003864,31.838388139765968,70.5,62.25245110912762,0,0.0,7
21,8,NSGA-II,,Dengeli,26.186626267309094,33.692884588067486,4.94852933452343,83.07197654414566,13,13.534486093003864,31.838388139765968,70.5,62.25245110912762,0,0.0,7
21,8,AffectEV,15.0,Dengeli,26.186626267309094,33.692884588067486,4.94852933452343,83.07197654414566,13,13.534486093003864,31.838388139765968,70.5,62.25245110912762,0,0.0,7
21,8,AffectEV,30.0,Dengeli,26.186626267309094,33.692884588067486,4.94852933452343,83.07197654414566,13,13.534486093003864,31.838388139765968,70.5,62.25245110912762,0,0.0,7
21,8,AffectEV,50.0,Dengeli,26.186626267309094,33.692884588067486,4.94852933452343,83.07197654414566,13,13.534486093003864,31.838388139765968,70.5,62.25245110912762,0,0.0,7
21,8,AffectEV,65.0,Dengeli,26.186626267309094,33.692884588067486,4.94852933452343,83.07197654414566,13,13.534486093003864,31.838388139765968,70.5,62.25245110912762,0,0.0,7
21,8,AffectEV,85.0,Dengeli,26.186626267309094,33.692884588067486,4.94852933452343,83.07197654414566,13,13.534486093003864,31.838388139765968,70.5,62.25245110912762,0,0.0,7
22,8,Dijkstra,,,15.927133076834163,36.43497867997234,3.5638500840867735,72.72485991932292,23,21.134480432643755,47.17397975441976,55.0,49.060249859855375,0,0.0,44
22,8,A*,,,17.021400808943746,35.940063942511294,3.7708732746743303,74.68265176324643,19,20.18037654249083,48.81617637003162,55.0,48.71521120887611,0,0.0,44
22,8,NSGA-II,,Dengeli,17.030261600569844,35.97790953178379,3.7719231188562694,74.72128831802726,19,20.153440563651003,48.66339756438714,55.0,48.71346146857289,0,0.0,44
22,8,AffectEV,15.0,Verimlilik,15.92861543513219,36.20424423480862,3.553297375631568,72.7140451390396,23,21.146538181854087,47.209967032020856,55.0,49.07783770728072,0,0.0,44
22,8,AffectEV,30.0,Dengeli,17.030261600569844,35.97790953178379,3.7719231188562694,74.72128831802726,19,20.153440563651003,48.66339756438714,55.0,48.71346146857289,0,0.0,44
22,8,AffectEV,50.0,Dengeli,17.030261600569844,35.97790953178379,3.7719231188562694,74.72128831802726,19,20.153440563651003,48.66339756438714,55.0,48.71346146857289,0,0.0,44
22,8,AffectEV,65.0,Dengeli,17.030261600569844,35.97790953178379,3.7719231188562694,74.72128831802726,19,20.153440563651003,48.66339756438714,55.0,48.71346146857289,0,0.0,44
22,8,AffectEV,85.0,Konfor,18.4055849960911,39.96255593209629,4.1628080892622,75.17842771691028,19,19.85243446972815,46.82920971085643,55.0,48.06198651789633,0,0.0,44
23,8,Dijkstra,,,14.53899591594657,36.83765778148554,3.3057639006709945,67.74054810346354,30,24.32886170768483,49.803966921155045,77.6,72.09039349888167,0,0.0,65
23,8,A*,,,15.548561767311973,33.23054646845879,3.372807444247074,71.59144546817177,23,21.969186881384907,51.58899233706374,77.6,71.97865425958821,0,0.0,65
23,8,NSGA-II,,Dengeli,15.88379458143761,33.523331497410986,3.473775910321158,73.42601416071668,20,20.44505509457167,52.2023465545591,77.6,71.81037348279807,0,0.0,65
23,8,AffectEV,15.0,Verimlilik,14.58814169195526,34.32100041683127,3.2336987428342323,69.76718332804471,26,23.094271468297045,51.5226761573309,77.6,72.21050209527627,0,0.0,65
23,8,AffectEV,30.0,Dengeli,15.88379458143761,33.523331497410986,3.473775910321158,73.42601416071668,20,20.44505509457167,52.2023465545591,77.6,71.81037348279807,0,0.0,65
23,8,AffectEV,50.0,Dengeli,15.88379458143761,33.523331497410986,3.473775910321158,73.42601416071668,20,20.44505509457167,52.2023465545591,77.6,71.81037348279807,0,0.0,65
23,8,AffectEV,65.0,Dengeli,15.88379458143761,33.523331497410986,3.473775910321158,73.42601416071668,20,20.44505509457167,52.2023465545591,77.6,71.81037348279807,0,0.0,65
23,8,AffectEV,85.0,Konfor,16.44749721162212,35.769334785683974,3.6603926593707135,74.08253430409141,19,20.366318570713524,51.537850623472664,77.6,71.49934556771547,0,0.0,65
24,8,Dijkstra,,,28.355075619484303,73.54721420544048,6.621597193666639,47.26127824223108,63,43.98861650042506,40.21068403820703,60.0,48.96400467722227,0,0.0,28
24,8,A*,,,31.39342358371912,51.793512880074694,6.249751824903746,67.74565637983574,31,28.62858748223458,40.82883687746944,60.0,49.583746958493755,0,0.0,28
24,8,NSGA-II,,Dengeli,31.39342358371912,51.793512880074694,6.249751824903746,67.74565637983574,31,28.62858748223458,40.82883687746944,60.0,49.583746958493755,0,0.0,28
24,8,AffectEV,15.0,Dengeli,31.39342358371912,51.793512880074694,6.249751824903746,67.74565637983574,31,28.62858748223458,40.82883687746944,60.0,49.583746958493755,0,0.0,28
24,8,AffectEV,30.0,Dengeli,31.39342358371912,51.793512880074694,6.249751824903746,67.74565637983574,31,28.62858748223458,40.82883687746944,60.0,49.583746958493755,0,0.0,28
24,8,AffectEV,50.0,Dengeli,31.39342358371912,51.793512880074694,6.249751824903746,67.74565637983574,31,28.62858748223458,40.82883687746944,60.0,49.583746958493755,0,0.0,28
24,8,AffectEV,65.0,Dengeli,31.39342358371912,51.793512880074694,6.249751824903746,67.74565637983574,31,28.62858748223458,40.82883687746944,60.0,49.583746958493755,0,0.0,28
24,8,AffectEV,85.0,Dengeli,31.39342358371912,51.793512880074694,6.249751824903746,67.74565637983574,31,28.62858748223458,40.82883687746944,60.0,49.583746958493755,0,0.0,28
25,8,Dijkstra,,,22.02802455703555,41.00680262078001,4.6043452034902375,71.06665659192988,22,25.488223238829008,51.434382182107036,84.3,76.62609132751626,0,0.0,25
25,8,A*,,,22.07635719799187,40.079451932728055,4.565413034713852,71.30874602741038,22,25.13252939534998,50.75747576992315,84.3,76.69097827547691,0,0.0,25
25,8,NSGA-II,,Dengeli,22.07635719799187,40.079451932728055,4.565413034713852,71.30874602741038,22,25.13252939534998,50.75747576992315,84.3,76.69097827547691,0,0.0,25
25,8,AffectEV,15.0,Verimlilik,22.03064701851419,40.09810831238233,4.556610589295075,71.2375354459598,22,25.25966872259159,50.92281968631363,84.3,76.70564901784154,0,0.0,25
25,8,AffectEV,30.0,Dengeli,22.07635719799187,40.079451932728055,4.565413034713852,71.30874602741038,22,25.13252939534998,50.75747576992315,84.3,76.69097827547691,0,0.0,25
25,8,AffectEV,50.0,Dengeli,22.07635719799187,40.079451932728055,4.565413034713852,71.30874602741038,22,25.13252939534998,50.75747576992315,84.3,76.69097827547691,0,0.0,25
25,8,AffectEV,65.0,Konfor,26.17024576922567,43.110115800028524,5.331914657586452,75.1841395375337,17,22.461427407041942,47.88716120176863,84.3,75.41347557068924,0,0.0,25
25,8,AffectEV,85.0,Konfor,26.17024576922567,43.110115800028524,5.331914657586452,75.1841395375337,17,22.461427407041942,47.88716120176863,84.3,75.41347557068924,0,0.0,25
26,8,Dijkstra,,,12.699312958695026,32.740539561147976,2.978589465697251,73.5579947821437,26,18.401057812101293,39.6084393711296,51.5,46.53568422383792,0,0.0,5
26,8,A*,,,12.819214236777325,19.4099602682261,2.432961434882764,84.24791691230942,11,9.47314071792599,37.05070436156393,51.5,47.44506427519539,0,0.0,5
26,8,NSGA-II,,Dengeli,12.819214236777325,19.4099602682261,2.432961434882764,84.24791691230942,11,9.47314071792599,37.05070436156393,51.5,47.44506427519539,0,0.0,5
26,8,AffectEV,15.0,Dengeli,12.819214236777325,19.4099602682261,2.432961434882764,84.24791691230942,11,9.47314071792599,37.05070436156393,51.5,47.44506427519539,0,0.0,5
26,8,AffectEV,30.0,Dengeli,12.819214236777325,19.4099602682261,2.432961434882764,84.24791691230942,11,9.47314071792599,37.05070436156393,51.5,47.44506427519539,0,0.0,5
26,8,AffectEV,50.0,Dengeli,12.819214236777325,19.4099602682261,2.432961434882764,84.24791691230942,11,9.47314071792599,37.05070436156393,51.5,47.44506427519539,0,0.0,5
26,8,AffectEV,65.0,Konfor,17.89292852739989,22.96851574186174,3.2552458925293255,84.7813768243063,10,10.116271923125336,35.91870799378047,51.5,46.07459017911779,0,0.0,5
26,8,AffectEV,85.0,Konfor,17.89292852739989,22.96851574186174,3.2552458925293255,84.7813768243063,10,10.116271923125336,35.91870799378047,51.5,46.07459017911779,0,0.0,5
27,8,Dijkstra,,,21.79446021612964,16.3093609892871,3.472235008332892,90.6881923267895,2,6.303472858646416,32.10382907808285,48.9,43.11294165277851,0,0.0,2
27,8,A*,,,21.79446021612964,16.3093609892871,3.472235008332892,90.6881923267895,2,6.303472858646416,32.10382907808285,48.9,43.11294165277851,0,0.0,2
27,8,NSGA-II,,Verimlilik,21.79446021612964,16.3093609892871,3.472235008332892,90.6881923267895,2,6.303472858646416,32.10382907808285,48.9,43.11294165277851,0,0.0,2
27,8,AffectEV,15.0,Verimlilik,21.79446021612964,16.3093609892871,3.472235008332892,90.6881923267895,2,6.303472858646416,32.10382907808285,48.9,43.11294165277851,0,0.0,2
27,8,AffectEV,30.0,Verimlilik,21.79446021612964,16.3093609892871,3.472235008332892,90.6881923267895,2,6.303472858646416,32.10382907808285,48.9,43.11294165277851,0,0.0,2
27,8,AffectEV,50.0,Verimlilik,21.79446021612964,16.3093609892871,3.472235008332892,90.6881923267895,2,6.303472858646416,32.10382907808285,48.9,43.11294165277851,0,0.0,2
27,8,AffectEV,65.0,Konfor,21.855044947629068,17.640708663949237,3.5673689275475553,90.75356458949214,2,6.249991695467433,31.857189509338156,48.9,42.954385120754075,0,0.0,2
27,8,AffectEV,85.0,Konfor,21.855044947629068,17.640708663949237,3.5673689275475553,90.75356458949214,2,6.249991695467433,31.857189509338156,48.9,42.954385120754075,0,0.0,2
28,8,Dijkstra,,,18.460401315711664,54.38209814972614,4.33649495165521,51.614445441577764,47,43.497299062683226,59.181824198086325,55.0,47.772508413907985,0,0.0,72
28,8,A*,,,19.950294651019057,45.369585036003286,4.527604292374342,67.05755312964114,24,29.808540062975005,59.99942425733179,55.0,47.453992846042766,0,0.0,72
28,8,NSGA-II,,Dengeli,19.950294651019057,45.369585036003286,4.527604292374342,67.05755312964114,24,29.808540062975005,59.99942425733179,55.0,47.453992846042766,0,0.0,72
28,8,AffectEV,15.0,Dengeli,19.950294651019057,45.369585036003286,4.527604292374342,67.05755312964114,24,29.808540062975005,59.99942425733179,55.0,47.453992846042766,0,0.0,72
28,8,AffectEV,30.0,Dengeli,19.950294651019057,45.369585036003286,4.527604292374342,67.05755312964114,24,29.808540062975005,59.99942425733179,55.0,47.453992846042766,0,0.0,72
28,8,AffectEV,50.0,Dengeli,19.950294651019057,45.369585036003286,4.527604292374342,67.05755312964114,24,29.808540062975005,59.99942425733179,55.0,47.453992846042766,0,0.0,72
28,8,AffectEV,65.0,Dengeli,19.950294651019057,45.369585036003286,4.527604292374342,67.05755312964114,24,29.808540062975005,59.99942425733179,55.0,47.453992846042766,0,0.0,72
28,8,AffectEV,85.0,Konfor,21.87866431406082,48.18084111763099,4.918268492621221,69.18090378915043,22,28.377233724318966,56.52963046776936,55.0,46.8028858456313,0,0.0,72
29,8,Dijkstra,,,27.808952954184285,60.87277590986854,6.241997116916184,62.815896089555146,41,30.04529165453792,38.352582070417405,83.3,72.89667147180636,0,0.0,30
29,8,A*,,,30.849575369324292,40.26254305841193,5.665169406962179,76.58456451657699,19,20.57339317968279,38.71708764759085,83.3,73.85805098839637,0,0.0,30
29,8,NSGA-II,,Dengeli,30.849575369324292,40.26254305841193,5.665169406962179,76.58456451657699,19,20.57339317968279,38.71708764759085,83.3,73.85805098839637,0,0.0,30
29,8,AffectEV,15.0,Dengeli,30.849575369324292,40.26254305841193,5.665169406962179,76.58456451657699,19,20.57339317968279,38.71708764759085,83.3,73.85805098839637,0,0.0,30
29,8,AffectEV,30.0,Dengeli,30.849575369324292,40.26254305841193,5.665169406962179,76.58456451657699,19,20.57339317968279,38.71708764759085,83.3,73.85805098839637,0,0.0,30
29,8,AffectEV,50.0,Dengeli,30.849575369324292,40.26254305841193,5.665169406962179,76.58456451657699,19,20.57339317968279,38.71708764759085,83.3,73.85805098839637,0,0.0,30
29,8,AffectEV,65.0,Dengeli,30.849575369324292,40.26254305841193,5.665169406962179,76.58456451657699,19,20.57339317968279,38.71708764759085,83.3,73.85805098839637,0,0.0,30
29,8,AffectEV,85.0,Dengeli,30.849575369324292,40.26254305841193,5.665169406962179,76.58456451657699,19,20.57339317968279,38.71708764759085,83.3,73.85805098839637,0,0.0,30
30,8,Dijkstra,,,12.229927210030283,39.51442172948862,2.9643030771217105,60.79287500806985,40,30.32858668208332,50.54274493652577,39.6,34.65949487146382,0,0.0,29
30,8,A*,,,13.449779132859682,26.353101358978822,2.8190008140239273,73.78255993857259,21,19.254702666565443,49.7051463072889,39.6,34.90166530996012,0,0.0,29
30,8,NSGA-II,,Dengeli,13.449779132859682,26.353101358978822,2.8190008140239273,73.78255993857259,21,19.254702666565443,49.7051463072889,39.6,34.90166530996012,0,0.0,29
30,8,AffectEV,15.0,Dengeli,13.449779132859682,26.353101358978822,2.8190008140239273,73.78255993857259,21,19.254702666565443,49.7051463072889,39.6,34.90166530996012,0,0.0,29
30,8,AffectEV,30.0,Dengeli,13.449779132859682,26.353101358978822,2.8190008140239273,73.78255993857259,21,19.254702666565443,49.7051463072889,39.6,34.90166530996012,0,0.0,29
30,8,AffectEV,50.0,Dengeli,13.449779132859682,26.353101358978822,2.8190008140239273,73.78255993857259,21,19.254702666565443,49.7051463072889,39.6,34.90166530996012,0,0.0,29
30,8,AffectEV,65.0,Dengeli,13.449779132859682,26.353101358978822,2.8190008140239273,73.78255993857259,21,19.254702666565443,49.7051463072889,39.6,34.90166530996012,0,0.0,29
30,8,AffectEV,85.0,Konfor,13.566784251872088,29.13945666009055,2.9787633042734267,74.66425847430057,21,18.204241392391836,46.872345539909425,39.6,34.63539449287762,0,0.0,29
31,8,Dijkstra,,,14.323717146044785,33.762095432643584,3.241527095212474,73.02134699821272,23,19.94541600540719,47.475141000825566,31.4,25.997454841312543,0,0.0,66
31,8,A*,,,19.535363531083416,33.17466999564904,3.9959000280246237,76.30183552888734,15,19.301985406064396,52.03784424646672,31.4,24.74016661995896,0,0.0,66
31,8,NSGA-II,,Dengeli,16.432583769267023,34.011873195890765,3.582827044084444,76.01483350378294,18,18.388545084073634,47.34301485497488,31.4,25.42862159319259,0,0.0,66
31,8,AffectEV,15.0,Verimlilik,14.32519950434281,33.53136098747988,3.2309743867572682,73.00973284134382,23,19.957473754617514,47.515125161354646,31.4,26.015042688737886,0,0.0,66
31,8,AffectEV,30.0,Verimlilik,14.32519950434281,33.53136098747988,3.2309743867572682,73.00973284134382,23,19.957473754617514,47.515125161354646,31.4,26.015042688737886,0,0.0,66
31,8,AffectEV,50.0,Dengeli,16.432583769267023,34.011873195890765,3.582827044084444,76.01483350378294,18,18.388545084073634,47.34301485497488,31.4,25.42862159319259,0,0.0,66
31,8,AffectEV,65.0,Konfor,21.52903214031485,35.84232284300547,4.427728969361605,78.92564512596316,11,17.910227785550784,51.006432691858016,31.4,24.02045171773066,0,0.0,66
31,8,AffectEV,85.0,Konfor,21.52903214031485,35.84232284300547,4.427728969361605,78.92564512596316,11,17.910227785550784,51.006432691858016,31.4,24.02045171773066,0,0.0,66
32,8,Dijkstra,,,19.825906595588897,23.29092295485242,3.4968073056040314,83.75578591841918,11,11.669661570274735,36.21657805249202,46.9,41.07198782399328,0,0.0,3
32,8,A*,,,21.17826428118149,21.773522317815257,3.653440934454238,87.73141489627992,5,8.68695424312938,35.812494153906314,46.9,40.8109317759096,0,0.0,3
32,8,NSGA-II,,Dengeli,21.17826428118149,21.773522317815257,3.653440934454238,87.73141489627992,5,8.68695424312938,35.812494153906314,46.9,40.8109317759096,0,0.0,3
32,8,AffectEV,15.0,Verimlilik,19.825906595588897,23.29092295485242,3.4968073056040314,83.75578591841918,11,11.669661570274735,36.21657805249202,46.9,41.07198782399328,0,0.0,3
32,8,AffectEV,30.0,Dengeli,21.17826428118149,21.773522317815257,3.653440934454238,87.73141489627992,5,8.68695424312938,35.812494153906314,46.9,40.8109317759096,0,0.0,3
32,8,AffectEV,50.0,Dengeli,21.17826428118149,21.773522317815257,3.653440934454238,87.73141489627992,5,8.68695424312938,35.812494153906314,46.9,40.8109317759096,0,0.0,3
32,8,AffectEV,65.0,Dengeli,21.17826428118149,21.773522317815257,3.653440934454238,87.73141489627992,5,8.68695424312938,35.812494153906314,46.9,40.8109317759096,0,0.0,3
32,8,AffectEV,85.0,Dengeli,21.17826428118149,21.773522317815257,3.653440934454238,87.73141489627992,5,8.68695424312938,35.812494153906314,46.9,40.8109317759096,0,0.0,3
33,8,Dijkstra,,,24.10993819189053,59.900041246294286,5.402486109916543,52.84812888848781,46,44.27786031328781,54.34256508762924,59.2,50.19585648347243,0,0.0,43
33,8,A*,,,27.862038801941175,46.417462154488746,5.6182231388440185,69.02785994875597,24,29.298004566339017,50.91369340671164,59.2,49.836294768593305,0,0.0,43
33,8,NSGA-II,,Dengeli,27.862038801941175,46.417462154488746,5.6182231388440185,69.02785994875597,24,29.298004566339017,50.91369340671164,59.2,49.836294768593305,0,0.0,43
33,8,AffectEV,15.0,Dengeli,27.862038801941175,46.417462154488746,5.6182231388440185,69.02785994875597,24,29.298004566339017,50.91369340671164,59.2,49.836294768593305,0,0.0,43
33,8,AffectEV,30.0,Dengeli,27.862038801941175,46.417462154488746,5.6182231388440185,69.02785994875597,24,29.298004566339017,50.91369340671164,59.2,49.836294768593305,0,0.0,43
33,8,AffectEV,50.0,Dengeli,27.862038801941175,46.417462154488746,5.6182231388440185,69.02785994875597,24,29.298004566339017,50.91369340671164,59.2,49.836294768593305,0,0.0,43
33,8,AffectEV,65.0,Konfor,31.940024616500487,51.813765405227635,6.385339540087978,73.19453621588501,20,25.812888948553834,45.30798549774419,59.2,48.557767433186704,0,0.0,43
33,8,AffectEV,85.0,Konfor,31.940024616500487,51.813765405227635,6.385339540087978,73.19453621588501,20,25.812888948553834,45.30798549774419,59.2,48.557767433186704,0,0.0,43
34,8,Dijkstra,,,22.930481410336732,53.57743517331446,5.233659885209671,65.03708929361756,31,30.95093821312712,50.888146212221514,59.5,50.77723352465055,0,0.0,17
34,8,A*,,,33.56353502613921,41.72226143526123,6.059802239356353,78.23839676162974,15,20.688572532188253,40.275157393568904,59.5,49.40032960107274,0,0.0,17
34,8,NSGA-II,,Dengeli,33.56353502613921,41.72226143526123,6.059802239356353,78.23839676162974,15,20.688572532188253,40.275157393568904,59.5,49.40032960107274,0,0.0,17
34,8,AffectEV,15.0,Verimlilik,23.22641566193761,44.36824390571451,4.94827198319364,71.18727517588064,22,25.64551848211964,50.595346397417366,59.5,51.2528800280106,0,0.0,17
34,8,AffectEV,30.0,Dengeli,33.56353502613921,41.72226143526123,6.059802239356353,78.23839676162974,15,20.688572532188253,40.275157393568904,59.5,49.40032960107274,0,0.0,17
34,8,AffectEV,50.0,Dengeli,33.56353502613921,41.72226143526123,6.059802239356353,78.23839676162974,15,20.688572532188253,40.275157393568904,59.5,49.40032960107274,0,0.0,17
34,8,AffectEV,65.0,Dengeli,33.56353502613921,41.72226143526123,6.059802239356353,78.23839676162974,15,20.688572532188253,40.275157393568904,59.5,49.40032960107274,0,0.0,17
34,8,AffectEV,85.0,Dengeli,33.56353502613921,41.72226143526123,6.059802239356353,78.23839676162974,15,20.688572532188253,40.275157393568904,59.5,49.40032960107274,0,0.0,17
35,8,Dijkstra,,,32.290262346665294,80.11816294677739,7.129590905113588,38.951700419296714,64,60.795105409547716,54.048839789194844,63.8,51.91734849147735,0,0.0,100
35,8,A*,,,57.101675885853766,52.493559180415744,9.521484844068404,82.25271466772905,7,22.437908102727313,37.57956450726375,63.8,47.93085859321933,0,0.0,100
35,8,NSGA-II,,Dengeli,57.101675885853766,52.493559180415744,9.521484844068404,82.25271466772905,7,22.437908102727313,37.57956450726375,63.8,47.93085859321933,0,0.0,100
35,8,AffectEV,15.0,Dengeli,57.101675885853766,52.493559180415744,9.521484844068404,82.25271466772905,7,22.437908102727313,37.57956450726375,63.8,47.93085859321933,0,0.0,100
35,8,AffectEV,30.0,Dengeli,57.101675885853766,52.493559180415744,9.521484844068404,82.25271466772905,7,22.437908102727313,37.57956450726375,63.8,47.93085859321933,0,0.0,100
35,8,AffectEV,50.0,Dengeli,57.101675885853766,52.493559180415744,9.521484844068404,82.25271466772905,7,22.437908102727313,37.57956450726375,63.8,47.93085859321933,0,0.0,100
35,8,AffectEV,65.0,Dengeli,57.101675885853766,52.493559180415744,9.521484844068404,82.25271466772905,7,22.437908102727313,37.57956450726375,63.8,47.93085859321933,0,0.0,100
35,8,AffectEV,85.0,Dengeli,57.101675885853766,52.493559180415744,9.521484844068404,82.25271466772905,7,22.437908102727313,37.57956450726375,63.8,47.93085859321933,0,0.0,100
36,8,Dijkstra,,,15.54634367544098,45.78230931569619,3.581971369232127,55.678065265636825,44,37.77448841735041,54.947941045790245,86.5,80.53004771794646,0,0.0,47
36,8,A*,,,17.06363129642993,38.55021731678366,3.726346469741875,66.64062767676899,28,28.22007892634352,54.46674322663984,86.5,80.2894225504302,0,0.0,47
36,8,NSGA-II,,Dengeli,17.06363129642993,38.55021731678366,3.726346469741875,66.64062767676899,28,28.22007892634352,54.46674322663984,86.5,80.2894225504302,0,0.0,47
36,8,AffectEV,15.0,Dengeli,17.06363129642993,38.55021731678366,3.726346469741875,66.64062767676899,28,28.22007892634352,54.46674322663984,86.5,80.2894225504302,0,0.0,47
36,8,AffectEV,30.0,Dengeli,17.06363129642993,38.55021731678366,3.726346469741875,66.64062767676899,28,28.22007892634352,54.46674322663984,86.5,80.2894225504302,0,0.0,47
36,8,AffectEV,50.0,Dengeli,17.06363129642993,38.55021731678366,3.726346469741875,66.64062767676899,28,28.22007892634352,54.46674322663984,86.5,80.2894225504302,0,0.0,47
36,8,AffectEV,65.0,Konfor,25.134306519162106,40.4655888954098,4.863394094646866,74.64829560559929,21,21.84981096588246,41.483805523179925,86.5,78.39434317558856,0,0.0,47
36,8,AffectEV,85.0,Konfor,25.134306519162106,40.4655888954098,4.863394094646866,74.64829560559929,21,21.84981096588246,41.483805523179925,86.5,78.39434317558856,0,0.0,47
37,8,Dijkstra,,,35.885842352077866,66.39149212322799,7.933240239403377,78.84448236014715,16,18.863080557496943,37.4829673630188,68.3,55.077932934327706,0,0.0,9
37,8,A*,,,43.02924166665217,62.38505943155521,8.322295233139794,73.29056324826408,23,25.5882615024344,37.66479150502804,68.3,54.42950794476701,0,0.0,9
37,8,NSGA-II,,Verimlilik,35.885842352077866,66.39149212322799,7.933240239403377,78.84448236014715,16,18.863080557496943,37.4829673630188,68.3,55.077932934327706,0,0.0,9
37,8,AffectEV,15.0,Verimlilik,35.885842352077866,66.39149212322799,7.933240239403377,78.84448236014715,16,18.863080557496943,37.4829673630188,68.3,55.077932934327706,0,0.0,9
37,8,AffectEV,30.0,Verimlilik,35.885842352077866,66.39149212322799,7.933240239403377,78.84448236014715,16,18.863080557496943,37.4829673630188,68.3,55.077932934327706,0,0.0,9
37,8,AffectEV,50.0,Verimlilik,35.885842352077866,66.39149212322799,7.933240239403377,78.84448236014715,16,18.863080557496943,37.4829673630188,68.3,55.077932934327706,0,0.0,9
37,8,AffectEV,65.0,Verimlilik,35.885842352077866,66.39149212322799,7.933240239403377,78.84448236014715,16,18.863080557496943,37.4829673630188,68.3,55.077932934327706,0,0.0,9
37,8,AffectEV,85.0,Verimlilik,35.885842352077866,66.39149212322799,7.933240239403377,78.84448236014715,16,18.863080557496943,37.4829673630188,68.3,55.077932934327706,0,0.0,9
38,8,Dijkstra,,,21.96282146541537,44.79249071777004,4.720749143332229,65.28864580424572,34,28.500563545294693,45.80592566082939,85.0,77.13208476111295,0,0.0,40
38,8,A*,,,22.00215444869335,43.18743916431014,4.699658206322066,67.9589896167685,30,26.410882869225055,45.588727612319865,85.0,77.16723632279655,0,0.0,40
38,8,NSGA-II,,Dengeli,22.00215444869335,43.18743916431014,4.699658206322066,67.9589896167685,30,26.410882869225055,45.588727612319865,85.0,77.16723632279655,0,0.0,40
38,8,AffectEV,15.0,Dengeli,22.00215444869335,43.18743916431014,4.699658206322066,67.9589896167685,30,26.410882869225055,45.588727612319865,85.0,77.16723632279655,0,0.0,40
38,8,AffectEV,30.0,Dengeli,22.00215444869335,43.18743916431014,4.699658206322066,67.9589896167685,30,26.410882869225055,45.588727612319865,85.0,77.16723632279655,0,0.0,40
38,8,AffectEV,50.0,Dengeli,22.00215444869335,43.18743916431014,4.699658206322066,67.9589896167685,30,26.410882869225055,45.588727612319865,85.0,77.16723632279655,0,0.0,40
38,8,AffectEV,65.0,Konfor,38.55375114730526,51.28031082469344,7.190538107226459,76.32407405751253,21,20.606695311173883,34.969586745676494,85.0,73.01576982128924,0,0.0,40
38,8,AffectEV,85.0,Konfor,38.55375114730526,51.28031082469344,7.190538107226459,76.32407405751253,21,20.606695311173883,34.969586745676494,85.0,73.01576982128924,0,0.0,40
39,8,Dijkstra,,,17.06329866686855,54.880854134748716,4.150330383120027,52.037454158780804,50,41.399716194550194,52.71315491427068,66.0,59.08278269479996,0,0.0,49
39,8,A*,,,25.78908207796405,39.386576962083716,5.03945689243797,78.45347320170353,13,19.965919114791046,45.283755319295814,66.0,57.60090517927005,0,0.0,49
39,8,NSGA-II,,Dengeli,19.867266288963755,42.96177629418212,4.348895816036106,66.4004903097917,28,29.36937084876111,53.94349217789979,66.0,58.75184030660649,0,0.0,49
39,8,AffectEV,15.0,Dengeli,19.867266288963755,42.96177629418212,4.348895816036106,66.4004903097917,28,29.36937084876111,53.94349217789979,66.0,58.75184030660649,0,0.0,49
39,8,AffectEV,30.0,Dengeli,19.867266288963755,42.96177629418212,4.348895816036106,66.4004903097917,28,29.36937084876111,53.94349217789979,66.0,58.75184030660649,0,0.0,49
39,8,AffectEV,50.0,Konfor,25.78908207796405,39.386576962083716,5.03945689243797,78.45347320170353,13,19.965919114791046,45.283755319295814,66.0,57.60090517927005,0,0.0,49
39,8,AffectEV,65.0,Konfor,25.78908207796405,39.386576962083716,5.03945689243797,78.45347320170353,13,19.965919114791046,45.283755319295814,66.0,57.60090517927005,0,0.0,49
39,8,AffectEV,85.0,Konfor,25.78908207796405,39.386576962083716,5.03945689243797,78.45347320170353,13,19.965919114791046,45.283755319295814,66.0,57.60090517927005,0,0.0,49
40,8,Dijkstra,,,24.860773582720817,54.651187920533424,5.443174826935844,60.658728536193415,39,34.227129727989755,47.865662727048274,76.0,66.92804195510692,0,0.0,37
40,8,A*,,,26.861827569681413,42.58383707565839,5.144848053168503,68.83510040087168,29,27.27751310807074,42.408228333535455,76.0,67.42525324471916,0,0.0,37
40,8,NSGA-II,,Verimlilik,26.861827569681413,42.58383707565839,5.144848053168503,68.83510040087168,29,27.27751310807074,42.408228333535455,76.0,67.42525324471916,0,0.0,37
40,8,AffectEV,15.0,Verimlilik,26.861827569681413,42.58383707565839,5.144848053168503,68.83510040087168,29,27.27751310807074,42.408228333535455,76.0,67.42525324471916,0,0.0,37
40,8,AffectEV,30.0,Verimlilik,26.861827569681413,42.58383707565839,5.144848053168503,68.83510040087168,29,27.27751310807074,42.408228333535455,76.0,67.42525324471916,0,0.0,37
40,8,AffectEV,50.0,Konfor,40.40375168186959,47.16406722301783,7.275056763121316,79.14351250996413,15,19.75763070634927,37.14599139065547,76.0,63.87490539479781,0,0.0,37
40,8,AffectEV,65.0,Konfor,40.40375168186959,47.16406722301783,7.275056763121316,79.14351250996413,15,19.75763070634927,37.14599139065547,76.0,63.87490539479781,0,0.0,37
40,8,AffectEV,85.0,Konfor,40.40375168186959,47.16406722301783,7.275056763121316,79.14351250996413,15,19.75763070634927,37.14599139065547,76.0,63.87490539479781,0,0.0,37
41,8,Dijkstra,,,15.652162516574279,51.15781193170285,3.845891913170634,55.17933494494217,42,39.123866625478975,60.417525337070686,66.4,59.990180144715616,0,0.0,11
41,8,A*,,,16.99189854487929,40.66439880001169,3.824486525229407,66.03090226431641,26,29.75800484386577,60.20848141261931,66.4,60.02585579128433,0,0.0,11
41,8,NSGA-II,,Dengeli,16.99189854487929,40.66439880001169,3.824486525229407,66.03090226431641,26,29.75800484386577,60.20848141261931,66.4,60.02585579128433,0,0.0,11
41,8,AffectEV,15.0,Verimlilik,16.232949851386447,40.692732093259366,3.693091298989455,65.23060714884343,28,29.869225630602198,59.04312580987957,66.4,60.24484783501758,0,0.0,11
41,8,AffectEV,30.0,Verimlilik,16.232949851386447,40.692732093259366,3.693091298989455,65.23060714884343,28,29.869225630602198,59.04312580987957,66.4,60.24484783501758,0,0.0,11
41,8,AffectEV,50.0,Dengeli,16.99189854487929,40.66439880001169,3.824486525229407,66.03090226431641,26,29.75800484386577,60.20848141261931,66.4,60.02585579128433,0,0.0,11
41,8,AffectEV,65.0,Konfor,17.691311864974608,41.34320050636948,3.9845575762926475,67.08529552683248,24,29.291204363647868,60.63671582036575,66.4,59.759070706178925,0,0.0,11
41,8,AffectEV,85.0,Konfor,17.691311864974608,41.34320050636948,3.9845575762926475,67.08529552683248,24,29.291204363647868,60.63671582036575,66.4,59.759070706178925,0,0.0,11
42,8,Dijkstra,,,23.44933666717482,51.341035005383716,5.04144810409304,64.03959985986089,35,31.572345559697908,44.94348236114868,67.7,59.29758649317827,0,0.0,55
42,8,A*,,,25.2473721497051,39.356228739243164,5.055415845048641,76.99180312395913,17,19.17058042268855,43.78511374617148,67.7,59.27430692491893,0,0.0,55
42,8,NSGA-II,,Dengeli,25.2473721497051,39.356228739243164,5.055415845048641,76.99180312395913,17,19.17058042268855,43.78511374617148,67.7,59.27430692491893,0,0.0,55
42,8,AffectEV,15.0,Dengeli,25.2473721497051,39.356228739243164,5.055415845048641,76.99180312395913,17,19.17058042268855,43.78511374617148,67.7,59.27430692491893,0,0.0,55
42,8,AffectEV,30.0,Dengeli,25.2473721497051,39.356228739243164,5.055415845048641,76.99180312395913,17,19.17058042268855,43.78511374617148,67.7,59.27430692491893,0,0.0,55
42,8,AffectEV,50.0,Dengeli,25.2473721497051,39.356228739243164,5.055415845048641,76.99180312395913,17,19.17058042268855,43.78511374617148,67.7,59.27430692491893,0,0.0,55
42,8,AffectEV,65.0,Dengeli,25.2473721497051,39.356228739243164,5.055415845048641,76.99180312395913,17,19.17058042268855,43.78511374617148,67.7,59.27430692491893,0,0.0,55
42,8,AffectEV,85.0,Dengeli,25.2473721497051,39.356228739243164,5.055415845048641,76.99180312395913,17,19.17058042268855,43.78511374617148,67.7,59.27430692491893,0,0.0,55
43,8,Dijkstra,,,15.080656660003548,30.189864949067946,3.195767182584029,74.52338683803335,20,18.981829625028123,48.91032137229107,69.3,63.97372136235995,0,0.0,2
43,8,A*,,,15.104669148911901,29.065078898863664,3.1388642264374376,74.79511213504301,20,18.701698459568796,47.971891635431724,69.3,64.06855962260427,0,0.0,2
43,8,NSGA-II,,Dengeli,15.104669148911901,29.065078898863664,3.1388642264374376,74.79511213504301,20,18.701698459568796,47.971891635431724,69.3,64.06855962260427,0,0.0,2
43,8,AffectEV,15.0,Verimlilik,15.087481534729015,29.07107790989219,3.137076959521624,74.78688464121221,20,18.704256923419376,48.0091914088099,69.3,64.0715384007973,0,0.0,2
43,8,AffectEV,30.0,Dengeli,15.104669148911901,29.065078898863664,3.1388642264374376,74.79511213504301,20,18.701698459568796,47.971891635431724,69.3,64.06855962260427,0,0.0,2
43,8,AffectEV,50.0,Dengeli,15.104669148911901,29.065078898863664,3.1388642264374376,74.79511213504301,20,18.701698459568796,47.971891635431724,69.3,64.06855962260427,0,0.0,2
43,8,AffectEV,65.0,Dengeli,15.104669148911901,29.065078898863664,3.1388642264374376,74.79511213504301,20,18.701698459568796,47.971891635431724,69.3,64.06855962260427,0,0.0,2
43,8,AffectEV,85.0,Dengeli,15.104669148911901,29.065078898863664,3.1388642264374376,74.79511213504301,20,18.701698459568796,47.971891635431724,69.3,64.06855962260427,0,0.0,2
44,8,Dijkstra,,,12.448359452641155,40.839609260893056,2.9587131030269576,56.252149999081766,41,36.56265899589242,61.39526151075257,70.1,65.16881149495507,0,0.0,13
44,8,A*,,,12.636568951763449,34.584814966861586,2.917597280761023,63.98920714345393,29,29.590461261684258,63.16827239020393,70.1,65.23733786539829,0,0.0,13
44,8,NSGA-II,,Dengeli,12.636568951763449,34.584814966861586,2.917597280761023,63.98920714345393,29,29.590461261684258,63.16827239020393,70.1,65.23733786539829,0,0.0,13
44,8,AffectEV,15.0,Dengeli,12.636568951763449,34.584814966861586,2.917597280761023,63.98920714345393,29,29.590461261684258,63.16827239020393,70.1,65.23733786539829,0,0.0,13
44,8,AffectEV,30.0,Dengeli,12.636568951763449,34.584814966861586,2.917597280761023,63.98920714345393,29,29.590461261684258,63.16827239020393,70.1,65.23733786539829,0,0.0,13
44,8,AffectEV,50.0,Dengeli,12.636568951763449,34.584814966861586,2.917597280761023,63.98920714345393,29,29.590461261684258,63.16827239020393,70.1,65.23733786539829,0,0.0,13
44,8,AffectEV,65.0,Konfor,15.36748642406191,35.85078811886576,3.425000392169205,66.97143843912892,26,27.446838165172863,58.972550556596175,70.1,64.39166601305132,0,0.0,13
44,8,AffectEV,85.0,Konfor,15.36748642406191,35.85078811886576,3.425000392169205,66.97143843912892,26,27.446838165172863,58.972550556596175,70.1,64.39166601305132,0,0.0,13
45,8,Dijkstra,,,25.56201805383672,64.02215710630288,5.768493626377415,49.75654104261638,49,48.48069087443387,55.99625847526729,46.8,37.18584395603764,0,0.0,36
45,8,A*,,,44.27868376405925,45.403822789585135,7.528483936359606,81.12801980054044,11,19.937067226891433,36.95430015696066,46.8,34.25252677273399,0,0.0,36
45,8,NSGA-II,,Dengeli,44.27868376405925,45.403822789585135,7.528483936359606,81.12801980054044,11,19.937067226891433,36.95430015696066,46.8,34.25252677273399,0,0.0,36
45,8,AffectEV,15.0,Dengeli,44.27868376405925,45.403822789585135,7.528483936359606,81.12801980054044,11,19.937067226891433,36.95430015696066,46.8,34.25252677273399,0,0.0,36
45,8,AffectEV,30.0,Dengeli,44.27868376405925,45.403822789585135,7.528483936359606,81.12801980054044,11,19.937067226891433,36.95430015696066,46.8,34.25252677273399,0,0.0,36
45,8,AffectEV,50.0,Dengeli,44.27868376405925,45.403822789585135,7.528483936359606,81.12801980054044,11,19.937067226891433,36.95430015696066,46.8,34.25252677273399,0,0.0,36
45,8,AffectEV,65.0,Dengeli,44.27868376405925,45.403822789585135,7.528483936359606,81.12801980054044,11,19.937067226891433,36.95430015696066,46.8,34.25252677273399,0,0.0,36
45,8,AffectEV,85.0,Dengeli,44.27868376405925,45.403822789585135,7.528483936359606,81.12801980054044,11,19.937067226891433,36.95430015696066,46.8,34.25252677273399,0,0.0,36
46,8,Dijkstra,,,14.765837459808974,40.473253240139364,3.398544213677853,61.995660663149344,34,31.3670917860188,57.97105900522507,63.3,57.635759643870244,0,0.0,27
46,8,A*,,,15.348897599347689,29.833165696353905,3.1655623834345894,71.22957763357662,20,23.576988222297025,58.486629498671334,63.3,58.024062694275685,0,0.0,27
46,8,NSGA-II,,Dengeli,15.24322381918536,29.852936346371077,3.1931841266341205,72.3286851749193,19,22.332236867443857,57.35821882423769,63.3,57.97802645560979,0,0.0,27
46,8,AffectEV,15.0,Dengeli,15.24322381918536,29.852936346371077,3.1931841266341205,72.3286851749193,19,22.332236867443857,57.35821882423769,63.3,57.97802645560979,0,0.0,27
46,8,AffectEV,30.0,Dengeli,15.24322381918536,29.852936346371077,3.1931841266341205,72.3286851749193,19,22.332236867443857,57.35821882423769,63.3,57.97802645560979,0,0.0,27
46,8,AffectEV,50.0,Dengeli,15.24322381918536,29.852936346371077,3.1931841266341205,72.3286851749193,19,22.332236867443857,57.35821882423769,63.3,57.97802645560979,0,0.0,27
46,8,AffectEV,65.0,Konfor,19.251394027282583,36.48383461149711,4.068942636090335,74.75910931118281,16,21.552330898889114,53.875957095752284,63.3,56.51842893984944,0,0.0,27
46,8,AffectEV,85.0,Konfor,19.251394027282583,36.48383461149711,4.068942636090335,74.75910931118281,16,21.552330898889114,53.875957095752284,63.3,56.51842893984944,0,0.0,27
47,8,Dijkstra,,,19.20224016298778,50.72391128529055,4.422362125793638,59.72867350274244,39,34.83589898412543,51.602784010099654,61.0,53.6293964570106,0,0.0,32
47,8,A*,,,22.141964128089864,39.88958467386469,4.474823907008094,69.51067416956147,27,25.79677956815967,46.25145979995312,61.0,53.54196015498651,0,0.0,32
47,8,NSGA-II,,Dengeli,21.556759923109333,40.78700213610206,4.400125143566802,68.62801197998886,29,26.165928455383174,45.111047416980995,61.0,53.66645809405533,0,0.0,32
47,8,AffectEV,15.0,Dengeli,21.556759923109333,40.78700213610206,4.400125143566802,68.62801197998886,29,26.165928455383174,45.111047416980995,61.0,53.66645809405533,0,0.0,32
47,8,AffectEV,30.0,Dengeli,21.556759923109333,40.78700213610206,4.400125143566802,68.62801197998886,29,26.165928455383174,45.111047416980995,61.0,53.66645809405533,0,0.0,32
47,8,AffectEV,50.0,Dengeli,21.556759923109333,40.78700213610206,4.400125143566802,68.62801197998886,29,26.165928455383174,45.111047416980995,61.0,53.66645809405533,0,0.0,32
47,8,AffectEV,65.0,Konfor,22.219137292450725,41.54791249760786,4.561005916407468,70.28397026813536,26,25.107142217250527,45.91943533344742,61.0,53.39832347265422,0,0.0,32
47,8,AffectEV,85.0,Konfor,22.219137292450725,41.54791249760786,4.561005916407468,70.28397026813536,26,25.107142217250527,45.91943533344742,61.0,53.39832347265422,0,0.0,32
48,8,Dijkstra,,,18.664831703964754,47.06865220584306,4.36883726195876,65.91122866737514,35,26.721946216380996,42.8609373385528,49.1,41.81860456340207,0,0.0,14
48,8,A*,,,19.36885324706684,41.78312997496038,4.317218007271462,72.77839308771306,27,20.991055255462953,37.12145167824031,49.1,41.904636654547566,0,0.0,14
48,8,NSGA-II,,Dengeli,19.75063552017423,42.4048490213715,4.414725289965399,73.53079826291102,25,20.84754477005919,38.57469153035612,49.1,41.74212451672434,0,0.0,14
48,8,AffectEV,15.0,Verimlilik,19.36885324706684,41.78312997496038,4.317218007271462,72.77839308771306,27,20.991055255462953,37.12145167824031,49.1,41.904636654547566,0,0.0,14
48,8,AffectEV,30.0,Verimlilik,19.36885324706684,41.78312997496038,4.317218007271462,72.77839308771306,27,20.991055255462953,37.12145167824031,49.1,41.904636654547566,0,0.0,14
48,8,AffectEV,50.0,Dengeli,19.75063552017423,42.4048490213715,4.414725289965399,73.53079826291102,25,20.84754477005919,38.57469153035612,49.1,41.74212451672434,0,0.0,14
48,8,AffectEV,65.0,Konfor,30.07185291285307,52.00128874415824,6.384879675086176,79.72961500379066,17,16.74359154471267,33.73653766397773,49.1,38.45853387485637,0,0.0,14
48,8,AffectEV,85.0,Konfor,30.07185291285307,52.00128874415824,6.384879675086176,79.72961500379066,17,16.74359154471267,33.73653766397773,49.1,38.45853387485637,0,0.0,14
49,8,Dijkstra,,,22.65431248481913,70.93622113495546,5.371043921016085,36.61166619625669,74,55.230919201240795,49.09529021685534,58.4,49.448260131639856,0,0.0,7
49,8,A*,,,29.71921623353516,28.76051668127818,4.964500553218014,85.16345891794835,7,13.249015043326777,36.80918284526811,58.4,50.12583241130331,0,0.0,7
49,8,NSGA-II,,Dengeli,29.71921623353516,28.76051668127818,4.964500553218014,85.16345891794835,7,13.249015043326777,36.80918284526811,58.4,50.12583241130331,0,0.0,7
49,8,AffectEV,15.0,Dengeli,29.71921623353516,28.76051668127818,4.964500553218014,85.16345891794835,7,13.249015043326777,36.80918284526811,58.4,50.12583241130331,0,0.0,7
49,8,AffectEV,30.0,Dengeli,29.71921623353516,28.76051668127818,4.964500553218014,85.16345891794835,7,13.249015043326777,36.80918284526811,58.4,50.12583241130331,0,0.0,7
49,8,AffectEV,50.0,Dengeli,29.71921623353516,28.76051668127818,4.964500553218014,85.16345891794835,7,13.249015043326777,36.80918284526811,58.4,50.12583241130331,0,0.0,7
49,8,AffectEV,65.0,Dengeli,29.71921623353516,28.76051668127818,4.964500553218014,85.16345891794835,7,13.249015043326777,36.80918284526811,58.4,50.12583241130331,0,0.0,7
49,8,AffectEV,85.0,Dengeli,29.71921623353516,28.76051668127818,4.964500553218014,85.16345891794835,7,13.249015043326777,36.80918284526811,58.4,50.12583241130331,0,0.0,7
50,8,Dijkstra,,,24.358114248074624,56.15054817042063,5.317785660824215,56.91075310589436,40,40.831763702522636,54.19858891674428,87.5,78.63702389862631,0,0.0,11
50,8,A*,,,25.898012751719484,43.482379013597225,5.183488606431397,69.63802180329179,26,26.778363960933472,46.64234504214086,87.5,78.86085232261433,0,0.0,11
50,8,NSGA-II,,Dengeli,25.898012751719484,43.482379013597225,5.183488606431397,69.63802180329179,26,26.778363960933472,46.64234504214086,87.5,78.86085232261433,0,0.0,11
50,8,AffectEV,15.0,Verimlilik,24.61971180303254,44.709671723348166,5.057483829000736,67.09836782473275,27,30.321075188688845,51.52654809330305,87.5,79.07086028499877,0,0.0,11
50,8,AffectEV,30.0,Dengeli,25.898012751719484,43.482379013597225,5.183488606431397,69.63802180329179,26,26.778363960933472,46.64234504214086,87.5,78.86085232261433,0,0.0,11
50,8,AffectEV,50.0,Dengeli,25.898012751719484,43.482379013597225,5.183488606431397,69.63802180329179,26,26.778363960933472,46.64234504214086,87.5,78.86085232261433,0,0.0,11
50,8,AffectEV,65.0,Konfor,25.900614369087126,43.866937294053564,5.207990009214578,70.17788198038686,25,26.424955223059797,46.973157263476025,87.5,78.82001665130903,0,0.0,11
50,8,AffectEV,85.0,Konfor,25.900614369087126,43.866937294053564,5.207990009214578,70.17788198038686,25,26.424955223059797,46.973157263476025,87.5,78.82001665130903,0,0.0,11
1,9,Dijkstra,,,18.180626954473706,48.52163421161978,4.219893192488414,56.80262743044571,49,33.752522087761456,42.85807971612923,68.4,61.36684467918598,0,0.0,42
1,9,A*,,,24.477356109751526,30.96923262189525,4.529687358094694,82.95505675621334,13,12.911188929597524,33.357932824537,68.4,60.85052106984218,0,0.0,42
1,9,NSGA-II,,Dengeli,24.477356109751526,30.96923262189525,4.529687358094694,82.95505675621334,13,12.911188929597524,33.357932824537,68.4,60.85052106984218,0,0.0,42
1,9,AffectEV,15.0,Dengeli,24.477356109751526,30.96923262189525,4.529687358094694,82.95505675621334,13,12.911188929597524,33.357932824537,68.4,60.85052106984218,0,0.0,42
1,9,AffectEV,30.0,Dengeli,24.477356109751526,30.96923262189525,4.529687358094694,82.95505675621334,13,12.911188929597524,33.357932824537,68.4,60.85052106984218,0,0.0,42
1,9,AffectEV,50.0,Dengeli,24.477356109751526,30.96923262189525,4.529687358094694,82.95505675621334,13,12.911188929597524,33.357932824537,68.4,60.85052106984218,0,0.0,42
1,9,AffectEV,65.0,Dengeli,24.477356109751526,30.96923262189525,4.529687358094694,82.95505675621334,13,12.911188929597524,33.357932824537,68.4,60.85052106984218,0,0.0,42
1,9,AffectEV,85.0,Dengeli,24.477356109751526,30.96923262189525,4.529687358094694,82.95505675621334,13,12.911188929597524,33.357932824537,68.4,60.85052106984218,0,0.0,42
2,9,Dijkstra,,,25.08490021637783,39.59109904054569,5.051473100319679,74.86913609653658,20,21.03065361582242,44.10833909358347,52.2,43.780878166133874,0,0.0,11
2,9,A*,,,25.123592790695103,38.86270248711126,5.024883613587963,74.8630099669856,20,21.043813237636197,44.11923030861768,52.2,43.8251939773534,0,0.0,11
2,9,NSGA-II,,Verimlilik,25.123592790695103,38.86270248711126,5.024883613587963,74.8630099669856,20,21.043813237636197,44.11923030861768,52.2,43.8251939773534,0,0.0,11
2,9,AffectEV,15.0,Verimlilik,25.123592790695103,38.86270248711126,5.024883613587963,74.8630099669856,20,21.043813237636197,44.11923030861768,52.2,43.8251939773534,0,0.0,11
2,9,AffectEV,30.0,Verimlilik,25.123592790695103,38.86270248711126,5.024883613587963,74.8630099669856,20,21.043813237636197,44.11923030861768,52.2,43.8251939773534,0,0.0,11
2,9,AffectEV,50.0,Verimlilik,25.123592790695103,38.86270248711126,5.024883613587963,74.8630099669856,20,21.043813237636197,44.11923030861768,52.2,43.8251939773534,0,0.0,11
2,9,AffectEV,65.0,Konfor,28.603843253151144,41.762814892951916,5.618721749395066,80.84800195556909,12,16.63284095338377,40.81072879207895,52.2,42.83546375100823,0,0.0,11
2,9,AffectEV,85.0,Konfor,28.603843253151144,41.762814892951916,5.618721749395066,80.84800195556909,12,16.63284095338377,40.81072879207895,52.2,42.83546375100823,0,0.0,11
3,9,Dijkstra,,,10.944476773165217,35.224660366582974,2.6409194042327218,63.49721880864559,34,28.025093283086434,55.47626603214241,77.4,72.99846765961213,0,0.0,36
3,9,A*,,,13.252739858344919,30.43600189040328,2.9367144620081187,71.02094388869331,22,22.40098857103856,56.29379769997562,77.4,72.50547589665314,0,0.0,36
3,9,NSGA-II,,Dengeli,13.252739858344919,30.43600189040328,2.9367144620081187,71.02094388869331,22,22.40098857103856,56.29379769997562,77.4,72.50547589665314,0,0.0,36
3,9,AffectEV,15.0,Dengeli,13.252739858344919,30.43600189040328,2.9367144620081187,71.02094388869331,22,22.40098857103856,56.29379769997562,77.4,72.50547589665314,0,0.0,36
3,9,AffectEV,30.0,Dengeli,13.252739858344919,30.43600189040328,2.9367144620081187,71.02094388869331,22,22.40098857103856,56.29379769997562,77.4,72.50547589665314,0,0.0,36
3,9,AffectEV,50.0,Dengeli,13.252739858344919,30.43600189040328,2.9367144620081187,71.02094388869331,22,22.40098857103856,56.29379769997562,77.4,72.50547589665314,0,0.0,36
3,9,AffectEV,65.0,Dengeli,13.252739858344919,30.43600189040328,2.9367144620081187,71.02094388869331,22,22.40098857103856,56.29379769997562,77.4,72.50547589665314,0,0.0,36
3,9,AffectEV,85.0,Konfor,15.595661919027492,32.21812564547246,3.3476641465379986,72.22759189338879,20,22.292759650317723,55.42290105757945,77.4,71.82055975577,0,0.0,36
4,9,Dijkstra,,,20.388666386118903,37.713661249593095,4.325327672369821,77.92767547377807,15,17.658450340916215,46.37394711973538,40.6,33.3911205460503,0,0.0,31
4,9,A*,,,20.70766409191689,36.73616514034414,4.277051168728809,76.53984977088948,17,19.016077173473324,46.276635385342615,40.6,33.471581385451984,0,0.0,31
4,9,NSGA-II,,Dengeli,20.388666386118903,37.713661249593095,4.325327672369821,77.92767547377807,15,17.658450340916215,46.37394711973538,40.6,33.3911205460503,0,0.0,31
4,9,AffectEV,15.0,Verimlilik,20.70766409191689,36.73616514034414,4.277051168728809,76.53984977088948,17,19.016077173473324,46.276635385342615,40.6,33.471581385451984,0,0.0,31
4,9,AffectEV,30.0,Dengeli,20.388666386118903,37.713661249593095,4.325327672369821,77.92767547377807,15,17.658450340916215,46.37394711973538,40.6,33.3911205460503,0,0.0,31
4,9,AffectEV,50.0,Dengeli,20.388666386118903,37.713661249593095,4.325327672369821,77.92767547377807,15,17.658450340916215,46.37394711973538,40.6,33.3911205460503,0,0.0,31
4,9,AffectEV,65.0,Konfor,33.536003182489935,43.01885558504255,6.202192074911824,80.25549437656426,13,18.67510171215124,38.20987554895183,40.6,30.263013208480295,0,0.0,31
4,9,AffectEV,85.0,Konfor,33.536003182489935,43.01885558504255,6.202192074911824,80.25549437656426,13,18.67510171215124,38.20987554895183,40.6,30.263013208480295,0,0.0,31
5,9,Dijkstra,,,16.803270107900584,55.752986016850706,4.114873484702653,51.89501875726299,50,41.08887864222265,53.89158825035107,47.9,41.04187752549558,0,0.0,17
5,9,A*,,,18.192093990027015,39.569686959696085,4.0798964814951955,72.6505580880261,18,23.37156952830505,56.689855267411936,47.9,41.10017253084134,0,0.0,17
5,9,NSGA-II,,Dengeli,18.192093990027015,39.569686959696085,4.0798964814951955,72.6505580880261,18,23.37156952830505,56.689855267411936,47.9,41.10017253084134,0,0.0,17
5,9,AffectEV,15.0,Dengeli,18.192093990027015,39.569686959696085,4.0798964814951955,72.6505580880261,18,23.37156952830505,56.689855267411936,47.9,41.10017253084134,0,0.0,17
5,9,AffectEV,30.0,Dengeli,18.192093990027015,39.569686959696085,4.0798964814951955,72.6505580880261,18,23.37156952830505,56.689855267411936,47.9,41.10017253084134,0,0.0,17
5,9,AffectEV,50.0,Dengeli,18.192093990027015,39.569686959696085,4.0798964814951955,72.6505580880261,18,23.37156952830505,56.689855267411936,47.9,41.10017253084134,0,0.0,17
5,9,AffectEV,65.0,Dengeli,18.192093990027015,39.569686959696085,4.0798964814951955,72.6505580880261,18,23.37156952830505,56.689855267411936,47.9,41.10017253084134,0,0.0,17
5,9,AffectEV,85.0,Dengeli,18.192093990027015,39.569686959696085,4.0798964814951955,72.6505580880261,18,23.37156952830505,56.689855267411936,47.9,41.10017253084134,0,0.0,17
6,9,Dijkstra,,,15.816035757029267,42.400307416122224,3.656298067437548,60.421660526199375,43,30.3842921851819,44.815259091230295,75.2,69.1061698876041,0,0.0,42
6,9,A*,,,18.27037894087104,35.685567798728904,3.8811294267873797,74.40389949193491,24,19.0082520442381,39.468124473968274,75.2,68.73145095535438,0,0.0,42
6,9,NSGA-II,,Dengeli,17.833690055170337,36.04521757421203,3.795318378619,71.84316833807532,28,20.75176076386131,39.65651716383142,75.2,68.87446936896833,0,0.0,42
6,9,AffectEV,15.0,Dengeli,17.833690055170337,36.04521757421203,3.795318378619,71.84316833807532,28,20.75176076386131,39.65651716383142,75.2,68.87446936896833,0,0.0,42
6,9,AffectEV,30.0,Dengeli,17.833690055170337,36.04521757421203,3.795318378619,71.84316833807532,28,20.75176076386131,39.65651716383142,75.2,68.87446936896833,0,0.0,42
6,9,AffectEV,50.0,Dengeli,17.833690055170337,36.04521757421203,3.795318378619,71.84316833807532,28,20.75176076386131,39.65651716383142,75.2,68.87446936896833,0,0.0,42
6,9,AffectEV,65.0,Konfor,18.305398305815253,35.732115115996145,3.888172257534205,74.41000434628661,24,19.009396934474758,39.43588286685482,75.2,68.71971290410966,0,0.0,42
6,9,AffectEV,85.0,Konfor,18.305398305815253,35.732115115996145,3.888172257534205,74.41000434628661,24,19.009396934474758,39.43588286685482,75.2,68.71971290410966,0,0.0,42
7,9,Dijkstra,,,30.54779619598615,64.77351201142851,6.567842188121148,52.958416330167466,44,46.54697403699403,55.387457293671645,79.6,68.65359635313142,0,0.0,24
7,9,A*,,,51.013162304889725,44.99717719716675,8.384365120310802,82.65400682934708,8,19.72621817315205,37.14063859353653,79.6,65.62605813281533,0,0.0,24
7,9,NSGA-II,,Dengeli,51.013162304889725,44.99717719716675,8.384365120310802,82.65400682934708,8,19.72621817315205,37.14063859353653,79.6,65.62605813281533,0,0.0,24
7,9,AffectEV,15.0,Dengeli,51.013162304889725,44.99717719716675,8.384365120310802,82.65400682934708,8,19.72621817315205,37.14063859353653,79.6,65.62605813281533,0,0.0,24
7,9,AffectEV,30.0,Dengeli,51.013162304889725,44.99717719716675,8.384365120310802,82.65400682934708,8,19.72621817315205,37.14063859353653,79.6,65.62605813281533,0,0.0,24
7,9,AffectEV,50.0,Dengeli,51.013162304889725,44.99717719716675,8.384365120310802,82.65400682934708,8,19.72621817315205,37.14063859353653,79.6,65.62605813281533,0,0.0,24
7,9,AffectEV,65.0,Dengeli,51.013162304889725,44.99717719716675,8.384365120310802,82.65400682934708,8,19.72621817315205,37.14063859353653,79.6,65.62605813281533,0,0.0,24
7,9,AffectEV,85.0,Dengeli,51.013162304889725,44.99717719716675,8.384365120310802,82.65400682934708,8,19.72621817315205,37.14063859353653,79.6,65.62605813281533,0,0.0,24
8,9,Dijkstra,,,25.23747109975654,65.34398236302614,5.976606037707078,57.81241688148347,45,36.6453808757957,43.46984427888909,43.6,33.638989937154875,0,0.0,37
8,9,A*,,,26.034519756300163,61.06102335519232,6.032705026863107,62.900816391706826,37,32.511828493813645,44.22817530074538,43.6,33.545491621894826,0,0.0,37
8,9,NSGA-II,,Dengeli,26.034519756300163,61.06102335519232,6.032705026863107,62.900816391706826,37,32.511828493813645,44.22817530074538,43.6,33.545491621894826,0,0.0,37
8,9,AffectEV,15.0,Dengeli,26.034519756300163,61.06102335519232,6.032705026863107,62.900816391706826,37,32.511828493813645,44.22817530074538,43.6,33.545491621894826,0,0.0,37
8,9,AffectEV,30.0,Dengeli,26.034519756300163,61.06102335519232,6.032705026863107,62.900816391706826,37,32.511828493813645,44.22817530074538,43.6,33.545491621894826,0,0.0,37
8,9,AffectEV,50.0,Dengeli,26.034519756300163,61.06102335519232,6.032705026863107,62.900816391706826,37,32.511828493813645,44.22817530074538,43.6,33.545491621894826,0,0.0,37
8,9,AffectEV,65.0,Konfor,28.764267605056315,65.64486634930256,6.708298502009844,66.36837902679622,31,30.536107359851645,44.853943826241476,43.6,32.41950249665027,0,0.0,37
8,9,AffectEV,85.0,Konfor,28.764267605056315,65.64486634930256,6.708298502009844,66.36837902679622,31,30.536107359851645,44.853943826241476,43.6,32.41950249665027,0,0.0,37
9,9,Dijkstra,,,17.935784581718238,41.198600795779534,3.906419451048596,63.038616601521525,38,29.35245841298555,45.77822937291406,55.9,49.389300914919005,0,0.0,6
9,9,A*,,,25.90471328614617,29.748377745799,4.5942956933644625,82.61842114047651,12,14.360169911967995,35.367639429665445,55.9,48.24284051105923,0,0.0,6
9,9,NSGA-II,,Dengeli,25.90471328614617,29.748377745799,4.5942956933644625,82.61842114047651,12,14.360169911967995,35.367639429665445,55.9,48.24284051105923,0,0.0,6
9,9,AffectEV,15.0,Verimlilik,19.598539248044244,32.844965542846175,3.9032380269941056,74.87621363476373,22,19.63096843837816,41.1724791686141,55.9,49.394603288343156,0,0.0,6
9,9,AffectEV,30.0,Dengeli,25.90471328614617,29.748377745799,4.5942956933644625,82.61842114047651,12,14.360169911967995,35.367639429665445,55.9,48.24284051105923,0,0.0,6
9,9,AffectEV,50.0,Dengeli,25.90471328614617,29.748377745799,4.5942956933644625,82.61842114047651,12,14.360169911967995,35.367639429665445,55.9,48.24284051105923,0,0.0,6
9,9,AffectEV,65.0,Dengeli,25.90471328614617,29.748377745799,4.5942956933644625,82.61842114047651,12,14.360169911967995,35.367639429665445,55.9,48.24284051105923,0,0.0,6
9,9,AffectEV,85.0,Dengeli,25.90471328614617,29.748377745799,4.5942956933644625,82.61842114047651,12,14.360169911967995,35.367639429665445,55.9,48.24284051105923,0,0.0,6
10,9,Dijkstra,,,26.29086706365498,43.293564767870095,5.477970196365958,77.84809177503216,12,20.611059485281363,49.84295189691715,56.9,47.7700496727234,0,0.0,39
10,9,A*,,,40.03248737154875,35.37912171382182,6.6074674434634355,86.16807507659222,5,13.840228709251074,35.899281553162304,56.9,45.88755426089428,0,0.0,39
10,9,NSGA-II,,Dengeli,29.92896620240676,39.032943110303286,5.647404198648564,83.3232904175162,8,14.991757834331164,40.89591116092225,56.9,47.48765966891906,0,0.0,39
10,9,AffectEV,15.0,Dengeli,29.92896620240676,39.032943110303286,5.647404198648564,83.3232904175162,8,14.991757834331164,40.89591116092225,56.9,47.48765966891906,0,0.0,39
10,9,AffectEV,30.0,Dengeli,29.92896620240676,39.032943110303286,5.647404198648564,83.3232904175162,8,14.991757834331164,40.89591116092225,56.9,47.48765966891906,0,0.0,39
10,9,AffectEV,50.0,Konfor,40.03735853397256,35.4393352754316,6.611224996330328,86.19830355827551,5,13.801839945256495,35.80572229073772,56.9,45.88129167278279,0,0.0,39
10,9,AffectEV,65.0,Konfor,40.03735853397256,35.4393352754316,6.611224996330328,86.19830355827551,5,13.801839945256495,35.80572229073772,56.9,45.88129167278279,0,0.0,39
10,9,AffectEV,85.0,Konfor,40.03735853397256,35.4393352754316,6.611224996330328,86.19830355827551,5,13.801839945256495,35.80572229073772,56.9,45.88129167278279,0,0.0,39
11,9,Dijkstra,,,21.66993991746172,58.060028562277076,5.07117403118836,56.43883172950866,38,41.40259255385332,60.70195252167675,65.7,57.248043281352736,0,0.0,45
11,9,A*,,,22.68551143331937,53.36338818278258,5.250124133727502,64.27709667586956,26,34.51004472154901,61.849449538328734,65.7,56.949793110454166,0,0.0,45
11,9,NSGA-II,,Dengeli,22.373736008750544,53.45382557826245,5.124370267208301,62.02611413672248,31,35.61429118547837,58.94799253817006,65.7,57.15938288798617,0,0.0,45
11,9,AffectEV,15.0,Dengeli,22.373736008750544,53.45382557826245,5.124370267208301,62.02611413672248,31,35.61429118547837,58.94799253817006,65.7,57.15938288798617,0,0.0,45
11,9,AffectEV,30.0,Dengeli,22.373736008750544,53.45382557826245,5.124370267208301,62.02611413672248,31,35.61429118547837,58.94799253817006,65.7,57.15938288798617,0,0.0,45
11,9,AffectEV,50.0,Dengeli,22.373736008750544,53.45382557826245,5.124370267208301,62.02611413672248,31,35.61429118547837,58.94799253817006,65.7,57.15938288798617,0,0.0,45
11,9,AffectEV,65.0,Konfor,22.90099543340336,54.04665497511616,5.312564136642973,64.3644049409846,26,34.47020424633415,61.47266892557576,65.7,56.84572643892838,0,0.0,45
11,9,AffectEV,85.0,Konfor,22.90099543340336,54.04665497511616,5.312564136642973,64.3644049409846,26,34.47020424633415,61.47266892557576,65.7,56.84572643892838,0,0.0,45
12,9,Dijkstra,,,23.210046865366078,62.865159280643724,5.455473224789382,52.85349578600933,50,41.153458569591976,49.00233321556536,42.6,33.50754462535103,0,0.0,43
12,9,A*,,,24.653589322184306,51.58332536986134,5.394220194081313,64.45655369321078,32,31.913898842654117,49.84638326996494,42.6,33.60963300986448,0,0.0,43
12,9,NSGA-II,,Dengeli,24.653589322184306,51.58332536986134,5.394220194081313,64.45655369321078,32,31.913898842654117,49.84638326996494,42.6,33.60963300986448,0,0.0,43
12,9,AffectEV,15.0,Dengeli,24.653589322184306,51.58332536986134,5.394220194081313,64.45655369321078,32,31.913898842654117,49.84638326996494,42.6,33.60963300986448,0,0.0,43
12,9,AffectEV,30.0,Dengeli,24.653589322184306,51.58332536986134,5.394220194081313,64.45655369321078,32,31.913898842654117,49.84638326996494,42.6,33.60963300986448,0,0.0,43
12,9,AffectEV,50.0,Dengeli,24.653589322184306,51.58332536986134,5.394220194081313,64.45655369321078,32,31.913898842654117,49.84638326996494,42.6,33.60963300986448,0,0.0,43
12,9,AffectEV,65.0,Konfor,39.51648001473208,56.4054130755794,7.568973901021325,72.85131553349844,22,26.152829312854376,41.51417836322626,42.6,29.98504349829779,0,0.0,43
12,9,AffectEV,85.0,Konfor,39.51648001473208,56.4054130755794,7.568973901021325,72.85131553349844,22,26.152829312854376,41.51417836322626,42.6,29.98504349829779,0,0.0,43
13,9,Dijkstra,,,17.365727681979003,46.87594234170936,4.12739365421794,62.320064381749155,37,29.940623743759044,50.98874247561566,77.8,70.92101057630343,0,0.0,73
13,9,A*,,,18.63793943550377,43.37926297285622,4.2462305122343365,68.7182714665738,29,24.44306409251888,47.24404652835268,77.8,70.72294914627611,0,0.0,73
13,9,NSGA-II,,Dengeli,18.684053779311363,43.426506328629166,4.25750076409658,69.19462410868522,28,24.24365898105013,47.66139098499875,77.8,70.70416539317236,0,0.0,73
13,9,AffectEV,15.0,Dengeli,18.684053779311363,43.426506328629166,4.25750076409658,69.19462410868522,28,24.24365898105013,47.66139098499875,77.8,70.70416539317236,0,0.0,73
13,9,AffectEV,30.0,Dengeli,18.684053779311363,43.426506328629166,4.25750076409658,69.19462410868522,28,24.24365898105013,47.66139098499875,77.8,70.70416539317236,0,0.0,73
13,9,AffectEV,50.0,Dengeli,18.684053779311363,43.426506328629166,4.25750076409658,69.19462410868522,28,24.24365898105013,47.66139098499875,77.8,70.70416539317236,0,0.0,73
13,9,AffectEV,65.0,Konfor,22.78938662031705,46.0212606030203,5.052120912866161,73.7651762372339,21,21.711612582103804,46.10669994067477,77.8,69.3797984785564,0,0.0,73
13,9,AffectEV,85.0,Konfor,22.78938662031705,46.0212606030203,5.052120912866161,73.7651762372339,21,21.711612582103804,46.10669994067477,77.8,69.3797984785564,0,0.0,73
14,9,Dijkstra,,,23.12440075830618,48.467649925369,4.97157805883522,63.733341186313666,28,34.662720566192334,59.33921321914315,63.8,55.51403656860796,0,0.0,17
14,9,A*,,,24.073160375945697,42.67645529936661,5.041326573103901,71.8321889255393,15,28.419353619981006,60.710024942331984,63.8,55.39778904482683,0,0.0,17
14,9,NSGA-II,,Dengeli,24.073160375945697,42.67645529936661,5.041326573103901,71.8321889255393,15,28.419353619981006,60.710024942331984,63.8,55.39778904482683,0,0.0,17
14,9,AffectEV,15.0,Dengeli,24.073160375945697,42.67645529936661,5.041326573103901,71.8321889255393,15,28.419353619981006,60.710024942331984,63.8,55.39778904482683,0,0.0,17
14,9,AffectEV,30.0,Dengeli,24.073160375945697,42.67645529936661,5.041326573103901,71.8321889255393,15,28.419353619981006,60.710024942331984,63.8,55.39778904482683,0,0.0,17
14,9,AffectEV,50.0,Dengeli,24.073160375945697,42.67645529936661,5.041326573103901,71.8321889255393,15,28.419353619981006,60.710024942331984,63.8,55.39778904482683,0,0.0,17
14,9,AffectEV,65.0,Konfor,25.143657616713664,44.41599132032711,5.275558036912536,73.65804467776825,13,26.83145316525485,58.96259686327648,63.8,55.007403271812436,0,0.0,17
14,9,AffectEV,85.0,Konfor,25.143657616713664,44.41599132032711,5.275558036912536,73.65804467776825,13,26.83145316525485,58.96259686327648,63.8,55.007403271812436,0,0.0,17
15,9,Dijkstra,,,20.62345860912918,47.76306826507602,4.721966066102299,66.3141049970112,31,28.16251662025804,48.68570008455693,84.0,76.13005655649617,0,0.0,27
15,9,A*,,,37.068481388952925,42.273446068881825,6.54489704611476,76.57745621269913,20,21.452634256693706,34.93376755146377,84.0,73.0918382564754,0,0.0,27
15,9,NSGA-II,,Dengeli,31.031160723698864,45.42513983649336,6.01822393997898,76.66587346970228,18,21.052098262487817,40.0924852577569,84.0,73.96962676670171,0,0.0,27
15,9,AffectEV,15.0,Verimlilik,20.62345860912918,47.76306826507602,4.721966066102299,66.3141049970112,31,28.16251662025804,48.68570008455693,84.0,76.13005655649617,0,0.0,27
15,9,AffectEV,30.0,Dengeli,31.031160723698864,45.42513983649336,6.01822393997898,76.66587346970228,18,21.052098262487817,40.0924852577569,84.0,73.96962676670171,0,0.0,27
15,9,AffectEV,50.0,Dengeli,31.031160723698864,45.42513983649336,6.01822393997898,76.66587346970228,18,21.052098262487817,40.0924852577569,84.0,73.96962676670171,0,0.0,27
15,9,AffectEV,65.0,Konfor,37.55031233259389,43.64489548806354,6.702524675803261,77.46294965907819,19,20.495960540056775,34.44131089452384,84.0,72.8291255403279,0,0.0,27
15,9,AffectEV,85.0,Konfor,37.55031233259389,43.64489548806354,6.702524675803261,77.46294965907819,19,20.495960540056775,34.44131089452384,84.0,72.8291255403279,0,0.0,27
16,9,Dijkstra,,,24.536024349497236,43.82964185162691,5.10481447545339,69.78389440241895,27,25.926247117634485,44.6911573114535,71.8,63.29197587424434,0,0.0,30
16,9,A*,,,24.950497076656042,41.023044843938415,5.067027551507541,71.6774618612588,24,24.37197678211814,45.054725520528756,71.8,63.35495408082076,0,0.0,30
16,9,NSGA-II,,Dengeli,24.55030859378415,41.07623089132057,5.0222752571712785,71.82311438170404,24,24.022474072105076,44.85071698332214,71.8,63.42954123804787,0,0.0,30
16,9,AffectEV,15.0,Verimlilik,24.538277237744452,41.05127380492244,5.018374991236431,71.74014697235253,24,24.193975884747452,45.008301311116206,71.8,63.43604168127261,0,0.0,30
16,9,AffectEV,30.0,Dengeli,24.55030859378415,41.07623089132057,5.0222752571712785,71.82311438170404,24,24.022474072105076,44.85071698332214,71.8,63.42954123804787,0,0.0,30
16,9,AffectEV,50.0,Konfor,29.056862454917308,51.40604497842251,6.243172923085026,75.96132336682422,13,23.844583685292857,51.926507637939594,71.8,61.39471179485829,0,0.0,30
16,9,AffectEV,65.0,Konfor,29.056862454917308,51.40604497842251,6.243172923085026,75.96132336682422,13,23.844583685292857,51.926507637939594,71.8,61.39471179485829,0,0.0,30
16,9,AffectEV,85.0,Konfor,29.056862454917308,51.40604497842251,6.243172923085026,75.96132336682422,13,23.844583685292857,51.926507637939594,71.8,61.39471179485829,0,0.0,30
17,9,Dijkstra,,,17.48013166005094,36.942550236176565,3.812710900594312,70.7113217929461,22,24.499368101982338,54.69433888229602,72.1,65.7454818323428,0,0.0,35
17,9,A*,,,17.48038052525706,35.62787082591921,3.7698903403403365,71.37032467672603,21,23.87516556566879,54.835628267866646,72.1,65.8168494327661,0,0.0,35
17,9,NSGA-II,,Verimlilik,17.48038052525706,35.62787082591921,3.7698903403403365,71.37032467672603,21,23.87516556566879,54.835628267866646,72.1,65.8168494327661,0,0.0,35
17,9,AffectEV,15.0,Verimlilik,17.48038052525706,35.62787082591921,3.7698903403403365,71.37032467672603,21,23.87516556566879,54.835628267866646,72.1,65.8168494327661,0,0.0,35
17,9,AffectEV,30.0,Verimlilik,17.48038052525706,35.62787082591921,3.7698903403403365,71.37032467672603,21,23.87516556566879,54.835628267866646,72.1,65.8168494327661,0,0.0,35
17,9,AffectEV,50.0,Verimlilik,17.48038052525706,35.62787082591921,3.7698903403403365,71.37032467672603,21,23.87516556566879,54.835628267866646,72.1,65.8168494327661,0,0.0,35
17,9,AffectEV,65.0,Konfor,24.989072203080152,42.001742992471854,5.108733919809204,76.90430670411016,15,20.62890749466922,47.035105237445435,72.1,63.58544346698466,0,0.0,35
17,9,AffectEV,85.0,Konfor,24.989072203080152,42.001742992471854,5.108733919809204,76.90430670411016,15,20.62890749466922,47.035105237445435,72.1,63.58544346698466,0,0.0,35
18,9,Dijkstra,,,17.47460100191027,23.100626122227414,3.1962965887637065,84.67973401088042,12,10.296420184674547,31.15669966858607,59.6,54.272839018727154,0,0.0,3
18,9,A*,,,17.702903599446085,21.914644389899028,3.2388287479830185,87.68956382386818,7,7.942234680718243,32.13882885958173,59.6,54.20195208669497,0,0.0,3
18,9,NSGA-II,,Dengeli,17.702903599446085,21.914644389899028,3.2388287479830185,87.68956382386818,7,7.942234680718243,32.13882885958173,59.6,54.20195208669497,0,0.0,3
18,9,AffectEV,15.0,Verimlilik,17.47460100191027,23.100626122227414,3.1962965887637065,84.67973401088042,12,10.296420184674547,31.15669966858607,59.6,54.272839018727154,0,0.0,3
18,9,AffectEV,30.0,Dengeli,17.702903599446085,21.914644389899028,3.2388287479830185,87.68956382386818,7,7.942234680718243,32.13882885958173,59.6,54.20195208669497,0,0.0,3
18,9,AffectEV,50.0,Dengeli,17.702903599446085,21.914644389899028,3.2388287479830185,87.68956382386818,7,7.942234680718243,32.13882885958173,59.6,54.20195208669497,0,0.0,3
18,9,AffectEV,65.0,Dengeli,17.702903599446085,21.914644389899028,3.2388287479830185,87.68956382386818,7,7.942234680718243,32.13882885958173,59.6,54.20195208669497,0,0.0,3
18,9,AffectEV,85.0,Dengeli,17.702903599446085,21.914644389899028,3.2388287479830185,87.68956382386818,7,7.942234680718243,32.13882885958173,59.6,54.20195208669497,0,0.0,3
19,9,Dijkstra,,,18.10643454076064,52.73359665553307,4.246416097706388,53.309299190401234,47,40.618564313745935,55.02565757737492,73.9,66.82263983715603,0,0.0,73
19,9,A*,,,25.263487683094915,37.9173708136566,4.8120570342889195,75.60612045704744,20,21.064394955510174,40.37280528149755,73.9,65.87990494285181,0,0.0,73
19,9,NSGA-II,,Dengeli,25.070236376777835,37.931650551219754,4.780483488366815,75.59798681301343,20,21.05917673542907,40.42130083178921,73.9,65.93252751938864,0,0.0,73
19,9,AffectEV,15.0,Dengeli,25.070236376777835,37.931650551219754,4.780483488366815,75.59798681301343,20,21.05917673542907,40.42130083178921,73.9,65.93252751938864,0,0.0,73
19,9,AffectEV,30.0,Dengeli,25.070236376777835,37.931650551219754,4.780483488366815,75.59798681301343,20,21.05917673542907,40.42130083178921,73.9,65.93252751938864,0,0.0,73
19,9,AffectEV,50.0,Dengeli,25.070236376777835,37.931650551219754,4.780483488366815,75.59798681301343,20,21.05917673542907,40.42130083178921,73.9,65.93252751938864,0,0.0,73
19,9,AffectEV,65.0,Konfor,27.838619025310027,38.98998356480434,5.277307478627214,78.28156917656801,15,19.486667053639174,41.862153536701165,73.9,65.10448753562132,0,0.0,73
19,9,AffectEV,85.0,Konfor,27.838619025310027,38.98998356480434,5.277307478627214,78.28156917656801,15,19.486667053639174,41.862153536701165,73.9,65.10448753562132,0,0.0,73
20,9,Dijkstra,,,25.336148811841916,60.68739824076608,5.524559880021706,51.28307323160017,48,46.4907890174115,53.84845031588193,55.2,45.992400199963825,0,0.0,30
20,9,A*,,,26.257427221010474,53.618193372653856,5.529573587924406,59.30191121439034,36,39.57809464913791,54.123301954341436,55.2,45.98404402012599,0,0.0,30
20,9,NSGA-II,,Dengeli,26.261751283271288,53.89929870863145,5.548267237214769,59.9378246170491,35,39.06145886530405,54.21868861679842,55.2,45.95288793797539,0,0.0,30
20,9,AffectEV,15.0,Dengeli,26.261751283271288,53.89929870863145,5.548267237214769,59.9378246170491,35,39.06145886530405,54.21868861679842,55.2,45.95288793797539,0,0.0,30
20,9,AffectEV,30.0,Dengeli,26.261751283271288,53.89929870863145,5.548267237214769,59.9378246170491,35,39.06145886530405,54.21868861679842,55.2,45.95288793797539,0,0.0,30
20,9,AffectEV,50.0,Dengeli,26.261751283271288,53.89929870863145,5.548267237214769,59.9378246170491,35,39.06145886530405,54.21868861679842,55.2,45.95288793797539,0,0.0,30
20,9,AffectEV,65.0,Konfor,30.28953792443592,59.316911414751786,6.424541047994417,62.90857439039849,31,36.81311412907995,52.73745685438761,55.2,44.49243158667598,0,0.0,30
20,9,AffectEV,85.0,Konfor,30.28953792443592,59.316911414751786,6.424541047994417,62.90857439039849,31,36.81311412907995,52.73745685438761,55.2,44.49243158667598,0,0.0,30
21,9,Dijkstra,,,23.542621774622575,46.31720088582049,5.152495589389575,74.78339287040333,23,19.823065390022354,38.84843756294982,70.5,61.912507351017375,0,0.0,12
21,9,A*,,,26.20732862551718,34.46752780732091,4.895954245810477,81.38072374477923,13,15.186909848763458,37.81601650295865,70.5,62.34007625698254,0,0.0,12
21,9,NSGA-II,,Dengeli,26.186626267309094,34.471679242180265,4.893517736143048,81.37783501408691,13,15.187838216086112,37.829067605436244,70.5,62.34413710642825,0,0.0,12
21,9,AffectEV,15.0,Dengeli,26.186626267309094,34.471679242180265,4.893517736143048,81.37783501408691,13,15.187838216086112,37.829067605436244,70.5,62.34413710642825,0,0.0,12
21,9,AffectEV,30.0,Dengeli,26.186626267309094,34.471679242180265,4.893517736143048,81.37783501408691,13,15.187838216086112,37.829067605436244,70.5,62.34413710642825,0,0.0,12
21,9,AffectEV,50.0,Dengeli,26.186626267309094,34.471679242180265,4.893517736143048,81.37783501408691,13,15.187838216086112,37.829067605436244,70.5,62.34413710642825,0,0.0,12
21,9,AffectEV,65.0,Dengeli,26.186626267309094,34.471679242180265,4.893517736143048,81.37783501408691,13,15.187838216086112,37.829067605436244,70.5,62.34413710642825,0,0.0,12
21,9,AffectEV,85.0,Dengeli,26.186626267309094,34.471679242180265,4.893517736143048,81.37783501408691,13,15.187838216086112,37.829067605436244,70.5,62.34413710642825,0,0.0,12
22,9,Dijkstra,,,15.927133076834163,37.53342194513286,3.626870646136758,71.04040217324635,23,22.980050234877645,52.82791378145181,55.0,48.95521558977207,0,0.0,33
22,9,A*,,,17.030261600569844,35.89116238927006,3.810300272328207,74.00819549624335,19,20.448934994468804,51.78562002708007,55.0,48.64949954611966,0,0.0,33
22,9,NSGA-II,,Dengeli,17.030261600569844,35.89116238927006,3.810300272328207,74.00819549624335,19,20.448934994468804,51.78562002708007,55.0,48.64949954611966,0,0.0,33
22,9,AffectEV,15.0,Dengeli,17.030261600569844,35.89116238927006,3.810300272328207,74.00819549624335,19,20.448934994468804,51.78562002708007,55.0,48.64949954611966,0,0.0,33
22,9,AffectEV,30.0,Dengeli,17.030261600569844,35.89116238927006,3.810300272328207,74.00819549624335,19,20.448934994468804,51.78562002708007,55.0,48.64949954611966,0,0.0,33
22,9,AffectEV,50.0,Dengeli,17.030261600569844,35.89116238927006,3.810300272328207,74.00819549624335,19,20.448934994468804,51.78562002708007,55.0,48.64949954611966,0,0.0,33
22,9,AffectEV,65.0,Konfor,18.406357215697444,38.852536007372585,4.15908983634721,74.97081431605032,19,19.50352732561601,48.39063743132436,55.0,48.068183606087985,0,0.0,33
22,9,AffectEV,85.0,Konfor,18.406357215697444,38.852536007372585,4.15908983634721,74.97081431605032,19,19.50352732561601,48.39063743132436,55.0,48.068183606087985,0,0.0,33
23,9,Dijkstra,,,14.53899591594657,37.819587423161416,3.3630812927611617,66.40986971504965,30,25.872430388214674,54.14200584242975,77.6,71.99486451206472,0,0.0,100
23,9,A*,,,15.548561767311973,34.38973816599834,3.4187368517292307,70.32698593213863,23,23.751023090445216,55.23853570363907,77.6,71.90210524711794,0,0.0,100
23,9,NSGA-II,,Dengeli,15.844111421333722,34.69576673228378,3.5241077122147026,72.6056161619906,19,22.034278635670855,56.42050123654074,77.6,71.72648714630883,0,0.0,100
23,9,AffectEV,15.0,Dengeli,15.844111421333722,34.69576673228378,3.5241077122147026,72.6056161619906,19,22.034278635670855,56.42050123654074,77.6,71.72648714630883,0,0.0,100
23,9,AffectEV,30.0,Dengeli,15.844111421333722,34.69576673228378,3.5241077122147026,72.6056161619906,19,22.034278635670855,56.42050123654074,77.6,71.72648714630883,0,0.0,100
23,9,AffectEV,50.0,Dengeli,15.844111421333722,34.69576673228378,3.5241077122147026,72.6056161619906,19,22.034278635670855,56.42050123654074,77.6,71.72648714630883,0,0.0,100
23,9,AffectEV,65.0,Konfor,19.641451192007356,40.899531863728235,4.356773436000719,74.63143563936185,19,20.622263255831154,48.409426919444016,77.6,70.33871093999879,0,0.0,100
23,9,AffectEV,85.0,Konfor,19.641451192007356,40.899531863728235,4.356773436000719,74.63143563936185,19,20.622263255831154,48.409426919444016,77.6,70.33871093999879,0,0.0,100
24,9,Dijkstra,,,28.355075619484303,80.26679686514862,6.8083992895251395,43.0848405323371,63,51.957887324443135,49.1389663516498,60.0,48.65266785079143,0,0.0,21
24,9,A*,,,31.39342358371912,54.51638681241634,6.37179810149706,65.9374735760645,31,31.853301624429687,45.03267968303295,60.0,49.3803364975049,0,0.0,21
24,9,NSGA-II,,Dengeli,31.39342358371912,54.51638681241634,6.37179810149706,65.9374735760645,31,31.853301624429687,45.03267968303295,60.0,49.3803364975049,0,0.0,21
24,9,AffectEV,15.0,Dengeli,31.39342358371912,54.51638681241634,6.37179810149706,65.9374735760645,31,31.853301624429687,45.03267968303295,60.0,49.3803364975049,0,0.0,21
24,9,AffectEV,30.0,Dengeli,31.39342358371912,54.51638681241634,6.37179810149706,65.9374735760645,31,31.853301624429687,45.03267968303295,60.0,49.3803364975049,0,0.0,21
24,9,AffectEV,50.0,Dengeli,31.39342358371912,54.51638681241634,6.37179810149706,65.9374735760645,31,31.853301624429687,45.03267968303295,60.0,49.3803364975049,0,0.0,21
24,9,AffectEV,65.0,Dengeli,31.39342358371912,54.51638681241634,6.37179810149706,65.9374735760645,31,31.853301624429687,45.03267968303295,60.0,49.3803364975049,0,0.0,21
24,9,AffectEV,85.0,Konfor,32.87757493366866,58.315214068561126,6.789483475048829,66.83759029058193,30,31.159932830169094,44.07214930183673,60.0,48.68419420825195,0,0.0,21
25,9,Dijkstra,,,22.02802455703555,39.575272570860236,4.578655610199622,71.925344557511,22,23.826519195410476,49.63349841932929,84.3,76.66890731633396,0,0.0,19
25,9,A*,,,22.07635719799187,38.74691382079618,4.544681025904443,72.07120741650431,22,23.60256674261183,49.24011280356069,84.3,76.72553162349259,0,0.0,19
25,9,NSGA-II,,Dengeli,22.087556640836695,39.153539503031396,4.5650257311883475,72.33896415307217,22,23.248463126715357,48.432484544566094,84.3,76.69162378135275,0,0.0,19
25,9,AffectEV,15.0,Verimlilik,22.03064701851419,38.761011466591675,4.535870676549174,72.00182538818655,22,23.72249048065583,49.40713733808354,84.3,76.7402155390847,0,0.0,19
25,9,AffectEV,30.0,Dengeli,22.087556640836695,39.153539503031396,4.5650257311883475,72.33896415307217,22,23.248463126715357,48.432484544566094,84.3,76.69162378135275,0,0.0,19
25,9,AffectEV,50.0,Dengeli,22.087556640836695,39.153539503031396,4.5650257311883475,72.33896415307217,22,23.248463126715357,48.432484544566094,84.3,76.69162378135275,0,0.0,19
25,9,AffectEV,65.0,Konfor,25.156981579362473,44.14713026188951,5.263212200384529,73.72572248242952,20,22.862474990588105,47.077675101970286,84.3,75.52797966602579,0,0.0,19
25,9,AffectEV,85.0,Konfor,25.156981579362473,44.14713026188951,5.263212200384529,73.72572248242952,20,22.862474990588105,47.077675101970286,84.3,75.52797966602579,0,0.0,19
26,9,Dijkstra,,,12.699312958695026,34.31453700719797,3.0411996784835353,71.66791290272975,26,20.27621530516379,46.24611252860552,51.5,46.431333869194106,0,0.0,4
26,9,A*,,,12.839023999209624,19.613875456189987,2.461781241022509,84.06233910084737,11,9.680118452749108,37.66812681663946,51.5,47.397031264962486,0,0.0,4
26,9,NSGA-II,,Dengeli,12.839023999209624,19.613875456189987,2.461781241022509,84.06233910084737,11,9.680118452749108,37.66812681663946,51.5,47.397031264962486,0,0.0,4
26,9,AffectEV,15.0,Dengeli,12.839023999209624,19.613875456189987,2.461781241022509,84.06233910084737,11,9.680118452749108,37.66812681663946,51.5,47.397031264962486,0,0.0,4
26,9,AffectEV,30.0,Dengeli,12.839023999209624,19.613875456189987,2.461781241022509,84.06233910084737,11,9.680118452749108,37.66812681663946,51.5,47.397031264962486,0,0.0,4
26,9,AffectEV,50.0,Dengeli,12.839023999209624,19.613875456189987,2.461781241022509,84.06233910084737,11,9.680118452749108,37.66812681663946,51.5,47.397031264962486,0,0.0,4
26,9,AffectEV,65.0,Konfor,17.42204640480838,21.88951208382078,3.1464154200394514,84.66168494921234,10,10.005942917432398,36.68266087778967,51.5,46.25597429993425,0,0.0,4
26,9,AffectEV,85.0,Konfor,17.42204640480838,21.88951208382078,3.1464154200394514,84.66168494921234,10,10.005942917432398,36.68266087778967,51.5,46.25597429993425,0,0.0,4
27,9,Dijkstra,,,21.79446021612964,16.06332973086626,3.4618336514566233,91.38053318304596,2,5.4217757855736135,29.964670406409823,48.9,43.130277247572295,0,0.0,2
27,9,A*,,,21.79446021612964,16.06332973086626,3.4618336514566233,91.38053318304596,2,5.4217757855736135,29.964670406409823,48.9,43.130277247572295,0,0.0,2
27,9,NSGA-II,,Verimlilik,21.79446021612964,16.06332973086626,3.4618336514566233,91.38053318304596,2,5.4217757855736135,29.964670406409823,48.9,43.130277247572295,0,0.0,2
27,9,AffectEV,15.0,Verimlilik,21.79446021612964,16.06332973086626,3.4618336514566233,91.38053318304596,2,5.4217757855736135,29.964670406409823,48.9,43.130277247572295,0,0.0,2
27,9,AffectEV,30.0,Verimlilik,21.79446021612964,16.06332973086626,3.4618336514566233,91.38053318304596,2,5.4217757855736135,29.964670406409823,48.9,43.130277247572295,0,0.0,2
27,9,AffectEV,50.0,Verimlilik,21.79446021612964,16.06332973086626,3.4618336514566233,91.38053318304596,2,5.4217757855736135,29.964670406409823,48.9,43.130277247572295,0,0.0,2
27,9,AffectEV,65.0,Konfor,21.855044947629068,17.444148447371035,3.5593602706934857,91.42088575865239,2,5.396998298570361,29.80007375888251,48.9,42.96773288217752,0,0.0,2
27,9,AffectEV,85.0,Konfor,21.855044947629068,17.444148447371035,3.5593602706934857,91.42088575865239,2,5.396998298570361,29.80007375888251,48.9,42.96773288217752,0,0.0,2
28,9,Dijkstra,,,18.460401315711664,56.314176963006275,4.38720849899231,50.155918550631284,47,46.03320368665797,62.670601716856616,55.0,47.68798583501282,0,0.0,65
28,9,A*,,,19.950294651019057,47.26381156170747,4.584608920996938,65.54629921171937,24,32.4794897321589,63.5492693431648,55.0,47.35898513167177,0,0.0,65
28,9,NSGA-II,,Dengeli,19.950294651019057,47.26381156170747,4.584608920996938,65.54629921171937,24,32.4794897321589,63.5492693431648,55.0,47.35898513167177,0,0.0,65
28,9,AffectEV,15.0,Dengeli,19.950294651019057,47.26381156170747,4.584608920996938,65.54629921171937,24,32.4794897321589,63.5492693431648,55.0,47.35898513167177,0,0.0,65
28,9,AffectEV,30.0,Dengeli,19.950294651019057,47.26381156170747,4.584608920996938,65.54629921171937,24,32.4794897321589,63.5492693431648,55.0,47.35898513167177,0,0.0,65
28,9,AffectEV,50.0,Dengeli,19.950294651019057,47.26381156170747,4.584608920996938,65.54629921171937,24,32.4794897321589,63.5492693431648,55.0,47.35898513167177,0,0.0,65
28,9,AffectEV,65.0,Konfor,22.7846392758983,48.84802935249446,5.0535080782767325,68.37373587065511,21,30.723272530902562,59.546411850370625,55.0,46.57748653620545,0,0.0,65
28,9,AffectEV,85.0,Konfor,22.7846392758983,48.84802935249446,5.0535080782767325,68.37373587065511,21,30.723272530902562,59.546411850370625,55.0,46.57748653620545,0,0.0,65
29,9,Dijkstra,,,27.808952954184285,65.01381423571142,6.396141690097581,59.71102980080899,41,35.12761790870158,46.2534241329027,83.3,72.63976384983737,0,0.0,17
29,9,A*,,,30.849575369324292,40.96620920069487,5.716320306175569,75.86791453059118,19,21.685922264336924,40.63154395053867,83.3,73.77279948970738,0,0.0,17
29,9,NSGA-II,,Dengeli,30.849575369324292,40.96620920069487,5.716320306175569,75.86791453059118,19,21.685922264336924,40.63154395053867,83.3,73.77279948970738,0,0.0,17
29,9,AffectEV,15.0,Dengeli,30.849575369324292,40.96620920069487,5.716320306175569,75.86791453059118,19,21.685922264336924,40.63154395053867,83.3,73.77279948970738,0,0.0,17
29,9,AffectEV,30.0,Dengeli,30.849575369324292,40.96620920069487,5.716320306175569,75.86791453059118,19,21.685922264336924,40.63154395053867,83.3,73.77279948970738,0,0.0,17
29,9,AffectEV,50.0,Dengeli,30.849575369324292,40.96620920069487,5.716320306175569,75.86791453059118,19,21.685922264336924,40.63154395053867,83.3,73.77279948970738,0,0.0,17
29,9,AffectEV,65.0,Dengeli,30.849575369324292,40.96620920069487,5.716320306175569,75.86791453059118,19,21.685922264336924,40.63154395053867,83.3,73.77279948970738,0,0.0,17
29,9,AffectEV,85.0,Dengeli,30.849575369324292,40.96620920069487,5.716320306175569,75.86791453059118,19,21.685922264336924,40.63154395053867,83.3,73.77279948970738,0,0.0,17
30,9,Dijkstra,,,12.229927210030283,38.61828274012229,2.9317870757440896,61.80209885130926,40,29.314165278293707,47.01825782601315,39.6,34.713688207093185,0,0.0,17
30,9,A*,,,13.449779132859682,26.33978063128827,2.8141285691514417,73.9433955219474,21,19.25196134858847,48.90508036738036,39.6,34.90978571808093,0,0.0,17
30,9,NSGA-II,,Dengeli,13.449779132859682,26.33978063128827,2.8141285691514417,73.9433955219474,21,19.25196134858847,48.90508036738036,39.6,34.90978571808093,0,0.0,17
30,9,AffectEV,15.0,Dengeli,13.449779132859682,26.33978063128827,2.8141285691514417,73.9433955219474,21,19.25196134858847,48.90508036738036,39.6,34.90978571808093,0,0.0,17
30,9,AffectEV,30.0,Dengeli,13.449779132859682,26.33978063128827,2.8141285691514417,73.9433955219474,21,19.25196134858847,48.90508036738036,39.6,34.90978571808093,0,0.0,17
30,9,AffectEV,50.0,Dengeli,13.449779132859682,26.33978063128827,2.8141285691514417,73.9433955219474,21,19.25196134858847,48.90508036738036,39.6,34.90978571808093,0,0.0,17
30,9,AffectEV,65.0,Dengeli,13.449779132859682,26.33978063128827,2.8141285691514417,73.9433955219474,21,19.25196134858847,48.90508036738036,39.6,34.90978571808093,0,0.0,17
30,9,AffectEV,85.0,Konfor,13.503538655463935,29.056045481423176,2.9592566643523415,74.69337601420008,21,18.424637043013703,46.39616436447904,39.6,34.667905559412766,0,0.0,17
31,9,Dijkstra,,,14.323717146044785,34.59095058601877,3.2939764322416885,71.52309370205697,23,21.342301589175417,52.87107910595205,31.4,25.910039279597186,0,0.0,39
31,9,A*,,,15.269341473339251,33.963729002711354,3.3721367403921474,71.92927450223065,24,21.229348988963576,48.509604005401386,31.4,25.77977209934642,0,0.0,39
31,9,NSGA-II,,Dengeli,14.47778672685508,34.12454380022216,3.310090688877408,72.33950448592674,22,20.691689107901723,52.26494390851372,31.4,25.88318218520432,0,0.0,39
31,9,AffectEV,15.0,Dengeli,14.47778672685508,34.12454380022216,3.310090688877408,72.33950448592674,22,20.691689107901723,52.26494390851372,31.4,25.88318218520432,0,0.0,39
31,9,AffectEV,30.0,Dengeli,14.47778672685508,34.12454380022216,3.310090688877408,72.33950448592674,22,20.691689107901723,52.26494390851372,31.4,25.88318218520432,0,0.0,39
31,9,AffectEV,50.0,Dengeli,14.47778672685508,34.12454380022216,3.310090688877408,72.33950448592674,22,20.691689107901723,52.26494390851372,31.4,25.88318218520432,0,0.0,39
31,9,AffectEV,65.0,Konfor,21.557029773793587,36.86842494654214,4.485396103456525,76.95903125979875,11,20.689472806917482,56.67063449063001,31.4,23.924339827572457,0,0.0,39
31,9,AffectEV,85.0,Konfor,21.557029773793587,36.86842494654214,4.485396103456525,76.95903125979875,11,20.689472806917482,56.67063449063001,31.4,23.924339827572457,0,0.0,39
32,9,Dijkstra,,,19.825906595588897,22.256062055786845,3.4864856921603207,85.16423579375503,11,10.067470799526731,31.577614831934742,46.9,41.08919051306613,0,0.0,4
32,9,A*,,,21.17826428118149,20.81683196052474,3.6635847177147984,89.066965355965,5,7.193347522074714,31.37515193706295,46.9,40.79402547047533,0,0.0,4
32,9,NSGA-II,,Dengeli,21.17826428118149,20.81683196052474,3.6635847177147984,89.066965355965,5,7.193347522074714,31.37515193706295,46.9,40.79402547047533,0,0.0,4
32,9,AffectEV,15.0,Dengeli,21.17826428118149,20.81683196052474,3.6635847177147984,89.066965355965,5,7.193347522074714,31.37515193706295,46.9,40.79402547047533,0,0.0,4
32,9,AffectEV,30.0,Dengeli,21.17826428118149,20.81683196052474,3.6635847177147984,89.066965355965,5,7.193347522074714,31.37515193706295,46.9,40.79402547047533,0,0.0,4
32,9,AffectEV,50.0,Dengeli,21.17826428118149,20.81683196052474,3.6635847177147984,89.066965355965,5,7.193347522074714,31.37515193706295,46.9,40.79402547047533,0,0.0,4
32,9,AffectEV,65.0,Dengeli,21.17826428118149,20.81683196052474,3.6635847177147984,89.066965355965,5,7.193347522074714,31.37515193706295,46.9,40.79402547047533,0,0.0,4
32,9,AffectEV,85.0,Dengeli,21.17826428118149,20.81683196052474,3.6635847177147984,89.066965355965,5,7.193347522074714,31.37515193706295,46.9,40.79402547047533,0,0.0,4
33,9,Dijkstra,,,24.10993819189053,59.54095803718031,5.400732061253047,53.06297572557466,46,43.740545384793464,54.0743032949365,59.2,50.19877989791159,0,0.0,53
33,9,A*,,,27.628601220988152,47.2838818865346,5.595175677170499,67.58605739560167,25,31.29169584843277,52.63216924934245,59.2,49.87470720471584,0,0.0,53
33,9,NSGA-II,,Dengeli,27.628601220988152,47.2838818865346,5.595175677170499,67.58605739560167,25,31.29169584843277,52.63216924934245,59.2,49.87470720471584,0,0.0,53
33,9,AffectEV,15.0,Dengeli,27.628601220988152,47.2838818865346,5.595175677170499,67.58605739560167,25,31.29169584843277,52.63216924934245,59.2,49.87470720471584,0,0.0,53
33,9,AffectEV,30.0,Dengeli,27.628601220988152,47.2838818865346,5.595175677170499,67.58605739560167,25,31.29169584843277,52.63216924934245,59.2,49.87470720471584,0,0.0,53
33,9,AffectEV,50.0,Dengeli,27.628601220988152,47.2838818865346,5.595175677170499,67.58605739560167,25,31.29169584843277,52.63216924934245,59.2,49.87470720471584,0,0.0,53
33,9,AffectEV,65.0,Konfor,31.85154516719295,51.44075529533181,6.3613606398259765,72.34243177886209,20,27.380389658064864,47.21725661859223,59.2,48.59773226695671,0,0.0,53
33,9,AffectEV,85.0,Konfor,31.85154516719295,51.44075529533181,6.3613606398259765,72.34243177886209,20,27.380389658064864,47.21725661859223,59.2,48.59773226695671,0,0.0,53
34,9,Dijkstra,,,22.930481410336732,50.77869940685402,5.139825945959945,67.23523543302267,31,27.29610873016073,45.37965973964553,59.5,50.93362342340009,0,0.0,25
34,9,A*,,,33.56353502613921,41.1635272869354,6.101534482999827,79.07998830860808,15,19.47964716186559,37.88058771416122,59.5,49.33077586166696,0,0.0,25
34,9,NSGA-II,,Dengeli,33.56353502613921,41.1635272869354,6.101534482999827,79.07998830860808,15,19.47964716186559,37.88058771416122,59.5,49.33077586166696,0,0.0,25
34,9,AffectEV,15.0,Verimlilik,23.22641566193761,42.8977835990346,4.8883430821785385,72.71593917173732,22,23.201525684478103,46.61801561459626,59.5,51.352761529702434,0,0.0,25
34,9,AffectEV,30.0,Verimlilik,23.22641566193761,42.8977835990346,4.8883430821785385,72.71593917173732,22,23.201525684478103,46.61801561459626,59.5,51.352761529702434,0,0.0,25
34,9,AffectEV,50.0,Dengeli,33.56353502613921,41.1635272869354,6.101534482999827,79.07998830860808,15,19.47964716186559,37.88058771416122,59.5,49.33077586166696,0,0.0,25
34,9,AffectEV,65.0,Dengeli,33.56353502613921,41.1635272869354,6.101534482999827,79.07998830860808,15,19.47964716186559,37.88058771416122,59.5,49.33077586166696,0,0.0,25
34,9,AffectEV,85.0,Dengeli,33.56353502613921,41.1635272869354,6.101534482999827,79.07998830860808,15,19.47964716186559,37.88058771416122,59.5,49.33077586166696,0,0.0,25
35,9,Dijkstra,,,32.290262346665294,80.13920178715986,7.146867782643182,38.956114978647186,64,60.79312171352646,54.02974253647438,63.8,51.888553695594695,0,0.0,100
35,9,A*,,,57.101675885853766,53.618785507337506,9.596726513821334,80.59756190580894,7,25.712894656871207,40.94284848564847,63.8,47.80545581029777,0,0.0,100
35,9,NSGA-II,,Dengeli,57.101675885853766,53.618785507337506,9.596726513821334,80.59756190580894,7,25.712894656871207,40.94284848564847,63.8,47.80545581029777,0,0.0,100
35,9,AffectEV,15.0,Dengeli,57.101675885853766,53.618785507337506,9.596726513821334,80.59756190580894,7,25.712894656871207,40.94284848564847,63.8,47.80545581029777,0,0.0,100
35,9,AffectEV,30.0,Dengeli,57.101675885853766,53.618785507337506,9.596726513821334,80.59756190580894,7,25.712894656871207,40.94284848564847,63.8,47.80545581029777,0,0.0,100
35,9,AffectEV,50.0,Dengeli,57.101675885853766,53.618785507337506,9.596726513821334,80.59756190580894,7,25.712894656871207,40.94284848564847,63.8,47.80545581029777,0,0.0,100
35,9,AffectEV,65.0,Konfor,60.042470571483626,57.45902043837892,10.223066210348842,83.01141733621131,7,21.361541266046167,35.40060141987421,63.8,46.76155631608526,0,0.0,100
35,9,AffectEV,85.0,Konfor,60.042470571483626,57.45902043837892,10.223066210348842,83.01141733621131,7,21.361541266046167,35.40060141987421,63.8,46.76155631608526,0,0.0,100
36,9,Dijkstra,,,15.54634367544098,45.559999417899505,3.577500016359365,55.68118584983959,44,37.63766893544376,55.137567347636384,86.5,80.5374999727344,0,0.0,86
36,9,A*,,,16.660721256762383,38.820314634242116,3.687563502820593,65.49037406273904,29,29.268422747864292,56.1454955645084,86.5,80.35406082863234,0,0.0,86
36,9,NSGA-II,,Dengeli,16.66223566171182,38.83517055144333,3.6806460996144033,65.46463874097145,29,29.297013731704357,56.23128569758621,86.5,80.36558983397599,0,0.0,86
36,9,AffectEV,15.0,Dengeli,16.66223566171182,38.83517055144333,3.6806460996144033,65.46463874097145,29,29.297013731704357,56.23128569758621,86.5,80.36558983397599,0,0.0,86
36,9,AffectEV,30.0,Dengeli,16.66223566171182,38.83517055144333,3.6806460996144033,65.46463874097145,29,29.297013731704357,56.23128569758621,86.5,80.36558983397599,0,0.0,86
36,9,AffectEV,50.0,Dengeli,16.66223566171182,38.83517055144333,3.6806460996144033,65.46463874097145,29,29.297013731704357,56.23128569758621,86.5,80.36558983397599,0,0.0,86
36,9,AffectEV,65.0,Konfor,25.153033775188273,40.0846208815916,4.870592369110846,75.10353413048638,21,21.12042401044262,40.30169333190416,86.5,78.38234605148192,0,0.0,86
36,9,AffectEV,85.0,Konfor,25.153033775188273,40.0846208815916,4.870592369110846,75.10353413048638,21,21.12042401044262,40.30169333190416,86.5,78.38234605148192,0,0.0,86
37,9,Dijkstra,,,35.885842352077866,64.22217031396659,7.826096295088717,80.3419870496044,16,16.775598411588874,33.12666713459467,68.3,55.256506174852134,0,0.0,9
37,9,A*,,,43.02924166665217,59.93823865034865,8.247839825706173,75.42395243811629,23,22.036158263404886,32.326000414311274,68.3,54.55360029048971,0,0.0,9
37,9,NSGA-II,,Verimlilik,35.885842352077866,64.22217031396659,7.826096295088717,80.3419870496044,16,16.775598411588874,33.12666713459467,68.3,55.256506174852134,0,0.0,9
37,9,AffectEV,15.0,Verimlilik,35.885842352077866,64.22217031396659,7.826096295088717,80.3419870496044,16,16.775598411588874,33.12666713459467,68.3,55.256506174852134,0,0.0,9
37,9,AffectEV,30.0,Verimlilik,35.885842352077866,64.22217031396659,7.826096295088717,80.3419870496044,16,16.775598411588874,33.12666713459467,68.3,55.256506174852134,0,0.0,9
37,9,AffectEV,50.0,Verimlilik,35.885842352077866,64.22217031396659,7.826096295088717,80.3419870496044,16,16.775598411588874,33.12666713459467,68.3,55.256506174852134,0,0.0,9
37,9,AffectEV,65.0,Verimlilik,35.885842352077866,64.22217031396659,7.826096295088717,80.3419870496044,16,16.775598411588874,33.12666713459467,68.3,55.256506174852134,0,0.0,9
37,9,AffectEV,85.0,Verimlilik,35.885842352077866,64.22217031396659,7.826096295088717,80.3419870496044,16,16.775598411588874,33.12666713459467,68.3,55.256506174852134,0,0.0,9
38,9,Dijkstra,,,21.96282146541537,46.427207972709994,4.75108350848965,64.34570275953132,34,30.29042962404152,47.83584176628113,85.0,77.08152748585059,0,0.0,50
38,9,A*,,,22.6362657970985,44.04350557917489,4.812854807079905,67.89368207570297,29,27.27497241240683,47.11913100287494,85.0,76.9785753215335,0,0.0,50
38,9,NSGA-II,,Dengeli,22.6362657970985,44.04350557917489,4.812854807079905,67.89368207570297,29,27.27497241240683,47.11913100287494,85.0,76.9785753215335,0,0.0,50
38,9,AffectEV,15.0,Dengeli,22.6362657970985,44.04350557917489,4.812854807079905,67.89368207570297,29,27.27497241240683,47.11913100287494,85.0,76.9785753215335,0,0.0,50
38,9,AffectEV,30.0,Dengeli,22.6362657970985,44.04350557917489,4.812854807079905,67.89368207570297,29,27.27497241240683,47.11913100287494,85.0,76.9785753215335,0,0.0,50
38,9,AffectEV,50.0,Dengeli,22.6362657970985,44.04350557917489,4.812854807079905,67.89368207570297,29,27.27497241240683,47.11913100287494,85.0,76.9785753215335,0,0.0,50
38,9,AffectEV,65.0,Konfor,38.60398324613951,52.2188045890439,7.317846889605001,76.67565786473989,21,20.632030565680534,33.17366482777972,85.0,72.803588517325,0,0.0,50
38,9,AffectEV,85.0,Konfor,38.60398324613951,52.2188045890439,7.317846889605001,76.67565786473989,21,20.632030565680534,33.17366482777972,85.0,72.803588517325,0,0.0,50
39,9,Dijkstra,,,17.06329866686855,55.80223157834277,4.186217977482306,51.25566370969899,50,42.46009316109485,55.03154170986276,66.0,59.02297003752949,0,0.0,32
39,9,A*,,,25.78908207796405,39.690669284760354,5.055102168401944,77.64112486591772,13,21.107079856826314,47.63375588517193,66.0,57.5748297193301,0,0.0,32
39,9,NSGA-II,,Dengeli,25.78908207796405,39.690669284760354,5.055102168401944,77.64112486591772,13,21.107079856826314,47.63375588517193,66.0,57.5748297193301,0,0.0,32
39,9,AffectEV,15.0,Verimlilik,17.121947415748863,55.609128793224684,4.14293965383437,49.276335530552885,51,45.21566110851016,58.294830684470334,66.0,59.09510057694271,0,0.0,32
39,9,AffectEV,30.0,Dengeli,25.78908207796405,39.690669284760354,5.055102168401944,77.64112486591772,13,21.107079856826314,47.63375588517193,66.0,57.5748297193301,0,0.0,32
39,9,AffectEV,50.0,Dengeli,25.78908207796405,39.690669284760354,5.055102168401944,77.64112486591772,13,21.107079856826314,47.63375588517193,66.0,57.5748297193301,0,0.0,32
39,9,AffectEV,65.0,Dengeli,25.78908207796405,39.690669284760354,5.055102168401944,77.64112486591772,13,21.107079856826314,47.63375588517193,66.0,57.5748297193301,0,0.0,32
39,9,AffectEV,85.0,Dengeli,25.78908207796405,39.690669284760354,5.055102168401944,77.64112486591772,13,21.107079856826314,47.63375588517193,66.0,57.5748297193301,0,0.0,32
40,9,Dijkstra,,,24.860773582720817,55.9667937790315,5.479319008206887,59.68139608524849,39,35.96576053103864,50.144378777199606,76.0,66.86780165298852,0,0.0,21
40,9,A*,,,26.883874663067076,43.17675943983084,5.157461427861172,68.24349726691638,29,28.375888578073095,43.71868079830848,76.0,67.4042309535647,0,0.0,21
40,9,NSGA-II,,Dengeli,26.883874663067076,43.17675943983084,5.157461427861172,68.24349726691638,29,28.375888578073095,43.71868079830848,76.0,67.4042309535647,0,0.0,21
40,9,AffectEV,15.0,Dengeli,26.883874663067076,43.17675943983084,5.157461427861172,68.24349726691638,29,28.375888578073095,43.71868079830848,76.0,67.4042309535647,0,0.0,21
40,9,AffectEV,30.0,Dengeli,26.883874663067076,43.17675943983084,5.157461427861172,68.24349726691638,29,28.375888578073095,43.71868079830848,76.0,67.4042309535647,0,0.0,21
40,9,AffectEV,50.0,Konfor,40.409690140723704,45.79343510609898,7.144132834448665,77.30256738619504,15,22.87456686063361,41.67531277807439,76.0,64.09311194258555,0,0.0,21
40,9,AffectEV,65.0,Konfor,40.409690140723704,45.79343510609898,7.144132834448665,77.30256738619504,15,22.87456686063361,41.67531277807439,76.0,64.09311194258555,0,0.0,21
40,9,AffectEV,85.0,Konfor,40.409690140723704,45.79343510609898,7.144132834448665,77.30256738619504,15,22.87456686063361,41.67531277807439,76.0,64.09311194258555,0,0.0,21
41,9,Dijkstra,,,15.652162516574279,51.79088864388245,3.8562824639192637,54.74319586654691,42,39.98447765195787,61.30730418932861,66.4,59.972862560134566,0,0.0,19
41,9,A*,,,16.99189854487929,41.51885309461661,3.866343379038248,64.96439574341005,26,31.1566413319114,63.443059285082654,66.4,59.95609436826959,0,0.0,19
41,9,NSGA-II,,Dengeli,16.99189854487929,41.51885309461661,3.866343379038248,64.96439574341005,26,31.1566413319114,63.443059285082654,66.4,59.95609436826959,0,0.0,19
41,9,AffectEV,15.0,Dengeli,16.99189854487929,41.51885309461661,3.866343379038248,64.96439574341005,26,31.1566413319114,63.443059285082654,66.4,59.95609436826959,0,0.0,19
41,9,AffectEV,30.0,Dengeli,16.99189854487929,41.51885309461661,3.866343379038248,64.96439574341005,26,31.1566413319114,63.443059285082654,66.4,59.95609436826959,0,0.0,19
41,9,AffectEV,50.0,Dengeli,16.99189854487929,41.51885309461661,3.866343379038248,64.96439574341005,26,31.1566413319114,63.443059285082654,66.4,59.95609436826959,0,0.0,19
41,9,AffectEV,65.0,Konfor,17.786234396557102,42.875122335799524,4.067199279676204,65.68595216196528,24,31.2661373205731,64.67103320931396,66.4,59.621334533873,0,0.0,19
41,9,AffectEV,85.0,Konfor,17.786234396557102,42.875122335799524,4.067199279676204,65.68595216196528,24,31.2661373205731,64.67103320931396,66.4,59.621334533873,0,0.0,19
42,9,Dijkstra,,,23.44933666717482,50.447220583308,5.02456742400699,63.90479552426252,35,31.105690171155306,46.317487121954464,67.7,59.32572095998835,0,0.0,76
42,9,A*,,,25.2473721497051,41.87598221116037,5.1491303583376835,74.87681927320179,17,22.571337724382467,49.25889704741738,67.7,59.11811606943719,0,0.0,76
42,9,NSGA-II,,Dengeli,25.2473721497051,41.87598221116037,5.1491303583376835,74.87681927320179,17,22.571337724382467,49.25889704741738,67.7,59.11811606943719,0,0.0,76
42,9,AffectEV,15.0,Dengeli,25.2473721497051,41.87598221116037,5.1491303583376835,74.87681927320179,17,22.571337724382467,49.25889704741738,67.7,59.11811606943719,0,0.0,76
42,9,AffectEV,30.0,Dengeli,25.2473721497051,41.87598221116037,5.1491303583376835,74.87681927320179,17,22.571337724382467,49.25889704741738,67.7,59.11811606943719,0,0.0,76
42,9,AffectEV,50.0,Dengeli,25.2473721497051,41.87598221116037,5.1491303583376835,74.87681927320179,17,22.571337724382467,49.25889704741738,67.7,59.11811606943719,0,0.0,76
42,9,AffectEV,65.0,Konfor,28.5166701094552,46.51881304354957,5.756282515579959,77.077622900378,16,20.619146640914852,43.68316553673766,67.7,58.10619580736674,0,0.0,76
42,9,AffectEV,85.0,Konfor,28.5166701094552,46.51881304354957,5.756282515579959,77.077622900378,16,20.619146640914852,43.68316553673766,67.7,58.10619580736674,0,0.0,76
43,9,Dijkstra,,,15.080656660003548,30.384565516724376,3.196142907005545,74.2272221156544,20,19.607310674086406,49.452923410598395,69.3,63.97309515499076,0,0.0,8
43,9,A*,,,15.144073785841908,29.36765265566372,3.1520600790216196,74.42696427952191,20,19.407481650635077,48.75395612643785,69.3,64.04656653496396,0,0.0,8
43,9,NSGA-II,,Dengeli,15.126886171659022,29.370649952170975,3.150113232458479,74.42254128871815,20,19.40614292852966,48.77807916361477,69.3,64.04981127923587,0,0.0,8
43,9,AffectEV,15.0,Verimlilik,15.087481534729015,29.378267969797996,3.143456805646069,74.34200553847211,20,19.48267491446703,49.065959935938864,69.3,64.06090532392322,0,0.0,8
43,9,AffectEV,30.0,Dengeli,15.126886171659022,29.370649952170975,3.150113232458479,74.42254128871815,20,19.40614292852966,48.77807916361477,69.3,64.04981127923587,0,0.0,8
43,9,AffectEV,50.0,Dengeli,15.126886171659022,29.370649952170975,3.150113232458479,74.42254128871815,20,19.40614292852966,48.77807916361477,69.3,64.04981127923587,0,0.0,8
43,9,AffectEV,65.0,Konfor,15.144772895071624,29.447292582543582,3.156237348128935,74.45101371976658,20,19.382590785016287,48.67104522364268,69.3,64.0396044197851,0,0.0,8
43,9,AffectEV,85.0,Konfor,15.144772895071624,29.447292582543582,3.156237348128935,74.45101371976658,20,19.382590785016287,48.67104522364268,69.3,64.0396044197851,0,0.0,8
44,9,Dijkstra,,,12.448359452641155,41.7680591790353,2.9762293793781214,55.52594899972722,41,37.785450434536045,63.19207934955984,70.1,65.13961770103646,0,0.0,8
44,9,A*,,,12.636568951763449,34.88806307804233,2.928358517117363,63.64634316031895,29,30.05914365215912,64.17956872016659,70.1,65.21940247147106,0,0.0,8
44,9,NSGA-II,,Dengeli,12.636568951763449,34.88806307804233,2.928358517117363,63.64634316031895,29,30.05914365215912,64.17956872016659,70.1,65.21940247147106,0,0.0,8
44,9,AffectEV,15.0,Dengeli,12.636568951763449,34.88806307804233,2.928358517117363,63.64634316031895,29,30.05914365215912,64.17956872016659,70.1,65.21940247147106,0,0.0,8
44,9,AffectEV,30.0,Dengeli,12.636568951763449,34.88806307804233,2.928358517117363,63.64634316031895,29,30.05914365215912,64.17956872016659,70.1,65.21940247147106,0,0.0,8
44,9,AffectEV,50.0,Dengeli,12.636568951763449,34.88806307804233,2.928358517117363,63.64634316031895,29,30.05914365215912,64.17956872016659,70.1,65.21940247147106,0,0.0,8
44,9,AffectEV,65.0,Konfor,15.36654648195313,36.013098843102384,3.431420298688717,66.1427583106551,26,28.620946380371596,61.35478887616716,70.1,64.38096616885213,0,0.0,8
44,9,AffectEV,85.0,Konfor,15.36654648195313,36.013098843102384,3.431420298688717,66.1427583106551,26,28.620946380371596,61.35478887616716,70.1,64.38096616885213,0,0.0,8
45,9,Dijkstra,,,25.56201805383672,64.72548303502022,5.786651251965543,49.222379237961476,49,49.637548516700804,56.93178103514143,46.8,37.15558124672409,0,0.0,57
45,9,A*,,,44.27868376405925,46.05097197360644,7.637853326063185,80.80421155623725,11,20.583928886426506,37.603048889174026,46.8,34.070244456561355,0,0.0,57
45,9,NSGA-II,,Dengeli,44.27868376405925,46.05097197360644,7.637853326063185,80.80421155623725,11,20.583928886426506,37.603048889174026,46.8,34.070244456561355,0,0.0,57
45,9,AffectEV,15.0,Dengeli,44.27868376405925,46.05097197360644,7.637853326063185,80.80421155623725,11,20.583928886426506,37.603048889174026,46.8,34.070244456561355,0,0.0,57
45,9,AffectEV,30.0,Dengeli,44.27868376405925,46.05097197360644,7.637853326063185,80.80421155623725,11,20.583928886426506,37.603048889174026,46.8,34.070244456561355,0,0.0,57
45,9,AffectEV,50.0,Dengeli,44.27868376405925,46.05097197360644,7.637853326063185,80.80421155623725,11,20.583928886426506,37.603048889174026,46.8,34.070244456561355,0,0.0,57
45,9,AffectEV,65.0,Dengeli,44.27868376405925,46.05097197360644,7.637853326063185,80.80421155623725,11,20.583928886426506,37.603048889174026,46.8,34.070244456561355,0,0.0,57
45,9,AffectEV,85.0,Dengeli,44.27868376405925,46.05097197360644,7.637853326063185,80.80421155623725,11,20.583928886426506,37.603048889174026,46.8,34.070244456561355,0,0.0,57
46,9,Dijkstra,,,14.765837459808974,40.184298708627594,3.3782299591749667,62.548457148289316,34,30.826358704511662,56.01817620178591,63.3,57.669616734708384,0,0.0,49
46,9,A*,,,15.348897599347689,30.260003826509813,3.190110802846623,70.58640275821244,20,24.376042141211588,60.50392299712044,63.3,57.98314866192229,0,0.0,49
46,9,NSGA-II,,Dengeli,15.24322381918536,30.54442670863639,3.2217180984620706,71.49769301680392,19,23.47337205438077,59.80147683440922,63.3,57.930469835896545,0,0.0,49
46,9,AffectEV,15.0,Verimlilik,15.348897599347689,30.260003826509813,3.190110802846623,70.58640275821244,20,24.376042141211588,60.50392299712044,63.3,57.98314866192229,0,0.0,49
46,9,AffectEV,30.0,Dengeli,15.24322381918536,30.54442670863639,3.2217180984620706,71.49769301680392,19,23.47337205438077,59.80147683440922,63.3,57.930469835896545,0,0.0,49
46,9,AffectEV,50.0,Dengeli,15.24322381918536,30.54442670863639,3.2217180984620706,71.49769301680392,19,23.47337205438077,59.80147683440922,63.3,57.930469835896545,0,0.0,49
46,9,AffectEV,65.0,Konfor,19.28087217192799,35.684716249742976,4.049408389345864,74.27814450925587,16,22.236625030265344,55.254339908322684,63.3,56.55098601775689,0,0.0,49
46,9,AffectEV,85.0,Konfor,19.28087217192799,35.684716249742976,4.049408389345864,74.27814450925587,16,22.236625030265344,55.254339908322684,63.3,56.55098601775689,0,0.0,49
47,9,Dijkstra,,,19.20224016298778,50.66386746008983,4.414056253662689,59.88737421432015,39,34.73473840631994,50.961021318919336,61.0,53.643239577228854,0,0.0,41
47,9,A*,,,22.107769064961914,40.09094146850472,4.473584227406947,69.38422070692286,27,26.0998052572994,46.42918857943662,61.0,53.544026287655086,0,0.0,41
47,9,NSGA-II,,Dengeli,22.10949150985508,40.09729038224405,4.47008081718983,69.38482971699199,27,26.105040272636167,46.41829100608579,61.0,53.54986530468362,0,0.0,41
47,9,AffectEV,15.0,Dengeli,22.10949150985508,40.09729038224405,4.47008081718983,69.38482971699199,27,26.105040272636167,46.41829100608579,61.0,53.54986530468362,0,0.0,41
47,9,AffectEV,30.0,Dengeli,22.10949150985508,40.09729038224405,4.47008081718983,69.38482971699199,27,26.105040272636167,46.41829100608579,61.0,53.54986530468362,0,0.0,41
47,9,AffectEV,50.0,Dengeli,22.10949150985508,40.09729038224405,4.47008081718983,69.38482971699199,27,26.105040272636167,46.41829100608579,61.0,53.54986530468362,0,0.0,41
47,9,AffectEV,65.0,Konfor,36.693781336462536,44.99977925518997,6.706291990446752,80.08856091953415,15,18.463940426835133,34.361284762076544,61.0,49.82284668258875,0,0.0,41
47,9,AffectEV,85.0,Konfor,36.693781336462536,44.99977925518997,6.706291990446752,80.08856091953415,15,18.463940426835133,34.361284762076544,61.0,49.82284668258875,0,0.0,41
48,9,Dijkstra,,,18.664831703964754,48.280038748643875,4.3904227855061935,65.05738664406971,35,28.25096659550986,44.83661688638668,49.1,41.78262869082301,0,0.0,16
48,9,A*,,,19.479137754372786,42.756090253165965,4.3893743764605695,72.31859181087815,26,21.589558139061666,41.02270373701678,49.1,41.784376039232384,0,0.0,16
48,9,NSGA-II,,Dengeli,19.479137754372786,42.756090253165965,4.3893743764605695,72.31859181087815,26,21.589558139061666,41.02270373701678,49.1,41.784376039232384,0,0.0,16
48,9,AffectEV,15.0,Dengeli,19.479137754372786,42.756090253165965,4.3893743764605695,72.31859181087815,26,21.589558139061666,41.02270373701678,49.1,41.784376039232384,0,0.0,16
48,9,AffectEV,30.0,Dengeli,19.479137754372786,42.756090253165965,4.3893743764605695,72.31859181087815,26,21.589558139061666,41.02270373701678,49.1,41.784376039232384,0,0.0,16
48,9,AffectEV,50.0,Dengeli,19.479137754372786,42.756090253165965,4.3893743764605695,72.31859181087815,26,21.589558139061666,41.02270373701678,49.1,41.784376039232384,0,0.0,16
48,9,AffectEV,65.0,Dengeli,19.479137754372786,42.756090253165965,4.3893743764605695,72.31859181087815,26,21.589558139061666,41.02270373701678,49.1,41.784376039232384,0,0.0,16
48,9,AffectEV,85.0,Konfor,21.087086499197653,45.23964918110773,4.762900509042568,73.30735842268562,24,21.23682945439745,41.6079637049757,49.1,41.16183248492906,0,0.0,16
49,9,Dijkstra,,,22.65431248481913,68.85228877950087,5.323970265994683,37.9973765995691,74,52.5502705606156,46.187711161231086,58.4,49.52671622334219,0,0.0,5
49,9,A*,,,29.71921623353516,29.103899842155023,4.975487519432232,83.58401944788628,7,15.163866819920008,41.83410253068859,58.4,50.107520800946276,0,0.0,5
49,9,NSGA-II,,Dengeli,29.71921623353516,29.103899842155023,4.975487519432232,83.58401944788628,7,15.163866819920008,41.83410253068859,58.4,50.107520800946276,0,0.0,5
49,9,AffectEV,15.0,Dengeli,29.71921623353516,29.103899842155023,4.975487519432232,83.58401944788628,7,15.163866819920008,41.83410253068859,58.4,50.107520800946276,0,0.0,5
49,9,AffectEV,30.0,Dengeli,29.71921623353516,29.103899842155023,4.975487519432232,83.58401944788628,7,15.163866819920008,41.83410253068859,58.4,50.107520800946276,0,0.0,5
49,9,AffectEV,50.0,Dengeli,29.71921623353516,29.103899842155023,4.975487519432232,83.58401944788628,7,15.163866819920008,41.83410253068859,58.4,50.107520800946276,0,0.0,5
49,9,AffectEV,65.0,Dengeli,29.71921623353516,29.103899842155023,4.975487519432232,83.58401944788628,7,15.163866819920008,41.83410253068859,58.4,50.107520800946276,0,0.0,5
49,9,AffectEV,85.0,Dengeli,29.71921623353516,29.103899842155023,4.975487519432232,83.58401944788628,7,15.163866819920008,41.83410253068859,58.4,50.107520800946276,0,0.0,5
50,9,Dijkstra,,,24.358114248074624,57.62730809426499,5.3796284828503795,55.617923967134594,40,43.11537645796142,57.237315477384925,87.5,78.5339525285827,0,0.0,23
50,9,A*,,,25.896290306826316,44.77477898427185,5.239796750922466,68.43966994588027,26,28.77645775830883,49.63696363313538,87.5,78.76700541512922,0,0.0,23
50,9,NSGA-II,,Dengeli,25.898012751719484,44.78112789801118,5.236293340705348,68.44000279211625,26,28.781692773645588,49.62744687895038,87.5,78.77284443215775,0,0.0,23
50,9,AffectEV,15.0,Dengeli,25.898012751719484,44.78112789801118,5.236293340705348,68.44000279211625,26,28.781692773645588,49.62744687895038,87.5,78.77284443215775,0,0.0,23
50,9,AffectEV,30.0,Dengeli,25.898012751719484,44.78112789801118,5.236293340705348,68.44000279211625,26,28.781692773645588,49.62744687895038,87.5,78.77284443215775,0,0.0,23
50,9,AffectEV,50.0,Dengeli,25.898012751719484,44.78112789801118,5.236293340705348,68.44000279211625,26,28.781692773645588,49.62744687895038,87.5,78.77284443215775,0,0.0,23
50,9,AffectEV,65.0,Dengeli,25.898012751719484,44.78112789801118,5.236293340705348,68.44000279211625,26,28.781692773645588,49.62744687895038,87.5,78.77284443215775,0,0.0,23
50,9,AffectEV,85.0,Konfor,26.807344014603558,46.81769470432633,5.489099929865891,69.28421656315979,25,28.140542952777153,48.86810275503532,87.5,78.35150011689018,0,0.0,23
